row_product,column_product,elasticity
CornFlakes,CornFlakes,2.008590408291533
CornFlakes,Cheerios,-0.16282615528699032
CornFlakes,RiceKrispies,-0.14068119584012087
CornFlakes,FrostedFlakes,-0.11324704505915001
CornFlakes,RaisinBran,-0.07515216210077101
CornFlakes,Total,-0.10022641123222954
CornFlakes,HoneyNutCheerios,-0.08348357958922882
CornFlakes,SpecialK,-0.08842925582778804
CornFlakes,GrapeNuts,-0.05337189333752512
CornFlakes,SpoonSizeShdWt,-0.06875948734331835
CornFlakes,100%Natural,-0.05164961217357395
CornFlakes,FrostedMiniWheats,-0.05671293056814078
CornFlakes,NutriGrain,-0.05233311309997806
CornFlakes,Mueslix,-0.05957751706692568
CornFlakes,Wheaties,-0.04559809966854332
CornFlakes,RaisinBran,-0.03830193315295236
CornFlakes,Muesli,-0.049508524934235736
CornFlakes,CornPops,-0.06028689926765147
CornFlakes,RaisinNutBran,-0.047327439361854955
CornFlakes,Basic4,-0.05039437036897292
CornFlakes,CocoaPus,-0.052101358052643106
CornFlakes,GoldenGrahams,-0.047263912597610855
CornFlakes,Cinn.ToastCrunch,-0.048619150234818324
CornFlakes,FrootLoops,-0.04983321728481669
CornFlakes,LowFatGranola,-0.036887874437741094
CornFlakes,Trix,-0.05264251197027804
CornFlakes,Triples,-0.030699897031741655
CornFlakes,Crispix,-0.04321702243094964
CornFlakes,Kix,-0.04662864495516985
CornFlakes,LuckyCharms,-0.04383346732842942
CornFlakes,AppleCinn.Cheerios,-0.0376596069811509
CornFlakes,CracklinOatBran,-0.03977951863240774
CornFlakes,BigBiscuitShdWt,-0.03249393991085746
CornFlakes,HoneyBunchesofOats,-0.031851613739056
CornFlakes,GreatGraines,-0.030363440465559933
CornFlakes,OtmlRaisinCrisp,-0.03092459354971616
CornFlakes,OatSquares,-0.026871821275254552
CornFlakes,RiceChex,-0.03559851640789786
CornFlakes,TotalRaisinBran,-0.03141045565402752
CornFlakes,Product19,-0.03538911337020434
CornFlakes,AppleJacks,-0.035970265620881854
CornFlakes,CaptCrunch,-0.02489896231900721
CornFlakes,ShreddedWheat,-0.026540070395313142
CornFlakes,FruityPebbles,-0.03134339962510319
CornFlakes,Clusters,-0.02881291684937985
CornFlakes,CinnamonMiniBuns,-0.024587210605587086
CornFlakes,DoubleDipCrunch,-0.025849510939548563
CornFlakes,MultiGrainCheerios,-0.029469360079902224
CornFlakes,Honeycomb,-0.029598766451510578
CornFlakes,Popeye,-0.013951183280940537
Cheerios,CornFlakes,-0.1207326154459132
Cheerios,Cheerios,3.554665974552971
Cheerios,RiceKrispies,-0.14068119584012087
Cheerios,FrostedFlakes,-0.11324704505915001
Cheerios,RaisinBran,-0.07515216210077101
Cheerios,Total,-0.10022641123222954
Cheerios,HoneyNutCheerios,-0.08348357958922882
Cheerios,SpecialK,-0.08842925582778804
Cheerios,GrapeNuts,-0.05337189333752512
Cheerios,SpoonSizeShdWt,-0.06875948734331835
Cheerios,100%Natural,-0.05164961217357395
Cheerios,FrostedMiniWheats,-0.05671293056814078
Cheerios,NutriGrain,-0.05233311309997806
Cheerios,Mueslix,-0.05957751706692568
Cheerios,Wheaties,-0.04559809966854332
Cheerios,RaisinBran,-0.03830193315295236
Cheerios,Muesli,-0.049508524934235736
Cheerios,CornPops,-0.06028689926765147
Cheerios,RaisinNutBran,-0.047327439361854955
Cheerios,Basic4,-0.05039437036897292
Cheerios,CocoaPus,-0.052101358052643106
Cheerios,GoldenGrahams,-0.047263912597610855
Cheerios,Cinn.ToastCrunch,-0.048619150234818324
Cheerios,FrootLoops,-0.04983321728481669
Cheerios,LowFatGranola,-0.036887874437741094
Cheerios,Trix,-0.05264251197027804
Cheerios,Triples,-0.030699897031741655
Cheerios,Crispix,-0.04321702243094964
Cheerios,Kix,-0.04662864495516985
Cheerios,LuckyCharms,-0.04383346732842942
Cheerios,AppleCinn.Cheerios,-0.0376596069811509
Cheerios,CracklinOatBran,-0.03977951863240774
Cheerios,BigBiscuitShdWt,-0.03249393991085746
Cheerios,HoneyBunchesofOats,-0.031851613739056
Cheerios,GreatGraines,-0.030363440465559933
Cheerios,OtmlRaisinCrisp,-0.03092459354971616
Cheerios,OatSquares,-0.026871821275254552
Cheerios,RiceChex,-0.03559851640789786
Cheerios,TotalRaisinBran,-0.03141045565402752
Cheerios,Product19,-0.03538911337020434
Cheerios,AppleJacks,-0.035970265620881854
Cheerios,CaptCrunch,-0.02489896231900721
Cheerios,ShreddedWheat,-0.026540070395313142
Cheerios,FruityPebbles,-0.03134339962510319
Cheerios,Clusters,-0.02881291684937985
Cheerios,CinnamonMiniBuns,-0.024587210605587086
Cheerios,DoubleDipCrunch,-0.025849510939548563
Cheerios,MultiGrainCheerios,-0.029469360079902224
Cheerios,Honeycomb,-0.029598766451510578
Cheerios,Popeye,-0.013951183280940537
RiceKrispies,CornFlakes,-0.1207326154459132
RiceKrispies,Cheerios,-0.16282615528699032
RiceKrispies,RiceKrispies,3.341526621984653
RiceKrispies,FrostedFlakes,-0.11324704505915001
RiceKrispies,RaisinBran,-0.07515216210077101
RiceKrispies,Total,-0.10022641123222954
RiceKrispies,HoneyNutCheerios,-0.08348357958922882
RiceKrispies,SpecialK,-0.08842925582778804
RiceKrispies,GrapeNuts,-0.05337189333752512
RiceKrispies,SpoonSizeShdWt,-0.06875948734331835
RiceKrispies,100%Natural,-0.05164961217357395
RiceKrispies,FrostedMiniWheats,-0.05671293056814078
RiceKrispies,NutriGrain,-0.05233311309997806
RiceKrispies,Mueslix,-0.05957751706692568
RiceKrispies,Wheaties,-0.04559809966854332
RiceKrispies,RaisinBran,-0.03830193315295236
RiceKrispies,Muesli,-0.049508524934235736
RiceKrispies,CornPops,-0.06028689926765147
RiceKrispies,RaisinNutBran,-0.047327439361854955
RiceKrispies,Basic4,-0.05039437036897292
RiceKrispies,CocoaPus,-0.052101358052643106
RiceKrispies,GoldenGrahams,-0.047263912597610855
RiceKrispies,Cinn.ToastCrunch,-0.048619150234818324
RiceKrispies,FrootLoops,-0.04983321728481669
RiceKrispies,LowFatGranola,-0.036887874437741094
RiceKrispies,Trix,-0.05264251197027804
RiceKrispies,Triples,-0.030699897031741655
RiceKrispies,Crispix,-0.04321702243094964
RiceKrispies,Kix,-0.04662864495516985
RiceKrispies,LuckyCharms,-0.04383346732842942
RiceKrispies,AppleCinn.Cheerios,-0.0376596069811509
RiceKrispies,CracklinOatBran,-0.03977951863240774
RiceKrispies,BigBiscuitShdWt,-0.03249393991085746
RiceKrispies,HoneyBunchesofOats,-0.031851613739056
RiceKrispies,GreatGraines,-0.030363440465559933
RiceKrispies,OtmlRaisinCrisp,-0.03092459354971616
RiceKrispies,OatSquares,-0.026871821275254552
RiceKrispies,RiceChex,-0.03559851640789786
RiceKrispies,TotalRaisinBran,-0.03141045565402752
RiceKrispies,Product19,-0.03538911337020434
RiceKrispies,AppleJacks,-0.035970265620881854
RiceKrispies,CaptCrunch,-0.02489896231900721
RiceKrispies,ShreddedWheat,-0.026540070395313142
RiceKrispies,FruityPebbles,-0.03134339962510319
RiceKrispies,Clusters,-0.02881291684937985
RiceKrispies,CinnamonMiniBuns,-0.024587210605587086
RiceKrispies,DoubleDipCrunch,-0.025849510939548563
RiceKrispies,MultiGrainCheerios,-0.029469360079902224
RiceKrispies,Honeycomb,-0.029598766451510578
RiceKrispies,Popeye,-0.013951183280940537
FrostedFlakes,CornFlakes,-0.1207326154459132
FrostedFlakes,Cheerios,-0.16282615528699032
FrostedFlakes,RiceKrispies,-0.14068119584012087
FrostedFlakes,FrostedFlakes,2.8513352863322114
FrostedFlakes,RaisinBran,-0.07515216210077101
FrostedFlakes,Total,-0.10022641123222954
FrostedFlakes,HoneyNutCheerios,-0.08348357958922882
FrostedFlakes,SpecialK,-0.08842925582778804
FrostedFlakes,GrapeNuts,-0.05337189333752512
FrostedFlakes,SpoonSizeShdWt,-0.06875948734331835
FrostedFlakes,100%Natural,-0.05164961217357395
FrostedFlakes,FrostedMiniWheats,-0.05671293056814078
FrostedFlakes,NutriGrain,-0.05233311309997806
FrostedFlakes,Mueslix,-0.05957751706692568
FrostedFlakes,Wheaties,-0.04559809966854332
FrostedFlakes,RaisinBran,-0.03830193315295236
FrostedFlakes,Muesli,-0.049508524934235736
FrostedFlakes,CornPops,-0.06028689926765147
FrostedFlakes,RaisinNutBran,-0.047327439361854955
FrostedFlakes,Basic4,-0.05039437036897292
FrostedFlakes,CocoaPus,-0.052101358052643106
FrostedFlakes,GoldenGrahams,-0.047263912597610855
FrostedFlakes,Cinn.ToastCrunch,-0.048619150234818324
FrostedFlakes,FrootLoops,-0.04983321728481669
FrostedFlakes,LowFatGranola,-0.036887874437741094
FrostedFlakes,Trix,-0.05264251197027804
FrostedFlakes,Triples,-0.030699897031741655
FrostedFlakes,Crispix,-0.04321702243094964
FrostedFlakes,Kix,-0.04662864495516985
FrostedFlakes,LuckyCharms,-0.04383346732842942
FrostedFlakes,AppleCinn.Cheerios,-0.0376596069811509
FrostedFlakes,CracklinOatBran,-0.03977951863240774
FrostedFlakes,BigBiscuitShdWt,-0.03249393991085746
FrostedFlakes,HoneyBunchesofOats,-0.031851613739056
FrostedFlakes,GreatGraines,-0.030363440465559933
FrostedFlakes,OtmlRaisinCrisp,-0.03092459354971616
FrostedFlakes,OatSquares,-0.026871821275254552
FrostedFlakes,RiceChex,-0.03559851640789786
FrostedFlakes,TotalRaisinBran,-0.03141045565402752
FrostedFlakes,Product19,-0.03538911337020434
FrostedFlakes,AppleJacks,-0.035970265620881854
FrostedFlakes,CaptCrunch,-0.02489896231900721
FrostedFlakes,ShreddedWheat,-0.026540070395313142
FrostedFlakes,FruityPebbles,-0.03134339962510319
FrostedFlakes,Clusters,-0.02881291684937985
FrostedFlakes,CinnamonMiniBuns,-0.024587210605587086
FrostedFlakes,DoubleDipCrunch,-0.025849510939548563
FrostedFlakes,MultiGrainCheerios,-0.029469360079902224
FrostedFlakes,Honeycomb,-0.029598766451510578
FrostedFlakes,Popeye,-0.013951183280940537
RaisinBran,CornFlakes,-0.1207326154459132
RaisinBran,Cheerios,-0.16282615528699032
RaisinBran,RiceKrispies,-0.14068119584012087
RaisinBran,FrostedFlakes,-0.11324704505915001
RaisinBran,RaisinBran,2.6776742884769216
RaisinBran,Total,-0.10022641123222954
RaisinBran,HoneyNutCheerios,-0.08348357958922882
RaisinBran,SpecialK,-0.08842925582778804
RaisinBran,GrapeNuts,-0.05337189333752512
RaisinBran,SpoonSizeShdWt,-0.06875948734331835
RaisinBran,100%Natural,-0.05164961217357395
RaisinBran,FrostedMiniWheats,-0.05671293056814078
RaisinBran,NutriGrain,-0.05233311309997806
RaisinBran,Mueslix,-0.05957751706692568
RaisinBran,Wheaties,-0.04559809966854332
RaisinBran,RaisinBran,-0.03830193315295236
RaisinBran,Muesli,-0.049508524934235736
RaisinBran,CornPops,-0.06028689926765147
RaisinBran,RaisinNutBran,-0.047327439361854955
RaisinBran,Basic4,-0.05039437036897292
RaisinBran,CocoaPus,-0.052101358052643106
RaisinBran,GoldenGrahams,-0.047263912597610855
RaisinBran,Cinn.ToastCrunch,-0.048619150234818324
RaisinBran,FrootLoops,-0.04983321728481669
RaisinBran,LowFatGranola,-0.036887874437741094
RaisinBran,Trix,-0.05264251197027804
RaisinBran,Triples,-0.030699897031741655
RaisinBran,Crispix,-0.04321702243094964
RaisinBran,Kix,-0.04662864495516985
RaisinBran,LuckyCharms,-0.04383346732842942
RaisinBran,AppleCinn.Cheerios,-0.0376596069811509
RaisinBran,CracklinOatBran,-0.03977951863240774
RaisinBran,BigBiscuitShdWt,-0.03249393991085746
RaisinBran,HoneyBunchesofOats,-0.031851613739056
RaisinBran,GreatGraines,-0.030363440465559933
RaisinBran,OtmlRaisinCrisp,-0.03092459354971616
RaisinBran,OatSquares,-0.026871821275254552
RaisinBran,RiceChex,-0.03559851640789786
RaisinBran,TotalRaisinBran,-0.03141045565402752
RaisinBran,Product19,-0.03538911337020434
RaisinBran,AppleJacks,-0.035970265620881854
RaisinBran,CaptCrunch,-0.02489896231900721
RaisinBran,ShreddedWheat,-0.026540070395313142
RaisinBran,FruityPebbles,-0.03134339962510319
RaisinBran,Clusters,-0.02881291684937985
RaisinBran,CinnamonMiniBuns,-0.024587210605587086
RaisinBran,DoubleDipCrunch,-0.025849510939548563
RaisinBran,MultiGrainCheerios,-0.029469360079902224
RaisinBran,Honeycomb,-0.029598766451510578
RaisinBran,Popeye,-0.013951183280940537
Total,CornFlakes,-0.1207326154459132
Total,Cheerios,-0.16282615528699032
Total,RiceKrispies,-0.14068119584012087
Total,FrostedFlakes,-0.11324704505915001
Total,RaisinBran,-0.07515216210077101
Total,Total,4.1466554206419035
Total,HoneyNutCheerios,-0.08348357958922882
Total,SpecialK,-0.08842925582778804
Total,GrapeNuts,-0.05337189333752512
Total,SpoonSizeShdWt,-0.06875948734331835
Total,100%Natural,-0.05164961217357395
Total,FrostedMiniWheats,-0.05671293056814078
Total,NutriGrain,-0.05233311309997806
Total,Mueslix,-0.05957751706692568
Total,Wheaties,-0.04559809966854332
Total,RaisinBran,-0.03830193315295236
Total,Muesli,-0.049508524934235736
Total,CornPops,-0.06028689926765147
Total,RaisinNutBran,-0.047327439361854955
Total,Basic4,-0.05039437036897292
Total,CocoaPus,-0.052101358052643106
Total,GoldenGrahams,-0.047263912597610855
Total,Cinn.ToastCrunch,-0.048619150234818324
Total,FrootLoops,-0.04983321728481669
Total,LowFatGranola,-0.036887874437741094
Total,Trix,-0.05264251197027804
Total,Triples,-0.030699897031741655
Total,Crispix,-0.04321702243094964
Total,Kix,-0.04662864495516985
Total,LuckyCharms,-0.04383346732842942
Total,AppleCinn.Cheerios,-0.0376596069811509
Total,CracklinOatBran,-0.03977951863240774
Total,BigBiscuitShdWt,-0.03249393991085746
Total,HoneyBunchesofOats,-0.031851613739056
Total,GreatGraines,-0.030363440465559933
Total,OtmlRaisinCrisp,-0.03092459354971616
Total,OatSquares,-0.026871821275254552
Total,RiceChex,-0.03559851640789786
Total,TotalRaisinBran,-0.03141045565402752
Total,Product19,-0.03538911337020434
Total,AppleJacks,-0.035970265620881854
Total,CaptCrunch,-0.02489896231900721
Total,ShreddedWheat,-0.026540070395313142
Total,FruityPebbles,-0.03134339962510319
Total,Clusters,-0.02881291684937985
Total,CinnamonMiniBuns,-0.024587210605587086
Total,DoubleDipCrunch,-0.025849510939548563
Total,MultiGrainCheerios,-0.029469360079902224
Total,Honeycomb,-0.029598766451510578
Total,Popeye,-0.013951183280940537
HoneyNutCheerios,CornFlakes,-0.1207326154459132
HoneyNutCheerios,Cheerios,-0.16282615528699032
HoneyNutCheerios,RiceKrispies,-0.14068119584012087
HoneyNutCheerios,FrostedFlakes,-0.11324704505915001
HoneyNutCheerios,RaisinBran,-0.07515216210077101
HoneyNutCheerios,Total,-0.10022641123222954
HoneyNutCheerios,HoneyNutCheerios,3.610480119049214
HoneyNutCheerios,SpecialK,-0.08842925582778804
HoneyNutCheerios,GrapeNuts,-0.05337189333752512
HoneyNutCheerios,SpoonSizeShdWt,-0.06875948734331835
HoneyNutCheerios,100%Natural,-0.05164961217357395
HoneyNutCheerios,FrostedMiniWheats,-0.05671293056814078
HoneyNutCheerios,NutriGrain,-0.05233311309997806
HoneyNutCheerios,Mueslix,-0.05957751706692568
HoneyNutCheerios,Wheaties,-0.04559809966854332
HoneyNutCheerios,RaisinBran,-0.03830193315295236
HoneyNutCheerios,Muesli,-0.049508524934235736
HoneyNutCheerios,CornPops,-0.06028689926765147
HoneyNutCheerios,RaisinNutBran,-0.047327439361854955
HoneyNutCheerios,Basic4,-0.05039437036897292
HoneyNutCheerios,CocoaPus,-0.052101358052643106
HoneyNutCheerios,GoldenGrahams,-0.047263912597610855
HoneyNutCheerios,Cinn.ToastCrunch,-0.048619150234818324
HoneyNutCheerios,FrootLoops,-0.04983321728481669
HoneyNutCheerios,LowFatGranola,-0.036887874437741094
HoneyNutCheerios,Trix,-0.05264251197027804
HoneyNutCheerios,Triples,-0.030699897031741655
HoneyNutCheerios,Crispix,-0.04321702243094964
HoneyNutCheerios,Kix,-0.04662864495516985
HoneyNutCheerios,LuckyCharms,-0.04383346732842942
HoneyNutCheerios,AppleCinn.Cheerios,-0.0376596069811509
HoneyNutCheerios,CracklinOatBran,-0.03977951863240774
HoneyNutCheerios,BigBiscuitShdWt,-0.03249393991085746
HoneyNutCheerios,HoneyBunchesofOats,-0.031851613739056
HoneyNutCheerios,GreatGraines,-0.030363440465559933
HoneyNutCheerios,OtmlRaisinCrisp,-0.03092459354971616
HoneyNutCheerios,OatSquares,-0.026871821275254552
HoneyNutCheerios,RiceChex,-0.03559851640789786
HoneyNutCheerios,TotalRaisinBran,-0.03141045565402752
HoneyNutCheerios,Product19,-0.03538911337020434
HoneyNutCheerios,AppleJacks,-0.035970265620881854
HoneyNutCheerios,CaptCrunch,-0.02489896231900721
HoneyNutCheerios,ShreddedWheat,-0.026540070395313142
HoneyNutCheerios,FruityPebbles,-0.03134339962510319
HoneyNutCheerios,Clusters,-0.02881291684937985
HoneyNutCheerios,CinnamonMiniBuns,-0.024587210605587086
HoneyNutCheerios,DoubleDipCrunch,-0.025849510939548563
HoneyNutCheerios,MultiGrainCheerios,-0.029469360079902224
HoneyNutCheerios,Honeycomb,-0.029598766451510578
HoneyNutCheerios,Popeye,-0.013951183280940537
SpecialK,CornFlakes,-0.1207326154459132
SpecialK,Cheerios,-0.16282615528699032
SpecialK,RiceKrispies,-0.14068119584012087
SpecialK,FrostedFlakes,-0.11324704505915001
SpecialK,RaisinBran,-0.07515216210077101
SpecialK,Total,-0.10022641123222954
SpecialK,HoneyNutCheerios,-0.08348357958922882
SpecialK,SpecialK,4.005517773236473
SpecialK,GrapeNuts,-0.05337189333752512
SpecialK,SpoonSizeShdWt,-0.06875948734331835
SpecialK,100%Natural,-0.05164961217357395
SpecialK,FrostedMiniWheats,-0.05671293056814078
SpecialK,NutriGrain,-0.05233311309997806
SpecialK,Mueslix,-0.05957751706692568
SpecialK,Wheaties,-0.04559809966854332
SpecialK,RaisinBran,-0.03830193315295236
SpecialK,Muesli,-0.049508524934235736
SpecialK,CornPops,-0.06028689926765147
SpecialK,RaisinNutBran,-0.047327439361854955
SpecialK,Basic4,-0.05039437036897292
SpecialK,CocoaPus,-0.052101358052643106
SpecialK,GoldenGrahams,-0.047263912597610855
SpecialK,Cinn.ToastCrunch,-0.048619150234818324
SpecialK,FrootLoops,-0.04983321728481669
SpecialK,LowFatGranola,-0.036887874437741094
SpecialK,Trix,-0.05264251197027804
SpecialK,Triples,-0.030699897031741655
SpecialK,Crispix,-0.04321702243094964
SpecialK,Kix,-0.04662864495516985
SpecialK,LuckyCharms,-0.04383346732842942
SpecialK,AppleCinn.Cheerios,-0.0376596069811509
SpecialK,CracklinOatBran,-0.03977951863240774
SpecialK,BigBiscuitShdWt,-0.03249393991085746
SpecialK,HoneyBunchesofOats,-0.031851613739056
SpecialK,GreatGraines,-0.030363440465559933
SpecialK,OtmlRaisinCrisp,-0.03092459354971616
SpecialK,OatSquares,-0.026871821275254552
SpecialK,RiceChex,-0.03559851640789786
SpecialK,TotalRaisinBran,-0.03141045565402752
SpecialK,Product19,-0.03538911337020434
SpecialK,AppleJacks,-0.035970265620881854
SpecialK,CaptCrunch,-0.02489896231900721
SpecialK,ShreddedWheat,-0.026540070395313142
SpecialK,FruityPebbles,-0.03134339962510319
SpecialK,Clusters,-0.02881291684937985
SpecialK,CinnamonMiniBuns,-0.024587210605587086
SpecialK,DoubleDipCrunch,-0.025849510939548563
SpecialK,MultiGrainCheerios,-0.029469360079902224
SpecialK,Honeycomb,-0.029598766451510578
SpecialK,Popeye,-0.013951183280940537
GrapeNuts,CornFlakes,-0.1207326154459132
GrapeNuts,Cheerios,-0.16282615528699032
GrapeNuts,RiceKrispies,-0.14068119584012087
GrapeNuts,FrostedFlakes,-0.11324704505915001
GrapeNuts,RaisinBran,-0.07515216210077101
GrapeNuts,Total,-0.10022641123222954
GrapeNuts,HoneyNutCheerios,-0.08348357958922882
GrapeNuts,SpecialK,-0.08842925582778804
GrapeNuts,GrapeNuts,2.4641702452249805
GrapeNuts,SpoonSizeShdWt,-0.06875948734331835
GrapeNuts,100%Natural,-0.05164961217357395
GrapeNuts,FrostedMiniWheats,-0.05671293056814078
GrapeNuts,NutriGrain,-0.05233311309997806
GrapeNuts,Mueslix,-0.05957751706692568
GrapeNuts,Wheaties,-0.04559809966854332
GrapeNuts,RaisinBran,-0.03830193315295236
GrapeNuts,Muesli,-0.049508524934235736
GrapeNuts,CornPops,-0.06028689926765147
GrapeNuts,RaisinNutBran,-0.047327439361854955
GrapeNuts,Basic4,-0.05039437036897292
GrapeNuts,CocoaPus,-0.052101358052643106
GrapeNuts,GoldenGrahams,-0.047263912597610855
GrapeNuts,Cinn.ToastCrunch,-0.048619150234818324
GrapeNuts,FrootLoops,-0.04983321728481669
GrapeNuts,LowFatGranola,-0.036887874437741094
GrapeNuts,Trix,-0.05264251197027804
GrapeNuts,Triples,-0.030699897031741655
GrapeNuts,Crispix,-0.04321702243094964
GrapeNuts,Kix,-0.04662864495516985
GrapeNuts,LuckyCharms,-0.04383346732842942
GrapeNuts,AppleCinn.Cheerios,-0.0376596069811509
GrapeNuts,CracklinOatBran,-0.03977951863240774
GrapeNuts,BigBiscuitShdWt,-0.03249393991085746
GrapeNuts,HoneyBunchesofOats,-0.031851613739056
GrapeNuts,GreatGraines,-0.030363440465559933
GrapeNuts,OtmlRaisinCrisp,-0.03092459354971616
GrapeNuts,OatSquares,-0.026871821275254552
GrapeNuts,RiceChex,-0.03559851640789786
GrapeNuts,TotalRaisinBran,-0.03141045565402752
GrapeNuts,Product19,-0.03538911337020434
GrapeNuts,AppleJacks,-0.035970265620881854
GrapeNuts,CaptCrunch,-0.02489896231900721
GrapeNuts,ShreddedWheat,-0.026540070395313142
GrapeNuts,FruityPebbles,-0.03134339962510319
GrapeNuts,Clusters,-0.02881291684937985
GrapeNuts,CinnamonMiniBuns,-0.024587210605587086
GrapeNuts,DoubleDipCrunch,-0.025849510939548563
GrapeNuts,MultiGrainCheerios,-0.029469360079902224
GrapeNuts,Honeycomb,-0.029598766451510578
GrapeNuts,Popeye,-0.013951183280940537
SpoonSizeShdWt,CornFlakes,-0.1207326154459132
SpoonSizeShdWt,Cheerios,-0.16282615528699032
SpoonSizeShdWt,RiceKrispies,-0.14068119584012087
SpoonSizeShdWt,FrostedFlakes,-0.11324704505915001
SpoonSizeShdWt,RaisinBran,-0.07515216210077101
SpoonSizeShdWt,Total,-0.10022641123222954
SpoonSizeShdWt,HoneyNutCheerios,-0.08348357958922882
SpoonSizeShdWt,SpecialK,-0.08842925582778804
SpoonSizeShdWt,GrapeNuts,-0.05337189333752512
SpoonSizeShdWt,SpoonSizeShdWt,3.236985096470064
SpoonSizeShdWt,100%Natural,-0.05164961217357395
SpoonSizeShdWt,FrostedMiniWheats,-0.05671293056814078
SpoonSizeShdWt,NutriGrain,-0.05233311309997806
SpoonSizeShdWt,Mueslix,-0.05957751706692568
SpoonSizeShdWt,Wheaties,-0.04559809966854332
SpoonSizeShdWt,RaisinBran,-0.03830193315295236
SpoonSizeShdWt,Muesli,-0.049508524934235736
SpoonSizeShdWt,CornPops,-0.06028689926765147
SpoonSizeShdWt,RaisinNutBran,-0.047327439361854955
SpoonSizeShdWt,Basic4,-0.05039437036897292
SpoonSizeShdWt,CocoaPus,-0.052101358052643106
SpoonSizeShdWt,GoldenGrahams,-0.047263912597610855
SpoonSizeShdWt,Cinn.ToastCrunch,-0.048619150234818324
SpoonSizeShdWt,FrootLoops,-0.04983321728481669
SpoonSizeShdWt,LowFatGranola,-0.036887874437741094
SpoonSizeShdWt,Trix,-0.05264251197027804
SpoonSizeShdWt,Triples,-0.030699897031741655
SpoonSizeShdWt,Crispix,-0.04321702243094964
SpoonSizeShdWt,Kix,-0.04662864495516985
SpoonSizeShdWt,LuckyCharms,-0.04383346732842942
SpoonSizeShdWt,AppleCinn.Cheerios,-0.0376596069811509
SpoonSizeShdWt,CracklinOatBran,-0.03977951863240774
SpoonSizeShdWt,BigBiscuitShdWt,-0.03249393991085746
SpoonSizeShdWt,HoneyBunchesofOats,-0.031851613739056
SpoonSizeShdWt,GreatGraines,-0.030363440465559933
SpoonSizeShdWt,OtmlRaisinCrisp,-0.03092459354971616
SpoonSizeShdWt,OatSquares,-0.026871821275254552
SpoonSizeShdWt,RiceChex,-0.03559851640789786
SpoonSizeShdWt,TotalRaisinBran,-0.03141045565402752
SpoonSizeShdWt,Product19,-0.03538911337020434
SpoonSizeShdWt,AppleJacks,-0.035970265620881854
SpoonSizeShdWt,CaptCrunch,-0.02489896231900721
SpoonSizeShdWt,ShreddedWheat,-0.026540070395313142
SpoonSizeShdWt,FruityPebbles,-0.03134339962510319
SpoonSizeShdWt,Clusters,-0.02881291684937985
SpoonSizeShdWt,CinnamonMiniBuns,-0.024587210605587086
SpoonSizeShdWt,DoubleDipCrunch,-0.025849510939548563
SpoonSizeShdWt,MultiGrainCheerios,-0.029469360079902224
SpoonSizeShdWt,Honeycomb,-0.029598766451510578
SpoonSizeShdWt,Popeye,-0.013951183280940537
100%Natural,CornFlakes,-0.1207326154459132
100%Natural,Cheerios,-0.16282615528699032
100%Natural,RiceKrispies,-0.14068119584012087
100%Natural,FrostedFlakes,-0.11324704505915001
100%Natural,RaisinBran,-0.07515216210077101
100%Natural,Total,-0.10022641123222954
100%Natural,HoneyNutCheerios,-0.08348357958922882
100%Natural,SpecialK,-0.08842925582778804
100%Natural,GrapeNuts,-0.05337189333752512
100%Natural,SpoonSizeShdWt,-0.06875948734331835
100%Natural,100%Natural,2.5835346823965257
100%Natural,FrostedMiniWheats,-0.05671293056814078
100%Natural,NutriGrain,-0.05233311309997806
100%Natural,Mueslix,-0.05957751706692568
100%Natural,Wheaties,-0.04559809966854332
100%Natural,RaisinBran,-0.03830193315295236
100%Natural,Muesli,-0.049508524934235736
100%Natural,CornPops,-0.06028689926765147
100%Natural,RaisinNutBran,-0.047327439361854955
100%Natural,Basic4,-0.05039437036897292
100%Natural,CocoaPus,-0.052101358052643106
100%Natural,GoldenGrahams,-0.047263912597610855
100%Natural,Cinn.ToastCrunch,-0.048619150234818324
100%Natural,FrootLoops,-0.04983321728481669
100%Natural,LowFatGranola,-0.036887874437741094
100%Natural,Trix,-0.05264251197027804
100%Natural,Triples,-0.030699897031741655
100%Natural,Crispix,-0.04321702243094964
100%Natural,Kix,-0.04662864495516985
100%Natural,LuckyCharms,-0.04383346732842942
100%Natural,AppleCinn.Cheerios,-0.0376596069811509
100%Natural,CracklinOatBran,-0.03977951863240774
100%Natural,BigBiscuitShdWt,-0.03249393991085746
100%Natural,HoneyBunchesofOats,-0.031851613739056
100%Natural,GreatGraines,-0.030363440465559933
100%Natural,OtmlRaisinCrisp,-0.03092459354971616
100%Natural,OatSquares,-0.026871821275254552
100%Natural,RiceChex,-0.03559851640789786
100%Natural,TotalRaisinBran,-0.03141045565402752
100%Natural,Product19,-0.03538911337020434
100%Natural,AppleJacks,-0.035970265620881854
100%Natural,CaptCrunch,-0.02489896231900721
100%Natural,ShreddedWheat,-0.026540070395313142
100%Natural,FruityPebbles,-0.03134339962510319
100%Natural,Clusters,-0.02881291684937985
100%Natural,CinnamonMiniBuns,-0.024587210605587086
100%Natural,DoubleDipCrunch,-0.025849510939548563
100%Natural,MultiGrainCheerios,-0.029469360079902224
100%Natural,Honeycomb,-0.029598766451510578
100%Natural,Popeye,-0.013951183280940537
FrostedMiniWheats,CornFlakes,-0.1207326154459132
FrostedMiniWheats,Cheerios,-0.16282615528699032
FrostedMiniWheats,RiceKrispies,-0.14068119584012087
FrostedMiniWheats,FrostedFlakes,-0.11324704505915001
FrostedMiniWheats,RaisinBran,-0.07515216210077101
FrostedMiniWheats,Total,-0.10022641123222954
FrostedMiniWheats,HoneyNutCheerios,-0.08348357958922882
FrostedMiniWheats,SpecialK,-0.08842925582778804
FrostedMiniWheats,GrapeNuts,-0.05337189333752512
FrostedMiniWheats,SpoonSizeShdWt,-0.06875948734331835
FrostedMiniWheats,100%Natural,-0.05164961217357395
FrostedMiniWheats,FrostedMiniWheats,3.0255115568308146
FrostedMiniWheats,NutriGrain,-0.05233311309997806
FrostedMiniWheats,Mueslix,-0.05957751706692568
FrostedMiniWheats,Wheaties,-0.04559809966854332
FrostedMiniWheats,RaisinBran,-0.03830193315295236
FrostedMiniWheats,Muesli,-0.049508524934235736
FrostedMiniWheats,CornPops,-0.06028689926765147
FrostedMiniWheats,RaisinNutBran,-0.047327439361854955
FrostedMiniWheats,Basic4,-0.05039437036897292
FrostedMiniWheats,CocoaPus,-0.052101358052643106
FrostedMiniWheats,GoldenGrahams,-0.047263912597610855
FrostedMiniWheats,Cinn.ToastCrunch,-0.048619150234818324
FrostedMiniWheats,FrootLoops,-0.04983321728481669
FrostedMiniWheats,LowFatGranola,-0.036887874437741094
FrostedMiniWheats,Trix,-0.05264251197027804
FrostedMiniWheats,Triples,-0.030699897031741655
FrostedMiniWheats,Crispix,-0.04321702243094964
FrostedMiniWheats,Kix,-0.04662864495516985
FrostedMiniWheats,LuckyCharms,-0.04383346732842942
FrostedMiniWheats,AppleCinn.Cheerios,-0.0376596069811509
FrostedMiniWheats,CracklinOatBran,-0.03977951863240774
FrostedMiniWheats,BigBiscuitShdWt,-0.03249393991085746
FrostedMiniWheats,HoneyBunchesofOats,-0.031851613739056
FrostedMiniWheats,GreatGraines,-0.030363440465559933
FrostedMiniWheats,OtmlRaisinCrisp,-0.03092459354971616
FrostedMiniWheats,OatSquares,-0.026871821275254552
FrostedMiniWheats,RiceChex,-0.03559851640789786
FrostedMiniWheats,TotalRaisinBran,-0.03141045565402752
FrostedMiniWheats,Product19,-0.03538911337020434
FrostedMiniWheats,AppleJacks,-0.035970265620881854
FrostedMiniWheats,CaptCrunch,-0.02489896231900721
FrostedMiniWheats,ShreddedWheat,-0.026540070395313142
FrostedMiniWheats,FruityPebbles,-0.03134339962510319
FrostedMiniWheats,Clusters,-0.02881291684937985
FrostedMiniWheats,CinnamonMiniBuns,-0.024587210605587086
FrostedMiniWheats,DoubleDipCrunch,-0.025849510939548563
FrostedMiniWheats,MultiGrainCheerios,-0.029469360079902224
FrostedMiniWheats,Honeycomb,-0.029598766451510578
FrostedMiniWheats,Popeye,-0.013951183280940537
NutriGrain,CornFlakes,-0.1207326154459132
NutriGrain,Cheerios,-0.16282615528699032
NutriGrain,RiceKrispies,-0.14068119584012087
NutriGrain,FrostedFlakes,-0.11324704505915001
NutriGrain,RaisinBran,-0.07515216210077101
NutriGrain,Total,-0.10022641123222954
NutriGrain,HoneyNutCheerios,-0.08348357958922882
NutriGrain,SpecialK,-0.08842925582778804
NutriGrain,GrapeNuts,-0.05337189333752512
NutriGrain,SpoonSizeShdWt,-0.06875948734331835
NutriGrain,100%Natural,-0.05164961217357395
NutriGrain,FrostedMiniWheats,-0.05671293056814078
NutriGrain,NutriGrain,3.3239967643179615
NutriGrain,Mueslix,-0.05957751706692568
NutriGrain,Wheaties,-0.04559809966854332
NutriGrain,RaisinBran,-0.03830193315295236
NutriGrain,Muesli,-0.049508524934235736
NutriGrain,CornPops,-0.06028689926765147
NutriGrain,RaisinNutBran,-0.047327439361854955
NutriGrain,Basic4,-0.05039437036897292
NutriGrain,CocoaPus,-0.052101358052643106
NutriGrain,GoldenGrahams,-0.047263912597610855
NutriGrain,Cinn.ToastCrunch,-0.048619150234818324
NutriGrain,FrootLoops,-0.04983321728481669
NutriGrain,LowFatGranola,-0.036887874437741094
NutriGrain,Trix,-0.05264251197027804
NutriGrain,Triples,-0.030699897031741655
NutriGrain,Crispix,-0.04321702243094964
NutriGrain,Kix,-0.04662864495516985
NutriGrain,LuckyCharms,-0.04383346732842942
NutriGrain,AppleCinn.Cheerios,-0.0376596069811509
NutriGrain,CracklinOatBran,-0.03977951863240774
NutriGrain,BigBiscuitShdWt,-0.03249393991085746
NutriGrain,HoneyBunchesofOats,-0.031851613739056
NutriGrain,GreatGraines,-0.030363440465559933
NutriGrain,OtmlRaisinCrisp,-0.03092459354971616
NutriGrain,OatSquares,-0.026871821275254552
NutriGrain,RiceChex,-0.03559851640789786
NutriGrain,TotalRaisinBran,-0.03141045565402752
NutriGrain,Product19,-0.03538911337020434
NutriGrain,AppleJacks,-0.035970265620881854
NutriGrain,CaptCrunch,-0.02489896231900721
NutriGrain,ShreddedWheat,-0.026540070395313142
NutriGrain,FruityPebbles,-0.03134339962510319
NutriGrain,Clusters,-0.02881291684937985
NutriGrain,CinnamonMiniBuns,-0.024587210605587086
NutriGrain,DoubleDipCrunch,-0.025849510939548563
NutriGrain,MultiGrainCheerios,-0.029469360079902224
NutriGrain,Honeycomb,-0.029598766451510578
NutriGrain,Popeye,-0.013951183280940537
Mueslix,CornFlakes,-0.1207326154459132
Mueslix,Cheerios,-0.16282615528699032
Mueslix,RiceKrispies,-0.14068119584012087
Mueslix,FrostedFlakes,-0.11324704505915001
Mueslix,RaisinBran,-0.07515216210077101
Mueslix,Total,-0.10022641123222954
Mueslix,HoneyNutCheerios,-0.08348357958922882
Mueslix,SpecialK,-0.08842925582778804
Mueslix,GrapeNuts,-0.05337189333752512
Mueslix,SpoonSizeShdWt,-0.06875948734331835
Mueslix,100%Natural,-0.05164961217357395
Mueslix,FrostedMiniWheats,-0.05671293056814078
Mueslix,NutriGrain,-0.05233311309997806
Mueslix,Mueslix,3.8343778467844256
Mueslix,Wheaties,-0.04559809966854332
Mueslix,RaisinBran,-0.03830193315295236
Mueslix,Muesli,-0.049508524934235736
Mueslix,CornPops,-0.06028689926765147
Mueslix,RaisinNutBran,-0.047327439361854955
Mueslix,Basic4,-0.05039437036897292
Mueslix,CocoaPus,-0.052101358052643106
Mueslix,GoldenGrahams,-0.047263912597610855
Mueslix,Cinn.ToastCrunch,-0.048619150234818324
Mueslix,FrootLoops,-0.04983321728481669
Mueslix,LowFatGranola,-0.036887874437741094
Mueslix,Trix,-0.05264251197027804
Mueslix,Triples,-0.030699897031741655
Mueslix,Crispix,-0.04321702243094964
Mueslix,Kix,-0.04662864495516985
Mueslix,LuckyCharms,-0.04383346732842942
Mueslix,AppleCinn.Cheerios,-0.0376596069811509
Mueslix,CracklinOatBran,-0.03977951863240774
Mueslix,BigBiscuitShdWt,-0.03249393991085746
Mueslix,HoneyBunchesofOats,-0.031851613739056
Mueslix,GreatGraines,-0.030363440465559933
Mueslix,OtmlRaisinCrisp,-0.03092459354971616
Mueslix,OatSquares,-0.026871821275254552
Mueslix,RiceChex,-0.03559851640789786
Mueslix,TotalRaisinBran,-0.03141045565402752
Mueslix,Product19,-0.03538911337020434
Mueslix,AppleJacks,-0.035970265620881854
Mueslix,CaptCrunch,-0.02489896231900721
Mueslix,ShreddedWheat,-0.026540070395313142
Mueslix,FruityPebbles,-0.03134339962510319
Mueslix,Clusters,-0.02881291684937985
Mueslix,CinnamonMiniBuns,-0.024587210605587086
Mueslix,DoubleDipCrunch,-0.025849510939548563
Mueslix,MultiGrainCheerios,-0.029469360079902224
Mueslix,Honeycomb,-0.029598766451510578
Mueslix,Popeye,-0.013951183280940537
Wheaties,CornFlakes,-0.1207326154459132
Wheaties,Cheerios,-0.16282615528699032
Wheaties,RiceKrispies,-0.14068119584012087
Wheaties,FrostedFlakes,-0.11324704505915001
Wheaties,RaisinBran,-0.07515216210077101
Wheaties,Total,-0.10022641123222954
Wheaties,HoneyNutCheerios,-0.08348357958922882
Wheaties,SpecialK,-0.08842925582778804
Wheaties,GrapeNuts,-0.05337189333752512
Wheaties,SpoonSizeShdWt,-0.06875948734331835
Wheaties,100%Natural,-0.05164961217357395
Wheaties,FrostedMiniWheats,-0.05671293056814078
Wheaties,NutriGrain,-0.05233311309997806
Wheaties,Mueslix,-0.05957751706692568
Wheaties,Wheaties,2.9542768785250964
Wheaties,RaisinBran,-0.03830193315295236
Wheaties,Muesli,-0.049508524934235736
Wheaties,CornPops,-0.06028689926765147
Wheaties,RaisinNutBran,-0.047327439361854955
Wheaties,Basic4,-0.05039437036897292
Wheaties,CocoaPus,-0.052101358052643106
Wheaties,GoldenGrahams,-0.047263912597610855
Wheaties,Cinn.ToastCrunch,-0.048619150234818324
Wheaties,FrootLoops,-0.04983321728481669
Wheaties,LowFatGranola,-0.036887874437741094
Wheaties,Trix,-0.05264251197027804
Wheaties,Triples,-0.030699897031741655
Wheaties,Crispix,-0.04321702243094964
Wheaties,Kix,-0.04662864495516985
Wheaties,LuckyCharms,-0.04383346732842942
Wheaties,AppleCinn.Cheerios,-0.0376596069811509
Wheaties,CracklinOatBran,-0.03977951863240774
Wheaties,BigBiscuitShdWt,-0.03249393991085746
Wheaties,HoneyBunchesofOats,-0.031851613739056
Wheaties,GreatGraines,-0.030363440465559933
Wheaties,OtmlRaisinCrisp,-0.03092459354971616
Wheaties,OatSquares,-0.026871821275254552
Wheaties,RiceChex,-0.03559851640789786
Wheaties,TotalRaisinBran,-0.03141045565402752
Wheaties,Product19,-0.03538911337020434
Wheaties,AppleJacks,-0.035970265620881854
Wheaties,CaptCrunch,-0.02489896231900721
Wheaties,ShreddedWheat,-0.026540070395313142
Wheaties,FruityPebbles,-0.03134339962510319
Wheaties,Clusters,-0.02881291684937985
Wheaties,CinnamonMiniBuns,-0.024587210605587086
Wheaties,DoubleDipCrunch,-0.025849510939548563
Wheaties,MultiGrainCheerios,-0.029469360079902224
Wheaties,Honeycomb,-0.029598766451510578
Wheaties,Popeye,-0.013951183280940537
RaisinBran,CornFlakes,-0.1207326154459132
RaisinBran,Cheerios,-0.16282615528699032
RaisinBran,RiceKrispies,-0.14068119584012087
RaisinBran,FrostedFlakes,-0.11324704505915001
RaisinBran,RaisinBran,-0.07515216210077101
RaisinBran,Total,-0.10022641123222954
RaisinBran,HoneyNutCheerios,-0.08348357958922882
RaisinBran,SpecialK,-0.08842925582778804
RaisinBran,GrapeNuts,-0.05337189333752512
RaisinBran,SpoonSizeShdWt,-0.06875948734331835
RaisinBran,100%Natural,-0.05164961217357395
RaisinBran,FrostedMiniWheats,-0.05671293056814078
RaisinBran,NutriGrain,-0.05233311309997806
RaisinBran,Mueslix,-0.05957751706692568
RaisinBran,Wheaties,-0.04559809966854332
RaisinBran,RaisinBran,2.5851181458163874
RaisinBran,Muesli,-0.049508524934235736
RaisinBran,CornPops,-0.06028689926765147
RaisinBran,RaisinNutBran,-0.047327439361854955
RaisinBran,Basic4,-0.05039437036897292
RaisinBran,CocoaPus,-0.052101358052643106
RaisinBran,GoldenGrahams,-0.047263912597610855
RaisinBran,Cinn.ToastCrunch,-0.048619150234818324
RaisinBran,FrootLoops,-0.04983321728481669
RaisinBran,LowFatGranola,-0.036887874437741094
RaisinBran,Trix,-0.05264251197027804
RaisinBran,Triples,-0.030699897031741655
RaisinBran,Crispix,-0.04321702243094964
RaisinBran,Kix,-0.04662864495516985
RaisinBran,LuckyCharms,-0.04383346732842942
RaisinBran,AppleCinn.Cheerios,-0.0376596069811509
RaisinBran,CracklinOatBran,-0.03977951863240774
RaisinBran,BigBiscuitShdWt,-0.03249393991085746
RaisinBran,HoneyBunchesofOats,-0.031851613739056
RaisinBran,GreatGraines,-0.030363440465559933
RaisinBran,OtmlRaisinCrisp,-0.03092459354971616
RaisinBran,OatSquares,-0.026871821275254552
RaisinBran,RiceChex,-0.03559851640789786
RaisinBran,TotalRaisinBran,-0.03141045565402752
RaisinBran,Product19,-0.03538911337020434
RaisinBran,AppleJacks,-0.035970265620881854
RaisinBran,CaptCrunch,-0.02489896231900721
RaisinBran,ShreddedWheat,-0.026540070395313142
RaisinBran,FruityPebbles,-0.03134339962510319
RaisinBran,Clusters,-0.02881291684937985
RaisinBran,CinnamonMiniBuns,-0.024587210605587086
RaisinBran,DoubleDipCrunch,-0.025849510939548563
RaisinBran,MultiGrainCheerios,-0.029469360079902224
RaisinBran,Honeycomb,-0.029598766451510578
RaisinBran,Popeye,-0.013951183280940537
Muesli,CornFlakes,-0.1207326154459132
Muesli,Cheerios,-0.16282615528699032
Muesli,RiceKrispies,-0.14068119584012087
Muesli,FrostedFlakes,-0.11324704505915001
Muesli,RaisinBran,-0.07515216210077101
Muesli,Total,-0.10022641123222954
Muesli,HoneyNutCheerios,-0.08348357958922882
Muesli,SpecialK,-0.08842925582778804
Muesli,GrapeNuts,-0.05337189333752512
Muesli,SpoonSizeShdWt,-0.06875948734331835
Muesli,100%Natural,-0.05164961217357395
Muesli,FrostedMiniWheats,-0.05671293056814078
Muesli,NutriGrain,-0.05233311309997806
Muesli,Mueslix,-0.05957751706692568
Muesli,Wheaties,-0.04559809966854332
Muesli,RaisinBran,-0.03830193315295236
Muesli,Muesli,3.8797394857193943
Muesli,CornPops,-0.06028689926765147
Muesli,RaisinNutBran,-0.047327439361854955
Muesli,Basic4,-0.05039437036897292
Muesli,CocoaPus,-0.052101358052643106
Muesli,GoldenGrahams,-0.047263912597610855
Muesli,Cinn.ToastCrunch,-0.048619150234818324
Muesli,FrootLoops,-0.04983321728481669
Muesli,LowFatGranola,-0.036887874437741094
Muesli,Trix,-0.05264251197027804
Muesli,Triples,-0.030699897031741655
Muesli,Crispix,-0.04321702243094964
Muesli,Kix,-0.04662864495516985
Muesli,LuckyCharms,-0.04383346732842942
Muesli,AppleCinn.Cheerios,-0.0376596069811509
Muesli,CracklinOatBran,-0.03977951863240774
Muesli,BigBiscuitShdWt,-0.03249393991085746
Muesli,HoneyBunchesofOats,-0.031851613739056
Muesli,GreatGraines,-0.030363440465559933
Muesli,OtmlRaisinCrisp,-0.03092459354971616
Muesli,OatSquares,-0.026871821275254552
Muesli,RiceChex,-0.03559851640789786
Muesli,TotalRaisinBran,-0.03141045565402752
Muesli,Product19,-0.03538911337020434
Muesli,AppleJacks,-0.035970265620881854
Muesli,CaptCrunch,-0.02489896231900721
Muesli,ShreddedWheat,-0.026540070395313142
Muesli,FruityPebbles,-0.03134339962510319
Muesli,Clusters,-0.02881291684937985
Muesli,CinnamonMiniBuns,-0.024587210605587086
Muesli,DoubleDipCrunch,-0.025849510939548563
Muesli,MultiGrainCheerios,-0.029469360079902224
Muesli,Honeycomb,-0.029598766451510578
Muesli,Popeye,-0.013951183280940537
CornPops,CornFlakes,-0.1207326154459132
CornPops,Cheerios,-0.16282615528699032
CornPops,RiceKrispies,-0.14068119584012087
CornPops,FrostedFlakes,-0.11324704505915001
CornPops,RaisinBran,-0.07515216210077101
CornPops,Total,-0.10022641123222954
CornPops,HoneyNutCheerios,-0.08348357958922882
CornPops,SpecialK,-0.08842925582778804
CornPops,GrapeNuts,-0.05337189333752512
CornPops,SpoonSizeShdWt,-0.06875948734331835
CornPops,100%Natural,-0.05164961217357395
CornPops,FrostedMiniWheats,-0.05671293056814078
CornPops,NutriGrain,-0.05233311309997806
CornPops,Mueslix,-0.05957751706692568
CornPops,Wheaties,-0.04559809966854332
CornPops,RaisinBran,-0.03830193315295236
CornPops,Muesli,-0.049508524934235736
CornPops,CornPops,4.068952776598888
CornPops,RaisinNutBran,-0.047327439361854955
CornPops,Basic4,-0.05039437036897292
CornPops,CocoaPus,-0.052101358052643106
CornPops,GoldenGrahams,-0.047263912597610855
CornPops,Cinn.ToastCrunch,-0.048619150234818324
CornPops,FrootLoops,-0.04983321728481669
CornPops,LowFatGranola,-0.036887874437741094
CornPops,Trix,-0.05264251197027804
CornPops,Triples,-0.030699897031741655
CornPops,Crispix,-0.04321702243094964
CornPops,Kix,-0.04662864495516985
CornPops,LuckyCharms,-0.04383346732842942
CornPops,AppleCinn.Cheerios,-0.0376596069811509
CornPops,CracklinOatBran,-0.03977951863240774
CornPops,BigBiscuitShdWt,-0.03249393991085746
CornPops,HoneyBunchesofOats,-0.031851613739056
CornPops,GreatGraines,-0.030363440465559933
CornPops,OtmlRaisinCrisp,-0.03092459354971616
CornPops,OatSquares,-0.026871821275254552
CornPops,RiceChex,-0.03559851640789786
CornPops,TotalRaisinBran,-0.03141045565402752
CornPops,Product19,-0.03538911337020434
CornPops,AppleJacks,-0.035970265620881854
CornPops,CaptCrunch,-0.02489896231900721
CornPops,ShreddedWheat,-0.026540070395313142
CornPops,FruityPebbles,-0.03134339962510319
CornPops,Clusters,-0.02881291684937985
CornPops,CinnamonMiniBuns,-0.024587210605587086
CornPops,DoubleDipCrunch,-0.025849510939548563
CornPops,MultiGrainCheerios,-0.029469360079902224
CornPops,Honeycomb,-0.029598766451510578
CornPops,Popeye,-0.013951183280940537
RaisinNutBran,CornFlakes,-0.1207326154459132
RaisinNutBran,Cheerios,-0.16282615528699032
RaisinNutBran,RiceKrispies,-0.14068119584012087
RaisinNutBran,FrostedFlakes,-0.11324704505915001
RaisinNutBran,RaisinBran,-0.07515216210077101
RaisinNutBran,Total,-0.10022641123222954
RaisinNutBran,HoneyNutCheerios,-0.08348357958922882
RaisinNutBran,SpecialK,-0.08842925582778804
RaisinNutBran,GrapeNuts,-0.05337189333752512
RaisinNutBran,SpoonSizeShdWt,-0.06875948734331835
RaisinNutBran,100%Natural,-0.05164961217357395
RaisinNutBran,FrostedMiniWheats,-0.05671293056814078
RaisinNutBran,NutriGrain,-0.05233311309997806
RaisinNutBran,Mueslix,-0.05957751706692568
RaisinNutBran,Wheaties,-0.04559809966854332
RaisinNutBran,RaisinBran,-0.03830193315295236
RaisinNutBran,Muesli,-0.049508524934235736
RaisinNutBran,CornPops,-0.06028689926765147
RaisinNutBran,RaisinNutBran,3.4584088096644376
RaisinNutBran,Basic4,-0.05039437036897292
RaisinNutBran,CocoaPus,-0.052101358052643106
RaisinNutBran,GoldenGrahams,-0.047263912597610855
RaisinNutBran,Cinn.ToastCrunch,-0.048619150234818324
RaisinNutBran,FrootLoops,-0.04983321728481669
RaisinNutBran,LowFatGranola,-0.036887874437741094
RaisinNutBran,Trix,-0.05264251197027804
RaisinNutBran,Triples,-0.030699897031741655
RaisinNutBran,Crispix,-0.04321702243094964
RaisinNutBran,Kix,-0.04662864495516985
RaisinNutBran,LuckyCharms,-0.04383346732842942
RaisinNutBran,AppleCinn.Cheerios,-0.0376596069811509
RaisinNutBran,CracklinOatBran,-0.03977951863240774
RaisinNutBran,BigBiscuitShdWt,-0.03249393991085746
RaisinNutBran,HoneyBunchesofOats,-0.031851613739056
RaisinNutBran,GreatGraines,-0.030363440465559933
RaisinNutBran,OtmlRaisinCrisp,-0.03092459354971616
RaisinNutBran,OatSquares,-0.026871821275254552
RaisinNutBran,RiceChex,-0.03559851640789786
RaisinNutBran,TotalRaisinBran,-0.03141045565402752
RaisinNutBran,Product19,-0.03538911337020434
RaisinNutBran,AppleJacks,-0.035970265620881854
RaisinNutBran,CaptCrunch,-0.02489896231900721
RaisinNutBran,ShreddedWheat,-0.026540070395313142
RaisinNutBran,FruityPebbles,-0.03134339962510319
RaisinNutBran,Clusters,-0.02881291684937985
RaisinNutBran,CinnamonMiniBuns,-0.024587210605587086
RaisinNutBran,DoubleDipCrunch,-0.025849510939548563
RaisinNutBran,MultiGrainCheerios,-0.029469360079902224
RaisinNutBran,Honeycomb,-0.029598766451510578
RaisinNutBran,Popeye,-0.013951183280940537
Basic4,CornFlakes,-0.1207326154459132
Basic4,Cheerios,-0.16282615528699032
Basic4,RiceKrispies,-0.14068119584012087
Basic4,FrostedFlakes,-0.11324704505915001
Basic4,RaisinBran,-0.07515216210077101
Basic4,Total,-0.10022641123222954
Basic4,HoneyNutCheerios,-0.08348357958922882
Basic4,SpecialK,-0.08842925582778804
Basic4,GrapeNuts,-0.05337189333752512
Basic4,SpoonSizeShdWt,-0.06875948734331835
Basic4,100%Natural,-0.05164961217357395
Basic4,FrostedMiniWheats,-0.05671293056814078
Basic4,NutriGrain,-0.05233311309997806
Basic4,Mueslix,-0.05957751706692568
Basic4,Wheaties,-0.04559809966854332
Basic4,RaisinBran,-0.03830193315295236
Basic4,Muesli,-0.049508524934235736
Basic4,CornPops,-0.06028689926765147
Basic4,RaisinNutBran,-0.047327439361854955
Basic4,Basic4,3.7965041310793413
Basic4,CocoaPus,-0.052101358052643106
Basic4,GoldenGrahams,-0.047263912597610855
Basic4,Cinn.ToastCrunch,-0.048619150234818324
Basic4,FrootLoops,-0.04983321728481669
Basic4,LowFatGranola,-0.036887874437741094
Basic4,Trix,-0.05264251197027804
Basic4,Triples,-0.030699897031741655
Basic4,Crispix,-0.04321702243094964
Basic4,Kix,-0.04662864495516985
Basic4,LuckyCharms,-0.04383346732842942
Basic4,AppleCinn.Cheerios,-0.0376596069811509
Basic4,CracklinOatBran,-0.03977951863240774
Basic4,BigBiscuitShdWt,-0.03249393991085746
Basic4,HoneyBunchesofOats,-0.031851613739056
Basic4,GreatGraines,-0.030363440465559933
Basic4,OtmlRaisinCrisp,-0.03092459354971616
Basic4,OatSquares,-0.026871821275254552
Basic4,RiceChex,-0.03559851640789786
Basic4,TotalRaisinBran,-0.03141045565402752
Basic4,Product19,-0.03538911337020434
Basic4,AppleJacks,-0.035970265620881854
Basic4,CaptCrunch,-0.02489896231900721
Basic4,ShreddedWheat,-0.026540070395313142
Basic4,FruityPebbles,-0.03134339962510319
Basic4,Clusters,-0.02881291684937985
Basic4,CinnamonMiniBuns,-0.024587210605587086
Basic4,DoubleDipCrunch,-0.025849510939548563
Basic4,MultiGrainCheerios,-0.029469360079902224
Basic4,Honeycomb,-0.029598766451510578
Basic4,Popeye,-0.013951183280940537
CocoaPus,CornFlakes,-0.1207326154459132
CocoaPus,Cheerios,-0.16282615528699032
CocoaPus,RiceKrispies,-0.14068119584012087
CocoaPus,FrostedFlakes,-0.11324704505915001
CocoaPus,RaisinBran,-0.07515216210077101
CocoaPus,Total,-0.10022641123222954
CocoaPus,HoneyNutCheerios,-0.08348357958922882
CocoaPus,SpecialK,-0.08842925582778804
CocoaPus,GrapeNuts,-0.05337189333752512
CocoaPus,SpoonSizeShdWt,-0.06875948734331835
CocoaPus,100%Natural,-0.05164961217357395
CocoaPus,FrostedMiniWheats,-0.05671293056814078
CocoaPus,NutriGrain,-0.05233311309997806
CocoaPus,Mueslix,-0.05957751706692568
CocoaPus,Wheaties,-0.04559809966854332
CocoaPus,RaisinBran,-0.03830193315295236
CocoaPus,Muesli,-0.049508524934235736
CocoaPus,CornPops,-0.06028689926765147
CocoaPus,RaisinNutBran,-0.047327439361854955
CocoaPus,Basic4,-0.05039437036897292
CocoaPus,CocoaPus,4.0183172398100995
CocoaPus,GoldenGrahams,-0.047263912597610855
CocoaPus,Cinn.ToastCrunch,-0.048619150234818324
CocoaPus,FrootLoops,-0.04983321728481669
CocoaPus,LowFatGranola,-0.036887874437741094
CocoaPus,Trix,-0.05264251197027804
CocoaPus,Triples,-0.030699897031741655
CocoaPus,Crispix,-0.04321702243094964
CocoaPus,Kix,-0.04662864495516985
CocoaPus,LuckyCharms,-0.04383346732842942
CocoaPus,AppleCinn.Cheerios,-0.0376596069811509
CocoaPus,CracklinOatBran,-0.03977951863240774
CocoaPus,BigBiscuitShdWt,-0.03249393991085746
CocoaPus,HoneyBunchesofOats,-0.031851613739056
CocoaPus,GreatGraines,-0.030363440465559933
CocoaPus,OtmlRaisinCrisp,-0.03092459354971616
CocoaPus,OatSquares,-0.026871821275254552
CocoaPus,RiceChex,-0.03559851640789786
CocoaPus,TotalRaisinBran,-0.03141045565402752
CocoaPus,Product19,-0.03538911337020434
CocoaPus,AppleJacks,-0.035970265620881854
CocoaPus,CaptCrunch,-0.02489896231900721
CocoaPus,ShreddedWheat,-0.026540070395313142
CocoaPus,FruityPebbles,-0.03134339962510319
CocoaPus,Clusters,-0.02881291684937985
CocoaPus,CinnamonMiniBuns,-0.024587210605587086
CocoaPus,DoubleDipCrunch,-0.025849510939548563
CocoaPus,MultiGrainCheerios,-0.029469360079902224
CocoaPus,Honeycomb,-0.029598766451510578
CocoaPus,Popeye,-0.013951183280940537
GoldenGrahams,CornFlakes,-0.1207326154459132
GoldenGrahams,Cheerios,-0.16282615528699032
GoldenGrahams,RiceKrispies,-0.14068119584012087
GoldenGrahams,FrostedFlakes,-0.11324704505915001
GoldenGrahams,RaisinBran,-0.07515216210077101
GoldenGrahams,Total,-0.10022641123222954
GoldenGrahams,HoneyNutCheerios,-0.08348357958922882
GoldenGrahams,SpecialK,-0.08842925582778804
GoldenGrahams,GrapeNuts,-0.05337189333752512
GoldenGrahams,SpoonSizeShdWt,-0.06875948734331835
GoldenGrahams,100%Natural,-0.05164961217357395
GoldenGrahams,FrostedMiniWheats,-0.05671293056814078
GoldenGrahams,NutriGrain,-0.05233311309997806
GoldenGrahams,Mueslix,-0.05957751706692568
GoldenGrahams,Wheaties,-0.04559809966854332
GoldenGrahams,RaisinBran,-0.03830193315295236
GoldenGrahams,Muesli,-0.049508524934235736
GoldenGrahams,CornPops,-0.06028689926765147
GoldenGrahams,RaisinNutBran,-0.047327439361854955
GoldenGrahams,Basic4,-0.05039437036897292
GoldenGrahams,CocoaPus,-0.052101358052643106
GoldenGrahams,GoldenGrahams,3.764341942048426
GoldenGrahams,Cinn.ToastCrunch,-0.048619150234818324
GoldenGrahams,FrootLoops,-0.04983321728481669
GoldenGrahams,LowFatGranola,-0.036887874437741094
GoldenGrahams,Trix,-0.05264251197027804
GoldenGrahams,Triples,-0.030699897031741655
GoldenGrahams,Crispix,-0.04321702243094964
GoldenGrahams,Kix,-0.04662864495516985
GoldenGrahams,LuckyCharms,-0.04383346732842942
GoldenGrahams,AppleCinn.Cheerios,-0.0376596069811509
GoldenGrahams,CracklinOatBran,-0.03977951863240774
GoldenGrahams,BigBiscuitShdWt,-0.03249393991085746
GoldenGrahams,HoneyBunchesofOats,-0.031851613739056
GoldenGrahams,GreatGraines,-0.030363440465559933
GoldenGrahams,OtmlRaisinCrisp,-0.03092459354971616
GoldenGrahams,OatSquares,-0.026871821275254552
GoldenGrahams,RiceChex,-0.03559851640789786
GoldenGrahams,TotalRaisinBran,-0.03141045565402752
GoldenGrahams,Product19,-0.03538911337020434
GoldenGrahams,AppleJacks,-0.035970265620881854
GoldenGrahams,CaptCrunch,-0.02489896231900721
GoldenGrahams,ShreddedWheat,-0.026540070395313142
GoldenGrahams,FruityPebbles,-0.03134339962510319
GoldenGrahams,Clusters,-0.02881291684937985
GoldenGrahams,CinnamonMiniBuns,-0.024587210605587086
GoldenGrahams,DoubleDipCrunch,-0.025849510939548563
GoldenGrahams,MultiGrainCheerios,-0.029469360079902224
GoldenGrahams,Honeycomb,-0.029598766451510578
GoldenGrahams,Popeye,-0.013951183280940537
Cinn.ToastCrunch,CornFlakes,-0.1207326154459132
Cinn.ToastCrunch,Cheerios,-0.16282615528699032
Cinn.ToastCrunch,RiceKrispies,-0.14068119584012087
Cinn.ToastCrunch,FrostedFlakes,-0.11324704505915001
Cinn.ToastCrunch,RaisinBran,-0.07515216210077101
Cinn.ToastCrunch,Total,-0.10022641123222954
Cinn.ToastCrunch,HoneyNutCheerios,-0.08348357958922882
Cinn.ToastCrunch,SpecialK,-0.08842925582778804
Cinn.ToastCrunch,GrapeNuts,-0.05337189333752512
Cinn.ToastCrunch,SpoonSizeShdWt,-0.06875948734331835
Cinn.ToastCrunch,100%Natural,-0.05164961217357395
Cinn.ToastCrunch,FrostedMiniWheats,-0.05671293056814078
Cinn.ToastCrunch,NutriGrain,-0.05233311309997806
Cinn.ToastCrunch,Mueslix,-0.05957751706692568
Cinn.ToastCrunch,Wheaties,-0.04559809966854332
Cinn.ToastCrunch,RaisinBran,-0.03830193315295236
Cinn.ToastCrunch,Muesli,-0.049508524934235736
Cinn.ToastCrunch,CornPops,-0.06028689926765147
Cinn.ToastCrunch,RaisinNutBran,-0.047327439361854955
Cinn.ToastCrunch,Basic4,-0.05039437036897292
Cinn.ToastCrunch,CocoaPus,-0.052101358052643106
Cinn.ToastCrunch,GoldenGrahams,-0.047263912597610855
Cinn.ToastCrunch,Cinn.ToastCrunch,3.90415729162033
Cinn.ToastCrunch,FrootLoops,-0.04983321728481669
Cinn.ToastCrunch,LowFatGranola,-0.036887874437741094
Cinn.ToastCrunch,Trix,-0.05264251197027804
Cinn.ToastCrunch,Triples,-0.030699897031741655
Cinn.ToastCrunch,Crispix,-0.04321702243094964
Cinn.ToastCrunch,Kix,-0.04662864495516985
Cinn.ToastCrunch,LuckyCharms,-0.04383346732842942
Cinn.ToastCrunch,AppleCinn.Cheerios,-0.0376596069811509
Cinn.ToastCrunch,CracklinOatBran,-0.03977951863240774
Cinn.ToastCrunch,BigBiscuitShdWt,-0.03249393991085746
Cinn.ToastCrunch,HoneyBunchesofOats,-0.031851613739056
Cinn.ToastCrunch,GreatGraines,-0.030363440465559933
Cinn.ToastCrunch,OtmlRaisinCrisp,-0.03092459354971616
Cinn.ToastCrunch,OatSquares,-0.026871821275254552
Cinn.ToastCrunch,RiceChex,-0.03559851640789786
Cinn.ToastCrunch,TotalRaisinBran,-0.03141045565402752
Cinn.ToastCrunch,Product19,-0.03538911337020434
Cinn.ToastCrunch,AppleJacks,-0.035970265620881854
Cinn.ToastCrunch,CaptCrunch,-0.02489896231900721
Cinn.ToastCrunch,ShreddedWheat,-0.026540070395313142
Cinn.ToastCrunch,FruityPebbles,-0.03134339962510319
Cinn.ToastCrunch,Clusters,-0.02881291684937985
Cinn.ToastCrunch,CinnamonMiniBuns,-0.024587210605587086
Cinn.ToastCrunch,DoubleDipCrunch,-0.025849510939548563
Cinn.ToastCrunch,MultiGrainCheerios,-0.029469360079902224
Cinn.ToastCrunch,Honeycomb,-0.029598766451510578
Cinn.ToastCrunch,Popeye,-0.013951183280940537
FrootLoops,CornFlakes,-0.1207326154459132
FrootLoops,Cheerios,-0.16282615528699032
FrootLoops,RiceKrispies,-0.14068119584012087
FrootLoops,FrostedFlakes,-0.11324704505915001
FrootLoops,RaisinBran,-0.07515216210077101
FrootLoops,Total,-0.10022641123222954
FrootLoops,HoneyNutCheerios,-0.08348357958922882
FrootLoops,SpecialK,-0.08842925582778804
FrootLoops,GrapeNuts,-0.05337189333752512
FrootLoops,SpoonSizeShdWt,-0.06875948734331835
FrootLoops,100%Natural,-0.05164961217357395
FrootLoops,FrostedMiniWheats,-0.05671293056814078
FrootLoops,NutriGrain,-0.05233311309997806
FrootLoops,Mueslix,-0.05957751706692568
FrootLoops,Wheaties,-0.04559809966854332
FrootLoops,RaisinBran,-0.03830193315295236
FrootLoops,Muesli,-0.049508524934235736
FrootLoops,CornPops,-0.06028689926765147
FrootLoops,RaisinNutBran,-0.047327439361854955
FrootLoops,Basic4,-0.05039437036897292
FrootLoops,CocoaPus,-0.052101358052643106
FrootLoops,GoldenGrahams,-0.047263912597610855
FrootLoops,Cinn.ToastCrunch,-0.048619150234818324
FrootLoops,FrootLoops,4.102934889783241
FrootLoops,LowFatGranola,-0.036887874437741094
FrootLoops,Trix,-0.05264251197027804
FrootLoops,Triples,-0.030699897031741655
FrootLoops,Crispix,-0.04321702243094964
FrootLoops,Kix,-0.04662864495516985
FrootLoops,LuckyCharms,-0.04383346732842942
FrootLoops,AppleCinn.Cheerios,-0.0376596069811509
FrootLoops,CracklinOatBran,-0.03977951863240774
FrootLoops,BigBiscuitShdWt,-0.03249393991085746
FrootLoops,HoneyBunchesofOats,-0.031851613739056
FrootLoops,GreatGraines,-0.030363440465559933
FrootLoops,OtmlRaisinCrisp,-0.03092459354971616
FrootLoops,OatSquares,-0.026871821275254552
FrootLoops,RiceChex,-0.03559851640789786
FrootLoops,TotalRaisinBran,-0.03141045565402752
FrootLoops,Product19,-0.03538911337020434
FrootLoops,AppleJacks,-0.035970265620881854
FrootLoops,CaptCrunch,-0.02489896231900721
FrootLoops,ShreddedWheat,-0.026540070395313142
FrootLoops,FruityPebbles,-0.03134339962510319
FrootLoops,Clusters,-0.02881291684937985
FrootLoops,CinnamonMiniBuns,-0.024587210605587086
FrootLoops,DoubleDipCrunch,-0.025849510939548563
FrootLoops,MultiGrainCheerios,-0.029469360079902224
FrootLoops,Honeycomb,-0.029598766451510578
FrootLoops,Popeye,-0.013951183280940537
LowFatGranola,CornFlakes,-0.1207326154459132
LowFatGranola,Cheerios,-0.16282615528699032
LowFatGranola,RiceKrispies,-0.14068119584012087
LowFatGranola,FrostedFlakes,-0.11324704505915001
LowFatGranola,RaisinBran,-0.07515216210077101
LowFatGranola,Total,-0.10022641123222954
LowFatGranola,HoneyNutCheerios,-0.08348357958922882
LowFatGranola,SpecialK,-0.08842925582778804
LowFatGranola,GrapeNuts,-0.05337189333752512
LowFatGranola,SpoonSizeShdWt,-0.06875948734331835
LowFatGranola,100%Natural,-0.05164961217357395
LowFatGranola,FrostedMiniWheats,-0.05671293056814078
LowFatGranola,NutriGrain,-0.05233311309997806
LowFatGranola,Mueslix,-0.05957751706692568
LowFatGranola,Wheaties,-0.04559809966854332
LowFatGranola,RaisinBran,-0.03830193315295236
LowFatGranola,Muesli,-0.049508524934235736
LowFatGranola,CornPops,-0.06028689926765147
LowFatGranola,RaisinNutBran,-0.047327439361854955
LowFatGranola,Basic4,-0.05039437036897292
LowFatGranola,CocoaPus,-0.052101358052643106
LowFatGranola,GoldenGrahams,-0.047263912597610855
LowFatGranola,Cinn.ToastCrunch,-0.048619150234818324
LowFatGranola,FrootLoops,-0.04983321728481669
LowFatGranola,LowFatGranola,3.11592190656577
LowFatGranola,Trix,-0.05264251197027804
LowFatGranola,Triples,-0.030699897031741655
LowFatGranola,Crispix,-0.04321702243094964
LowFatGranola,Kix,-0.04662864495516985
LowFatGranola,LuckyCharms,-0.04383346732842942
LowFatGranola,AppleCinn.Cheerios,-0.0376596069811509
LowFatGranola,CracklinOatBran,-0.03977951863240774
LowFatGranola,BigBiscuitShdWt,-0.03249393991085746
LowFatGranola,HoneyBunchesofOats,-0.031851613739056
LowFatGranola,GreatGraines,-0.030363440465559933
LowFatGranola,OtmlRaisinCrisp,-0.03092459354971616
LowFatGranola,OatSquares,-0.026871821275254552
LowFatGranola,RiceChex,-0.03559851640789786
LowFatGranola,TotalRaisinBran,-0.03141045565402752
LowFatGranola,Product19,-0.03538911337020434
LowFatGranola,AppleJacks,-0.035970265620881854
LowFatGranola,CaptCrunch,-0.02489896231900721
LowFatGranola,ShreddedWheat,-0.026540070395313142
LowFatGranola,FruityPebbles,-0.03134339962510319
LowFatGranola,Clusters,-0.02881291684937985
LowFatGranola,CinnamonMiniBuns,-0.024587210605587086
LowFatGranola,DoubleDipCrunch,-0.025849510939548563
LowFatGranola,MultiGrainCheerios,-0.029469360079902224
LowFatGranola,Honeycomb,-0.029598766451510578
LowFatGranola,Popeye,-0.013951183280940537
Trix,CornFlakes,-0.1207326154459132
Trix,Cheerios,-0.16282615528699032
Trix,RiceKrispies,-0.14068119584012087
Trix,FrostedFlakes,-0.11324704505915001
Trix,RaisinBran,-0.07515216210077101
Trix,Total,-0.10022641123222954
Trix,HoneyNutCheerios,-0.08348357958922882
Trix,SpecialK,-0.08842925582778804
Trix,GrapeNuts,-0.05337189333752512
Trix,SpoonSizeShdWt,-0.06875948734331835
Trix,100%Natural,-0.05164961217357395
Trix,FrostedMiniWheats,-0.05671293056814078
Trix,NutriGrain,-0.05233311309997806
Trix,Mueslix,-0.05957751706692568
Trix,Wheaties,-0.04559809966854332
Trix,RaisinBran,-0.03830193315295236
Trix,Muesli,-0.049508524934235736
Trix,CornPops,-0.06028689926765147
Trix,RaisinNutBran,-0.047327439361854955
Trix,Basic4,-0.05039437036897292
Trix,CocoaPus,-0.052101358052643106
Trix,GoldenGrahams,-0.047263912597610855
Trix,Cinn.ToastCrunch,-0.048619150234818324
Trix,FrootLoops,-0.04983321728481669
Trix,LowFatGranola,-0.036887874437741094
Trix,Trix,4.605986865930433
Trix,Triples,-0.030699897031741655
Trix,Crispix,-0.04321702243094964
Trix,Kix,-0.04662864495516985
Trix,LuckyCharms,-0.04383346732842942
Trix,AppleCinn.Cheerios,-0.0376596069811509
Trix,CracklinOatBran,-0.03977951863240774
Trix,BigBiscuitShdWt,-0.03249393991085746
Trix,HoneyBunchesofOats,-0.031851613739056
Trix,GreatGraines,-0.030363440465559933
Trix,OtmlRaisinCrisp,-0.03092459354971616
Trix,OatSquares,-0.026871821275254552
Trix,RiceChex,-0.03559851640789786
Trix,TotalRaisinBran,-0.03141045565402752
Trix,Product19,-0.03538911337020434
Trix,AppleJacks,-0.035970265620881854
Trix,CaptCrunch,-0.02489896231900721
Trix,ShreddedWheat,-0.026540070395313142
Trix,FruityPebbles,-0.03134339962510319
Trix,Clusters,-0.02881291684937985
Trix,CinnamonMiniBuns,-0.024587210605587086
Trix,DoubleDipCrunch,-0.025849510939548563
Trix,MultiGrainCheerios,-0.029469360079902224
Trix,Honeycomb,-0.029598766451510578
Trix,Popeye,-0.013951183280940537
Triples,CornFlakes,-0.1207326154459132
Triples,Cheerios,-0.16282615528699032
Triples,RiceKrispies,-0.14068119584012087
Triples,FrostedFlakes,-0.11324704505915001
Triples,RaisinBran,-0.07515216210077101
Triples,Total,-0.10022641123222954
Triples,HoneyNutCheerios,-0.08348357958922882
Triples,SpecialK,-0.08842925582778804
Triples,GrapeNuts,-0.05337189333752512
Triples,SpoonSizeShdWt,-0.06875948734331835
Triples,100%Natural,-0.05164961217357395
Triples,FrostedMiniWheats,-0.05671293056814078
Triples,NutriGrain,-0.05233311309997806
Triples,Mueslix,-0.05957751706692568
Triples,Wheaties,-0.04559809966854332
Triples,RaisinBran,-0.03830193315295236
Triples,Muesli,-0.049508524934235736
Triples,CornPops,-0.06028689926765147
Triples,RaisinNutBran,-0.047327439361854955
Triples,Basic4,-0.05039437036897292
Triples,CocoaPus,-0.052101358052643106
Triples,GoldenGrahams,-0.047263912597610855
Triples,Cinn.ToastCrunch,-0.048619150234818324
Triples,FrootLoops,-0.04983321728481669
Triples,LowFatGranola,-0.036887874437741094
Triples,Trix,-0.05264251197027804
Triples,Triples,2.7103623379451913
Triples,Crispix,-0.04321702243094964
Triples,Kix,-0.04662864495516985
Triples,LuckyCharms,-0.04383346732842942
Triples,AppleCinn.Cheerios,-0.0376596069811509
Triples,CracklinOatBran,-0.03977951863240774
Triples,BigBiscuitShdWt,-0.03249393991085746
Triples,HoneyBunchesofOats,-0.031851613739056
Triples,GreatGraines,-0.030363440465559933
Triples,OtmlRaisinCrisp,-0.03092459354971616
Triples,OatSquares,-0.026871821275254552
Triples,RiceChex,-0.03559851640789786
Triples,TotalRaisinBran,-0.03141045565402752
Triples,Product19,-0.03538911337020434
Triples,AppleJacks,-0.035970265620881854
Triples,CaptCrunch,-0.02489896231900721
Triples,ShreddedWheat,-0.026540070395313142
Triples,FruityPebbles,-0.03134339962510319
Triples,Clusters,-0.02881291684937985
Triples,CinnamonMiniBuns,-0.024587210605587086
Triples,DoubleDipCrunch,-0.025849510939548563
Triples,MultiGrainCheerios,-0.029469360079902224
Triples,Honeycomb,-0.029598766451510578
Triples,Popeye,-0.013951183280940537
Crispix,CornFlakes,-0.1207326154459132
Crispix,Cheerios,-0.16282615528699032
Crispix,RiceKrispies,-0.14068119584012087
Crispix,FrostedFlakes,-0.11324704505915001
Crispix,RaisinBran,-0.07515216210077101
Crispix,Total,-0.10022641123222954
Crispix,HoneyNutCheerios,-0.08348357958922882
Crispix,SpecialK,-0.08842925582778804
Crispix,GrapeNuts,-0.05337189333752512
Crispix,SpoonSizeShdWt,-0.06875948734331835
Crispix,100%Natural,-0.05164961217357395
Crispix,FrostedMiniWheats,-0.05671293056814078
Crispix,NutriGrain,-0.05233311309997806
Crispix,Mueslix,-0.05957751706692568
Crispix,Wheaties,-0.04559809966854332
Crispix,RaisinBran,-0.03830193315295236
Crispix,Muesli,-0.049508524934235736
Crispix,CornPops,-0.06028689926765147
Crispix,RaisinNutBran,-0.047327439361854955
Crispix,Basic4,-0.05039437036897292
Crispix,CocoaPus,-0.052101358052643106
Crispix,GoldenGrahams,-0.047263912597610855
Crispix,Cinn.ToastCrunch,-0.048619150234818324
Crispix,FrootLoops,-0.04983321728481669
Crispix,LowFatGranola,-0.036887874437741094
Crispix,Trix,-0.05264251197027804
Crispix,Triples,-0.030699897031741655
Crispix,Crispix,3.8154456946181248
Crispix,Kix,-0.04662864495516985
Crispix,LuckyCharms,-0.04383346732842942
Crispix,AppleCinn.Cheerios,-0.0376596069811509
Crispix,CracklinOatBran,-0.03977951863240774
Crispix,BigBiscuitShdWt,-0.03249393991085746
Crispix,HoneyBunchesofOats,-0.031851613739056
Crispix,GreatGraines,-0.030363440465559933
Crispix,OtmlRaisinCrisp,-0.03092459354971616
Crispix,OatSquares,-0.026871821275254552
Crispix,RiceChex,-0.03559851640789786
Crispix,TotalRaisinBran,-0.03141045565402752
Crispix,Product19,-0.03538911337020434
Crispix,AppleJacks,-0.035970265620881854
Crispix,CaptCrunch,-0.02489896231900721
Crispix,ShreddedWheat,-0.026540070395313142
Crispix,FruityPebbles,-0.03134339962510319
Crispix,Clusters,-0.02881291684937985
Crispix,CinnamonMiniBuns,-0.024587210605587086
Crispix,DoubleDipCrunch,-0.025849510939548563
Crispix,MultiGrainCheerios,-0.029469360079902224
Crispix,Honeycomb,-0.029598766451510578
Crispix,Popeye,-0.013951183280940537
Kix,CornFlakes,-0.1207326154459132
Kix,Cheerios,-0.16282615528699032
Kix,RiceKrispies,-0.14068119584012087
Kix,FrostedFlakes,-0.11324704505915001
Kix,RaisinBran,-0.07515216210077101
Kix,Total,-0.10022641123222954
Kix,HoneyNutCheerios,-0.08348357958922882
Kix,SpecialK,-0.08842925582778804
Kix,GrapeNuts,-0.05337189333752512
Kix,SpoonSizeShdWt,-0.06875948734331835
Kix,100%Natural,-0.05164961217357395
Kix,FrostedMiniWheats,-0.05671293056814078
Kix,NutriGrain,-0.05233311309997806
Kix,Mueslix,-0.05957751706692568
Kix,Wheaties,-0.04559809966854332
Kix,RaisinBran,-0.03830193315295236
Kix,Muesli,-0.049508524934235736
Kix,CornPops,-0.06028689926765147
Kix,RaisinNutBran,-0.047327439361854955
Kix,Basic4,-0.05039437036897292
Kix,CocoaPus,-0.052101358052643106
Kix,GoldenGrahams,-0.047263912597610855
Kix,Cinn.ToastCrunch,-0.048619150234818324
Kix,FrootLoops,-0.04983321728481669
Kix,LowFatGranola,-0.036887874437741094
Kix,Trix,-0.05264251197027804
Kix,Triples,-0.030699897031741655
Kix,Crispix,-0.04321702243094964
Kix,Kix,4.270838480523519
Kix,LuckyCharms,-0.04383346732842942
Kix,AppleCinn.Cheerios,-0.0376596069811509
Kix,CracklinOatBran,-0.03977951863240774
Kix,BigBiscuitShdWt,-0.03249393991085746
Kix,HoneyBunchesofOats,-0.031851613739056
Kix,GreatGraines,-0.030363440465559933
Kix,OtmlRaisinCrisp,-0.03092459354971616
Kix,OatSquares,-0.026871821275254552
Kix,RiceChex,-0.03559851640789786
Kix,TotalRaisinBran,-0.03141045565402752
Kix,Product19,-0.03538911337020434
Kix,AppleJacks,-0.035970265620881854
Kix,CaptCrunch,-0.02489896231900721
Kix,ShreddedWheat,-0.026540070395313142
Kix,FruityPebbles,-0.03134339962510319
Kix,Clusters,-0.02881291684937985
Kix,CinnamonMiniBuns,-0.024587210605587086
Kix,DoubleDipCrunch,-0.025849510939548563
Kix,MultiGrainCheerios,-0.029469360079902224
Kix,Honeycomb,-0.029598766451510578
Kix,Popeye,-0.013951183280940537
LuckyCharms,CornFlakes,-0.1207326154459132
LuckyCharms,Cheerios,-0.16282615528699032
LuckyCharms,RiceKrispies,-0.14068119584012087
LuckyCharms,FrostedFlakes,-0.11324704505915001
LuckyCharms,RaisinBran,-0.07515216210077101
LuckyCharms,Total,-0.10022641123222954
LuckyCharms,HoneyNutCheerios,-0.08348357958922882
LuckyCharms,SpecialK,-0.08842925582778804
LuckyCharms,GrapeNuts,-0.05337189333752512
LuckyCharms,SpoonSizeShdWt,-0.06875948734331835
LuckyCharms,100%Natural,-0.05164961217357395
LuckyCharms,FrostedMiniWheats,-0.05671293056814078
LuckyCharms,NutriGrain,-0.05233311309997806
LuckyCharms,Mueslix,-0.05957751706692568
LuckyCharms,Wheaties,-0.04559809966854332
LuckyCharms,RaisinBran,-0.03830193315295236
LuckyCharms,Muesli,-0.049508524934235736
LuckyCharms,CornPops,-0.06028689926765147
LuckyCharms,RaisinNutBran,-0.047327439361854955
LuckyCharms,Basic4,-0.05039437036897292
LuckyCharms,CocoaPus,-0.052101358052643106
LuckyCharms,GoldenGrahams,-0.047263912597610855
LuckyCharms,Cinn.ToastCrunch,-0.048619150234818324
LuckyCharms,FrootLoops,-0.04983321728481669
LuckyCharms,LowFatGranola,-0.036887874437741094
LuckyCharms,Trix,-0.05264251197027804
LuckyCharms,Triples,-0.030699897031741655
LuckyCharms,Crispix,-0.04321702243094964
LuckyCharms,Kix,-0.04662864495516985
LuckyCharms,LuckyCharms,4.014820914933553
LuckyCharms,AppleCinn.Cheerios,-0.0376596069811509
LuckyCharms,CracklinOatBran,-0.03977951863240774
LuckyCharms,BigBiscuitShdWt,-0.03249393991085746
LuckyCharms,HoneyBunchesofOats,-0.031851613739056
LuckyCharms,GreatGraines,-0.030363440465559933
LuckyCharms,OtmlRaisinCrisp,-0.03092459354971616
LuckyCharms,OatSquares,-0.026871821275254552
LuckyCharms,RiceChex,-0.03559851640789786
LuckyCharms,TotalRaisinBran,-0.03141045565402752
LuckyCharms,Product19,-0.03538911337020434
LuckyCharms,AppleJacks,-0.035970265620881854
LuckyCharms,CaptCrunch,-0.02489896231900721
LuckyCharms,ShreddedWheat,-0.026540070395313142
LuckyCharms,FruityPebbles,-0.03134339962510319
LuckyCharms,Clusters,-0.02881291684937985
LuckyCharms,CinnamonMiniBuns,-0.024587210605587086
LuckyCharms,DoubleDipCrunch,-0.025849510939548563
LuckyCharms,MultiGrainCheerios,-0.029469360079902224
LuckyCharms,Honeycomb,-0.029598766451510578
LuckyCharms,Popeye,-0.013951183280940537
AppleCinn.Cheerios,CornFlakes,-0.1207326154459132
AppleCinn.Cheerios,Cheerios,-0.16282615528699032
AppleCinn.Cheerios,RiceKrispies,-0.14068119584012087
AppleCinn.Cheerios,FrostedFlakes,-0.11324704505915001
AppleCinn.Cheerios,RaisinBran,-0.07515216210077101
AppleCinn.Cheerios,Total,-0.10022641123222954
AppleCinn.Cheerios,HoneyNutCheerios,-0.08348357958922882
AppleCinn.Cheerios,SpecialK,-0.08842925582778804
AppleCinn.Cheerios,GrapeNuts,-0.05337189333752512
AppleCinn.Cheerios,SpoonSizeShdWt,-0.06875948734331835
AppleCinn.Cheerios,100%Natural,-0.05164961217357395
AppleCinn.Cheerios,FrostedMiniWheats,-0.05671293056814078
AppleCinn.Cheerios,NutriGrain,-0.05233311309997806
AppleCinn.Cheerios,Mueslix,-0.05957751706692568
AppleCinn.Cheerios,Wheaties,-0.04559809966854332
AppleCinn.Cheerios,RaisinBran,-0.03830193315295236
AppleCinn.Cheerios,Muesli,-0.049508524934235736
AppleCinn.Cheerios,CornPops,-0.06028689926765147
AppleCinn.Cheerios,RaisinNutBran,-0.047327439361854955
AppleCinn.Cheerios,Basic4,-0.05039437036897292
AppleCinn.Cheerios,CocoaPus,-0.052101358052643106
AppleCinn.Cheerios,GoldenGrahams,-0.047263912597610855
AppleCinn.Cheerios,Cinn.ToastCrunch,-0.048619150234818324
AppleCinn.Cheerios,FrootLoops,-0.04983321728481669
AppleCinn.Cheerios,LowFatGranola,-0.036887874437741094
AppleCinn.Cheerios,Trix,-0.05264251197027804
AppleCinn.Cheerios,Triples,-0.030699897031741655
AppleCinn.Cheerios,Crispix,-0.04321702243094964
AppleCinn.Cheerios,Kix,-0.04662864495516985
AppleCinn.Cheerios,LuckyCharms,-0.04383346732842942
AppleCinn.Cheerios,AppleCinn.Cheerios,3.515133504448179
AppleCinn.Cheerios,CracklinOatBran,-0.03977951863240774
AppleCinn.Cheerios,BigBiscuitShdWt,-0.03249393991085746
AppleCinn.Cheerios,HoneyBunchesofOats,-0.031851613739056
AppleCinn.Cheerios,GreatGraines,-0.030363440465559933
AppleCinn.Cheerios,OtmlRaisinCrisp,-0.03092459354971616
AppleCinn.Cheerios,OatSquares,-0.026871821275254552
AppleCinn.Cheerios,RiceChex,-0.03559851640789786
AppleCinn.Cheerios,TotalRaisinBran,-0.03141045565402752
AppleCinn.Cheerios,Product19,-0.03538911337020434
AppleCinn.Cheerios,AppleJacks,-0.035970265620881854
AppleCinn.Cheerios,CaptCrunch,-0.02489896231900721
AppleCinn.Cheerios,ShreddedWheat,-0.026540070395313142
AppleCinn.Cheerios,FruityPebbles,-0.03134339962510319
AppleCinn.Cheerios,Clusters,-0.02881291684937985
AppleCinn.Cheerios,CinnamonMiniBuns,-0.024587210605587086
AppleCinn.Cheerios,DoubleDipCrunch,-0.025849510939548563
AppleCinn.Cheerios,MultiGrainCheerios,-0.029469360079902224
AppleCinn.Cheerios,Honeycomb,-0.029598766451510578
AppleCinn.Cheerios,Popeye,-0.013951183280940537
CracklinOatBran,CornFlakes,-0.1207326154459132
CracklinOatBran,Cheerios,-0.16282615528699032
CracklinOatBran,RiceKrispies,-0.14068119584012087
CracklinOatBran,FrostedFlakes,-0.11324704505915001
CracklinOatBran,RaisinBran,-0.07515216210077101
CracklinOatBran,Total,-0.10022641123222954
CracklinOatBran,HoneyNutCheerios,-0.08348357958922882
CracklinOatBran,SpecialK,-0.08842925582778804
CracklinOatBran,GrapeNuts,-0.05337189333752512
CracklinOatBran,SpoonSizeShdWt,-0.06875948734331835
CracklinOatBran,100%Natural,-0.05164961217357395
CracklinOatBran,FrostedMiniWheats,-0.05671293056814078
CracklinOatBran,NutriGrain,-0.05233311309997806
CracklinOatBran,Mueslix,-0.05957751706692568
CracklinOatBran,Wheaties,-0.04559809966854332
CracklinOatBran,RaisinBran,-0.03830193315295236
CracklinOatBran,Muesli,-0.049508524934235736
CracklinOatBran,CornPops,-0.06028689926765147
CracklinOatBran,RaisinNutBran,-0.047327439361854955
CracklinOatBran,Basic4,-0.05039437036897292
CracklinOatBran,CocoaPus,-0.052101358052643106
CracklinOatBran,GoldenGrahams,-0.047263912597610855
CracklinOatBran,Cinn.ToastCrunch,-0.048619150234818324
CracklinOatBran,FrootLoops,-0.04983321728481669
CracklinOatBran,LowFatGranola,-0.036887874437741094
CracklinOatBran,Trix,-0.05264251197027804
CracklinOatBran,Triples,-0.030699897031741655
CracklinOatBran,Crispix,-0.04321702243094964
CracklinOatBran,Kix,-0.04662864495516985
CracklinOatBran,LuckyCharms,-0.04383346732842942
CracklinOatBran,AppleCinn.Cheerios,-0.0376596069811509
CracklinOatBran,CracklinOatBran,3.7130052580098316
CracklinOatBran,BigBiscuitShdWt,-0.03249393991085746
CracklinOatBran,HoneyBunchesofOats,-0.031851613739056
CracklinOatBran,GreatGraines,-0.030363440465559933
CracklinOatBran,OtmlRaisinCrisp,-0.03092459354971616
CracklinOatBran,OatSquares,-0.026871821275254552
CracklinOatBran,RiceChex,-0.03559851640789786
CracklinOatBran,TotalRaisinBran,-0.03141045565402752
CracklinOatBran,Product19,-0.03538911337020434
CracklinOatBran,AppleJacks,-0.035970265620881854
CracklinOatBran,CaptCrunch,-0.02489896231900721
CracklinOatBran,ShreddedWheat,-0.026540070395313142
CracklinOatBran,FruityPebbles,-0.03134339962510319
CracklinOatBran,Clusters,-0.02881291684937985
CracklinOatBran,CinnamonMiniBuns,-0.024587210605587086
CracklinOatBran,DoubleDipCrunch,-0.025849510939548563
CracklinOatBran,MultiGrainCheerios,-0.029469360079902224
CracklinOatBran,Honeycomb,-0.029598766451510578
CracklinOatBran,Popeye,-0.013951183280940537
BigBiscuitShdWt,CornFlakes,-0.1207326154459132
BigBiscuitShdWt,Cheerios,-0.16282615528699032
BigBiscuitShdWt,RiceKrispies,-0.14068119584012087
BigBiscuitShdWt,FrostedFlakes,-0.11324704505915001
BigBiscuitShdWt,RaisinBran,-0.07515216210077101
BigBiscuitShdWt,Total,-0.10022641123222954
BigBiscuitShdWt,HoneyNutCheerios,-0.08348357958922882
BigBiscuitShdWt,SpecialK,-0.08842925582778804
BigBiscuitShdWt,GrapeNuts,-0.05337189333752512
BigBiscuitShdWt,SpoonSizeShdWt,-0.06875948734331835
BigBiscuitShdWt,100%Natural,-0.05164961217357395
BigBiscuitShdWt,FrostedMiniWheats,-0.05671293056814078
BigBiscuitShdWt,NutriGrain,-0.05233311309997806
BigBiscuitShdWt,Mueslix,-0.05957751706692568
BigBiscuitShdWt,Wheaties,-0.04559809966854332
BigBiscuitShdWt,RaisinBran,-0.03830193315295236
BigBiscuitShdWt,Muesli,-0.049508524934235736
BigBiscuitShdWt,CornPops,-0.06028689926765147
BigBiscuitShdWt,RaisinNutBran,-0.047327439361854955
BigBiscuitShdWt,Basic4,-0.05039437036897292
BigBiscuitShdWt,CocoaPus,-0.052101358052643106
BigBiscuitShdWt,GoldenGrahams,-0.047263912597610855
BigBiscuitShdWt,Cinn.ToastCrunch,-0.048619150234818324
BigBiscuitShdWt,FrootLoops,-0.04983321728481669
BigBiscuitShdWt,LowFatGranola,-0.036887874437741094
BigBiscuitShdWt,Trix,-0.05264251197027804
BigBiscuitShdWt,Triples,-0.030699897031741655
BigBiscuitShdWt,Crispix,-0.04321702243094964
BigBiscuitShdWt,Kix,-0.04662864495516985
BigBiscuitShdWt,LuckyCharms,-0.04383346732842942
BigBiscuitShdWt,AppleCinn.Cheerios,-0.0376596069811509
BigBiscuitShdWt,CracklinOatBran,-0.03977951863240774
BigBiscuitShdWt,BigBiscuitShdWt,3.249722212701007
BigBiscuitShdWt,HoneyBunchesofOats,-0.031851613739056
BigBiscuitShdWt,GreatGraines,-0.030363440465559933
BigBiscuitShdWt,OtmlRaisinCrisp,-0.03092459354971616
BigBiscuitShdWt,OatSquares,-0.026871821275254552
BigBiscuitShdWt,RiceChex,-0.03559851640789786
BigBiscuitShdWt,TotalRaisinBran,-0.03141045565402752
BigBiscuitShdWt,Product19,-0.03538911337020434
BigBiscuitShdWt,AppleJacks,-0.035970265620881854
BigBiscuitShdWt,CaptCrunch,-0.02489896231900721
BigBiscuitShdWt,ShreddedWheat,-0.026540070395313142
BigBiscuitShdWt,FruityPebbles,-0.03134339962510319
BigBiscuitShdWt,Clusters,-0.02881291684937985
BigBiscuitShdWt,CinnamonMiniBuns,-0.024587210605587086
BigBiscuitShdWt,DoubleDipCrunch,-0.025849510939548563
BigBiscuitShdWt,MultiGrainCheerios,-0.029469360079902224
BigBiscuitShdWt,Honeycomb,-0.029598766451510578
BigBiscuitShdWt,Popeye,-0.013951183280940537
HoneyBunchesofOats,CornFlakes,-0.1207326154459132
HoneyBunchesofOats,Cheerios,-0.16282615528699032
HoneyBunchesofOats,RiceKrispies,-0.14068119584012087
HoneyBunchesofOats,FrostedFlakes,-0.11324704505915001
HoneyBunchesofOats,RaisinBran,-0.07515216210077101
HoneyBunchesofOats,Total,-0.10022641123222954
HoneyBunchesofOats,HoneyNutCheerios,-0.08348357958922882
HoneyBunchesofOats,SpecialK,-0.08842925582778804
HoneyBunchesofOats,GrapeNuts,-0.05337189333752512
HoneyBunchesofOats,SpoonSizeShdWt,-0.06875948734331835
HoneyBunchesofOats,100%Natural,-0.05164961217357395
HoneyBunchesofOats,FrostedMiniWheats,-0.05671293056814078
HoneyBunchesofOats,NutriGrain,-0.05233311309997806
HoneyBunchesofOats,Mueslix,-0.05957751706692568
HoneyBunchesofOats,Wheaties,-0.04559809966854332
HoneyBunchesofOats,RaisinBran,-0.03830193315295236
HoneyBunchesofOats,Muesli,-0.049508524934235736
HoneyBunchesofOats,CornPops,-0.06028689926765147
HoneyBunchesofOats,RaisinNutBran,-0.047327439361854955
HoneyBunchesofOats,Basic4,-0.05039437036897292
HoneyBunchesofOats,CocoaPus,-0.052101358052643106
HoneyBunchesofOats,GoldenGrahams,-0.047263912597610855
HoneyBunchesofOats,Cinn.ToastCrunch,-0.048619150234818324
HoneyBunchesofOats,FrootLoops,-0.04983321728481669
HoneyBunchesofOats,LowFatGranola,-0.036887874437741094
HoneyBunchesofOats,Trix,-0.05264251197027804
HoneyBunchesofOats,Triples,-0.030699897031741655
HoneyBunchesofOats,Crispix,-0.04321702243094964
HoneyBunchesofOats,Kix,-0.04662864495516985
HoneyBunchesofOats,LuckyCharms,-0.04383346732842942
HoneyBunchesofOats,AppleCinn.Cheerios,-0.0376596069811509
HoneyBunchesofOats,CracklinOatBran,-0.03977951863240774
HoneyBunchesofOats,BigBiscuitShdWt,-0.03249393991085746
HoneyBunchesofOats,HoneyBunchesofOats,3.3209498324773645
HoneyBunchesofOats,GreatGraines,-0.030363440465559933
HoneyBunchesofOats,OtmlRaisinCrisp,-0.03092459354971616
HoneyBunchesofOats,OatSquares,-0.026871821275254552
HoneyBunchesofOats,RiceChex,-0.03559851640789786
HoneyBunchesofOats,TotalRaisinBran,-0.03141045565402752
HoneyBunchesofOats,Product19,-0.03538911337020434
HoneyBunchesofOats,AppleJacks,-0.035970265620881854
HoneyBunchesofOats,CaptCrunch,-0.02489896231900721
HoneyBunchesofOats,ShreddedWheat,-0.026540070395313142
HoneyBunchesofOats,FruityPebbles,-0.03134339962510319
HoneyBunchesofOats,Clusters,-0.02881291684937985
HoneyBunchesofOats,CinnamonMiniBuns,-0.024587210605587086
HoneyBunchesofOats,DoubleDipCrunch,-0.025849510939548563
HoneyBunchesofOats,MultiGrainCheerios,-0.029469360079902224
HoneyBunchesofOats,Honeycomb,-0.029598766451510578
HoneyBunchesofOats,Popeye,-0.013951183280940537
GreatGraines,CornFlakes,-0.1207326154459132
GreatGraines,Cheerios,-0.16282615528699032
GreatGraines,RiceKrispies,-0.14068119584012087
GreatGraines,FrostedFlakes,-0.11324704505915001
GreatGraines,RaisinBran,-0.07515216210077101
GreatGraines,Total,-0.10022641123222954
GreatGraines,HoneyNutCheerios,-0.08348357958922882
GreatGraines,SpecialK,-0.08842925582778804
GreatGraines,GrapeNuts,-0.05337189333752512
GreatGraines,SpoonSizeShdWt,-0.06875948734331835
GreatGraines,100%Natural,-0.05164961217357395
GreatGraines,FrostedMiniWheats,-0.05671293056814078
GreatGraines,NutriGrain,-0.05233311309997806
GreatGraines,Mueslix,-0.05957751706692568
GreatGraines,Wheaties,-0.04559809966854332
GreatGraines,RaisinBran,-0.03830193315295236
GreatGraines,Muesli,-0.049508524934235736
GreatGraines,CornPops,-0.06028689926765147
GreatGraines,RaisinNutBran,-0.047327439361854955
GreatGraines,Basic4,-0.05039437036897292
GreatGraines,CocoaPus,-0.052101358052643106
GreatGraines,GoldenGrahams,-0.047263912597610855
GreatGraines,Cinn.ToastCrunch,-0.048619150234818324
GreatGraines,FrootLoops,-0.04983321728481669
GreatGraines,LowFatGranola,-0.036887874437741094
GreatGraines,Trix,-0.05264251197027804
GreatGraines,Triples,-0.030699897031741655
GreatGraines,Crispix,-0.04321702243094964
GreatGraines,Kix,-0.04662864495516985
GreatGraines,LuckyCharms,-0.04383346732842942
GreatGraines,AppleCinn.Cheerios,-0.0376596069811509
GreatGraines,CracklinOatBran,-0.03977951863240774
GreatGraines,BigBiscuitShdWt,-0.03249393991085746
GreatGraines,HoneyBunchesofOats,-0.031851613739056
GreatGraines,GreatGraines,3.3812590837546574
GreatGraines,OtmlRaisinCrisp,-0.03092459354971616
GreatGraines,OatSquares,-0.026871821275254552
GreatGraines,RiceChex,-0.03559851640789786
GreatGraines,TotalRaisinBran,-0.03141045565402752
GreatGraines,Product19,-0.03538911337020434
GreatGraines,AppleJacks,-0.035970265620881854
GreatGraines,CaptCrunch,-0.02489896231900721
GreatGraines,ShreddedWheat,-0.026540070395313142
GreatGraines,FruityPebbles,-0.03134339962510319
GreatGraines,Clusters,-0.02881291684937985
GreatGraines,CinnamonMiniBuns,-0.024587210605587086
GreatGraines,DoubleDipCrunch,-0.025849510939548563
GreatGraines,MultiGrainCheerios,-0.029469360079902224
GreatGraines,Honeycomb,-0.029598766451510578
GreatGraines,Popeye,-0.013951183280940537
OtmlRaisinCrisp,CornFlakes,-0.1207326154459132
OtmlRaisinCrisp,Cheerios,-0.16282615528699032
OtmlRaisinCrisp,RiceKrispies,-0.14068119584012087
OtmlRaisinCrisp,FrostedFlakes,-0.11324704505915001
OtmlRaisinCrisp,RaisinBran,-0.07515216210077101
OtmlRaisinCrisp,Total,-0.10022641123222954
OtmlRaisinCrisp,HoneyNutCheerios,-0.08348357958922882
OtmlRaisinCrisp,SpecialK,-0.08842925582778804
OtmlRaisinCrisp,GrapeNuts,-0.05337189333752512
OtmlRaisinCrisp,SpoonSizeShdWt,-0.06875948734331835
OtmlRaisinCrisp,100%Natural,-0.05164961217357395
OtmlRaisinCrisp,FrostedMiniWheats,-0.05671293056814078
OtmlRaisinCrisp,NutriGrain,-0.05233311309997806
OtmlRaisinCrisp,Mueslix,-0.05957751706692568
OtmlRaisinCrisp,Wheaties,-0.04559809966854332
OtmlRaisinCrisp,RaisinBran,-0.03830193315295236
OtmlRaisinCrisp,Muesli,-0.049508524934235736
OtmlRaisinCrisp,CornPops,-0.06028689926765147
OtmlRaisinCrisp,RaisinNutBran,-0.047327439361854955
OtmlRaisinCrisp,Basic4,-0.05039437036897292
OtmlRaisinCrisp,CocoaPus,-0.052101358052643106
OtmlRaisinCrisp,GoldenGrahams,-0.047263912597610855
OtmlRaisinCrisp,Cinn.ToastCrunch,-0.048619150234818324
OtmlRaisinCrisp,FrootLoops,-0.04983321728481669
OtmlRaisinCrisp,LowFatGranola,-0.036887874437741094
OtmlRaisinCrisp,Trix,-0.05264251197027804
OtmlRaisinCrisp,Triples,-0.030699897031741655
OtmlRaisinCrisp,Crispix,-0.04321702243094964
OtmlRaisinCrisp,Kix,-0.04662864495516985
OtmlRaisinCrisp,LuckyCharms,-0.04383346732842942
OtmlRaisinCrisp,AppleCinn.Cheerios,-0.0376596069811509
OtmlRaisinCrisp,CracklinOatBran,-0.03977951863240774
OtmlRaisinCrisp,BigBiscuitShdWt,-0.03249393991085746
OtmlRaisinCrisp,HoneyBunchesofOats,-0.031851613739056
OtmlRaisinCrisp,GreatGraines,-0.030363440465559933
OtmlRaisinCrisp,OtmlRaisinCrisp,3.1571778342560735
OtmlRaisinCrisp,OatSquares,-0.026871821275254552
OtmlRaisinCrisp,RiceChex,-0.03559851640789786
OtmlRaisinCrisp,TotalRaisinBran,-0.03141045565402752
OtmlRaisinCrisp,Product19,-0.03538911337020434
OtmlRaisinCrisp,AppleJacks,-0.035970265620881854
OtmlRaisinCrisp,CaptCrunch,-0.02489896231900721
OtmlRaisinCrisp,ShreddedWheat,-0.026540070395313142
OtmlRaisinCrisp,FruityPebbles,-0.03134339962510319
OtmlRaisinCrisp,Clusters,-0.02881291684937985
OtmlRaisinCrisp,CinnamonMiniBuns,-0.024587210605587086
OtmlRaisinCrisp,DoubleDipCrunch,-0.025849510939548563
OtmlRaisinCrisp,MultiGrainCheerios,-0.029469360079902224
OtmlRaisinCrisp,Honeycomb,-0.029598766451510578
OtmlRaisinCrisp,Popeye,-0.013951183280940537
OatSquares,CornFlakes,-0.1207326154459132
OatSquares,Cheerios,-0.16282615528699032
OatSquares,RiceKrispies,-0.14068119584012087
OatSquares,FrostedFlakes,-0.11324704505915001
OatSquares,RaisinBran,-0.07515216210077101
OatSquares,Total,-0.10022641123222954
OatSquares,HoneyNutCheerios,-0.08348357958922882
OatSquares,SpecialK,-0.08842925582778804
OatSquares,GrapeNuts,-0.05337189333752512
OatSquares,SpoonSizeShdWt,-0.06875948734331835
OatSquares,100%Natural,-0.05164961217357395
OatSquares,FrostedMiniWheats,-0.05671293056814078
OatSquares,NutriGrain,-0.05233311309997806
OatSquares,Mueslix,-0.05957751706692568
OatSquares,Wheaties,-0.04559809966854332
OatSquares,RaisinBran,-0.03830193315295236
OatSquares,Muesli,-0.049508524934235736
OatSquares,CornPops,-0.06028689926765147
OatSquares,RaisinNutBran,-0.047327439361854955
OatSquares,Basic4,-0.05039437036897292
OatSquares,CocoaPus,-0.052101358052643106
OatSquares,GoldenGrahams,-0.047263912597610855
OatSquares,Cinn.ToastCrunch,-0.048619150234818324
OatSquares,FrootLoops,-0.04983321728481669
OatSquares,LowFatGranola,-0.036887874437741094
OatSquares,Trix,-0.05264251197027804
OatSquares,Triples,-0.030699897031741655
OatSquares,Crispix,-0.04321702243094964
OatSquares,Kix,-0.04662864495516985
OatSquares,LuckyCharms,-0.04383346732842942
OatSquares,AppleCinn.Cheerios,-0.0376596069811509
OatSquares,CracklinOatBran,-0.03977951863240774
OatSquares,BigBiscuitShdWt,-0.03249393991085746
OatSquares,HoneyBunchesofOats,-0.031851613739056
OatSquares,GreatGraines,-0.030363440465559933
OatSquares,OtmlRaisinCrisp,-0.03092459354971616
OatSquares,OatSquares,2.8318325697092726
OatSquares,RiceChex,-0.03559851640789786
OatSquares,TotalRaisinBran,-0.03141045565402752
OatSquares,Product19,-0.03538911337020434
OatSquares,AppleJacks,-0.035970265620881854
OatSquares,CaptCrunch,-0.02489896231900721
OatSquares,ShreddedWheat,-0.026540070395313142
OatSquares,FruityPebbles,-0.03134339962510319
OatSquares,Clusters,-0.02881291684937985
OatSquares,CinnamonMiniBuns,-0.024587210605587086
OatSquares,DoubleDipCrunch,-0.025849510939548563
OatSquares,MultiGrainCheerios,-0.029469360079902224
OatSquares,Honeycomb,-0.029598766451510578
OatSquares,Popeye,-0.013951183280940537
RiceChex,CornFlakes,-0.1207326154459132
RiceChex,Cheerios,-0.16282615528699032
RiceChex,RiceKrispies,-0.14068119584012087
RiceChex,FrostedFlakes,-0.11324704505915001
RiceChex,RaisinBran,-0.07515216210077101
RiceChex,Total,-0.10022641123222954
RiceChex,HoneyNutCheerios,-0.08348357958922882
RiceChex,SpecialK,-0.08842925582778804
RiceChex,GrapeNuts,-0.05337189333752512
RiceChex,SpoonSizeShdWt,-0.06875948734331835
RiceChex,100%Natural,-0.05164961217357395
RiceChex,FrostedMiniWheats,-0.05671293056814078
RiceChex,NutriGrain,-0.05233311309997806
RiceChex,Mueslix,-0.05957751706692568
RiceChex,Wheaties,-0.04559809966854332
RiceChex,RaisinBran,-0.03830193315295236
RiceChex,Muesli,-0.049508524934235736
RiceChex,CornPops,-0.06028689926765147
RiceChex,RaisinNutBran,-0.047327439361854955
RiceChex,Basic4,-0.05039437036897292
RiceChex,CocoaPus,-0.052101358052643106
RiceChex,GoldenGrahams,-0.047263912597610855
RiceChex,Cinn.ToastCrunch,-0.048619150234818324
RiceChex,FrootLoops,-0.04983321728481669
RiceChex,LowFatGranola,-0.036887874437741094
RiceChex,Trix,-0.05264251197027804
RiceChex,Triples,-0.030699897031741655
RiceChex,Crispix,-0.04321702243094964
RiceChex,Kix,-0.04662864495516985
RiceChex,LuckyCharms,-0.04383346732842942
RiceChex,AppleCinn.Cheerios,-0.0376596069811509
RiceChex,CracklinOatBran,-0.03977951863240774
RiceChex,BigBiscuitShdWt,-0.03249393991085746
RiceChex,HoneyBunchesofOats,-0.031851613739056
RiceChex,GreatGraines,-0.030363440465559933
RiceChex,OtmlRaisinCrisp,-0.03092459354971616
RiceChex,OatSquares,-0.026871821275254552
RiceChex,RiceChex,3.964234787850288
RiceChex,TotalRaisinBran,-0.03141045565402752
RiceChex,Product19,-0.03538911337020434
RiceChex,AppleJacks,-0.035970265620881854
RiceChex,CaptCrunch,-0.02489896231900721
RiceChex,ShreddedWheat,-0.026540070395313142
RiceChex,FruityPebbles,-0.03134339962510319
RiceChex,Clusters,-0.02881291684937985
RiceChex,CinnamonMiniBuns,-0.024587210605587086
RiceChex,DoubleDipCrunch,-0.025849510939548563
RiceChex,MultiGrainCheerios,-0.029469360079902224
RiceChex,Honeycomb,-0.029598766451510578
RiceChex,Popeye,-0.013951183280940537
TotalRaisinBran,CornFlakes,-0.1207326154459132
TotalRaisinBran,Cheerios,-0.16282615528699032
TotalRaisinBran,RiceKrispies,-0.14068119584012087
TotalRaisinBran,FrostedFlakes,-0.11324704505915001
TotalRaisinBran,RaisinBran,-0.07515216210077101
TotalRaisinBran,Total,-0.10022641123222954
TotalRaisinBran,HoneyNutCheerios,-0.08348357958922882
TotalRaisinBran,SpecialK,-0.08842925582778804
TotalRaisinBran,GrapeNuts,-0.05337189333752512
TotalRaisinBran,SpoonSizeShdWt,-0.06875948734331835
TotalRaisinBran,100%Natural,-0.05164961217357395
TotalRaisinBran,FrostedMiniWheats,-0.05671293056814078
TotalRaisinBran,NutriGrain,-0.05233311309997806
TotalRaisinBran,Mueslix,-0.05957751706692568
TotalRaisinBran,Wheaties,-0.04559809966854332
TotalRaisinBran,RaisinBran,-0.03830193315295236
TotalRaisinBran,Muesli,-0.049508524934235736
TotalRaisinBran,CornPops,-0.06028689926765147
TotalRaisinBran,RaisinNutBran,-0.047327439361854955
TotalRaisinBran,Basic4,-0.05039437036897292
TotalRaisinBran,CocoaPus,-0.052101358052643106
TotalRaisinBran,GoldenGrahams,-0.047263912597610855
TotalRaisinBran,Cinn.ToastCrunch,-0.048619150234818324
TotalRaisinBran,FrootLoops,-0.04983321728481669
TotalRaisinBran,LowFatGranola,-0.036887874437741094
TotalRaisinBran,Trix,-0.05264251197027804
TotalRaisinBran,Triples,-0.030699897031741655
TotalRaisinBran,Crispix,-0.04321702243094964
TotalRaisinBran,Kix,-0.04662864495516985
TotalRaisinBran,LuckyCharms,-0.04383346732842942
TotalRaisinBran,AppleCinn.Cheerios,-0.0376596069811509
TotalRaisinBran,CracklinOatBran,-0.03977951863240774
TotalRaisinBran,BigBiscuitShdWt,-0.03249393991085746
TotalRaisinBran,HoneyBunchesofOats,-0.031851613739056
TotalRaisinBran,GreatGraines,-0.030363440465559933
TotalRaisinBran,OtmlRaisinCrisp,-0.03092459354971616
TotalRaisinBran,OatSquares,-0.026871821275254552
TotalRaisinBran,RiceChex,-0.03559851640789786
TotalRaisinBran,TotalRaisinBran,3.497854224573784
TotalRaisinBran,Product19,-0.03538911337020434
TotalRaisinBran,AppleJacks,-0.035970265620881854
TotalRaisinBran,CaptCrunch,-0.02489896231900721
TotalRaisinBran,ShreddedWheat,-0.026540070395313142
TotalRaisinBran,FruityPebbles,-0.03134339962510319
TotalRaisinBran,Clusters,-0.02881291684937985
TotalRaisinBran,CinnamonMiniBuns,-0.024587210605587086
TotalRaisinBran,DoubleDipCrunch,-0.025849510939548563
TotalRaisinBran,MultiGrainCheerios,-0.029469360079902224
TotalRaisinBran,Honeycomb,-0.029598766451510578
TotalRaisinBran,Popeye,-0.013951183280940537
Product19,CornFlakes,-0.1207326154459132
Product19,Cheerios,-0.16282615528699032
Product19,RiceKrispies,-0.14068119584012087
Product19,FrostedFlakes,-0.11324704505915001
Product19,RaisinBran,-0.07515216210077101
Product19,Total,-0.10022641123222954
Product19,HoneyNutCheerios,-0.08348357958922882
Product19,SpecialK,-0.08842925582778804
Product19,GrapeNuts,-0.05337189333752512
Product19,SpoonSizeShdWt,-0.06875948734331835
Product19,100%Natural,-0.05164961217357395
Product19,FrostedMiniWheats,-0.05671293056814078
Product19,NutriGrain,-0.05233311309997806
Product19,Mueslix,-0.05957751706692568
Product19,Wheaties,-0.04559809966854332
Product19,RaisinBran,-0.03830193315295236
Product19,Muesli,-0.049508524934235736
Product19,CornPops,-0.06028689926765147
Product19,RaisinNutBran,-0.047327439361854955
Product19,Basic4,-0.05039437036897292
Product19,CocoaPus,-0.052101358052643106
Product19,GoldenGrahams,-0.047263912597610855
Product19,Cinn.ToastCrunch,-0.048619150234818324
Product19,FrootLoops,-0.04983321728481669
Product19,LowFatGranola,-0.036887874437741094
Product19,Trix,-0.05264251197027804
Product19,Triples,-0.030699897031741655
Product19,Crispix,-0.04321702243094964
Product19,Kix,-0.04662864495516985
Product19,LuckyCharms,-0.04383346732842942
Product19,AppleCinn.Cheerios,-0.0376596069811509
Product19,CracklinOatBran,-0.03977951863240774
Product19,BigBiscuitShdWt,-0.03249393991085746
Product19,HoneyBunchesofOats,-0.031851613739056
Product19,GreatGraines,-0.030363440465559933
Product19,OtmlRaisinCrisp,-0.03092459354971616
Product19,OatSquares,-0.026871821275254552
Product19,RiceChex,-0.03559851640789786
Product19,TotalRaisinBran,-0.03141045565402752
Product19,Product19,3.940915759686463
Product19,AppleJacks,-0.035970265620881854
Product19,CaptCrunch,-0.02489896231900721
Product19,ShreddedWheat,-0.026540070395313142
Product19,FruityPebbles,-0.03134339962510319
Product19,Clusters,-0.02881291684937985
Product19,CinnamonMiniBuns,-0.024587210605587086
Product19,DoubleDipCrunch,-0.025849510939548563
Product19,MultiGrainCheerios,-0.029469360079902224
Product19,Honeycomb,-0.029598766451510578
Product19,Popeye,-0.013951183280940537
AppleJacks,CornFlakes,-0.1207326154459132
AppleJacks,Cheerios,-0.16282615528699032
AppleJacks,RiceKrispies,-0.14068119584012087
AppleJacks,FrostedFlakes,-0.11324704505915001
AppleJacks,RaisinBran,-0.07515216210077101
AppleJacks,Total,-0.10022641123222954
AppleJacks,HoneyNutCheerios,-0.08348357958922882
AppleJacks,SpecialK,-0.08842925582778804
AppleJacks,GrapeNuts,-0.05337189333752512
AppleJacks,SpoonSizeShdWt,-0.06875948734331835
AppleJacks,100%Natural,-0.05164961217357395
AppleJacks,FrostedMiniWheats,-0.05671293056814078
AppleJacks,NutriGrain,-0.05233311309997806
AppleJacks,Mueslix,-0.05957751706692568
AppleJacks,Wheaties,-0.04559809966854332
AppleJacks,RaisinBran,-0.03830193315295236
AppleJacks,Muesli,-0.049508524934235736
AppleJacks,CornPops,-0.06028689926765147
AppleJacks,RaisinNutBran,-0.047327439361854955
AppleJacks,Basic4,-0.05039437036897292
AppleJacks,CocoaPus,-0.052101358052643106
AppleJacks,GoldenGrahams,-0.047263912597610855
AppleJacks,Cinn.ToastCrunch,-0.048619150234818324
AppleJacks,FrootLoops,-0.04983321728481669
AppleJacks,LowFatGranola,-0.036887874437741094
AppleJacks,Trix,-0.05264251197027804
AppleJacks,Triples,-0.030699897031741655
AppleJacks,Crispix,-0.04321702243094964
AppleJacks,Kix,-0.04662864495516985
AppleJacks,LuckyCharms,-0.04383346732842942
AppleJacks,AppleCinn.Cheerios,-0.0376596069811509
AppleJacks,CracklinOatBran,-0.03977951863240774
AppleJacks,BigBiscuitShdWt,-0.03249393991085746
AppleJacks,HoneyBunchesofOats,-0.031851613739056
AppleJacks,GreatGraines,-0.030363440465559933
AppleJacks,OtmlRaisinCrisp,-0.03092459354971616
AppleJacks,OatSquares,-0.026871821275254552
AppleJacks,RiceChex,-0.03559851640789786
AppleJacks,TotalRaisinBran,-0.03141045565402752
AppleJacks,Product19,-0.03538911337020434
AppleJacks,AppleJacks,4.246204213055529
AppleJacks,CaptCrunch,-0.02489896231900721
AppleJacks,ShreddedWheat,-0.026540070395313142
AppleJacks,FruityPebbles,-0.03134339962510319
AppleJacks,Clusters,-0.02881291684937985
AppleJacks,CinnamonMiniBuns,-0.024587210605587086
AppleJacks,DoubleDipCrunch,-0.025849510939548563
AppleJacks,MultiGrainCheerios,-0.029469360079902224
AppleJacks,Honeycomb,-0.029598766451510578
AppleJacks,Popeye,-0.013951183280940537
CaptCrunch,CornFlakes,-0.1207326154459132
CaptCrunch,Cheerios,-0.16282615528699032
CaptCrunch,RiceKrispies,-0.14068119584012087
CaptCrunch,FrostedFlakes,-0.11324704505915001
CaptCrunch,RaisinBran,-0.07515216210077101
CaptCrunch,Total,-0.10022641123222954
CaptCrunch,HoneyNutCheerios,-0.08348357958922882
CaptCrunch,SpecialK,-0.08842925582778804
CaptCrunch,GrapeNuts,-0.05337189333752512
CaptCrunch,SpoonSizeShdWt,-0.06875948734331835
CaptCrunch,100%Natural,-0.05164961217357395
CaptCrunch,FrostedMiniWheats,-0.05671293056814078
CaptCrunch,NutriGrain,-0.05233311309997806
CaptCrunch,Mueslix,-0.05957751706692568
CaptCrunch,Wheaties,-0.04559809966854332
CaptCrunch,RaisinBran,-0.03830193315295236
CaptCrunch,Muesli,-0.049508524934235736
CaptCrunch,CornPops,-0.06028689926765147
CaptCrunch,RaisinNutBran,-0.047327439361854955
CaptCrunch,Basic4,-0.05039437036897292
CaptCrunch,CocoaPus,-0.052101358052643106
CaptCrunch,GoldenGrahams,-0.047263912597610855
CaptCrunch,Cinn.ToastCrunch,-0.048619150234818324
CaptCrunch,FrootLoops,-0.04983321728481669
CaptCrunch,LowFatGranola,-0.036887874437741094
CaptCrunch,Trix,-0.05264251197027804
CaptCrunch,Triples,-0.030699897031741655
CaptCrunch,Crispix,-0.04321702243094964
CaptCrunch,Kix,-0.04662864495516985
CaptCrunch,LuckyCharms,-0.04383346732842942
CaptCrunch,AppleCinn.Cheerios,-0.0376596069811509
CaptCrunch,CracklinOatBran,-0.03977951863240774
CaptCrunch,BigBiscuitShdWt,-0.03249393991085746
CaptCrunch,HoneyBunchesofOats,-0.031851613739056
CaptCrunch,GreatGraines,-0.030363440465559933
CaptCrunch,OtmlRaisinCrisp,-0.03092459354971616
CaptCrunch,OatSquares,-0.026871821275254552
CaptCrunch,RiceChex,-0.03559851640789786
CaptCrunch,TotalRaisinBran,-0.03141045565402752
CaptCrunch,Product19,-0.03538911337020434
CaptCrunch,AppleJacks,-0.035970265620881854
CaptCrunch,CaptCrunch,2.9749760158746326
CaptCrunch,ShreddedWheat,-0.026540070395313142
CaptCrunch,FruityPebbles,-0.03134339962510319
CaptCrunch,Clusters,-0.02881291684937985
CaptCrunch,CinnamonMiniBuns,-0.024587210605587086
CaptCrunch,DoubleDipCrunch,-0.025849510939548563
CaptCrunch,MultiGrainCheerios,-0.029469360079902224
CaptCrunch,Honeycomb,-0.029598766451510578
CaptCrunch,Popeye,-0.013951183280940537
ShreddedWheat,CornFlakes,-0.1207326154459132
ShreddedWheat,Cheerios,-0.16282615528699032
ShreddedWheat,RiceKrispies,-0.14068119584012087
ShreddedWheat,FrostedFlakes,-0.11324704505915001
ShreddedWheat,RaisinBran,-0.07515216210077101
ShreddedWheat,Total,-0.10022641123222954
ShreddedWheat,HoneyNutCheerios,-0.08348357958922882
ShreddedWheat,SpecialK,-0.08842925582778804
ShreddedWheat,GrapeNuts,-0.05337189333752512
ShreddedWheat,SpoonSizeShdWt,-0.06875948734331835
ShreddedWheat,100%Natural,-0.05164961217357395
ShreddedWheat,FrostedMiniWheats,-0.05671293056814078
ShreddedWheat,NutriGrain,-0.05233311309997806
ShreddedWheat,Mueslix,-0.05957751706692568
ShreddedWheat,Wheaties,-0.04559809966854332
ShreddedWheat,RaisinBran,-0.03830193315295236
ShreddedWheat,Muesli,-0.049508524934235736
ShreddedWheat,CornPops,-0.06028689926765147
ShreddedWheat,RaisinNutBran,-0.047327439361854955
ShreddedWheat,Basic4,-0.05039437036897292
ShreddedWheat,CocoaPus,-0.052101358052643106
ShreddedWheat,GoldenGrahams,-0.047263912597610855
ShreddedWheat,Cinn.ToastCrunch,-0.048619150234818324
ShreddedWheat,FrootLoops,-0.04983321728481669
ShreddedWheat,LowFatGranola,-0.036887874437741094
ShreddedWheat,Trix,-0.05264251197027804
ShreddedWheat,Triples,-0.030699897031741655
ShreddedWheat,Crispix,-0.04321702243094964
ShreddedWheat,Kix,-0.04662864495516985
ShreddedWheat,LuckyCharms,-0.04383346732842942
ShreddedWheat,AppleCinn.Cheerios,-0.0376596069811509
ShreddedWheat,CracklinOatBran,-0.03977951863240774
ShreddedWheat,BigBiscuitShdWt,-0.03249393991085746
ShreddedWheat,HoneyBunchesofOats,-0.031851613739056
ShreddedWheat,GreatGraines,-0.030363440465559933
ShreddedWheat,OtmlRaisinCrisp,-0.03092459354971616
ShreddedWheat,OatSquares,-0.026871821275254552
ShreddedWheat,RiceChex,-0.03559851640789786
ShreddedWheat,TotalRaisinBran,-0.03141045565402752
ShreddedWheat,Product19,-0.03538911337020434
ShreddedWheat,AppleJacks,-0.035970265620881854
ShreddedWheat,CaptCrunch,-0.02489896231900721
ShreddedWheat,ShreddedWheat,3.290968729018829
ShreddedWheat,FruityPebbles,-0.03134339962510319
ShreddedWheat,Clusters,-0.02881291684937985
ShreddedWheat,CinnamonMiniBuns,-0.024587210605587086
ShreddedWheat,DoubleDipCrunch,-0.025849510939548563
ShreddedWheat,MultiGrainCheerios,-0.029469360079902224
ShreddedWheat,Honeycomb,-0.029598766451510578
ShreddedWheat,Popeye,-0.013951183280940537
FruityPebbles,CornFlakes,-0.1207326154459132
FruityPebbles,Cheerios,-0.16282615528699032
FruityPebbles,RiceKrispies,-0.14068119584012087
FruityPebbles,FrostedFlakes,-0.11324704505915001
FruityPebbles,RaisinBran,-0.07515216210077101
FruityPebbles,Total,-0.10022641123222954
FruityPebbles,HoneyNutCheerios,-0.08348357958922882
FruityPebbles,SpecialK,-0.08842925582778804
FruityPebbles,GrapeNuts,-0.05337189333752512
FruityPebbles,SpoonSizeShdWt,-0.06875948734331835
FruityPebbles,100%Natural,-0.05164961217357395
FruityPebbles,FrostedMiniWheats,-0.05671293056814078
FruityPebbles,NutriGrain,-0.05233311309997806
FruityPebbles,Mueslix,-0.05957751706692568
FruityPebbles,Wheaties,-0.04559809966854332
FruityPebbles,RaisinBran,-0.03830193315295236
FruityPebbles,Muesli,-0.049508524934235736
FruityPebbles,CornPops,-0.06028689926765147
FruityPebbles,RaisinNutBran,-0.047327439361854955
FruityPebbles,Basic4,-0.05039437036897292
FruityPebbles,CocoaPus,-0.052101358052643106
FruityPebbles,GoldenGrahams,-0.047263912597610855
FruityPebbles,Cinn.ToastCrunch,-0.048619150234818324
FruityPebbles,FrootLoops,-0.04983321728481669
FruityPebbles,LowFatGranola,-0.036887874437741094
FruityPebbles,Trix,-0.05264251197027804
FruityPebbles,Triples,-0.030699897031741655
FruityPebbles,Crispix,-0.04321702243094964
FruityPebbles,Kix,-0.04662864495516985
FruityPebbles,LuckyCharms,-0.04383346732842942
FruityPebbles,AppleCinn.Cheerios,-0.0376596069811509
FruityPebbles,CracklinOatBran,-0.03977951863240774
FruityPebbles,BigBiscuitShdWt,-0.03249393991085746
FruityPebbles,HoneyBunchesofOats,-0.031851613739056
FruityPebbles,GreatGraines,-0.030363440465559933
FruityPebbles,OtmlRaisinCrisp,-0.03092459354971616
FruityPebbles,OatSquares,-0.026871821275254552
FruityPebbles,RiceChex,-0.03559851640789786
FruityPebbles,TotalRaisinBran,-0.03141045565402752
FruityPebbles,Product19,-0.03538911337020434
FruityPebbles,AppleJacks,-0.035970265620881854
FruityPebbles,CaptCrunch,-0.02489896231900721
FruityPebbles,ShreddedWheat,-0.026540070395313142
FruityPebbles,FruityPebbles,3.7449698082186553
FruityPebbles,Clusters,-0.02881291684937985
FruityPebbles,CinnamonMiniBuns,-0.024587210605587086
FruityPebbles,DoubleDipCrunch,-0.025849510939548563
FruityPebbles,MultiGrainCheerios,-0.029469360079902224
FruityPebbles,Honeycomb,-0.029598766451510578
FruityPebbles,Popeye,-0.013951183280940537
Clusters,CornFlakes,-0.1207326154459132
Clusters,Cheerios,-0.16282615528699032
Clusters,RiceKrispies,-0.14068119584012087
Clusters,FrostedFlakes,-0.11324704505915001
Clusters,RaisinBran,-0.07515216210077101
Clusters,Total,-0.10022641123222954
Clusters,HoneyNutCheerios,-0.08348357958922882
Clusters,SpecialK,-0.08842925582778804
Clusters,GrapeNuts,-0.05337189333752512
Clusters,SpoonSizeShdWt,-0.06875948734331835
Clusters,100%Natural,-0.05164961217357395
Clusters,FrostedMiniWheats,-0.05671293056814078
Clusters,NutriGrain,-0.05233311309997806
Clusters,Mueslix,-0.05957751706692568
Clusters,Wheaties,-0.04559809966854332
Clusters,RaisinBran,-0.03830193315295236
Clusters,Muesli,-0.049508524934235736
Clusters,CornPops,-0.06028689926765147
Clusters,RaisinNutBran,-0.047327439361854955
Clusters,Basic4,-0.05039437036897292
Clusters,CocoaPus,-0.052101358052643106
Clusters,GoldenGrahams,-0.047263912597610855
Clusters,Cinn.ToastCrunch,-0.048619150234818324
Clusters,FrootLoops,-0.04983321728481669
Clusters,LowFatGranola,-0.036887874437741094
Clusters,Trix,-0.05264251197027804
Clusters,Triples,-0.030699897031741655
Clusters,Crispix,-0.04321702243094964
Clusters,Kix,-0.04662864495516985
Clusters,LuckyCharms,-0.04383346732842942
Clusters,AppleCinn.Cheerios,-0.0376596069811509
Clusters,CracklinOatBran,-0.03977951863240774
Clusters,BigBiscuitShdWt,-0.03249393991085746
Clusters,HoneyBunchesofOats,-0.031851613739056
Clusters,GreatGraines,-0.030363440465559933
Clusters,OtmlRaisinCrisp,-0.03092459354971616
Clusters,OatSquares,-0.026871821275254552
Clusters,RiceChex,-0.03559851640789786
Clusters,TotalRaisinBran,-0.03141045565402752
Clusters,Product19,-0.03538911337020434
Clusters,AppleJacks,-0.035970265620881854
Clusters,CaptCrunch,-0.02489896231900721
Clusters,ShreddedWheat,-0.026540070395313142
Clusters,FruityPebbles,-0.03134339962510319
Clusters,Clusters,3.665150781789063
Clusters,CinnamonMiniBuns,-0.024587210605587086
Clusters,DoubleDipCrunch,-0.025849510939548563
Clusters,MultiGrainCheerios,-0.029469360079902224
Clusters,Honeycomb,-0.029598766451510578
Clusters,Popeye,-0.013951183280940537
CinnamonMiniBuns,CornFlakes,-0.1207326154459132
CinnamonMiniBuns,Cheerios,-0.16282615528699032
CinnamonMiniBuns,RiceKrispies,-0.14068119584012087
CinnamonMiniBuns,FrostedFlakes,-0.11324704505915001
CinnamonMiniBuns,RaisinBran,-0.07515216210077101
CinnamonMiniBuns,Total,-0.10022641123222954
CinnamonMiniBuns,HoneyNutCheerios,-0.08348357958922882
CinnamonMiniBuns,SpecialK,-0.08842925582778804
CinnamonMiniBuns,GrapeNuts,-0.05337189333752512
CinnamonMiniBuns,SpoonSizeShdWt,-0.06875948734331835
CinnamonMiniBuns,100%Natural,-0.05164961217357395
CinnamonMiniBuns,FrostedMiniWheats,-0.05671293056814078
CinnamonMiniBuns,NutriGrain,-0.05233311309997806
CinnamonMiniBuns,Mueslix,-0.05957751706692568
CinnamonMiniBuns,Wheaties,-0.04559809966854332
CinnamonMiniBuns,RaisinBran,-0.03830193315295236
CinnamonMiniBuns,Muesli,-0.049508524934235736
CinnamonMiniBuns,CornPops,-0.06028689926765147
CinnamonMiniBuns,RaisinNutBran,-0.047327439361854955
CinnamonMiniBuns,Basic4,-0.05039437036897292
CinnamonMiniBuns,CocoaPus,-0.052101358052643106
CinnamonMiniBuns,GoldenGrahams,-0.047263912597610855
CinnamonMiniBuns,Cinn.ToastCrunch,-0.048619150234818324
CinnamonMiniBuns,FrootLoops,-0.04983321728481669
CinnamonMiniBuns,LowFatGranola,-0.036887874437741094
CinnamonMiniBuns,Trix,-0.05264251197027804
CinnamonMiniBuns,Triples,-0.030699897031741655
CinnamonMiniBuns,Crispix,-0.04321702243094964
CinnamonMiniBuns,Kix,-0.04662864495516985
CinnamonMiniBuns,LuckyCharms,-0.04383346732842942
CinnamonMiniBuns,AppleCinn.Cheerios,-0.0376596069811509
CinnamonMiniBuns,CracklinOatBran,-0.03977951863240774
CinnamonMiniBuns,BigBiscuitShdWt,-0.03249393991085746
CinnamonMiniBuns,HoneyBunchesofOats,-0.031851613739056
CinnamonMiniBuns,GreatGraines,-0.030363440465559933
CinnamonMiniBuns,OtmlRaisinCrisp,-0.03092459354971616
CinnamonMiniBuns,OatSquares,-0.026871821275254552
CinnamonMiniBuns,RiceChex,-0.03559851640789786
CinnamonMiniBuns,TotalRaisinBran,-0.03141045565402752
CinnamonMiniBuns,Product19,-0.03538911337020434
CinnamonMiniBuns,AppleJacks,-0.035970265620881854
CinnamonMiniBuns,CaptCrunch,-0.02489896231900721
CinnamonMiniBuns,ShreddedWheat,-0.026540070395313142
CinnamonMiniBuns,FruityPebbles,-0.03134339962510319
CinnamonMiniBuns,Clusters,-0.02881291684937985
CinnamonMiniBuns,CinnamonMiniBuns,3.21057207960324
CinnamonMiniBuns,DoubleDipCrunch,-0.025849510939548563
CinnamonMiniBuns,MultiGrainCheerios,-0.029469360079902224
CinnamonMiniBuns,Honeycomb,-0.029598766451510578
CinnamonMiniBuns,Popeye,-0.013951183280940537
DoubleDipCrunch,CornFlakes,-0.1207326154459132
DoubleDipCrunch,Cheerios,-0.16282615528699032
DoubleDipCrunch,RiceKrispies,-0.14068119584012087
DoubleDipCrunch,FrostedFlakes,-0.11324704505915001
DoubleDipCrunch,RaisinBran,-0.07515216210077101
DoubleDipCrunch,Total,-0.10022641123222954
DoubleDipCrunch,HoneyNutCheerios,-0.08348357958922882
DoubleDipCrunch,SpecialK,-0.08842925582778804
DoubleDipCrunch,GrapeNuts,-0.05337189333752512
DoubleDipCrunch,SpoonSizeShdWt,-0.06875948734331835
DoubleDipCrunch,100%Natural,-0.05164961217357395
DoubleDipCrunch,FrostedMiniWheats,-0.05671293056814078
DoubleDipCrunch,NutriGrain,-0.05233311309997806
DoubleDipCrunch,Mueslix,-0.05957751706692568
DoubleDipCrunch,Wheaties,-0.04559809966854332
DoubleDipCrunch,RaisinBran,-0.03830193315295236
DoubleDipCrunch,Muesli,-0.049508524934235736
DoubleDipCrunch,CornPops,-0.06028689926765147
DoubleDipCrunch,RaisinNutBran,-0.047327439361854955
DoubleDipCrunch,Basic4,-0.05039437036897292
DoubleDipCrunch,CocoaPus,-0.052101358052643106
DoubleDipCrunch,GoldenGrahams,-0.047263912597610855
DoubleDipCrunch,Cinn.ToastCrunch,-0.048619150234818324
DoubleDipCrunch,FrootLoops,-0.04983321728481669
DoubleDipCrunch,LowFatGranola,-0.036887874437741094
DoubleDipCrunch,Trix,-0.05264251197027804
DoubleDipCrunch,Triples,-0.030699897031741655
DoubleDipCrunch,Crispix,-0.04321702243094964
DoubleDipCrunch,Kix,-0.04662864495516985
DoubleDipCrunch,LuckyCharms,-0.04383346732842942
DoubleDipCrunch,AppleCinn.Cheerios,-0.0376596069811509
DoubleDipCrunch,CracklinOatBran,-0.03977951863240774
DoubleDipCrunch,BigBiscuitShdWt,-0.03249393991085746
DoubleDipCrunch,HoneyBunchesofOats,-0.031851613739056
DoubleDipCrunch,GreatGraines,-0.030363440465559933
DoubleDipCrunch,OtmlRaisinCrisp,-0.03092459354971616
DoubleDipCrunch,OatSquares,-0.026871821275254552
DoubleDipCrunch,RiceChex,-0.03559851640789786
DoubleDipCrunch,TotalRaisinBran,-0.03141045565402752
DoubleDipCrunch,Product19,-0.03538911337020434
DoubleDipCrunch,AppleJacks,-0.035970265620881854
DoubleDipCrunch,CaptCrunch,-0.02489896231900721
DoubleDipCrunch,ShreddedWheat,-0.026540070395313142
DoubleDipCrunch,FruityPebbles,-0.03134339962510319
DoubleDipCrunch,Clusters,-0.02881291684937985
DoubleDipCrunch,CinnamonMiniBuns,-0.024587210605587086
DoubleDipCrunch,DoubleDipCrunch,3.515179384889022
DoubleDipCrunch,MultiGrainCheerios,-0.029469360079902224
DoubleDipCrunch,Honeycomb,-0.029598766451510578
DoubleDipCrunch,Popeye,-0.013951183280940537
MultiGrainCheerios,CornFlakes,-0.1207326154459132
MultiGrainCheerios,Cheerios,-0.16282615528699032
MultiGrainCheerios,RiceKrispies,-0.14068119584012087
MultiGrainCheerios,FrostedFlakes,-0.11324704505915001
MultiGrainCheerios,RaisinBran,-0.07515216210077101
MultiGrainCheerios,Total,-0.10022641123222954
MultiGrainCheerios,HoneyNutCheerios,-0.08348357958922882
MultiGrainCheerios,SpecialK,-0.08842925582778804
MultiGrainCheerios,GrapeNuts,-0.05337189333752512
MultiGrainCheerios,SpoonSizeShdWt,-0.06875948734331835
MultiGrainCheerios,100%Natural,-0.05164961217357395
MultiGrainCheerios,FrostedMiniWheats,-0.05671293056814078
MultiGrainCheerios,NutriGrain,-0.05233311309997806
MultiGrainCheerios,Mueslix,-0.05957751706692568
MultiGrainCheerios,Wheaties,-0.04559809966854332
MultiGrainCheerios,RaisinBran,-0.03830193315295236
MultiGrainCheerios,Muesli,-0.049508524934235736
MultiGrainCheerios,CornPops,-0.06028689926765147
MultiGrainCheerios,RaisinNutBran,-0.047327439361854955
MultiGrainCheerios,Basic4,-0.05039437036897292
MultiGrainCheerios,CocoaPus,-0.052101358052643106
MultiGrainCheerios,GoldenGrahams,-0.047263912597610855
MultiGrainCheerios,Cinn.ToastCrunch,-0.048619150234818324
MultiGrainCheerios,FrootLoops,-0.04983321728481669
MultiGrainCheerios,LowFatGranola,-0.036887874437741094
MultiGrainCheerios,Trix,-0.05264251197027804
MultiGrainCheerios,Triples,-0.030699897031741655
MultiGrainCheerios,Crispix,-0.04321702243094964
MultiGrainCheerios,Kix,-0.04662864495516985
MultiGrainCheerios,LuckyCharms,-0.04383346732842942
MultiGrainCheerios,AppleCinn.Cheerios,-0.0376596069811509
MultiGrainCheerios,CracklinOatBran,-0.03977951863240774
MultiGrainCheerios,BigBiscuitShdWt,-0.03249393991085746
MultiGrainCheerios,HoneyBunchesofOats,-0.031851613739056
MultiGrainCheerios,GreatGraines,-0.030363440465559933
MultiGrainCheerios,OtmlRaisinCrisp,-0.03092459354971616
MultiGrainCheerios,OatSquares,-0.026871821275254552
MultiGrainCheerios,RiceChex,-0.03559851640789786
MultiGrainCheerios,TotalRaisinBran,-0.03141045565402752
MultiGrainCheerios,Product19,-0.03538911337020434
MultiGrainCheerios,AppleJacks,-0.035970265620881854
MultiGrainCheerios,CaptCrunch,-0.02489896231900721
MultiGrainCheerios,ShreddedWheat,-0.026540070395313142
MultiGrainCheerios,FruityPebbles,-0.03134339962510319
MultiGrainCheerios,Clusters,-0.02881291684937985
MultiGrainCheerios,CinnamonMiniBuns,-0.024587210605587086
MultiGrainCheerios,DoubleDipCrunch,-0.025849510939548563
MultiGrainCheerios,MultiGrainCheerios,3.8997786505737277
MultiGrainCheerios,Honeycomb,-0.029598766451510578
MultiGrainCheerios,Popeye,-0.013951183280940537
Honeycomb,CornFlakes,-0.1207326154459132
Honeycomb,Cheerios,-0.16282615528699032
Honeycomb,RiceKrispies,-0.14068119584012087
Honeycomb,FrostedFlakes,-0.11324704505915001
Honeycomb,RaisinBran,-0.07515216210077101
Honeycomb,Total,-0.10022641123222954
Honeycomb,HoneyNutCheerios,-0.08348357958922882
Honeycomb,SpecialK,-0.08842925582778804
Honeycomb,GrapeNuts,-0.05337189333752512
Honeycomb,SpoonSizeShdWt,-0.06875948734331835
Honeycomb,100%Natural,-0.05164961217357395
Honeycomb,FrostedMiniWheats,-0.05671293056814078
Honeycomb,NutriGrain,-0.05233311309997806
Honeycomb,Mueslix,-0.05957751706692568
Honeycomb,Wheaties,-0.04559809966854332
Honeycomb,RaisinBran,-0.03830193315295236
Honeycomb,Muesli,-0.049508524934235736
Honeycomb,CornPops,-0.06028689926765147
Honeycomb,RaisinNutBran,-0.047327439361854955
Honeycomb,Basic4,-0.05039437036897292
Honeycomb,CocoaPus,-0.052101358052643106
Honeycomb,GoldenGrahams,-0.047263912597610855
Honeycomb,Cinn.ToastCrunch,-0.048619150234818324
Honeycomb,FrootLoops,-0.04983321728481669
Honeycomb,LowFatGranola,-0.036887874437741094
Honeycomb,Trix,-0.05264251197027804
Honeycomb,Triples,-0.030699897031741655
Honeycomb,Crispix,-0.04321702243094964
Honeycomb,Kix,-0.04662864495516985
Honeycomb,LuckyCharms,-0.04383346732842942
Honeycomb,AppleCinn.Cheerios,-0.0376596069811509
Honeycomb,CracklinOatBran,-0.03977951863240774
Honeycomb,BigBiscuitShdWt,-0.03249393991085746
Honeycomb,HoneyBunchesofOats,-0.031851613739056
Honeycomb,GreatGraines,-0.030363440465559933
Honeycomb,OtmlRaisinCrisp,-0.03092459354971616
Honeycomb,OatSquares,-0.026871821275254552
Honeycomb,RiceChex,-0.03559851640789786
Honeycomb,TotalRaisinBran,-0.03141045565402752
Honeycomb,Product19,-0.03538911337020434
Honeycomb,AppleJacks,-0.035970265620881854
Honeycomb,CaptCrunch,-0.02489896231900721
Honeycomb,ShreddedWheat,-0.026540070395313142
Honeycomb,FruityPebbles,-0.03134339962510319
Honeycomb,Clusters,-0.02881291684937985
Honeycomb,CinnamonMiniBuns,-0.024587210605587086
Honeycomb,DoubleDipCrunch,-0.025849510939548563
Honeycomb,MultiGrainCheerios,-0.029469360079902224
Honeycomb,Honeycomb,3.9702345378066757
Honeycomb,Popeye,-0.013951183280940537
Popeye,CornFlakes,-0.1207326154459132
Popeye,Cheerios,-0.16282615528699032
Popeye,RiceKrispies,-0.14068119584012087
Popeye,FrostedFlakes,-0.11324704505915001
Popeye,RaisinBran,-0.07515216210077101
Popeye,Total,-0.10022641123222954
Popeye,HoneyNutCheerios,-0.08348357958922882
Popeye,SpecialK,-0.08842925582778804
Popeye,GrapeNuts,-0.05337189333752512
Popeye,SpoonSizeShdWt,-0.06875948734331835
Popeye,100%Natural,-0.05164961217357395
Popeye,FrostedMiniWheats,-0.05671293056814078
Popeye,NutriGrain,-0.05233311309997806
Popeye,Mueslix,-0.05957751706692568
Popeye,Wheaties,-0.04559809966854332
Popeye,RaisinBran,-0.03830193315295236
Popeye,Muesli,-0.049508524934235736
Popeye,CornPops,-0.06028689926765147
Popeye,RaisinNutBran,-0.047327439361854955
Popeye,Basic4,-0.05039437036897292
Popeye,CocoaPus,-0.052101358052643106
Popeye,GoldenGrahams,-0.047263912597610855
Popeye,Cinn.ToastCrunch,-0.048619150234818324
Popeye,FrootLoops,-0.04983321728481669
Popeye,LowFatGranola,-0.036887874437741094
Popeye,Trix,-0.05264251197027804
Popeye,Triples,-0.030699897031741655
Popeye,Crispix,-0.04321702243094964
Popeye,Kix,-0.04662864495516985
Popeye,LuckyCharms,-0.04383346732842942
Popeye,AppleCinn.Cheerios,-0.0376596069811509
Popeye,CracklinOatBran,-0.03977951863240774
Popeye,BigBiscuitShdWt,-0.03249393991085746
Popeye,HoneyBunchesofOats,-0.031851613739056
Popeye,GreatGraines,-0.030363440465559933
Popeye,OtmlRaisinCrisp,-0.03092459354971616
Popeye,OatSquares,-0.026871821275254552
Popeye,RiceChex,-0.03559851640789786
Popeye,TotalRaisinBran,-0.03141045565402752
Popeye,Product19,-0.03538911337020434
Popeye,AppleJacks,-0.035970265620881854
Popeye,CaptCrunch,-0.02489896231900721
Popeye,ShreddedWheat,-0.026540070395313142
Popeye,FruityPebbles,-0.03134339962510319
Popeye,Clusters,-0.02881291684937985
Popeye,CinnamonMiniBuns,-0.024587210605587086
Popeye,DoubleDipCrunch,-0.025849510939548563
Popeye,MultiGrainCheerios,-0.029469360079902224
Popeye,Honeycomb,-0.029598766451510578
Popeye,Popeye,2.068314978053468
