row_product,column_product,elasticity
CornFlakes,CornFlakes,-1.23972742750282
CornFlakes,Cheerios,0.08555377431453946
CornFlakes,RiceKrispies,0.09076359003233156
CornFlakes,FrostedFlakes,0.08192680629096243
CornFlakes,RaisinBran,0.07948244581906315
CornFlakes,Total,0.014303020834127815
CornFlakes,HoneyNutCheerios,0.06635184203205426
CornFlakes,SpecialK,0.016244261522419666
CornFlakes,GrapeNuts,0.026212380908426643
CornFlakes,SpoonSizeShdWt,0.02466330841718295
CornFlakes,100%Natural,0.020106198283793994
CornFlakes,FrostedMiniWheats,0.020063938909928646
CornFlakes,NutriGrain,0.02271944028960679
CornFlakes,Mueslix,0.013712408952990236
CornFlakes,Wheaties,0.10203065655710859
CornFlakes,RaisinBran,0.07773735876846774
CornFlakes,Muesli,0.013432254985823561
CornFlakes,CornPops,0.05234916781465656
CornFlakes,RaisinNutBran,0.014637962747076485
CornFlakes,Basic4,0.01461003599164374
CornFlakes,CocoaPus,0.01787533665782953
CornFlakes,GoldenGrahams,0.02148691757362285
CornFlakes,Cinn.ToastCrunch,0.02064618049675849
CornFlakes,FrootLoops,0.01682293269816023
CornFlakes,LowFatGranola,0.018461387193104355
CornFlakes,Trix,0.014314238340910201
CornFlakes,Triples,0.02391409999055667
CornFlakes,Crispix,0.017821527530289538
CornFlakes,Kix,0.020194058911977144
CornFlakes,LuckyCharms,0.018461342496740193
CornFlakes,AppleCinn.Cheerios,0.06582119217226634
CornFlakes,CracklinOatBran,0.013324626753806598
CornFlakes,BigBiscuitShdWt,0.01874995932506663
CornFlakes,HoneyBunchesofOats,0.01954471991603236
CornFlakes,GreatGraines,0.017502734480329265
CornFlakes,OtmlRaisinCrisp,0.015351536504799278
CornFlakes,OatSquares,0.02248385091736095
CornFlakes,RiceChex,0.017466748899118666
CornFlakes,TotalRaisinBran,0.01353560051614988
CornFlakes,Product19,0.01643540039577648
CornFlakes,AppleJacks,0.015523410793772232
CornFlakes,CaptCrunch,0.027708972535528932
CornFlakes,ShreddedWheat,0.02437995086103934
CornFlakes,FruityPebbles,0.021027826729224753
CornFlakes,Clusters,0.06405170204795665
CornFlakes,CinnamonMiniBuns,0.07678671570057898
CornFlakes,DoubleDipCrunch,0.01610357714792911
CornFlakes,MultiGrainCheerios,0.05417254526437455
CornFlakes,Honeycomb,0.020020704288514532
CornFlakes,Popeye,0.03363643292893105
Cheerios,CornFlakes,0.13457180648157654
Cheerios,Cheerios,-2.3137751621968605
Cheerios,RiceKrispies,0.0907635904777796
Cheerios,FrostedFlakes,0.08192680620408252
Cheerios,RaisinBran,0.0794824456223939
Cheerios,Total,0.014303021069787569
Cheerios,HoneyNutCheerios,0.06635184219876172
Cheerios,SpecialK,0.016244261734804505
Cheerios,GrapeNuts,0.026212381179234915
Cheerios,SpoonSizeShdWt,0.02466330880339482
Cheerios,100%Natural,0.020106198527731885
Cheerios,FrostedMiniWheats,0.02006393907852782
Cheerios,NutriGrain,0.02271944073269893
Cheerios,Mueslix,0.013712409200227078
Cheerios,Wheaties,0.10203065711185813
Cheerios,RaisinBran,0.07773735895531135
Cheerios,Muesli,0.013432254681312145
Cheerios,CornPops,0.052349168673471565
Cheerios,RaisinNutBran,0.014637962909225
Cheerios,Basic4,0.014610036330951832
Cheerios,CocoaPus,0.01787533680785161
Cheerios,GoldenGrahams,0.021486918205886288
Cheerios,Cinn.ToastCrunch,0.0206461806637259
Cheerios,FrootLoops,0.016822933074941874
Cheerios,LowFatGranola,0.01846138772913672
Cheerios,Trix,0.01431423821805324
Cheerios,Triples,0.023914100115951034
Cheerios,Crispix,0.017821527696746848
Cheerios,Kix,0.02019405876891423
Cheerios,LuckyCharms,0.01846134291719081
Cheerios,AppleCinn.Cheerios,0.06582119191967441
Cheerios,CracklinOatBran,0.013324627296984868
Cheerios,BigBiscuitShdWt,0.018749959311514214
Cheerios,HoneyBunchesofOats,0.01954472001670266
Cheerios,GreatGraines,0.017502734609616297
Cheerios,OtmlRaisinCrisp,0.015351536511409488
Cheerios,OatSquares,0.022483850853536432
Cheerios,RiceChex,0.017466749525863006
Cheerios,TotalRaisinBran,0.013535600748124908
Cheerios,Product19,0.016435400948634986
Cheerios,AppleJacks,0.01552341168071737
Cheerios,CaptCrunch,0.027708972412982497
Cheerios,ShreddedWheat,0.024379951309699634
Cheerios,FruityPebbles,0.021027827284057492
Cheerios,Clusters,0.0640517022694141
Cheerios,CinnamonMiniBuns,0.07678671573060825
Cheerios,DoubleDipCrunch,0.01610357739518959
Cheerios,MultiGrainCheerios,0.0541725452794777
Cheerios,Honeycomb,0.020020704506228986
Cheerios,Popeye,0.03363643290274796
RiceKrispies,CornFlakes,0.13457180641579367
RiceKrispies,Cheerios,0.08555377433975077
RiceKrispies,RiceKrispies,-2.156709093242405
RiceKrispies,FrostedFlakes,0.08192680616512568
RiceKrispies,RaisinBran,0.07948244567577598
RiceKrispies,Total,0.014303020542031013
RiceKrispies,HoneyNutCheerios,0.06635184221706365
RiceKrispies,SpecialK,0.01624426183878841
RiceKrispies,GrapeNuts,0.026212380907031065
RiceKrispies,SpoonSizeShdWt,0.02466330875972107
RiceKrispies,100%Natural,0.02010619850195581
RiceKrispies,FrostedMiniWheats,0.020063938889633388
RiceKrispies,NutriGrain,0.022719440336302774
RiceKrispies,Mueslix,0.0137124090999859
RiceKrispies,Wheaties,0.10203065693723454
RiceKrispies,RaisinBran,0.07773735919108399
RiceKrispies,Muesli,0.013432254577504908
RiceKrispies,CornPops,0.052349167866451586
RiceKrispies,RaisinNutBran,0.014637962638648763
RiceKrispies,Basic4,0.014610036415246108
RiceKrispies,CocoaPus,0.01787533672770627
RiceKrispies,GoldenGrahams,0.021486917723348403
RiceKrispies,Cinn.ToastCrunch,0.020646180494225726
RiceKrispies,FrootLoops,0.01682293267239949
RiceKrispies,LowFatGranola,0.018461387202566418
RiceKrispies,Trix,0.014314238565355393
RiceKrispies,Triples,0.023914100047062098
RiceKrispies,Crispix,0.01782152728090719
RiceKrispies,Kix,0.02019405879386299
RiceKrispies,LuckyCharms,0.018461342646008124
RiceKrispies,AppleCinn.Cheerios,0.06582119217757582
RiceKrispies,CracklinOatBran,0.013324626798059236
RiceKrispies,BigBiscuitShdWt,0.018749959246968022
RiceKrispies,HoneyBunchesofOats,0.01954471996848326
RiceKrispies,GreatGraines,0.017502734632546625
RiceKrispies,OtmlRaisinCrisp,0.01535153641765042
RiceKrispies,OatSquares,0.02248385087220308
RiceKrispies,RiceChex,0.01746674926850394
RiceKrispies,TotalRaisinBran,0.01353560038941487
RiceKrispies,Product19,0.01643540075526069
RiceKrispies,AppleJacks,0.015523411134070119
RiceKrispies,CaptCrunch,0.027708972364797524
RiceKrispies,ShreddedWheat,0.024379950866408574
RiceKrispies,FruityPebbles,0.021027826890408764
RiceKrispies,Clusters,0.06405170219493579
RiceKrispies,CinnamonMiniBuns,0.07678671595839123
RiceKrispies,DoubleDipCrunch,0.01610357733647789
RiceKrispies,MultiGrainCheerios,0.05417254523328676
RiceKrispies,Honeycomb,0.020020704471714414
RiceKrispies,Popeye,0.0336364328105321
FrostedFlakes,CornFlakes,0.13457180652421716
FrostedFlakes,Cheerios,0.08555377417142193
FrostedFlakes,RiceKrispies,0.09076359025604155
FrostedFlakes,FrostedFlakes,-1.8314621030576235
FrostedFlakes,RaisinBran,0.07948244553608226
FrostedFlakes,Total,0.014303020615915192
FrostedFlakes,HoneyNutCheerios,0.06635184211771744
FrostedFlakes,SpecialK,0.016244262023218336
FrostedFlakes,GrapeNuts,0.026212381108804212
FrostedFlakes,SpoonSizeShdWt,0.024663308658392457
FrostedFlakes,100%Natural,0.02010619855523339
FrostedFlakes,FrostedMiniWheats,0.020063939292058755
FrostedFlakes,NutriGrain,0.022719440398131296
FrostedFlakes,Mueslix,0.013712409469797359
FrostedFlakes,Wheaties,0.10203065649020053
FrostedFlakes,RaisinBran,0.07773735909074021
FrostedFlakes,Muesli,0.013432255141642997
FrostedFlakes,CornPops,0.052349168560423785
FrostedFlakes,RaisinNutBran,0.014637962552182278
FrostedFlakes,Basic4,0.01461003633635211
FrostedFlakes,CocoaPus,0.017875336895309082
FrostedFlakes,GoldenGrahams,0.02148691807410212
FrostedFlakes,Cinn.ToastCrunch,0.020646180550745533
FrostedFlakes,FrootLoops,0.01682293274563694
FrostedFlakes,LowFatGranola,0.018461387360979263
FrostedFlakes,Trix,0.014314238589406747
FrostedFlakes,Triples,0.023914099854143712
FrostedFlakes,Crispix,0.017821527558958643
FrostedFlakes,Kix,0.020194058899963584
FrostedFlakes,LuckyCharms,0.018461342835830136
FrostedFlakes,AppleCinn.Cheerios,0.06582119258055706
FrostedFlakes,CracklinOatBran,0.013324626867411492
FrostedFlakes,BigBiscuitShdWt,0.018749959093118437
FrostedFlakes,HoneyBunchesofOats,0.019544720180850534
FrostedFlakes,GreatGraines,0.017502734603204173
FrostedFlakes,OtmlRaisinCrisp,0.015351536629613026
FrostedFlakes,OatSquares,0.02248385075260206
FrostedFlakes,RiceChex,0.017466749134641052
FrostedFlakes,TotalRaisinBran,0.013535600346379982
FrostedFlakes,Product19,0.016435400548373807
FrostedFlakes,AppleJacks,0.015523410964185632
FrostedFlakes,CaptCrunch,0.027708972453123183
FrostedFlakes,ShreddedWheat,0.024379950948113016
FrostedFlakes,FruityPebbles,0.021027826724752646
FrostedFlakes,Clusters,0.06405170206802516
FrostedFlakes,CinnamonMiniBuns,0.07678671569788707
FrostedFlakes,DoubleDipCrunch,0.016103577476745005
FrostedFlakes,MultiGrainCheerios,0.05417254590801488
FrostedFlakes,Honeycomb,0.020020704662494466
FrostedFlakes,Popeye,0.033636432888079416
RaisinBran,CornFlakes,0.1345718065482065
RaisinBran,Cheerios,0.08555377411294206
RaisinBran,RiceKrispies,0.09076359036543895
RaisinBran,FrostedFlakes,0.08192680657823
RaisinBran,RaisinBran,-1.6972358306438584
RaisinBran,Total,0.014303021348882132
RaisinBran,HoneyNutCheerios,0.0663518421800088
RaisinBran,SpecialK,0.01624426214215738
RaisinBran,GrapeNuts,0.026212381122752038
RaisinBran,SpoonSizeShdWt,0.024663308612626656
RaisinBran,100%Natural,0.02010619859696564
RaisinBran,FrostedMiniWheats,0.02006393929705962
RaisinBran,NutriGrain,0.02271944044920156
RaisinBran,Mueslix,0.013712409456543392
RaisinBran,Wheaties,0.10203065679910163
RaisinBran,RaisinBran,0.07773735898890921
RaisinBran,Muesli,0.013432255231656238
RaisinBran,CornPops,0.05234916820290449
RaisinBran,RaisinNutBran,0.014637963156717594
RaisinBran,Basic4,0.01461003614885051
RaisinBran,CocoaPus,0.017875337268904733
RaisinBran,GoldenGrahams,0.021486917974020397
RaisinBran,Cinn.ToastCrunch,0.02064618097659049
RaisinBran,FrootLoops,0.016822932793154794
RaisinBran,LowFatGranola,0.01846138780262415
RaisinBran,Trix,0.01431423853381292
RaisinBran,Triples,0.023914100107064816
RaisinBran,Crispix,0.01782152771938855
RaisinBran,Kix,0.020194059272185785
RaisinBran,LuckyCharms,0.018461343131186705
RaisinBran,AppleCinn.Cheerios,0.06582119260375605
RaisinBran,CracklinOatBran,0.01332462730641243
RaisinBran,BigBiscuitShdWt,0.018749959189931307
RaisinBran,HoneyBunchesofOats,0.019544720364530317
RaisinBran,GreatGraines,0.017502734878073405
RaisinBran,OtmlRaisinCrisp,0.0153515366184674
RaisinBran,OatSquares,0.022483851246296743
RaisinBran,RiceChex,0.017466749599212655
RaisinBran,TotalRaisinBran,0.013535600454384454
RaisinBran,Product19,0.016435400868262246
RaisinBran,AppleJacks,0.015523411692955076
RaisinBran,CaptCrunch,0.027708972833895583
RaisinBran,ShreddedWheat,0.02437995111801565
RaisinBran,FruityPebbles,0.02102782698670971
RaisinBran,Clusters,0.06405170255118309
RaisinBran,CinnamonMiniBuns,0.07678671572685827
RaisinBran,DoubleDipCrunch,0.016103577699734997
RaisinBran,MultiGrainCheerios,0.05417254571239226
RaisinBran,Honeycomb,0.02002070467763139
RaisinBran,Popeye,0.03363643309392438
Total,CornFlakes,0.03810246144203639
Total,Cheerios,0.024223570029961075
Total,RiceKrispies,0.025698669388666946
Total,FrostedFlakes,0.023196634907817676
Total,RaisinBran,0.022504542801731572
Total,Total,-2.701580824811728
Total,HoneyNutCheerios,0.01878676296623485
Total,SpecialK,0.04477546756202384
Total,GrapeNuts,0.07225146057219974
Total,SpoonSizeShdWt,0.06798161799716458
Total,100%Natural,0.05542045988639719
Total,FrostedMiniWheats,0.055303975283544506
Total,NutriGrain,0.06262356488430201
Total,Mueslix,0.0377967034446669
Total,Wheaties,0.028888809849506453
Total,RaisinBran,0.022010441031849827
Total,Muesli,0.037024490208842624
Total,CornPops,0.014822066813335753
Total,RaisinNutBran,0.0403478868846591
Total,Basic4,0.04027090976788777
Total,CocoaPus,0.017875337423594356
Total,GoldenGrahams,0.021486918877955116
Total,Cinn.ToastCrunch,0.020646180847952708
Total,FrootLoops,0.0168229329296346
Total,LowFatGranola,0.05088672286880095
Total,Trix,0.014314239017111654
Total,Triples,0.06591650877125184
Total,Crispix,0.04912302265318571
Total,Kix,0.02019405963201691
Total,LuckyCharms,0.018461343373524265
Total,AppleCinn.Cheerios,0.018636515386295707
Total,CracklinOatBran,0.036727824793805576
Total,BigBiscuitShdWt,0.05168213992932722
Total,HoneyBunchesofOats,0.05387280824318153
Total,GreatGraines,0.04824430646244824
Total,OtmlRaisinCrisp,0.042314771224615924
Total,OatSquares,0.0619741886940402
Total,RiceChex,0.048145117036301914
Total,TotalRaisinBran,0.037309349117110216
Total,Product19,0.04530232127437625
Total,AppleJacks,0.015523411649450883
Total,CaptCrunch,0.02770897262200449
Total,ShreddedWheat,0.06720057401647342
Total,FruityPebbles,0.021027827104333565
Total,Clusters,0.018135504766747548
Total,CinnamonMiniBuns,0.021741277497296898
Total,DoubleDipCrunch,0.04438768685435045
Total,MultiGrainCheerios,0.015338335037358732
Total,Honeycomb,0.020020705782178603
Total,Popeye,0.03363643319575143
HoneyNutCheerios,CornFlakes,0.13457180665934562
HoneyNutCheerios,Cheerios,0.08555377398314204
HoneyNutCheerios,RiceKrispies,0.09076359047849888
HoneyNutCheerios,FrostedFlakes,0.08192680620139545
HoneyNutCheerios,RaisinBran,0.0794824455388382
HoneyNutCheerios,Total,0.01430302078844219
HoneyNutCheerios,HoneyNutCheerios,-2.317791453787594
HoneyNutCheerios,SpecialK,0.016244261622304943
HoneyNutCheerios,GrapeNuts,0.026212381022534217
HoneyNutCheerios,SpoonSizeShdWt,0.024663308415328895
HoneyNutCheerios,100%Natural,0.0201061985515537
HoneyNutCheerios,FrostedMiniWheats,0.020063939185034765
HoneyNutCheerios,NutriGrain,0.0227194402162952
HoneyNutCheerios,Mueslix,0.013712409294197734
HoneyNutCheerios,Wheaties,0.10203065649164186
HoneyNutCheerios,RaisinBran,0.07773735889484135
HoneyNutCheerios,Muesli,0.01343225462096629
HoneyNutCheerios,CornPops,0.0523491682326724
HoneyNutCheerios,RaisinNutBran,0.014637962829015002
HoneyNutCheerios,Basic4,0.014610036062893425
HoneyNutCheerios,CocoaPus,0.017875336695688335
HoneyNutCheerios,GoldenGrahams,0.021486917961104444
HoneyNutCheerios,Cinn.ToastCrunch,0.02064618025472315
HoneyNutCheerios,FrootLoops,0.01682293239752025
HoneyNutCheerios,LowFatGranola,0.018461387555865356
HoneyNutCheerios,Trix,0.01431423827784393
HoneyNutCheerios,Triples,0.02391409998284276
HoneyNutCheerios,Crispix,0.01782152748101721
HoneyNutCheerios,Kix,0.020194058853979197
HoneyNutCheerios,LuckyCharms,0.018461342468796015
HoneyNutCheerios,AppleCinn.Cheerios,0.06582119222157234
HoneyNutCheerios,CracklinOatBran,0.013324626686402295
HoneyNutCheerios,BigBiscuitShdWt,0.018749958976097703
HoneyNutCheerios,HoneyBunchesofOats,0.01954471992907681
HoneyNutCheerios,GreatGraines,0.017502734672918872
HoneyNutCheerios,OtmlRaisinCrisp,0.015351536265180253
HoneyNutCheerios,OatSquares,0.02248385081929495
HoneyNutCheerios,RiceChex,0.01746674935664597
HoneyNutCheerios,TotalRaisinBran,0.013535600377305883
HoneyNutCheerios,Product19,0.01643540052683013
HoneyNutCheerios,AppleJacks,0.015523411157139497
HoneyNutCheerios,CaptCrunch,0.027708972530589925
HoneyNutCheerios,ShreddedWheat,0.024379950949774434
HoneyNutCheerios,FruityPebbles,0.021027826799303508
HoneyNutCheerios,Clusters,0.06405170195484301
HoneyNutCheerios,CinnamonMiniBuns,0.07678671558685309
HoneyNutCheerios,DoubleDipCrunch,0.01610357757913289
HoneyNutCheerios,MultiGrainCheerios,0.05417254551791135
HoneyNutCheerios,Honeycomb,0.020020704627437748
HoneyNutCheerios,Popeye,0.03363643294164831
SpecialK,CornFlakes,0.03810246139708104
SpecialK,Cheerios,0.024223569700226787
SpecialK,RiceKrispies,0.025698669465953533
SpecialK,FrostedFlakes,0.023196634759893444
SpecialK,RaisinBran,0.022504542588993873
SpecialK,Total,0.039424656098426505
SpecialK,HoneyNutCheerios,0.018786763071745857
SpecialK,SpecialK,-2.5975234505833673
SpecialK,GrapeNuts,0.07225146014814729
SpecialK,SpoonSizeShdWt,0.06798161735934784
SpecialK,100%Natural,0.05542045955565453
SpecialK,FrostedMiniWheats,0.05530397504197873
SpecialK,NutriGrain,0.06262356447643405
SpecialK,Mueslix,0.03779670276887157
SpecialK,Wheaties,0.028888809453980046
SpecialK,RaisinBran,0.02201044063277231
SpecialK,Muesli,0.03702449004306525
SpecialK,CornPops,0.014822066057755056
SpecialK,RaisinNutBran,0.040347885906118465
SpecialK,Basic4,0.040270909449198075
SpecialK,CocoaPus,0.017875336926799455
SpecialK,GoldenGrahams,0.021486918698420662
SpecialK,Cinn.ToastCrunch,0.020646180386752786
SpecialK,FrootLoops,0.01682293302077722
SpecialK,LowFatGranola,0.05088672314537572
SpecialK,Trix,0.014314238491940842
SpecialK,Triples,0.06591650815009664
SpecialK,Crispix,0.049123021759012266
SpecialK,Kix,0.02019405924370028
SpecialK,LuckyCharms,0.018461343491513453
SpecialK,AppleCinn.Cheerios,0.01863651541964579
SpecialK,CracklinOatBran,0.036727824342755164
SpecialK,BigBiscuitShdWt,0.05168213946464182
SpecialK,HoneyBunchesofOats,0.0538728081904764
SpecialK,GreatGraines,0.048244306230480274
SpecialK,OtmlRaisinCrisp,0.0423147708277409
SpecialK,OatSquares,0.06197418816353744
SpecialK,RiceChex,0.04814511707003979
SpecialK,TotalRaisinBran,0.037309348777680995
SpecialK,Product19,0.04530232050530988
SpecialK,AppleJacks,0.015523411414074288
SpecialK,CaptCrunch,0.027708972658551143
SpecialK,ShreddedWheat,0.0672005738244067
SpecialK,FruityPebbles,0.021027826963812706
SpecialK,Clusters,0.01813550403915804
SpecialK,CinnamonMiniBuns,0.021741277164445738
SpecialK,DoubleDipCrunch,0.044387686811829495
SpecialK,MultiGrainCheerios,0.01533833514776018
SpecialK,Honeycomb,0.020020705105541853
SpecialK,Popeye,0.033636433000057975
GrapeNuts,CornFlakes,0.03810246129835884
GrapeNuts,Cheerios,0.024223569525022533
GrapeNuts,RiceKrispies,0.025698669263896273
GrapeNuts,FrostedFlakes,0.023196634690457064
GrapeNuts,RaisinBran,0.022504542567144827
GrapeNuts,Total,0.03942465573816283
GrapeNuts,HoneyNutCheerios,0.01878676292469571
GrapeNuts,SpecialK,0.04477546748406697
GrapeNuts,GrapeNuts,-1.5526105520682163
GrapeNuts,SpoonSizeShdWt,0.06798161712797637
GrapeNuts,100%Natural,0.055420459454267094
GrapeNuts,FrostedMiniWheats,0.0553039747342815
GrapeNuts,NutriGrain,0.06262356460886072
GrapeNuts,Mueslix,0.03779670279609565
GrapeNuts,Wheaties,0.028888809436082324
GrapeNuts,RaisinBran,0.022010440563800467
GrapeNuts,Muesli,0.03702448961124087
GrapeNuts,CornPops,0.014822066223023
GrapeNuts,RaisinNutBran,0.040347885948950016
GrapeNuts,Basic4,0.04027090951206297
GrapeNuts,CocoaPus,0.017875336882226197
GrapeNuts,GoldenGrahams,0.021486918324510766
GrapeNuts,Cinn.ToastCrunch,0.020646180425949807
GrapeNuts,FrootLoops,0.016822932793038443
GrapeNuts,LowFatGranola,0.0508867227889688
GrapeNuts,Trix,0.014314238923487866
GrapeNuts,Triples,0.06591650821634089
GrapeNuts,Crispix,0.04912302143712303
GrapeNuts,Kix,0.020194059396327176
GrapeNuts,LuckyCharms,0.018461343061299304
GrapeNuts,AppleCinn.Cheerios,0.018636515214383254
GrapeNuts,CracklinOatBran,0.0367278242012653
GrapeNuts,BigBiscuitShdWt,0.05168213927535844
GrapeNuts,HoneyBunchesofOats,0.053872807861276316
GrapeNuts,GreatGraines,0.048244305950490604
GrapeNuts,OtmlRaisinCrisp,0.04231477064837393
GrapeNuts,OatSquares,0.061974188289001364
GrapeNuts,RiceChex,0.04814511682707044
GrapeNuts,TotalRaisinBran,0.037309348715293594
GrapeNuts,Product19,0.04530231988190534
GrapeNuts,AppleJacks,0.015523411429009596
GrapeNuts,CaptCrunch,0.027708972357323322
GrapeNuts,ShreddedWheat,0.0672005733048401
GrapeNuts,FruityPebbles,0.021027826911895562
GrapeNuts,Clusters,0.018135504197654
GrapeNuts,CinnamonMiniBuns,0.021741276973301814
GrapeNuts,DoubleDipCrunch,0.044387686544021664
GrapeNuts,MultiGrainCheerios,0.015338334816326935
GrapeNuts,Honeycomb,0.020020705118185905
GrapeNuts,Popeye,0.03363643318028283
SpoonSizeShdWt,CornFlakes,0.03810246137573593
SpoonSizeShdWt,Cheerios,0.024223569503789087
SpoonSizeShdWt,RiceKrispies,0.02569866904312705
SpoonSizeShdWt,FrostedFlakes,0.02319663490854144
SpoonSizeShdWt,RaisinBran,0.022504542514773775
SpoonSizeShdWt,Total,0.03942465617078208
SpoonSizeShdWt,HoneyNutCheerios,0.01878676276165861
SpoonSizeShdWt,SpecialK,0.04477546755118267
SpoonSizeShdWt,GrapeNuts,0.07225146031137052
SpoonSizeShdWt,SpoonSizeShdWt,-2.065598856062636
SpoonSizeShdWt,100%Natural,0.05542045953535942
SpoonSizeShdWt,FrostedMiniWheats,0.05530397493512753
SpoonSizeShdWt,NutriGrain,0.06262356452012406
SpoonSizeShdWt,Mueslix,0.0377967030687674
SpoonSizeShdWt,Wheaties,0.02888880939811962
SpoonSizeShdWt,RaisinBran,0.0220104404395106
SpoonSizeShdWt,Muesli,0.03702448963107468
SpoonSizeShdWt,CornPops,0.014822066207047376
SpoonSizeShdWt,RaisinNutBran,0.04034788595643707
SpoonSizeShdWt,Basic4,0.04027090991072759
SpoonSizeShdWt,CocoaPus,0.017875336902344392
SpoonSizeShdWt,GoldenGrahams,0.021486918334272
SpoonSizeShdWt,Cinn.ToastCrunch,0.02064618027427589
SpoonSizeShdWt,FrootLoops,0.016822932673352584
SpoonSizeShdWt,LowFatGranola,0.05088672279709996
SpoonSizeShdWt,Trix,0.014314238302712775
SpoonSizeShdWt,Triples,0.06591650840105431
SpoonSizeShdWt,Crispix,0.04912302233346953
SpoonSizeShdWt,Kix,0.020194059610524968
SpoonSizeShdWt,LuckyCharms,0.018461343261312716
SpoonSizeShdWt,AppleCinn.Cheerios,0.0186365151529836
SpoonSizeShdWt,CracklinOatBran,0.0367278245421832
SpoonSizeShdWt,BigBiscuitShdWt,0.05168213998053963
SpoonSizeShdWt,HoneyBunchesofOats,0.0538728080377671
SpoonSizeShdWt,GreatGraines,0.048244306105258955
SpoonSizeShdWt,OtmlRaisinCrisp,0.04231477090181093
SpoonSizeShdWt,OatSquares,0.06197418862037544
SpoonSizeShdWt,RiceChex,0.04814511665023463
SpoonSizeShdWt,TotalRaisinBran,0.037309348680795384
SpoonSizeShdWt,Product19,0.045302320187051735
SpoonSizeShdWt,AppleJacks,0.01552341150861399
SpoonSizeShdWt,CaptCrunch,0.02770897234058694
SpoonSizeShdWt,ShreddedWheat,0.06720057410152129
SpoonSizeShdWt,FruityPebbles,0.021027826983797553
SpoonSizeShdWt,Clusters,0.018135504277742687
SpoonSizeShdWt,CinnamonMiniBuns,0.021741276961025815
SpoonSizeShdWt,DoubleDipCrunch,0.04438768648222799
SpoonSizeShdWt,MultiGrainCheerios,0.015338334495063324
SpoonSizeShdWt,Honeycomb,0.020020704711304124
SpoonSizeShdWt,Popeye,0.03363643295550109
100%Natural,CornFlakes,0.038102461466572014
100%Natural,Cheerios,0.02422356986103002
100%Natural,RiceKrispies,0.0256986693641882
100%Natural,FrostedFlakes,0.02319663486464896
100%Natural,RaisinBran,0.022504542551345878
100%Natural,Total,0.03942465607397615
100%Natural,HoneyNutCheerios,0.018786763191816956
100%Natural,SpecialK,0.044775467586864036
100%Natural,GrapeNuts,0.07225146046761839
100%Natural,SpoonSizeShdWt,0.0679816179161336
100%Natural,100%Natural,-1.6453696677853418
100%Natural,FrostedMiniWheats,0.0553039750942537
100%Natural,NutriGrain,0.06262356459429062
100%Natural,Mueslix,0.037796703113366005
100%Natural,Wheaties,0.02888880970586121
100%Natural,RaisinBran,0.022010440960898086
100%Natural,Muesli,0.037024490147813886
100%Natural,CornPops,0.014822066307023493
100%Natural,RaisinNutBran,0.040347886360054167
100%Natural,Basic4,0.04027091025610872
100%Natural,CocoaPus,0.01787533703567935
100%Natural,GoldenGrahams,0.021486918694555036
100%Natural,Cinn.ToastCrunch,0.020646180580587346
100%Natural,FrootLoops,0.016822933196201685
100%Natural,LowFatGranola,0.05088672300935616
100%Natural,Trix,0.014314239258984719
100%Natural,Triples,0.06591650874167232
100%Natural,Crispix,0.049123022358677174
100%Natural,Kix,0.02019405936462009
100%Natural,LuckyCharms,0.01846134321715174
100%Natural,AppleCinn.Cheerios,0.01863651569965891
100%Natural,CracklinOatBran,0.03672782443767194
100%Natural,BigBiscuitShdWt,0.051682139858233854
100%Natural,HoneyBunchesofOats,0.0538728086653524
100%Natural,GreatGraines,0.048244306554986356
100%Natural,OtmlRaisinCrisp,0.04231477088464679
100%Natural,OatSquares,0.06197418845202733
100%Natural,RiceChex,0.048145117223278175
100%Natural,TotalRaisinBran,0.03730934929992905
100%Natural,Product19,0.045302320792522374
100%Natural,AppleJacks,0.015523411316741759
100%Natural,CaptCrunch,0.027708972798746748
100%Natural,ShreddedWheat,0.06720057368798235
100%Natural,FruityPebbles,0.021027827337758036
100%Natural,Clusters,0.018135504317631782
100%Natural,CinnamonMiniBuns,0.021741277435138047
100%Natural,DoubleDipCrunch,0.04438768667661131
100%Natural,MultiGrainCheerios,0.01533833493093678
100%Natural,Honeycomb,0.02002070514200035
100%Natural,Popeye,0.033636433388977934
FrostedMiniWheats,CornFlakes,0.038102461475373973
FrostedMiniWheats,Cheerios,0.024223569103543178
FrostedMiniWheats,RiceKrispies,0.025698669133543826
FrostedMiniWheats,FrostedFlakes,0.023196635003635172
FrostedMiniWheats,RaisinBran,0.02250454273837396
FrostedMiniWheats,Total,0.03942465586521658
FrostedMiniWheats,HoneyNutCheerios,0.018786762717014165
FrostedMiniWheats,SpecialK,0.0447754674764518
FrostedMiniWheats,GrapeNuts,0.07225146013391419
FrostedMiniWheats,SpoonSizeShdWt,0.06798161704197837
FrostedMiniWheats,100%Natural,0.055420459403247906
FrostedMiniWheats,FrostedMiniWheats,-1.9340130424960291
FrostedMiniWheats,NutriGrain,0.06262356432294854
FrostedMiniWheats,Mueslix,0.03779670252783161
FrostedMiniWheats,Wheaties,0.028888809297109363
FrostedMiniWheats,RaisinBran,0.022010440891547776
FrostedMiniWheats,Muesli,0.037024489712400736
FrostedMiniWheats,CornPops,0.014822065961823587
FrostedMiniWheats,RaisinNutBran,0.040347886081682965
FrostedMiniWheats,Basic4,0.04027090939741865
FrostedMiniWheats,CocoaPus,0.01787533686204478
FrostedMiniWheats,GoldenGrahams,0.021486918671442413
FrostedMiniWheats,Cinn.ToastCrunch,0.020646180749890695
FrostedMiniWheats,FrootLoops,0.016822932988674655
FrostedMiniWheats,LowFatGranola,0.05088672269512915
FrostedMiniWheats,Trix,0.01431423904095568
FrostedMiniWheats,Triples,0.06591650822298008
FrostedMiniWheats,Crispix,0.04912302156176209
FrostedMiniWheats,Kix,0.020194059519058342
FrostedMiniWheats,LuckyCharms,0.01846134297267204
FrostedMiniWheats,AppleCinn.Cheerios,0.018636515170699697
FrostedMiniWheats,CracklinOatBran,0.03672782441751038
FrostedMiniWheats,BigBiscuitShdWt,0.051682139579338204
FrostedMiniWheats,HoneyBunchesofOats,0.05387280793979726
FrostedMiniWheats,GreatGraines,0.048244306183020357
FrostedMiniWheats,OtmlRaisinCrisp,0.042314770784970535
FrostedMiniWheats,OatSquares,0.06197418844994453
FrostedMiniWheats,RiceChex,0.04814511662878404
FrostedMiniWheats,TotalRaisinBran,0.037309348359965064
FrostedMiniWheats,Product19,0.04530232015160526
FrostedMiniWheats,AppleJacks,0.015523411073401766
FrostedMiniWheats,CaptCrunch,0.027708972504276223
FrostedMiniWheats,ShreddedWheat,0.0672005734851675
FrostedMiniWheats,FruityPebbles,0.021027827090448724
FrostedMiniWheats,Clusters,0.01813550408786112
FrostedMiniWheats,CinnamonMiniBuns,0.02174127748289742
FrostedMiniWheats,DoubleDipCrunch,0.044387687002745216
FrostedMiniWheats,MultiGrainCheerios,0.015338334878019225
FrostedMiniWheats,Honeycomb,0.020020705255291142
FrostedMiniWheats,Popeye,0.03363643311284015
NutriGrain,CornFlakes,0.03810246141223875
NutriGrain,Cheerios,0.024223569783387536
NutriGrain,RiceKrispies,0.025698669545767865
NutriGrain,FrostedFlakes,0.02319663496072774
NutriGrain,RaisinBran,0.02250454270343764
NutriGrain,Total,0.03942465633817908
NutriGrain,HoneyNutCheerios,0.018786763188387384
NutriGrain,SpecialK,0.04477546711544816
NutriGrain,GrapeNuts,0.07225146021994217
NutriGrain,SpoonSizeShdWt,0.06798161724180074
NutriGrain,100%Natural,0.055420459472322936
NutriGrain,FrostedMiniWheats,0.05530397546960205
NutriGrain,NutriGrain,-2.116513779378886
NutriGrain,Mueslix,0.03779670339067655
NutriGrain,Wheaties,0.02888880950993162
NutriGrain,RaisinBran,0.02201044101408163
NutriGrain,Muesli,0.03702449072131102
NutriGrain,CornPops,0.014822066166922632
NutriGrain,RaisinNutBran,0.04034788641692298
NutriGrain,Basic4,0.040270909703334724
NutriGrain,CocoaPus,0.01787533722708217
NutriGrain,GoldenGrahams,0.021486918393973552
NutriGrain,Cinn.ToastCrunch,0.02064618034665395
NutriGrain,FrootLoops,0.016822933240278407
NutriGrain,LowFatGranola,0.05088672292965273
NutriGrain,Trix,0.014314239332511662
NutriGrain,Triples,0.06591650829848865
NutriGrain,Crispix,0.04912302181357915
NutriGrain,Kix,0.020194059280298004
NutriGrain,LuckyCharms,0.018461343434010506
NutriGrain,AppleCinn.Cheerios,0.018636515296735497
NutriGrain,CracklinOatBran,0.036727824811423525
NutriGrain,BigBiscuitShdWt,0.05168214010203593
NutriGrain,HoneyBunchesofOats,0.0538728078425988
NutriGrain,GreatGraines,0.04824430617770305
NutriGrain,OtmlRaisinCrisp,0.0423147712894449
NutriGrain,OatSquares,0.061974188664937084
NutriGrain,RiceChex,0.04814511693191875
NutriGrain,TotalRaisinBran,0.037309348720619424
NutriGrain,Product19,0.04530232068179375
NutriGrain,AppleJacks,0.015523411892328363
NutriGrain,CaptCrunch,0.027708972927027002
NutriGrain,ShreddedWheat,0.06720057354344754
NutriGrain,FruityPebbles,0.02102782695695792
NutriGrain,Clusters,0.0181355044250763
NutriGrain,CinnamonMiniBuns,0.021741277070631573
NutriGrain,DoubleDipCrunch,0.04438768643023921
NutriGrain,MultiGrainCheerios,0.015338335085456683
NutriGrain,Honeycomb,0.02002070553437258
NutriGrain,Popeye,0.03363643329053149
Mueslix,CornFlakes,0.03810246157801763
Mueslix,Cheerios,0.024223569418929242
Mueslix,RiceKrispies,0.025698669395779163
Mueslix,FrostedFlakes,0.023196634912237765
Mueslix,RaisinBran,0.02250454258416454
Mueslix,Total,0.03942465617559366
Mueslix,HoneyNutCheerios,0.018786763127877224
Mueslix,SpecialK,0.0447754675420482
Mueslix,GrapeNuts,0.07225146050189514
Mueslix,SpoonSizeShdWt,0.06798161788890736
Mueslix,100%Natural,0.05542045954346499
Mueslix,FrostedMiniWheats,0.05530397542084374
Mueslix,NutriGrain,0.06262356456265082
Mueslix,Mueslix,-2.4754243900922237
Mueslix,Wheaties,0.028888809778912707
Mueslix,RaisinBran,0.022010440990240517
Mueslix,Muesli,0.03702448991649183
Mueslix,CornPops,0.01482206624907733
Mueslix,RaisinNutBran,0.04034788643449373
Mueslix,Basic4,0.04027091002214373
Mueslix,CocoaPus,0.01787533709517319
Mueslix,GoldenGrahams,0.02148691900394158
Mueslix,Cinn.ToastCrunch,0.02064618087586833
Mueslix,FrootLoops,0.016822933176215995
Mueslix,LowFatGranola,0.050886723190672924
Mueslix,Trix,0.014314239092154976
Mueslix,Triples,0.06591650893993718
Mueslix,Crispix,0.04912302202054407
Mueslix,Kix,0.02019405993531428
Mueslix,LuckyCharms,0.0184613437664962
Mueslix,AppleCinn.Cheerios,0.018636515647694314
Mueslix,CracklinOatBran,0.03672782477616131
Mueslix,BigBiscuitShdWt,0.05168213983056113
Mueslix,HoneyBunchesofOats,0.05387280833450508
Mueslix,GreatGraines,0.04824430638817392
Mueslix,OtmlRaisinCrisp,0.042314771138948895
Mueslix,OatSquares,0.06197418825946409
Mueslix,RiceChex,0.048145117434995624
Mueslix,TotalRaisinBran,0.03730934928142772
Mueslix,Product19,0.04530232084295852
Mueslix,AppleJacks,0.015523411571955033
Mueslix,CaptCrunch,0.027708972459678675
Mueslix,ShreddedWheat,0.06720057399271599
Mueslix,FruityPebbles,0.02102782697239686
Mueslix,Clusters,0.01813550444087386
Mueslix,CinnamonMiniBuns,0.02174127735472975
Mueslix,DoubleDipCrunch,0.044387687250325956
Mueslix,MultiGrainCheerios,0.015338335001072446
Mueslix,Honeycomb,0.02002070523021264
Mueslix,Popeye,0.03363643326030437
Wheaties,CornFlakes,0.13457180648268155
Wheaties,Cheerios,0.08555377417098362
Wheaties,RiceKrispies,0.09076359031484453
Wheaties,FrostedFlakes,0.08192680592557802
Wheaties,RaisinBran,0.07948244587088375
Wheaties,Total,0.014303021252005681
Wheaties,HoneyNutCheerios,0.06635184197788803
Wheaties,SpecialK,0.016244261763019654
Wheaties,GrapeNuts,0.026212381039993005
Wheaties,SpoonSizeShdWt,0.024663308601029412
Wheaties,100%Natural,0.020106198440174333
Wheaties,FrostedMiniWheats,0.020063939349082325
Wheaties,NutriGrain,0.02271944035057747
Wheaties,Mueslix,0.01371240955047203
Wheaties,Wheaties,-1.834136707615574
Wheaties,RaisinBran,0.07773735899585953
Wheaties,Muesli,0.013432255029607558
Wheaties,CornPops,0.052349168034032195
Wheaties,RaisinNutBran,0.014637962733793296
Wheaties,Basic4,0.014610036509671099
Wheaties,CocoaPus,0.01787533699321574
Wheaties,GoldenGrahams,0.021486917719276195
Wheaties,Cinn.ToastCrunch,0.020646180666045403
Wheaties,FrootLoops,0.01682293282112203
Wheaties,LowFatGranola,0.01846138746649063
Wheaties,Trix,0.014314238155999845
Wheaties,Triples,0.023914100148255762
Wheaties,Crispix,0.01782152779441583
Wheaties,Kix,0.020194058709490634
Wheaties,LuckyCharms,0.018461342871367716
Wheaties,AppleCinn.Cheerios,0.06582119192299073
Wheaties,CracklinOatBran,0.013324627082983471
Wheaties,BigBiscuitShdWt,0.01874995940345511
Wheaties,HoneyBunchesofOats,0.019544720181079885
Wheaties,GreatGraines,0.017502734704401238
Wheaties,OtmlRaisinCrisp,0.015351536507148603
Wheaties,OatSquares,0.02248385113467862
Wheaties,RiceChex,0.017466749373219792
Wheaties,TotalRaisinBran,0.013535600774044327
Wheaties,Product19,0.016435400782146663
Wheaties,AppleJacks,0.01552341138851712
Wheaties,CaptCrunch,0.02770897252656737
Wheaties,ShreddedWheat,0.024379951102670522
Wheaties,FruityPebbles,0.021027826821611632
Wheaties,Clusters,0.06405170184583586
Wheaties,CinnamonMiniBuns,0.07678671533405874
Wheaties,DoubleDipCrunch,0.01610357742012971
Wheaties,MultiGrainCheerios,0.054172545464316095
Wheaties,Honeycomb,0.02002070478081738
Wheaties,Popeye,0.03363643305287484
RaisinBran,CornFlakes,0.134571806625527
RaisinBran,Cheerios,0.08555377445326348
RaisinBran,RiceKrispies,0.09076359037870628
RaisinBran,FrostedFlakes,0.08192680619547249
RaisinBran,RaisinBran,0.07948244586043327
RaisinBran,Total,0.014303021286280516
RaisinBran,HoneyNutCheerios,0.06635184258722379
RaisinBran,SpecialK,0.016244261887282313
RaisinBran,GrapeNuts,0.02621238127740159
RaisinBran,SpoonSizeShdWt,0.024663308612956292
RaisinBran,100%Natural,0.02010619864898665
RaisinBran,FrostedMiniWheats,0.020063939175182868
RaisinBran,NutriGrain,0.022719440468957165
RaisinBran,Mueslix,0.01371240950543384
RaisinBran,Wheaties,0.1020306567077434
RaisinBran,RaisinBran,-1.6154599731746992
RaisinBran,Muesli,0.013432255265348202
RaisinBran,CornPops,0.05234916808326282
RaisinBran,RaisinNutBran,0.014637963254626043
RaisinBran,Basic4,0.014610036525404746
RaisinBran,CocoaPus,0.017875337067614572
RaisinBran,GoldenGrahams,0.021486917874513133
RaisinBran,Cinn.ToastCrunch,0.020646180732536937
RaisinBran,FrootLoops,0.01682293313235157
RaisinBran,LowFatGranola,0.018461387836862034
RaisinBran,Trix,0.014314238330052676
RaisinBran,Triples,0.02391410028949559
RaisinBran,Crispix,0.01782152766752696
RaisinBran,Kix,0.020194058975052
RaisinBran,LuckyCharms,0.018461342858792553
RaisinBran,AppleCinn.Cheerios,0.06582119266411832
RaisinBran,CracklinOatBran,0.013324626954053042
RaisinBran,BigBiscuitShdWt,0.018749959528416158
RaisinBran,HoneyBunchesofOats,0.019544720381297245
RaisinBran,GreatGraines,0.01750273466482873
RaisinBran,OtmlRaisinCrisp,0.015351536794891965
RaisinBran,OatSquares,0.0224838509256859
RaisinBran,RiceChex,0.017466749701922083
RaisinBran,TotalRaisinBran,0.01353560057056679
RaisinBran,Product19,0.016435401054392083
RaisinBran,AppleJacks,0.01552341160645243
RaisinBran,CaptCrunch,0.027708972706975657
RaisinBran,ShreddedWheat,0.024379951402102355
RaisinBran,FruityPebbles,0.02102782731276255
RaisinBran,Clusters,0.06405170234586778
RaisinBran,CinnamonMiniBuns,0.07678671604124292
RaisinBran,DoubleDipCrunch,0.01610357783910732
RaisinBran,MultiGrainCheerios,0.054172546173897884
RaisinBran,Honeycomb,0.020020705080704883
RaisinBran,Popeye,0.03363643310585955
Muesli,CornFlakes,0.03810246121588555
Muesli,Cheerios,0.024223569233782584
Muesli,RiceKrispies,0.025698669043020005
Muesli,FrostedFlakes,0.02319663484814267
Muesli,RaisinBran,0.022504542665573644
Muesli,Total,0.0394246562543637
Muesli,HoneyNutCheerios,0.01878676305802655
Muesli,SpecialK,0.04477546728430956
Muesli,GrapeNuts,0.07225146025187353
Muesli,SpoonSizeShdWt,0.0679816174086779
Muesli,100%Natural,0.05542045934518368
Muesli,FrostedMiniWheats,0.05530397516008243
Muesli,NutriGrain,0.06262356445177276
Muesli,Mueslix,0.03779670315981681
Muesli,Wheaties,0.028888809585142266
Muesli,RaisinBran,0.022010440551402322
Muesli,Muesli,-2.4989750417540897
Muesli,CornPops,0.01482206572327347
Muesli,RaisinNutBran,0.040347886054281544
Muesli,Basic4,0.04027090994085586
Muesli,CocoaPus,0.017875337226675076
Muesli,GoldenGrahams,0.02148691825638992
Muesli,Cinn.ToastCrunch,0.020646180372283177
Muesli,FrootLoops,0.01682293257057126
Muesli,LowFatGranola,0.050886723051758946
Muesli,Trix,0.014314238390209606
Muesli,Triples,0.06591650851860677
Muesli,Crispix,0.0491230220418522
Muesli,Kix,0.020194059301065343
Muesli,LuckyCharms,0.018461343194816425
Muesli,AppleCinn.Cheerios,0.018636514977501264
Muesli,CracklinOatBran,0.03672782474946694
Muesli,BigBiscuitShdWt,0.05168213979179169
Muesli,HoneyBunchesofOats,0.0538728082010468
Muesli,GreatGraines,0.04824430623774039
Muesli,OtmlRaisinCrisp,0.0423147709047646
Muesli,OatSquares,0.06197418815311081
Muesli,RiceChex,0.04814511718031628
Muesli,TotalRaisinBran,0.0373093490302247
Muesli,Product19,0.04530232017306957
Muesli,AppleJacks,0.015523411707775648
Muesli,CaptCrunch,0.027708972330217664
Muesli,ShreddedWheat,0.0672005740585825
Muesli,FruityPebbles,0.021027827089080492
Muesli,Clusters,0.018135504494395348
Muesli,CinnamonMiniBuns,0.02174127728026748
Muesli,DoubleDipCrunch,0.044387686966394994
Muesli,MultiGrainCheerios,0.015338335012724436
Muesli,Honeycomb,0.020020704786558995
Muesli,Popeye,0.033636433218013975
CornPops,CornFlakes,0.1345718064074776
CornPops,Cheerios,0.08555377400249446
CornPops,RiceKrispies,0.09076359037880571
CornPops,FrostedFlakes,0.08192680625882248
CornPops,RaisinBran,0.07948244555666202
CornPops,Total,0.014303020978157324
CornPops,HoneyNutCheerios,0.06635184212760904
CornPops,SpecialK,0.016244262078083622
CornPops,GrapeNuts,0.026212380974334766
CornPops,SpoonSizeShdWt,0.024663308777059294
CornPops,100%Natural,0.020106198816533694
CornPops,FrostedMiniWheats,0.02006393907648872
CornPops,NutriGrain,0.022719440445278277
CornPops,Mueslix,0.01371240929245353
CornPops,Wheaties,0.1020306562708091
CornPops,RaisinBran,0.07773735928651739
CornPops,Muesli,0.013432255127175587
CornPops,CornPops,-2.6127281931808755
CornPops,RaisinNutBran,0.01463796303985752
CornPops,Basic4,0.014610036582425129
CornPops,CocoaPus,0.017875336755240834
CornPops,GoldenGrahams,0.021486918092670493
CornPops,Cinn.ToastCrunch,0.020646180511953813
CornPops,FrootLoops,0.01682293276263984
CornPops,LowFatGranola,0.01846138781656995
CornPops,Trix,0.014314238245682075
CornPops,Triples,0.023914099883865135
CornPops,Crispix,0.017821527849380462
CornPops,Kix,0.020194058695662948
CornPops,LuckyCharms,0.01846134294876571
CornPops,AppleCinn.Cheerios,0.06582119220095706
CornPops,CracklinOatBran,0.013324626756830582
CornPops,BigBiscuitShdWt,0.018749959195987747
CornPops,HoneyBunchesofOats,0.019544720211432855
CornPops,GreatGraines,0.01750273498566445
CornPops,OtmlRaisinCrisp,0.015351536472654834
CornPops,OatSquares,0.02248385120116253
CornPops,RiceChex,0.017466749260245173
CornPops,TotalRaisinBran,0.013535600917569132
CornPops,Product19,0.016435400654923715
CornPops,AppleJacks,0.015523411403123504
CornPops,CaptCrunch,0.0277089724137042
CornPops,ShreddedWheat,0.024379951363508304
CornPops,FruityPebbles,0.021027827279626352
CornPops,Clusters,0.06405170221526954
CornPops,CinnamonMiniBuns,0.07678671558136614
CornPops,DoubleDipCrunch,0.016103577667479815
CornPops,MultiGrainCheerios,0.05417254558689213
CornPops,Honeycomb,0.020020704770541253
CornPops,Popeye,0.03363643295437089
RaisinNutBran,CornFlakes,0.0381024614024957
RaisinNutBran,Cheerios,0.02422356948482667
RaisinNutBran,RiceKrispies,0.025698669595544173
RaisinNutBran,FrostedFlakes,0.02319663489430295
RaisinNutBran,RaisinBran,0.02250454262380175
RaisinNutBran,Total,0.039424655888350854
RaisinNutBran,HoneyNutCheerios,0.018786762925799845
RaisinNutBran,SpecialK,0.04477546740636353
RaisinNutBran,GrapeNuts,0.07225146035088531
RaisinNutBran,SpoonSizeShdWt,0.06798161736192447
RaisinNutBran,100%Natural,0.05542045965724089
RaisinNutBran,FrostedMiniWheats,0.05530397509536965
RaisinNutBran,NutriGrain,0.06262356452334215
RaisinNutBran,Mueslix,0.03779670274758358
RaisinNutBran,Wheaties,0.028888809667882747
RaisinNutBran,RaisinBran,0.022010440794627086
RaisinNutBran,Muesli,0.037024489933033554
RaisinNutBran,CornPops,0.014822066382288328
RaisinNutBran,RaisinNutBran,-2.2223103824237627
RaisinNutBran,Basic4,0.04027090986230559
RaisinNutBran,CocoaPus,0.01787533712045859
RaisinNutBran,GoldenGrahams,0.021486918698915447
RaisinNutBran,Cinn.ToastCrunch,0.02064618043925273
RaisinNutBran,FrootLoops,0.016822932755529808
RaisinNutBran,LowFatGranola,0.050886722861140314
RaisinNutBran,Trix,0.014314239260146034
RaisinNutBran,Triples,0.0659165084571528
RaisinNutBran,Crispix,0.04912302195152227
RaisinNutBran,Kix,0.020194059471077615
RaisinNutBran,LuckyCharms,0.018461343616876694
RaisinNutBran,AppleCinn.Cheerios,0.018636515382778385
RaisinNutBran,CracklinOatBran,0.03672782465554051
RaisinNutBran,BigBiscuitShdWt,0.051682139840963405
RaisinNutBran,HoneyBunchesofOats,0.05387280820345209
RaisinNutBran,GreatGraines,0.04824430657948011
RaisinNutBran,OtmlRaisinCrisp,0.04231477129240416
RaisinNutBran,OatSquares,0.06197418824717784
RaisinNutBran,RiceChex,0.04814511705878716
RaisinNutBran,TotalRaisinBran,0.03730934903707688
RaisinNutBran,Product19,0.045302320586923024
RaisinNutBran,AppleJacks,0.015523411554483712
RaisinNutBran,CaptCrunch,0.027708972629883016
RaisinNutBran,ShreddedWheat,0.06720057408524004
RaisinNutBran,FruityPebbles,0.02102782688098451
RaisinNutBran,Clusters,0.018135504681354726
RaisinNutBran,CinnamonMiniBuns,0.02174127712094438
RaisinNutBran,DoubleDipCrunch,0.04438768704717087
RaisinNutBran,MultiGrainCheerios,0.01533833525230784
RaisinNutBran,Honeycomb,0.020020705186956672
RaisinNutBran,Popeye,0.03363643306520524
Basic4,CornFlakes,0.038102461477166734
Basic4,Cheerios,0.02422356955157493
Basic4,RiceKrispies,0.02569866928891251
Basic4,FrostedFlakes,0.023196635100945627
Basic4,RaisinBran,0.02250454287895341
Basic4,Total,0.039424656591498165
Basic4,HoneyNutCheerios,0.018786762747326526
Basic4,SpecialK,0.04477546753874958
Basic4,GrapeNuts,0.0722514602680743
Basic4,SpoonSizeShdWt,0.06798161770275304
Basic4,100%Natural,0.055420459411867365
Basic4,FrostedMiniWheats,0.0553039748910952
Basic4,NutriGrain,0.0626235647261768
Basic4,Mueslix,0.03779670280402616
Basic4,Wheaties,0.028888809570268147
Basic4,RaisinBran,0.022010440955426917
Basic4,Muesli,0.03702449020672077
Basic4,CornPops,0.014822066513696814
Basic4,RaisinNutBran,0.04034788633460237
Basic4,Basic4,-2.4425789338456463
Basic4,CocoaPus,0.017875337145635717
Basic4,GoldenGrahams,0.0214869185965673
Basic4,Cinn.ToastCrunch,0.02064618058336526
Basic4,FrootLoops,0.016822932977480984
Basic4,LowFatGranola,0.050886723270315626
Basic4,Trix,0.014314239144906411
Basic4,Triples,0.06591650856671048
Basic4,Crispix,0.049123021924903795
Basic4,Kix,0.02019405969530193
Basic4,LuckyCharms,0.018461343518109477
Basic4,AppleCinn.Cheerios,0.0186365153409083
Basic4,CracklinOatBran,0.03672782469691907
Basic4,BigBiscuitShdWt,0.05168213996812787
Basic4,HoneyBunchesofOats,0.05387280829357678
Basic4,GreatGraines,0.048244306238502184
Basic4,OtmlRaisinCrisp,0.042314771065197126
Basic4,OatSquares,0.06197418840736143
Basic4,RiceChex,0.04814511714504801
Basic4,TotalRaisinBran,0.03730934894224006
Basic4,Product19,0.04530232051752834
Basic4,AppleJacks,0.015523411867053184
Basic4,CaptCrunch,0.027708972702999077
Basic4,ShreddedWheat,0.06720057379441023
Basic4,FruityPebbles,0.02102782687945801
Basic4,Clusters,0.018135504396136013
Basic4,CinnamonMiniBuns,0.02174127742230499
Basic4,DoubleDipCrunch,0.04438768670586411
Basic4,MultiGrainCheerios,0.01533833497131874
Basic4,Honeycomb,0.02002070534235117
Basic4,Popeye,0.0336364332050642
CocoaPus,CornFlakes,0.038102461242334684
CocoaPus,Cheerios,0.024223569486010565
CocoaPus,RiceKrispies,0.025698669375632165
CocoaPus,FrostedFlakes,0.023196634672529224
CocoaPus,RaisinBran,0.022504542361016035
CocoaPus,Total,0.014303021221863785
CocoaPus,HoneyNutCheerios,0.01878676301613771
CocoaPus,SpecialK,0.01624426195267577
CocoaPus,GrapeNuts,0.02621238129807521
CocoaPus,SpoonSizeShdWt,0.024663308492989366
CocoaPus,100%Natural,0.02010619859930944
CocoaPus,FrostedMiniWheats,0.020063939456986805
CocoaPus,NutriGrain,0.02271944065784101
CocoaPus,Mueslix,0.013712409243553316
CocoaPus,Wheaties,0.028888809681269237
CocoaPus,RaisinBran,0.02201044089202364
CocoaPus,Muesli,0.013432255121279178
CocoaPus,CornPops,0.014822066474808064
CocoaPus,RaisinNutBran,0.014637962876806266
CocoaPus,Basic4,0.014610036310734265
CocoaPus,CocoaPus,-2.548676525615037
CocoaPus,GoldenGrahams,0.09428437253949776
CocoaPus,Cinn.ToastCrunch,0.09059522375527189
CocoaPus,FrootLoops,0.07381885054698373
CocoaPus,LowFatGranola,0.018461387446058065
CocoaPus,Trix,0.06281072891004394
CocoaPus,Triples,0.023914100240870574
CocoaPus,Crispix,0.017821527928884053
CocoaPus,Kix,0.08861131896238411
CocoaPus,LuckyCharms,0.08100817853136844
CocoaPus,AppleCinn.Cheerios,0.018636514898397096
CocoaPus,CracklinOatBran,0.013324627180719013
CocoaPus,BigBiscuitShdWt,0.01874995945897401
CocoaPus,HoneyBunchesofOats,0.019544720036063706
CocoaPus,GreatGraines,0.01750273469072714
CocoaPus,OtmlRaisinCrisp,0.015351536327247024
CocoaPus,OatSquares,0.022483851139027504
CocoaPus,RiceChex,0.017466749667337533
CocoaPus,TotalRaisinBran,0.013535600588082047
CocoaPus,Product19,0.016435400762137953
CocoaPus,AppleJacks,0.06811656378389132
CocoaPus,CaptCrunch,0.12158668179531439
CocoaPus,ShreddedWheat,0.024379951196491886
CocoaPus,FruityPebbles,0.09226988533003035
CocoaPus,Clusters,0.01813550432554382
CocoaPus,CinnamonMiniBuns,0.021741276768095077
CocoaPus,DoubleDipCrunch,0.01610357793025572
CocoaPus,MultiGrainCheerios,0.015338334587020018
CocoaPus,Honeycomb,0.08785064195555871
CocoaPus,Popeye,0.14759632302347053
GoldenGrahams,CornFlakes,0.038102461564843496
GoldenGrahams,Cheerios,0.024223569479875504
GoldenGrahams,RiceKrispies,0.025698669615674314
GoldenGrahams,FrostedFlakes,0.023196634911926795
GoldenGrahams,RaisinBran,0.022504542603944785
GoldenGrahams,Total,0.014303021409309391
GoldenGrahams,HoneyNutCheerios,0.018786763562033935
GoldenGrahams,SpecialK,0.016244262070295525
GoldenGrahams,GrapeNuts,0.026212381310331604
GoldenGrahams,SpoonSizeShdWt,0.024663308781451905
GoldenGrahams,100%Natural,0.020106199027945904
GoldenGrahams,FrostedMiniWheats,0.02006393982528862
GoldenGrahams,NutriGrain,0.022719440895940326
GoldenGrahams,Mueslix,0.013712409877714458
GoldenGrahams,Wheaties,0.028888809819320654
GoldenGrahams,RaisinBran,0.022010440985636922
GoldenGrahams,Muesli,0.01343225529419728
GoldenGrahams,CornPops,0.01482206668969589
GoldenGrahams,RaisinNutBran,0.01463796295458558
GoldenGrahams,Basic4,0.01461003666816942
GoldenGrahams,CocoaPus,0.07843679179139595
GoldenGrahams,GoldenGrahams,-2.3657870722773815
GoldenGrahams,Cinn.ToastCrunch,0.09059522397848581
GoldenGrahams,FrootLoops,0.07381885053653445
GoldenGrahams,LowFatGranola,0.018461387830052918
GoldenGrahams,Trix,0.06281072928392122
GoldenGrahams,Triples,0.02391410023640612
GoldenGrahams,Crispix,0.0178215281503798
GoldenGrahams,Kix,0.08861131903630258
GoldenGrahams,LuckyCharms,0.08100817870186243
GoldenGrahams,AppleCinn.Cheerios,0.018636515216878105
GoldenGrahams,CracklinOatBran,0.013324627432652196
GoldenGrahams,BigBiscuitShdWt,0.018749959843204957
GoldenGrahams,HoneyBunchesofOats,0.019544720281259424
GoldenGrahams,GreatGraines,0.01750273487096986
GoldenGrahams,OtmlRaisinCrisp,0.01535153678950613
GoldenGrahams,OatSquares,0.02248385149096486
GoldenGrahams,RiceChex,0.017466749873446066
GoldenGrahams,TotalRaisinBran,0.013535601021815653
GoldenGrahams,Product19,0.01643540122278999
GoldenGrahams,AppleJacks,0.06811656389217909
GoldenGrahams,CaptCrunch,0.12158668203961018
GoldenGrahams,ShreddedWheat,0.02437995150223185
GoldenGrahams,FruityPebbles,0.09226988560856017
GoldenGrahams,Clusters,0.018135504772505674
GoldenGrahams,CinnamonMiniBuns,0.02174127719432928
GoldenGrahams,DoubleDipCrunch,0.016103578056954452
GoldenGrahams,MultiGrainCheerios,0.01533833459608661
GoldenGrahams,Honeycomb,0.08785064203791838
GoldenGrahams,Popeye,0.14759632306889287
Cinn.ToastCrunch,CornFlakes,0.038102461449644555
Cinn.ToastCrunch,Cheerios,0.024223569453240244
Cinn.ToastCrunch,RiceKrispies,0.025698669295172474
Cinn.ToastCrunch,FrostedFlakes,0.023196634626390586
Cinn.ToastCrunch,RaisinBran,0.0225045423408901
Cinn.ToastCrunch,Total,0.014303021341525031
Cinn.ToastCrunch,HoneyNutCheerios,0.01878676335941667
Cinn.ToastCrunch,SpecialK,0.016244261725746657
Cinn.ToastCrunch,GrapeNuts,0.026212381260259682
Cinn.ToastCrunch,SpoonSizeShdWt,0.024663308514243348
Cinn.ToastCrunch,100%Natural,0.020106198771779417
Cinn.ToastCrunch,FrostedMiniWheats,0.02006393945191037
Cinn.ToastCrunch,NutriGrain,0.02271944069183484
Cinn.ToastCrunch,Mueslix,0.01371240971674367
Cinn.ToastCrunch,Wheaties,0.02888880967018231
Cinn.ToastCrunch,RaisinBran,0.022010440877245022
Cinn.ToastCrunch,Muesli,0.013432255243276008
Cinn.ToastCrunch,CornPops,0.014822066446445245
Cinn.ToastCrunch,RaisinNutBran,0.014637962651609463
Cinn.ToastCrunch,Basic4,0.0146100365666691
Cinn.ToastCrunch,CocoaPus,0.07843679227056197
Cinn.ToastCrunch,GoldenGrahams,0.09428437247748202
Cinn.ToastCrunch,Cinn.ToastCrunch,-2.460589973711981
Cinn.ToastCrunch,FrootLoops,0.07381885032154654
Cinn.ToastCrunch,LowFatGranola,0.018461387755227834
Cinn.ToastCrunch,Trix,0.0628107291509177
Cinn.ToastCrunch,Triples,0.023914100161118605
Cinn.ToastCrunch,Crispix,0.01782152760590506
Cinn.ToastCrunch,Kix,0.08861131872977801
Cinn.ToastCrunch,LuckyCharms,0.08100817849604314
Cinn.ToastCrunch,AppleCinn.Cheerios,0.018636515249357895
Cinn.ToastCrunch,CracklinOatBran,0.013324627130608039
Cinn.ToastCrunch,BigBiscuitShdWt,0.01874995951428162
Cinn.ToastCrunch,HoneyBunchesofOats,0.019544720069596382
Cinn.ToastCrunch,GreatGraines,0.01750273443696937
Cinn.ToastCrunch,OtmlRaisinCrisp,0.015351536290586457
Cinn.ToastCrunch,OatSquares,0.022483851201735485
Cinn.ToastCrunch,RiceChex,0.01746674953018959
Cinn.ToastCrunch,TotalRaisinBran,0.013535600634250099
Cinn.ToastCrunch,Product19,0.0164354010453765
Cinn.ToastCrunch,AppleJacks,0.06811656408640912
Cinn.ToastCrunch,CaptCrunch,0.12158668170825891
Cinn.ToastCrunch,ShreddedWheat,0.024379951153981984
Cinn.ToastCrunch,FruityPebbles,0.09226988504829216
Cinn.ToastCrunch,Clusters,0.018135504239352496
Cinn.ToastCrunch,CinnamonMiniBuns,0.021741276846430454
Cinn.ToastCrunch,DoubleDipCrunch,0.016103577885113303
Cinn.ToastCrunch,MultiGrainCheerios,0.01533833472430859
Cinn.ToastCrunch,Honeycomb,0.08785064175993114
Cinn.ToastCrunch,Popeye,0.14759632297088587
FrootLoops,CornFlakes,0.03810246128220582
FrootLoops,Cheerios,0.024223569565188036
FrootLoops,RiceKrispies,0.02569866919290688
FrootLoops,FrostedFlakes,0.02319663483236214
FrootLoops,RaisinBran,0.022504542549222663
FrootLoops,Total,0.014303020994787165
FrootLoops,HoneyNutCheerios,0.018786763186554915
FrootLoops,SpecialK,0.01624426173086936
FrootLoops,GrapeNuts,0.026212381095077144
FrootLoops,SpoonSizeShdWt,0.02466330846605294
FrootLoops,100%Natural,0.020106198682114454
FrootLoops,FrostedMiniWheats,0.020063939357557646
FrootLoops,NutriGrain,0.022719440391695277
FrootLoops,Mueslix,0.013712409458454056
FrootLoops,Wheaties,0.028888809674568108
FrootLoops,RaisinBran,0.02201044061909448
FrootLoops,Muesli,0.013432255265810707
FrootLoops,CornPops,0.014822066075870234
FrootLoops,RaisinNutBran,0.014637962815253047
FrootLoops,Basic4,0.01461003637029424
FrootLoops,CocoaPus,0.07843679217517034
FrootLoops,GoldenGrahams,0.0942843725570903
FrootLoops,Cinn.ToastCrunch,0.09059522404021583
FrootLoops,FrootLoops,-2.606444154365662
FrootLoops,LowFatGranola,0.01846138745148327
FrootLoops,Trix,0.06281072915975183
FrootLoops,Triples,0.02391410039369241
FrootLoops,Crispix,0.017821527952100978
FrootLoops,Kix,0.08861131882658851
FrootLoops,LuckyCharms,0.08100817912985017
FrootLoops,AppleCinn.Cheerios,0.0186365151669202
FrootLoops,CracklinOatBran,0.013324627341983628
FrootLoops,BigBiscuitShdWt,0.01874995959959035
FrootLoops,HoneyBunchesofOats,0.019544720000261893
FrootLoops,GreatGraines,0.017502734658766332
FrootLoops,OtmlRaisinCrisp,0.015351536650381388
FrootLoops,OatSquares,0.022483851004277685
FrootLoops,RiceChex,0.01746674941288079
FrootLoops,TotalRaisinBran,0.013535600976846206
FrootLoops,Product19,0.016435401040891164
FrootLoops,AppleJacks,0.0681165637224707
FrootLoops,CaptCrunch,0.1215866816144748
FrootLoops,ShreddedWheat,0.02437995115132857
FrootLoops,FruityPebbles,0.09226988527466036
FrootLoops,Clusters,0.018135504424843605
FrootLoops,CinnamonMiniBuns,0.02174127676403653
FrootLoops,DoubleDipCrunch,0.01610357817299122
FrootLoops,MultiGrainCheerios,0.015338334823092138
FrootLoops,Honeycomb,0.08785064125485677
FrootLoops,Popeye,0.1475963226988112
LowFatGranola,CornFlakes,0.03810246144401229
LowFatGranola,Cheerios,0.024223569610430713
LowFatGranola,RiceKrispies,0.02569866925147195
LowFatGranola,FrostedFlakes,0.02319663477957511
LowFatGranola,RaisinBran,0.022504542549625587
LowFatGranola,Total,0.039424656661790146
LowFatGranola,HoneyNutCheerios,0.018786762834082007
LowFatGranola,SpecialK,0.0447754674632495
LowFatGranola,GrapeNuts,0.07225146051167389
LowFatGranola,SpoonSizeShdWt,0.06798161725715625
LowFatGranola,100%Natural,0.0554204599186176
LowFatGranola,FrostedMiniWheats,0.05530397531310617
LowFatGranola,NutriGrain,0.06262356469739493
LowFatGranola,Mueslix,0.037796703320951974
LowFatGranola,Wheaties,0.028888809406437923
LowFatGranola,RaisinBran,0.02201044084043226
LowFatGranola,Muesli,0.03702449050347808
LowFatGranola,CornPops,0.014822066301453314
LowFatGranola,RaisinNutBran,0.04034788607155444
LowFatGranola,Basic4,0.040270909461166196
LowFatGranola,CocoaPus,0.01787533695590756
LowFatGranola,GoldenGrahams,0.0214869183998136
LowFatGranola,Cinn.ToastCrunch,0.020646180424513376
LowFatGranola,FrootLoops,0.016822932896204484
LowFatGranola,LowFatGranola,-1.9839871697938198
LowFatGranola,Trix,0.01431423876978566
LowFatGranola,Triples,0.06591650835688098
LowFatGranola,Crispix,0.04912302183225907
LowFatGranola,Kix,0.020194059454584336
LowFatGranola,LuckyCharms,0.018461343262201044
LowFatGranola,AppleCinn.Cheerios,0.018636515174671225
LowFatGranola,CracklinOatBran,0.03672782506324251
LowFatGranola,BigBiscuitShdWt,0.05168213948283524
LowFatGranola,HoneyBunchesofOats,0.05387280806187625
LowFatGranola,GreatGraines,0.04824430611973355
LowFatGranola,OtmlRaisinCrisp,0.04231477114595602
LowFatGranola,OatSquares,0.06197418862572069
LowFatGranola,RiceChex,0.048145117223537155
LowFatGranola,TotalRaisinBran,0.037309349184800285
LowFatGranola,Product19,0.04530232075800481
LowFatGranola,AppleJacks,0.015523411283486275
LowFatGranola,CaptCrunch,0.027708972667116482
LowFatGranola,ShreddedWheat,0.06720057394605694
LowFatGranola,FruityPebbles,0.021027826829028963
LowFatGranola,Clusters,0.018135504198139345
LowFatGranola,CinnamonMiniBuns,0.02174127716146782
LowFatGranola,DoubleDipCrunch,0.04438768699091094
LowFatGranola,MultiGrainCheerios,0.015338334983395622
LowFatGranola,Honeycomb,0.020020704965941064
LowFatGranola,Popeye,0.03363643314607953
Trix,CornFlakes,0.03810246150462926
Trix,Cheerios,0.024223569535657807
Trix,RiceKrispies,0.025698669595835957
Trix,FrostedFlakes,0.02319663490854326
Trix,RaisinBran,0.022504542547113152
Trix,Total,0.014303021335675006
Trix,HoneyNutCheerios,0.01878676342412229
Trix,SpecialK,0.016244261894925588
Trix,GrapeNuts,0.026212381236408483
Trix,SpoonSizeShdWt,0.024663308712798298
Trix,100%Natural,0.020106198931956275
Trix,FrostedMiniWheats,0.020063939694507545
Trix,NutriGrain,0.02271944086848575
Trix,Mueslix,0.013712409816974372
Trix,Wheaties,0.028888809475326488
Trix,RaisinBran,0.02201044098448936
Trix,Muesli,0.013432255088810996
Trix,CornPops,0.014822066332311706
Trix,RaisinNutBran,0.01463796289679321
Trix,Basic4,0.014610036531872568
Trix,CocoaPus,0.07843679256484784
Trix,GoldenGrahams,0.0942843725885882
Trix,Cinn.ToastCrunch,0.0905952240841236
Trix,FrootLoops,0.07381885099178467
Trix,LowFatGranola,0.018461387621321
Trix,Trix,-2.9439432200324136
Trix,Triples,0.02391410038666177
Trix,Crispix,0.017821527791410947
Trix,Kix,0.0886113196636665
Trix,LuckyCharms,0.08100817956248298
Trix,AppleCinn.Cheerios,0.018636515101075612
Trix,CracklinOatBran,0.013324627194632333
Trix,BigBiscuitShdWt,0.018749959838608846
Trix,HoneyBunchesofOats,0.019544720226824956
Trix,GreatGraines,0.017502734780645842
Trix,OtmlRaisinCrisp,0.015351536692239879
Trix,OatSquares,0.022483851293424152
Trix,RiceChex,0.017466749633922585
Trix,TotalRaisinBran,0.013535600941007487
Trix,Product19,0.016435401239197636
Trix,AppleJacks,0.06811656464791785
Trix,CaptCrunch,0.12158668209146235
Trix,ShreddedWheat,0.0243799513794107
Trix,FruityPebbles,0.09226988589340417
Trix,Clusters,0.01813550449439168
Trix,CinnamonMiniBuns,0.021741276884719232
Trix,DoubleDipCrunch,0.016103578229068573
Trix,MultiGrainCheerios,0.015338334751570062
Trix,Honeycomb,0.08785064226877466
Trix,Popeye,0.14759632300322176
Triples,CornFlakes,0.03810246113104559
Triples,Cheerios,0.02422356924481698
Triples,RiceKrispies,0.025698669289442345
Triples,FrostedFlakes,0.023196634638096444
Triples,RaisinBran,0.022504542488163536
Triples,Total,0.039424656237678525
Triples,HoneyNutCheerios,0.018786762622283862
Triples,SpecialK,0.04477546678866597
Triples,GrapeNuts,0.07225146007445561
Triples,SpoonSizeShdWt,0.06798161687593494
Triples,100%Natural,0.05542045941929634
Triples,FrostedMiniWheats,0.05530397533188111
Triples,NutriGrain,0.06262356441126007
Triples,Mueslix,0.03779670228285545
Triples,Wheaties,0.028888809524968626
Triples,RaisinBran,0.022010440715144425
Triples,Muesli,0.037024489835423335
Triples,CornPops,0.014822065719799592
Triples,RaisinNutBran,0.04034788590976407
Triples,Basic4,0.04027090936261844
Triples,CocoaPus,0.017875337189826115
Triples,GoldenGrahams,0.02148691819386543
Triples,Cinn.ToastCrunch,0.02064618025502197
Triples,FrootLoops,0.016822932667960592
Triples,LowFatGranola,0.05088672263037724
Triples,Trix,0.014314238318748415
Triples,Triples,-1.703208943891673
Triples,Crispix,0.049123021949276015
Triples,Kix,0.020194059508782336
Triples,LuckyCharms,0.01846134326503398
Triples,AppleCinn.Cheerios,0.018636515135453266
Triples,CracklinOatBran,0.036727824473322485
Triples,BigBiscuitShdWt,0.05168213928428162
Triples,HoneyBunchesofOats,0.053872807736566136
Triples,GreatGraines,0.048244306323442836
Triples,OtmlRaisinCrisp,0.042314770618006106
Triples,OatSquares,0.061974188264208814
Triples,RiceChex,0.04814511728594923
Triples,TotalRaisinBran,0.03730934842290293
Triples,Product19,0.0453023205260385
Triples,AppleJacks,0.015523411550690447
Triples,CaptCrunch,0.027708972581155736
Triples,ShreddedWheat,0.06720057390176964
Triples,FruityPebbles,0.021027826656069844
Triples,Clusters,0.018135504163021052
Triples,CinnamonMiniBuns,0.02174127718037856
Triples,DoubleDipCrunch,0.04438768677564176
Triples,MultiGrainCheerios,0.015338334976986098
Triples,Honeycomb,0.020020704785007233
Triples,Popeye,0.03363643314770049
Crispix,CornFlakes,0.038102461428626305
Crispix,Cheerios,0.024223569650049664
Crispix,RiceKrispies,0.025698669497567463
Crispix,FrostedFlakes,0.023196634947099063
Crispix,RaisinBran,0.022504542699813123
Crispix,Total,0.03942465600552633
Crispix,HoneyNutCheerios,0.018786763023007164
Crispix,SpecialK,0.04477546707570375
Crispix,GrapeNuts,0.07225146018148126
Crispix,SpoonSizeShdWt,0.0679816167512877
Crispix,100%Natural,0.055420459367623055
Crispix,FrostedMiniWheats,0.055303975073893306
Crispix,NutriGrain,0.06262356431970677
Crispix,Mueslix,0.037796702771933616
Crispix,Wheaties,0.028888809734765254
Crispix,RaisinBran,0.022010440712706653
Crispix,Muesli,0.03702448988338727
Crispix,CornPops,0.014822066215649134
Crispix,RaisinNutBran,0.04034788586733568
Crispix,Basic4,0.040270909374108606
Crispix,CocoaPus,0.017875337198348343
Crispix,GoldenGrahams,0.021486918893214742
Crispix,Cinn.ToastCrunch,0.020646180928665697
Crispix,FrootLoops,0.016822932864610795
Crispix,LowFatGranola,0.050886722800556956
Crispix,Trix,0.014314239160651037
Crispix,Triples,0.06591650815955848
Crispix,Crispix,-2.441319641202611
Crispix,Kix,0.02019405967500436
Crispix,LuckyCharms,0.0184613433462877
Crispix,AppleCinn.Cheerios,0.01863651541641011
Crispix,CracklinOatBran,0.03672782463580853
Crispix,BigBiscuitShdWt,0.05168213972167426
Crispix,HoneyBunchesofOats,0.05387280784284111
Crispix,GreatGraines,0.048244306103530546
Crispix,OtmlRaisinCrisp,0.04231477077487917
Crispix,OatSquares,0.06197418820025676
Crispix,RiceChex,0.04814511709568881
Crispix,TotalRaisinBran,0.037309348543162
Crispix,Product19,0.045302320341661435
Crispix,AppleJacks,0.015523411495891214
Crispix,CaptCrunch,0.02770897253806903
Crispix,ShreddedWheat,0.06720057382681811
Crispix,FruityPebbles,0.021027826955622688
Crispix,Clusters,0.018135504582019096
Crispix,CinnamonMiniBuns,0.02174127720913324
Crispix,DoubleDipCrunch,0.0443876865995958
Crispix,MultiGrainCheerios,0.015338334968059962
Crispix,Honeycomb,0.020020705255208326
Crispix,Popeye,0.033636433312450024
Kix,CornFlakes,0.038102461453427064
Kix,Cheerios,0.024223569790989163
Kix,RiceKrispies,0.025698669381174512
Kix,FrostedFlakes,0.02319663503607821
Kix,RaisinBran,0.02250454265920404
Kix,Total,0.0143030215217566
Kix,HoneyNutCheerios,0.018786763436237218
Kix,SpecialK,0.016244262438417624
Kix,GrapeNuts,0.026212381395913552
Kix,SpoonSizeShdWt,0.02466330892123302
Kix,100%Natural,0.02010619890466102
Kix,FrostedMiniWheats,0.020063939608452024
Kix,NutriGrain,0.02271944104420563
Kix,Mueslix,0.013712410022711282
Kix,Wheaties,0.02888880965930235
Kix,RaisinBran,0.022010441108231416
Kix,Muesli,0.013432255396410245
Kix,CornPops,0.014822066654763481
Kix,RaisinNutBran,0.014637962904583001
Kix,Basic4,0.01461003643577349
Kix,CocoaPus,0.0784367924021666
Kix,GoldenGrahams,0.09428437228602292
Kix,Cinn.ToastCrunch,0.0905952241076312
Kix,FrootLoops,0.0738188501182764
Kix,LowFatGranola,0.01846138777148096
Kix,Trix,0.06281072939276211
Kix,Triples,0.023914100595926868
Kix,Crispix,0.01782152811720299
Kix,Kix,-2.6979510755391582
Kix,LuckyCharms,0.08100817846525432
Kix,AppleCinn.Cheerios,0.018636515273302266
Kix,CracklinOatBran,0.013324627338944213
Kix,BigBiscuitShdWt,0.01874995981680772
Kix,HoneyBunchesofOats,0.019544720524813864
Kix,GreatGraines,0.017502734715549872
Kix,OtmlRaisinCrisp,0.015351536845646165
Kix,OatSquares,0.02248385124285754
Kix,RiceChex,0.017466749827456243
Kix,TotalRaisinBran,0.013535600847202846
Kix,Product19,0.016435401104135976
Kix,AppleJacks,0.06811656399806876
Kix,CaptCrunch,0.1215866816843276
Kix,ShreddedWheat,0.024379951606399823
Kix,FruityPebbles,0.09226988502371727
Kix,Clusters,0.018135504730977525
Kix,CinnamonMiniBuns,0.021741277293882953
Kix,DoubleDipCrunch,0.016103578095582473
Kix,MultiGrainCheerios,0.015338334956709282
Kix,Honeycomb,0.08785064136174722
Kix,Popeye,0.1475963229013774
LuckyCharms,CornFlakes,0.03810246166975943
LuckyCharms,Cheerios,0.02422356981229144
LuckyCharms,RiceKrispies,0.025698669508010422
LuckyCharms,FrostedFlakes,0.023196634866745804
LuckyCharms,RaisinBran,0.02250454281660222
LuckyCharms,Total,0.014303021563685861
LuckyCharms,HoneyNutCheerios,0.018786763300975038
LuckyCharms,SpecialK,0.016244262363119672
LuckyCharms,GrapeNuts,0.026212381298244405
LuckyCharms,SpoonSizeShdWt,0.024663308819646554
LuckyCharms,100%Natural,0.020106199028513596
LuckyCharms,FrostedMiniWheats,0.0200639397262739
LuckyCharms,NutriGrain,0.022719440671759697
LuckyCharms,Mueslix,0.013712409623903486
LuckyCharms,Wheaties,0.028888809886345766
LuckyCharms,RaisinBran,0.022010440917249862
LuckyCharms,Muesli,0.01343225549735763
LuckyCharms,CornPops,0.014822066502376866
LuckyCharms,RaisinNutBran,0.014637963228804332
LuckyCharms,Basic4,0.014610036517737275
LuckyCharms,CocoaPus,0.07843679263436991
LuckyCharms,GoldenGrahams,0.09428437269866499
LuckyCharms,Cinn.ToastCrunch,0.0905952240989049
LuckyCharms,FrootLoops,0.07381885098033411
LuckyCharms,LowFatGranola,0.018461387856727293
LuckyCharms,Trix,0.06281073044119512
LuckyCharms,Triples,0.02391410028664833
LuckyCharms,Crispix,0.01782152807223506
LuckyCharms,Kix,0.0886113197181524
LuckyCharms,LuckyCharms,-2.5385123288529248
LuckyCharms,AppleCinn.Cheerios,0.01863651520300882
LuckyCharms,CracklinOatBran,0.013324627480103601
LuckyCharms,BigBiscuitShdWt,0.018749959962640592
LuckyCharms,HoneyBunchesofOats,0.019544720358136307
LuckyCharms,GreatGraines,0.017502734837979678
LuckyCharms,OtmlRaisinCrisp,0.015351536872142345
LuckyCharms,OatSquares,0.022483851257811865
LuckyCharms,RiceChex,0.017466749748242378
LuckyCharms,TotalRaisinBran,0.013535601265454493
LuckyCharms,Product19,0.0164354012562593
LuckyCharms,AppleJacks,0.06811656418632912
LuckyCharms,CaptCrunch,0.12158668241305214
LuckyCharms,ShreddedWheat,0.0243799516838469
LuckyCharms,FruityPebbles,0.09226988595016229
LuckyCharms,Clusters,0.01813550483449065
LuckyCharms,CinnamonMiniBuns,0.02174127738588813
LuckyCharms,DoubleDipCrunch,0.01610357809810018
LuckyCharms,MultiGrainCheerios,0.015338334672394233
LuckyCharms,Honeycomb,0.08785064228524704
LuckyCharms,Popeye,0.1475963231610831
AppleCinn.Cheerios,CornFlakes,0.13457180648409778
AppleCinn.Cheerios,Cheerios,0.08555377425108418
AppleCinn.Cheerios,RiceKrispies,0.09076359047705178
AppleCinn.Cheerios,FrostedFlakes,0.08192680609100436
AppleCinn.Cheerios,RaisinBran,0.07948244567498072
AppleCinn.Cheerios,Total,0.014303021004273681
AppleCinn.Cheerios,HoneyNutCheerios,0.06635184225024295
AppleCinn.Cheerios,SpecialK,0.01624426220220416
AppleCinn.Cheerios,GrapeNuts,0.026212381226034177
AppleCinn.Cheerios,SpoonSizeShdWt,0.024663308690049103
AppleCinn.Cheerios,100%Natural,0.020106198600897608
AppleCinn.Cheerios,FrostedMiniWheats,0.020063939195143633
AppleCinn.Cheerios,NutriGrain,0.02271944060187494
AppleCinn.Cheerios,Mueslix,0.013712409569193026
AppleCinn.Cheerios,Wheaties,0.10203065679682592
AppleCinn.Cheerios,RaisinBran,0.0777373592221903
AppleCinn.Cheerios,Muesli,0.013432254945241131
AppleCinn.Cheerios,CornPops,0.05234916813465131
AppleCinn.Cheerios,RaisinNutBran,0.014637962995642882
AppleCinn.Cheerios,Basic4,0.014610036375942239
AppleCinn.Cheerios,CocoaPus,0.017875336800979927
AppleCinn.Cheerios,GoldenGrahams,0.021486918023789763
AppleCinn.Cheerios,Cinn.ToastCrunch,0.020646180661570264
AppleCinn.Cheerios,FrootLoops,0.016822932647051158
AppleCinn.Cheerios,LowFatGranola,0.018461387490055194
AppleCinn.Cheerios,Trix,0.014314238543243877
AppleCinn.Cheerios,Triples,0.02391409996427415
AppleCinn.Cheerios,Crispix,0.017821527589612415
AppleCinn.Cheerios,Kix,0.020194058861742966
AppleCinn.Cheerios,LuckyCharms,0.018461343026532937
AppleCinn.Cheerios,AppleCinn.Cheerios,-2.227208348395066
AppleCinn.Cheerios,CracklinOatBran,0.013324626872389835
AppleCinn.Cheerios,BigBiscuitShdWt,0.018749959404189814
AppleCinn.Cheerios,HoneyBunchesofOats,0.019544720420334737
AppleCinn.Cheerios,GreatGraines,0.017502734631354988
AppleCinn.Cheerios,OtmlRaisinCrisp,0.015351536760219822
AppleCinn.Cheerios,OatSquares,0.022483850927321653
AppleCinn.Cheerios,RiceChex,0.017466749603132947
AppleCinn.Cheerios,TotalRaisinBran,0.01353560062961712
AppleCinn.Cheerios,Product19,0.01643540098160037
AppleCinn.Cheerios,AppleJacks,0.01552341159093917
AppleCinn.Cheerios,CaptCrunch,0.027708972630691543
AppleCinn.Cheerios,ShreddedWheat,0.024379951482721523
AppleCinn.Cheerios,FruityPebbles,0.021027827142327375
AppleCinn.Cheerios,Clusters,0.06405170210392507
AppleCinn.Cheerios,CinnamonMiniBuns,0.07678671560574524
AppleCinn.Cheerios,DoubleDipCrunch,0.016103577636711126
AppleCinn.Cheerios,MultiGrainCheerios,0.05417254538314821
AppleCinn.Cheerios,Honeycomb,0.020020705046104356
AppleCinn.Cheerios,Popeye,0.03363643315630709
CracklinOatBran,CornFlakes,0.038102461658453
CracklinOatBran,Cheerios,0.024223570028783354
CracklinOatBran,RiceKrispies,0.025698669848756493
CracklinOatBran,FrostedFlakes,0.023196635292683846
CracklinOatBran,RaisinBran,0.022504542746975033
CracklinOatBran,Total,0.03942465602264857
CracklinOatBran,HoneyNutCheerios,0.018786763230229306
CracklinOatBran,SpecialK,0.0447754674909131
CracklinOatBran,GrapeNuts,0.07225146024307721
CracklinOatBran,SpoonSizeShdWt,0.06798161771148299
CracklinOatBran,100%Natural,0.05542045960179184
CracklinOatBran,FrostedMiniWheats,0.055303975489951473
CracklinOatBran,NutriGrain,0.06262356501182656
CracklinOatBran,Mueslix,0.03779670325007152
CracklinOatBran,Wheaties,0.028888809809959542
CracklinOatBran,RaisinBran,0.022010440933097345
CracklinOatBran,Muesli,0.03702449000818837
CracklinOatBran,CornPops,0.014822066618046824
CracklinOatBran,RaisinNutBran,0.040347886140568084
CracklinOatBran,Basic4,0.040270909714011774
CracklinOatBran,CocoaPus,0.017875337336560947
CracklinOatBran,GoldenGrahams,0.02148691870664957
CracklinOatBran,Cinn.ToastCrunch,0.020646181028137693
CracklinOatBran,FrootLoops,0.01682293333757878
CracklinOatBran,LowFatGranola,0.05088672314218524
CracklinOatBran,Trix,0.014314239487114962
CracklinOatBran,Triples,0.06591650846019195
CracklinOatBran,Crispix,0.049123022257787856
CracklinOatBran,Kix,0.02019406002515161
CracklinOatBran,LuckyCharms,0.01846134391288432
CracklinOatBran,AppleCinn.Cheerios,0.018636515621964334
CracklinOatBran,CracklinOatBran,-2.385379511858738
CracklinOatBran,BigBiscuitShdWt,0.05168213986789994
CracklinOatBran,HoneyBunchesofOats,0.05387280852062542
CracklinOatBran,GreatGraines,0.04824430602497899
CracklinOatBran,OtmlRaisinCrisp,0.042314771396014306
CracklinOatBran,OatSquares,0.061974188499183194
CracklinOatBran,RiceChex,0.048145116934498355
CracklinOatBran,TotalRaisinBran,0.03730934866772301
CracklinOatBran,Product19,0.045302320571230875
CracklinOatBran,AppleJacks,0.01552341161132189
CracklinOatBran,CaptCrunch,0.02770897267130445
CracklinOatBran,ShreddedWheat,0.06720057395321799
CracklinOatBran,FruityPebbles,0.021027827557305614
CracklinOatBran,Clusters,0.01813550466494605
CracklinOatBran,CinnamonMiniBuns,0.02174127780158548
CracklinOatBran,DoubleDipCrunch,0.044387687048650974
CracklinOatBran,MultiGrainCheerios,0.015338335556233216
CracklinOatBran,Honeycomb,0.020020705303089525
CracklinOatBran,Popeye,0.03363643324025469
BigBiscuitShdWt,CornFlakes,0.03810246131039572
BigBiscuitShdWt,Cheerios,0.02422356952041546
BigBiscuitShdWt,RiceKrispies,0.0256986693103985
BigBiscuitShdWt,FrostedFlakes,0.023196635008755496
BigBiscuitShdWt,RaisinBran,0.02250454258556874
BigBiscuitShdWt,Total,0.03942465632147933
BigBiscuitShdWt,HoneyNutCheerios,0.018786762858330208
BigBiscuitShdWt,SpecialK,0.04477546768773147
BigBiscuitShdWt,GrapeNuts,0.07225146039293337
BigBiscuitShdWt,SpoonSizeShdWt,0.06798161714111407
BigBiscuitShdWt,100%Natural,0.05542045946217522
BigBiscuitShdWt,FrostedMiniWheats,0.05530397527066342
BigBiscuitShdWt,NutriGrain,0.06262356460914148
BigBiscuitShdWt,Mueslix,0.0377967030689458
BigBiscuitShdWt,Wheaties,0.02888880972364841
BigBiscuitShdWt,RaisinBran,0.022010440909037147
BigBiscuitShdWt,Muesli,0.037024489911904414
BigBiscuitShdWt,CornPops,0.014822066224004017
BigBiscuitShdWt,RaisinNutBran,0.04034788635194555
BigBiscuitShdWt,Basic4,0.04027090997870269
BigBiscuitShdWt,CocoaPus,0.0178753372845095
BigBiscuitShdWt,GoldenGrahams,0.021486918565324423
BigBiscuitShdWt,Cinn.ToastCrunch,0.020646180364883325
BigBiscuitShdWt,FrootLoops,0.01682293298090711
BigBiscuitShdWt,LowFatGranola,0.050886722948905554
BigBiscuitShdWt,Trix,0.014314238746133578
BigBiscuitShdWt,Triples,0.06591650840980684
BigBiscuitShdWt,Crispix,0.0491230220255301
BigBiscuitShdWt,Kix,0.020194059357835355
BigBiscuitShdWt,LuckyCharms,0.01846134324374401
BigBiscuitShdWt,AppleCinn.Cheerios,0.01863651527596914
BigBiscuitShdWt,CracklinOatBran,0.03672782486709534
BigBiscuitShdWt,BigBiscuitShdWt,-2.066712694348314
BigBiscuitShdWt,HoneyBunchesofOats,0.053872807892361645
BigBiscuitShdWt,GreatGraines,0.04824430608859557
BigBiscuitShdWt,OtmlRaisinCrisp,0.04231477112086015
BigBiscuitShdWt,OatSquares,0.06197418831203236
BigBiscuitShdWt,RiceChex,0.04814511700912347
BigBiscuitShdWt,TotalRaisinBran,0.03730934896570841
BigBiscuitShdWt,Product19,0.045302320306108854
BigBiscuitShdWt,AppleJacks,0.015523411530155748
BigBiscuitShdWt,CaptCrunch,0.027708972616789555
BigBiscuitShdWt,ShreddedWheat,0.06720057375088491
BigBiscuitShdWt,FruityPebbles,0.02102782694188276
BigBiscuitShdWt,Clusters,0.01813550451331758
BigBiscuitShdWt,CinnamonMiniBuns,0.021741277320089417
BigBiscuitShdWt,DoubleDipCrunch,0.044387686706801606
BigBiscuitShdWt,MultiGrainCheerios,0.01533833494790652
BigBiscuitShdWt,Honeycomb,0.020020705024928347
BigBiscuitShdWt,Popeye,0.03363643316230105
HoneyBunchesofOats,CornFlakes,0.03810246134158453
HoneyBunchesofOats,Cheerios,0.02422356927225309
HoneyBunchesofOats,RiceKrispies,0.025698669423863136
HoneyBunchesofOats,FrostedFlakes,0.02319663493052837
HoneyBunchesofOats,RaisinBran,0.022504542612857278
HoneyBunchesofOats,Total,0.03942465580694221
HoneyBunchesofOats,HoneyNutCheerios,0.01878676291262879
HoneyBunchesofOats,SpecialK,0.044775467112599
HoneyBunchesofOats,GrapeNuts,0.07225146011291657
HoneyBunchesofOats,SpoonSizeShdWt,0.06798161703780879
HoneyBunchesofOats,100%Natural,0.05542045960433422
HoneyBunchesofOats,FrostedMiniWheats,0.055303974911522995
HoneyBunchesofOats,NutriGrain,0.06262356417305655
HoneyBunchesofOats,Mueslix,0.03779670273899508
HoneyBunchesofOats,Wheaties,0.02888880952544776
HoneyBunchesofOats,RaisinBran,0.02201044058148723
HoneyBunchesofOats,Muesli,0.037024489537404406
HoneyBunchesofOats,CornPops,0.014822065894574582
HoneyBunchesofOats,RaisinNutBran,0.040347885968710286
HoneyBunchesofOats,Basic4,0.040270909528913504
HoneyBunchesofOats,CocoaPus,0.017875336987202735
HoneyBunchesofOats,GoldenGrahams,0.021486918429191437
HoneyBunchesofOats,Cinn.ToastCrunch,0.020646180401751053
HoneyBunchesofOats,FrootLoops,0.016822932534770296
HoneyBunchesofOats,LowFatGranola,0.05088672247202776
HoneyBunchesofOats,Trix,0.014314238607798275
HoneyBunchesofOats,Triples,0.06591650818196791
HoneyBunchesofOats,Crispix,0.04912302178800159
HoneyBunchesofOats,Kix,0.02019405958360813
HoneyBunchesofOats,LuckyCharms,0.018461343160300066
HoneyBunchesofOats,AppleCinn.Cheerios,0.018636515025038894
HoneyBunchesofOats,CracklinOatBran,0.03672782427418818
HoneyBunchesofOats,BigBiscuitShdWt,0.05168213917518413
HoneyBunchesofOats,HoneyBunchesofOats,-2.1100789055559535
HoneyBunchesofOats,GreatGraines,0.04824430575449605
HoneyBunchesofOats,OtmlRaisinCrisp,0.04231477062629827
HoneyBunchesofOats,OatSquares,0.06197418845044379
HoneyBunchesofOats,RiceChex,0.048145117090982244
HoneyBunchesofOats,TotalRaisinBran,0.03730934848326574
HoneyBunchesofOats,Product19,0.04530232044804561
HoneyBunchesofOats,AppleJacks,0.01552341131205928
HoneyBunchesofOats,CaptCrunch,0.02770897243013505
HoneyBunchesofOats,ShreddedWheat,0.06720057317961066
HoneyBunchesofOats,FruityPebbles,0.02102782690720519
HoneyBunchesofOats,Clusters,0.018135504258298844
HoneyBunchesofOats,CinnamonMiniBuns,0.021741277153115884
HoneyBunchesofOats,DoubleDipCrunch,0.04438768685299542
HoneyBunchesofOats,MultiGrainCheerios,0.015338334777566675
HoneyBunchesofOats,Honeycomb,0.020020705073420332
HoneyBunchesofOats,Popeye,0.033636433025475504
GreatGraines,CornFlakes,0.038102461194856156
GreatGraines,Cheerios,0.02422356961516234
GreatGraines,RiceKrispies,0.025698669153312204
GreatGraines,FrostedFlakes,0.0231966346862673
GreatGraines,RaisinBran,0.022504542565332967
GreatGraines,Total,0.03942465603975718
GreatGraines,HoneyNutCheerios,0.018786762935463785
GreatGraines,SpecialK,0.0447754671953667
GreatGraines,GrapeNuts,0.07225146016473105
GreatGraines,SpoonSizeShdWt,0.06798161756930961
GreatGraines,100%Natural,0.055420459557151726
GreatGraines,FrostedMiniWheats,0.0553039748740196
GreatGraines,NutriGrain,0.0626235646389996
GreatGraines,Mueslix,0.03779670323562016
GreatGraines,Wheaties,0.028888809523017065
GreatGraines,RaisinBran,0.022010440752070894
GreatGraines,Muesli,0.037024489849267046
GreatGraines,CornPops,0.014822066180097557
GreatGraines,RaisinNutBran,0.040347886225211016
GreatGraines,Basic4,0.04027090942808455
GreatGraines,CocoaPus,0.0178753372474269
GreatGraines,GoldenGrahams,0.02148691828889974
GreatGraines,Cinn.ToastCrunch,0.020646180412199826
GreatGraines,FrootLoops,0.016822932842114564
GreatGraines,LowFatGranola,0.050886722549854435
GreatGraines,Trix,0.014314238433969121
GreatGraines,Triples,0.0659165085326437
GreatGraines,Crispix,0.049123021950192185
GreatGraines,Kix,0.020194059457477508
GreatGraines,LuckyCharms,0.01846134333467635
GreatGraines,AppleCinn.Cheerios,0.01863651522035969
GreatGraines,CracklinOatBran,0.03672782468121668
GreatGraines,BigBiscuitShdWt,0.05168213929315013
GreatGraines,HoneyBunchesofOats,0.05387280807945589
GreatGraines,GreatGraines,-2.15367146674205
GreatGraines,OtmlRaisinCrisp,0.04231477095384414
GreatGraines,OatSquares,0.06197418834934426
GreatGraines,RiceChex,0.04814511653099598
GreatGraines,TotalRaisinBran,0.03730934869932128
GreatGraines,Product19,0.045302320561246535
GreatGraines,AppleJacks,0.015523411180174067
GreatGraines,CaptCrunch,0.027708972456791416
GreatGraines,ShreddedWheat,0.0672005738640712
GreatGraines,FruityPebbles,0.021027827049931554
GreatGraines,Clusters,0.01813550402204571
GreatGraines,CinnamonMiniBuns,0.02174127719994988
GreatGraines,DoubleDipCrunch,0.04438768644272188
GreatGraines,MultiGrainCheerios,0.015338335025235888
GreatGraines,Honeycomb,0.020020705008707597
GreatGraines,Popeye,0.03363643303109281
OtmlRaisinCrisp,CornFlakes,0.03810246148587782
OtmlRaisinCrisp,Cheerios,0.024223569363487688
OtmlRaisinCrisp,RiceKrispies,0.025698669230499797
OtmlRaisinCrisp,FrostedFlakes,0.02319663511060753
OtmlRaisinCrisp,RaisinBran,0.022504542641569803
OtmlRaisinCrisp,Total,0.03942465641340796
OtmlRaisinCrisp,HoneyNutCheerios,0.018786763075186896
OtmlRaisinCrisp,SpecialK,0.044775467319240564
OtmlRaisinCrisp,GrapeNuts,0.07225146005531079
OtmlRaisinCrisp,SpoonSizeShdWt,0.06798161772075778
OtmlRaisinCrisp,100%Natural,0.055420459745081946
OtmlRaisinCrisp,FrostedMiniWheats,0.055303975147652645
OtmlRaisinCrisp,NutriGrain,0.06262356444514895
OtmlRaisinCrisp,Mueslix,0.037796703070169385
OtmlRaisinCrisp,Wheaties,0.028888809774768053
OtmlRaisinCrisp,RaisinBran,0.02201044068529026
OtmlRaisinCrisp,Muesli,0.03702448999538335
OtmlRaisinCrisp,CornPops,0.014822066181496025
OtmlRaisinCrisp,RaisinNutBran,0.04034788641062797
OtmlRaisinCrisp,Basic4,0.0402709092457655
OtmlRaisinCrisp,CocoaPus,0.017875337411959732
OtmlRaisinCrisp,GoldenGrahams,0.021486918432370005
OtmlRaisinCrisp,Cinn.ToastCrunch,0.02064618038732822
OtmlRaisinCrisp,FrootLoops,0.016822932901752765
OtmlRaisinCrisp,LowFatGranola,0.05088672260278738
OtmlRaisinCrisp,Trix,0.014314239078364172
OtmlRaisinCrisp,Triples,0.06591650859150647
OtmlRaisinCrisp,Crispix,0.04912302201218113
OtmlRaisinCrisp,Kix,0.020194059792885587
OtmlRaisinCrisp,LuckyCharms,0.01846134353191176
OtmlRaisinCrisp,AppleCinn.Cheerios,0.018636515535703974
OtmlRaisinCrisp,CracklinOatBran,0.03672782452676233
OtmlRaisinCrisp,BigBiscuitShdWt,0.05168213930032233
OtmlRaisinCrisp,HoneyBunchesofOats,0.05387280829688439
OtmlRaisinCrisp,GreatGraines,0.04824430635046986
OtmlRaisinCrisp,OtmlRaisinCrisp,-2.0153375532405446
OtmlRaisinCrisp,OatSquares,0.061974188448467984
OtmlRaisinCrisp,RiceChex,0.048145116997961576
OtmlRaisinCrisp,TotalRaisinBran,0.037309348676259825
OtmlRaisinCrisp,Product19,0.04530232007630113
OtmlRaisinCrisp,AppleJacks,0.015523411481752809
OtmlRaisinCrisp,CaptCrunch,0.02770897279005435
OtmlRaisinCrisp,ShreddedWheat,0.0672005738047105
OtmlRaisinCrisp,FruityPebbles,0.02102782687493408
OtmlRaisinCrisp,Clusters,0.01813550428205134
OtmlRaisinCrisp,CinnamonMiniBuns,0.021741277232838748
OtmlRaisinCrisp,DoubleDipCrunch,0.044387686803304315
OtmlRaisinCrisp,MultiGrainCheerios,0.015338335064259963
OtmlRaisinCrisp,Honeycomb,0.02002070529390891
OtmlRaisinCrisp,Popeye,0.0336364331159265
OatSquares,CornFlakes,0.03810246126185339
OatSquares,Cheerios,0.024223569840213923
OatSquares,RiceKrispies,0.02569866947067339
OatSquares,FrostedFlakes,0.023196634818494367
OatSquares,RaisinBran,0.0225045425431649
OatSquares,Total,0.039424656285493666
OatSquares,HoneyNutCheerios,0.01878676300295661
OatSquares,SpecialK,0.044775467756733946
OatSquares,GrapeNuts,0.07225146035621652
OatSquares,SpoonSizeShdWt,0.06798161716598
OatSquares,100%Natural,0.0554204596209163
OatSquares,FrostedMiniWheats,0.05530397517241038
OatSquares,NutriGrain,0.06262356434473808
OatSquares,Mueslix,0.03779670270823652
OatSquares,Wheaties,0.028888809475351017
OatSquares,RaisinBran,0.022010441013528476
OatSquares,Muesli,0.037024490416869046
OatSquares,CornPops,0.014822066050705405
OatSquares,RaisinNutBran,0.04034788626682883
OatSquares,Basic4,0.0402709097933008
OatSquares,CocoaPus,0.017875337316604893
OatSquares,GoldenGrahams,0.02148691869467374
OatSquares,Cinn.ToastCrunch,0.02064618083304005
OatSquares,FrootLoops,0.016822932607542196
OatSquares,LowFatGranola,0.05088672314160205
OatSquares,Trix,0.01431423870436135
OatSquares,Triples,0.06591650844702754
OatSquares,Crispix,0.049123022232422264
OatSquares,Kix,0.020194059806965318
OatSquares,LuckyCharms,0.018461343519840055
OatSquares,AppleCinn.Cheerios,0.01863651558211336
OatSquares,CracklinOatBran,0.03672782474957853
OatSquares,BigBiscuitShdWt,0.05168213940608231
OatSquares,HoneyBunchesofOats,0.0538728081939845
OatSquares,GreatGraines,0.048244306458271075
OatSquares,OtmlRaisinCrisp,0.04231477094390295
OatSquares,OatSquares,-1.7830793896235972
OatSquares,RiceChex,0.04814511696772675
OatSquares,TotalRaisinBran,0.037309349123422285
OatSquares,Product19,0.045302320140626934
OatSquares,AppleJacks,0.015523411605152583
OatSquares,CaptCrunch,0.027708972737238335
OatSquares,ShreddedWheat,0.06720057382772159
OatSquares,FruityPebbles,0.02102782681504606
OatSquares,Clusters,0.018135504274108143
OatSquares,CinnamonMiniBuns,0.021741277372207792
OatSquares,DoubleDipCrunch,0.04438768679815665
OatSquares,MultiGrainCheerios,0.015338335049521387
OatSquares,Honeycomb,0.020020705057730216
OatSquares,Popeye,0.03363643304337865
RiceChex,CornFlakes,0.038102461312740435
RiceChex,Cheerios,0.024223569454961322
RiceChex,RiceKrispies,0.025698669556529104
RiceChex,FrostedFlakes,0.023196634815861195
RiceChex,RaisinBran,0.02250454259453393
RiceChex,Total,0.039424655817477665
RiceChex,HoneyNutCheerios,0.018786762929176876
RiceChex,SpecialK,0.04477546717477024
RiceChex,GrapeNuts,0.07225146040996026
RiceChex,SpoonSizeShdWt,0.06798161719690335
RiceChex,100%Natural,0.055420459645567466
RiceChex,FrostedMiniWheats,0.05530397519743071
RiceChex,NutriGrain,0.0626235645198999
RiceChex,Mueslix,0.03779670339009992
RiceChex,Wheaties,0.028888809501776847
RiceChex,RaisinBran,0.02201044076264872
RiceChex,Muesli,0.03702449021940716
RiceChex,CornPops,0.014822066273711926
RiceChex,RaisinNutBran,0.040347886237716624
RiceChex,Basic4,0.04027090983775743
RiceChex,CocoaPus,0.01787533692551918
RiceChex,GoldenGrahams,0.02148691858011178
RiceChex,Cinn.ToastCrunch,0.0206461803448762
RiceChex,FrootLoops,0.016822932938575032
RiceChex,LowFatGranola,0.05088672320537432
RiceChex,Trix,0.01431423904253614
RiceChex,Triples,0.0659165084527363
RiceChex,Crispix,0.0491230224401074
RiceChex,Kix,0.02019405937063246
RiceChex,LuckyCharms,0.018461343031720243
RiceChex,AppleCinn.Cheerios,0.018636515444674026
RiceChex,CracklinOatBran,0.03672782413692143
RiceChex,BigBiscuitShdWt,0.051682139193327314
RiceChex,HoneyBunchesofOats,0.05387280766239243
RiceChex,GreatGraines,0.048244306044204335
RiceChex,OtmlRaisinCrisp,0.04231477105760406
RiceChex,OatSquares,0.06197418879408333
RiceChex,RiceChex,-2.533411299027668
RiceChex,TotalRaisinBran,0.03730934850358534
RiceChex,Product19,0.045302320812123736
RiceChex,AppleJacks,0.015523411525996109
RiceChex,CaptCrunch,0.027708972507871504
RiceChex,ShreddedWheat,0.06720057370301004
RiceChex,FruityPebbles,0.021027827116507605
RiceChex,Clusters,0.0181355041759521
RiceChex,CinnamonMiniBuns,0.021741277272467417
RiceChex,DoubleDipCrunch,0.044387687038762745
RiceChex,MultiGrainCheerios,0.015338335054815041
RiceChex,Honeycomb,0.02002070487160128
RiceChex,Popeye,0.03363643324698166
TotalRaisinBran,CornFlakes,0.038102461364553974
TotalRaisinBran,Cheerios,0.024223569027399913
TotalRaisinBran,RiceKrispies,0.02569866913008217
TotalRaisinBran,FrostedFlakes,0.023196634548620976
TotalRaisinBran,RaisinBran,0.02250454239459626
TotalRaisinBran,Total,0.0394246562105204
TotalRaisinBran,HoneyNutCheerios,0.018786762491636935
TotalRaisinBran,SpecialK,0.04477546716862826
TotalRaisinBran,GrapeNuts,0.07225146006976572
TotalRaisinBran,SpoonSizeShdWt,0.06798161716008275
TotalRaisinBran,100%Natural,0.05542045942208068
TotalRaisinBran,FrostedMiniWheats,0.05530397515680542
TotalRaisinBran,NutriGrain,0.06262356461461711
TotalRaisinBran,Mueslix,0.03779670301183902
TotalRaisinBran,Wheaties,0.028888809561092472
TotalRaisinBran,RaisinBran,0.022010440544849626
TotalRaisinBran,Muesli,0.03702448963108126
TotalRaisinBran,CornPops,0.014822065550412423
TotalRaisinBran,RaisinNutBran,0.040347885907489195
TotalRaisinBran,Basic4,0.040270909877448344
TotalRaisinBran,CocoaPus,0.01787533679648906
TotalRaisinBran,GoldenGrahams,0.021486918507761535
TotalRaisinBran,Cinn.ToastCrunch,0.020646180005187593
TotalRaisinBran,FrootLoops,0.016822932361692723
TotalRaisinBran,LowFatGranola,0.05088672264271434
TotalRaisinBran,Trix,0.014314238804438916
TotalRaisinBran,Triples,0.0659165080407006
TotalRaisinBran,Crispix,0.04912302201344211
TotalRaisinBran,Kix,0.02019405955168469
TotalRaisinBran,LuckyCharms,0.018461343205404053
TotalRaisinBran,AppleCinn.Cheerios,0.01863651505828759
TotalRaisinBran,CracklinOatBran,0.03672782457573801
TotalRaisinBran,BigBiscuitShdWt,0.051682139360584155
TotalRaisinBran,HoneyBunchesofOats,0.053872808091969475
TotalRaisinBran,GreatGraines,0.048244305927285513
TotalRaisinBran,OtmlRaisinCrisp,0.0423147709269196
TotalRaisinBran,OatSquares,0.06197418837604431
TotalRaisinBran,RiceChex,0.04814511662644634
TotalRaisinBran,TotalRaisinBran,-2.240534545860854
TotalRaisinBran,Product19,0.045302320234903416
TotalRaisinBran,AppleJacks,0.01552341143683041
TotalRaisinBran,CaptCrunch,0.02770897243463913
TotalRaisinBran,ShreddedWheat,0.06720057363129725
TotalRaisinBran,FruityPebbles,0.021027826898523717
TotalRaisinBran,Clusters,0.018135504223685175
TotalRaisinBran,CinnamonMiniBuns,0.02174127715014241
TotalRaisinBran,DoubleDipCrunch,0.044387686870508064
TotalRaisinBran,MultiGrainCheerios,0.015338335004504948
TotalRaisinBran,Honeycomb,0.020020705081728388
TotalRaisinBran,Popeye,0.033636432958196474
Product19,CornFlakes,0.03810246132466545
Product19,Cheerios,0.024223569585020244
Product19,RiceKrispies,0.025698669381799405
Product19,FrostedFlakes,0.02319663499457409
Product19,RaisinBran,0.022504542622293656
Product19,Total,0.039424656050742045
Product19,HoneyNutCheerios,0.018786763158172962
Product19,SpecialK,0.04477546733812149
Product19,GrapeNuts,0.0722514604919314
Product19,SpoonSizeShdWt,0.06798161758864804
Product19,100%Natural,0.05542045964427411
Product19,FrostedMiniWheats,0.05530397550657976
Product19,NutriGrain,0.06262356469301268
Product19,Mueslix,0.03779670296502965
Product19,Wheaties,0.02888880941499243
Product19,RaisinBran,0.022010440877524344
Product19,Muesli,0.0370244905083605
Product19,CornPops,0.014822066043132805
Product19,RaisinNutBran,0.040347886438582385
Product19,Basic4,0.04027090990439972
Product19,CocoaPus,0.017875337027158354
Product19,GoldenGrahams,0.02148691853071025
Product19,Cinn.ToastCrunch,0.020646180440653136
Product19,FrootLoops,0.016822933029827344
Product19,LowFatGranola,0.050886723070716754
Product19,Trix,0.014314238912957177
Product19,Triples,0.06591650846584621
Product19,Crispix,0.04912302182461458
Product19,Kix,0.020194059753842603
Product19,LuckyCharms,0.01846134363751024
Product19,AppleCinn.Cheerios,0.01863651538306075
Product19,CracklinOatBran,0.036727824914094556
Product19,BigBiscuitShdWt,0.051682139631577105
Product19,HoneyBunchesofOats,0.05387280818705488
Product19,GreatGraines,0.048244306320246
Product19,OtmlRaisinCrisp,0.04231477130452042
Product19,OatSquares,0.06197418874156758
Product19,RiceChex,0.04814511696099825
Product19,TotalRaisinBran,0.037309348734449764
Product19,Product19,-2.5210684705234483
Product19,AppleJacks,0.01552341131356785
Product19,CaptCrunch,0.027708972539469804
Product19,ShreddedWheat,0.06720057398474003
Product19,FruityPebbles,0.02102782716746984
Product19,Clusters,0.01813550465448816
Product19,CinnamonMiniBuns,0.02174127726582186
Product19,DoubleDipCrunch,0.044387687290346284
Product19,MultiGrainCheerios,0.015338334862197116
Product19,Honeycomb,0.020020705213679484
Product19,Popeye,0.033636433091639883
AppleJacks,CornFlakes,0.038102461382857236
AppleJacks,Cheerios,0.024223569715271124
AppleJacks,RiceKrispies,0.02569866970282183
AppleJacks,FrostedFlakes,0.023196634857176213
AppleJacks,RaisinBran,0.022504542690422544
AppleJacks,Total,0.014303021216082073
AppleJacks,HoneyNutCheerios,0.01878676353950182
AppleJacks,SpecialK,0.016244262250257845
AppleJacks,GrapeNuts,0.026212381254199033
AppleJacks,SpoonSizeShdWt,0.02466330888531718
AppleJacks,100%Natural,0.02010619897358905
AppleJacks,FrostedMiniWheats,0.020063939813331266
AppleJacks,NutriGrain,0.02271944105920455
AppleJacks,Mueslix,0.01371240997411383
AppleJacks,Wheaties,0.028888809822280308
AppleJacks,RaisinBran,0.022010440928749382
AppleJacks,Muesli,0.013432255096811204
AppleJacks,CornPops,0.014822066824696252
AppleJacks,RaisinNutBran,0.014637963043070764
AppleJacks,Basic4,0.014610036693087011
AppleJacks,CocoaPus,0.07843679197892957
AppleJacks,GoldenGrahams,0.09428437261621145
AppleJacks,Cinn.ToastCrunch,0.09059522339770204
AppleJacks,FrootLoops,0.07381885097854787
AppleJacks,LowFatGranola,0.01846138780247106
AppleJacks,Trix,0.06281072921953393
AppleJacks,Triples,0.023914100532825295
AppleJacks,Crispix,0.017821528053722627
AppleJacks,Kix,0.08861131876286502
AppleJacks,LuckyCharms,0.08100817900038244
AppleJacks,AppleCinn.Cheerios,0.018636515052485772
AppleJacks,CracklinOatBran,0.01332462712742825
AppleJacks,BigBiscuitShdWt,0.01874995957497699
AppleJacks,HoneyBunchesofOats,0.019544720220698326
AppleJacks,GreatGraines,0.01750273493451457
AppleJacks,OtmlRaisinCrisp,0.0153515366923903
AppleJacks,OatSquares,0.022483851248422313
AppleJacks,RiceChex,0.01746675005431543
AppleJacks,TotalRaisinBran,0.013535600938548272
AppleJacks,Product19,0.016435401426740864
AppleJacks,AppleJacks,-2.695667377193879
AppleJacks,CaptCrunch,0.12158668184897116
AppleJacks,ShreddedWheat,0.024379951246302926
AppleJacks,FruityPebbles,0.0922698854707286
AppleJacks,Clusters,0.018135504729078395
AppleJacks,CinnamonMiniBuns,0.021741277355365733
AppleJacks,DoubleDipCrunch,0.01610357821676809
AppleJacks,MultiGrainCheerios,0.015338334695062593
AppleJacks,Honeycomb,0.08785064145991398
AppleJacks,Popeye,0.1475963228701583
CaptCrunch,CornFlakes,0.038102461256724764
CaptCrunch,Cheerios,0.024223569165699232
CaptCrunch,RiceKrispies,0.025698669268039348
CaptCrunch,FrostedFlakes,0.02319663454410518
CaptCrunch,RaisinBran,0.022504542479182002
CaptCrunch,Total,0.014303020950666582
CaptCrunch,HoneyNutCheerios,0.018786763355710445
CaptCrunch,SpecialK,0.016244261952363934
CaptCrunch,GrapeNuts,0.026212381067678387
CaptCrunch,SpoonSizeShdWt,0.02466330863471423
CaptCrunch,100%Natural,0.020106198572641343
CaptCrunch,FrostedMiniWheats,0.020063939593516208
CaptCrunch,NutriGrain,0.02271944033526541
CaptCrunch,Mueslix,0.013712409205218865
CaptCrunch,Wheaties,0.02888880928512334
CaptCrunch,RaisinBran,0.022010440834308375
CaptCrunch,Muesli,0.013432255187084628
CaptCrunch,CornPops,0.01482206614049354
CaptCrunch,RaisinNutBran,0.014637962762889855
CaptCrunch,Basic4,0.014610036147667201
CaptCrunch,CocoaPus,0.07843679122143284
CaptCrunch,GoldenGrahams,0.09428437227626384
CaptCrunch,Cinn.ToastCrunch,0.09059522315056746
CaptCrunch,FrootLoops,0.07381885003187386
CaptCrunch,LowFatGranola,0.018461387721719416
CaptCrunch,Trix,0.06281072913113714
CaptCrunch,Triples,0.023914100302876114
CaptCrunch,Crispix,0.017821527732766716
CaptCrunch,Kix,0.08861131893400163
CaptCrunch,LuckyCharms,0.08100817867187772
CaptCrunch,AppleCinn.Cheerios,0.01863651503400625
CaptCrunch,CracklinOatBran,0.013324627069307097
CaptCrunch,BigBiscuitShdWt,0.01874995959972978
CaptCrunch,HoneyBunchesofOats,0.019544719951867993
CaptCrunch,GreatGraines,0.01750273449464698
CaptCrunch,OtmlRaisinCrisp,0.01535153657346655
CaptCrunch,OatSquares,0.022483851089950685
CaptCrunch,RiceChex,0.017466749422366885
CaptCrunch,TotalRaisinBran,0.013535600781240987
CaptCrunch,Product19,0.016435401171820723
CaptCrunch,AppleJacks,0.06811656326174476
CaptCrunch,CaptCrunch,-1.8145806967093503
CaptCrunch,ShreddedWheat,0.02437995143256256
CaptCrunch,FruityPebbles,0.09226988491300905
CaptCrunch,Clusters,0.018135504146239535
CaptCrunch,CinnamonMiniBuns,0.021741276785941198
CaptCrunch,DoubleDipCrunch,0.016103578122039528
CaptCrunch,MultiGrainCheerios,0.015338334333903116
CaptCrunch,Honeycomb,0.08785064152074956
CaptCrunch,Popeye,0.14759632278311835
ShreddedWheat,CornFlakes,0.038102461498277805
ShreddedWheat,Cheerios,0.024223569253992175
ShreddedWheat,RiceKrispies,0.025698669559870737
ShreddedWheat,FrostedFlakes,0.023196635037704708
ShreddedWheat,RaisinBran,0.02250454284507219
ShreddedWheat,Total,0.03942465640959291
ShreddedWheat,HoneyNutCheerios,0.018786762756228703
ShreddedWheat,SpecialK,0.04477546772829418
ShreddedWheat,GrapeNuts,0.07225146029478671
ShreddedWheat,SpoonSizeShdWt,0.06798161736478013
ShreddedWheat,100%Natural,0.055420459603060954
ShreddedWheat,FrostedMiniWheats,0.05530397512673649
ShreddedWheat,NutriGrain,0.06262356460733032
ShreddedWheat,Mueslix,0.037796703009573634
ShreddedWheat,Wheaties,0.028888809328292617
ShreddedWheat,RaisinBran,0.022010440580077808
ShreddedWheat,Muesli,0.03702449017036604
ShreddedWheat,CornPops,0.014822066131283566
ShreddedWheat,RaisinNutBran,0.0403478865381805
ShreddedWheat,Basic4,0.04027090983478408
ShreddedWheat,CocoaPus,0.01787533696816613
ShreddedWheat,GoldenGrahams,0.021486918523871655
ShreddedWheat,Cinn.ToastCrunch,0.020646180682637523
ShreddedWheat,FrootLoops,0.016822933043317872
ShreddedWheat,LowFatGranola,0.05088672290561867
ShreddedWheat,Trix,0.014314238591121001
ShreddedWheat,Triples,0.06591650877442772
ShreddedWheat,Crispix,0.04912302170688342
ShreddedWheat,Kix,0.02019405970706173
ShreddedWheat,LuckyCharms,0.018461343146277974
ShreddedWheat,AppleCinn.Cheerios,0.018636515347544402
ShreddedWheat,CracklinOatBran,0.03672782485422422
ShreddedWheat,BigBiscuitShdWt,0.051682140018382124
ShreddedWheat,HoneyBunchesofOats,0.05387280824655113
ShreddedWheat,GreatGraines,0.04824430643446412
ShreddedWheat,OtmlRaisinCrisp,0.042314771070197064
ShreddedWheat,OatSquares,0.06197418813136196
ShreddedWheat,RiceChex,0.04814511717321963
ShreddedWheat,TotalRaisinBran,0.03730934910404121
ShreddedWheat,Product19,0.045302320301985007
ShreddedWheat,AppleJacks,0.015523411647678054
ShreddedWheat,CaptCrunch,0.02770897259142683
ShreddedWheat,ShreddedWheat,-2.0739727093489218
ShreddedWheat,FruityPebbles,0.021027826907266352
ShreddedWheat,Clusters,0.01813550454898815
ShreddedWheat,CinnamonMiniBuns,0.021741277242576094
ShreddedWheat,DoubleDipCrunch,0.044387686997658195
ShreddedWheat,MultiGrainCheerios,0.015338334939830132
ShreddedWheat,Honeycomb,0.020020705144908935
ShreddedWheat,Popeye,0.0336364331578863
FruityPebbles,CornFlakes,0.03810246138402965
FruityPebbles,Cheerios,0.02422356931345686
FruityPebbles,RiceKrispies,0.02569866922488607
FruityPebbles,FrostedFlakes,0.0231966346581273
FruityPebbles,RaisinBran,0.02250454245526056
FruityPebbles,Total,0.014303020979075785
FruityPebbles,HoneyNutCheerios,0.018786763137826994
FruityPebbles,SpecialK,0.0162442620407666
FruityPebbles,GrapeNuts,0.026212381216446104
FruityPebbles,SpoonSizeShdWt,0.024663308508358385
FruityPebbles,100%Natural,0.020106198806705812
FruityPebbles,FrostedMiniWheats,0.020063939397594065
FruityPebbles,NutriGrain,0.022719440556229414
FruityPebbles,Mueslix,0.013712409293482221
FruityPebbles,Wheaties,0.028888809485923518
FruityPebbles,RaisinBran,0.02201044072547712
FruityPebbles,Muesli,0.01343225525861908
FruityPebbles,CornPops,0.014822066466748775
FruityPebbles,RaisinNutBran,0.01463796284576497
FruityPebbles,Basic4,0.014610036258113577
FruityPebbles,CocoaPus,0.07843679205910063
FruityPebbles,GoldenGrahams,0.09428437223334825
FruityPebbles,Cinn.ToastCrunch,0.090595224014139
FruityPebbles,FrootLoops,0.07381885076904245
FruityPebbles,LowFatGranola,0.018461387778289658
FruityPebbles,Trix,0.06281072948860075
FruityPebbles,Triples,0.02391410034976894
FruityPebbles,Crispix,0.017821527876693825
FruityPebbles,Kix,0.08861131926511233
FruityPebbles,LuckyCharms,0.08100817894722351
FruityPebbles,AppleCinn.Cheerios,0.018636515043278002
FruityPebbles,CracklinOatBran,0.013324627018225985
FruityPebbles,BigBiscuitShdWt,0.01874995974692781
FruityPebbles,HoneyBunchesofOats,0.019544720260864845
FruityPebbles,GreatGraines,0.017502734767776983
FruityPebbles,OtmlRaisinCrisp,0.015351536472648421
FruityPebbles,OatSquares,0.022483851304138276
FruityPebbles,RiceChex,0.01746674958826138
FruityPebbles,TotalRaisinBran,0.013535600714747662
FruityPebbles,Product19,0.01643540103698713
FruityPebbles,AppleJacks,0.06811656379739094
FruityPebbles,CaptCrunch,0.12158668196208262
FruityPebbles,ShreddedWheat,0.024379951287809665
FruityPebbles,FruityPebbles,-2.345023122102634
FruityPebbles,Clusters,0.018135504519031856
FruityPebbles,CinnamonMiniBuns,0.021741276805205708
FruityPebbles,DoubleDipCrunch,0.016103577841613096
FruityPebbles,MultiGrainCheerios,0.015338334354056491
FruityPebbles,Honeycomb,0.08785064149789444
FruityPebbles,Popeye,0.14759632291421076
Clusters,CornFlakes,0.13457180633166618
Clusters,Cheerios,0.08555377391716709
Clusters,RiceKrispies,0.09076359017854546
Clusters,FrostedFlakes,0.08192680584611407
Clusters,RaisinBran,0.07948244569970178
Clusters,Total,0.014303021167532582
Clusters,HoneyNutCheerios,0.06635184200647784
Clusters,SpecialK,0.016244262198206155
Clusters,GrapeNuts,0.026212381209171267
Clusters,SpoonSizeShdWt,0.02466330895968582
Clusters,100%Natural,0.02010619854683274
Clusters,FrostedMiniWheats,0.02006393925703604
Clusters,NutriGrain,0.022719440489874274
Clusters,Mueslix,0.013712409728070718
Clusters,Wheaties,0.10203065687949948
Clusters,RaisinBran,0.07773735892321187
Clusters,Muesli,0.01343225512988804
Clusters,CornPops,0.05234916812622879
Clusters,RaisinNutBran,0.014637963062753306
Clusters,Basic4,0.01461003624597519
Clusters,CocoaPus,0.017875336996823685
Clusters,GoldenGrahams,0.02148691795880761
Clusters,Cinn.ToastCrunch,0.02064618091149189
Clusters,FrootLoops,0.01682293271338958
Clusters,LowFatGranola,0.018461387696252506
Clusters,Trix,0.014314238376751158
Clusters,Triples,0.023914100061895847
Clusters,Crispix,0.017821527980001
Clusters,Kix,0.020194059128207365
Clusters,LuckyCharms,0.01846134298395509
Clusters,AppleCinn.Cheerios,0.06582119250728702
Clusters,CracklinOatBran,0.013324627176839838
Clusters,BigBiscuitShdWt,0.01874995939834915
Clusters,HoneyBunchesofOats,0.019544720429184786
Clusters,GreatGraines,0.01750273502969563
Clusters,OtmlRaisinCrisp,0.0153515367536889
Clusters,OatSquares,0.02248385097916911
Clusters,RiceChex,0.017466749592936724
Clusters,TotalRaisinBran,0.01353560061321762
Clusters,Product19,0.01643540103235449
Clusters,AppleJacks,0.015523411524806408
Clusters,CaptCrunch,0.02770897255203558
Clusters,ShreddedWheat,0.024379951488451863
Clusters,FruityPebbles,0.02102782700448332
Clusters,Clusters,-2.320091591112255
Clusters,CinnamonMiniBuns,0.07678671538245778
Clusters,DoubleDipCrunch,0.016103577793098164
Clusters,MultiGrainCheerios,0.05417254540278359
Clusters,Honeycomb,0.0200207048520919
Clusters,Popeye,0.0336364330673438
CinnamonMiniBuns,CornFlakes,0.13457180622296488
CinnamonMiniBuns,Cheerios,0.08555377401795047
CinnamonMiniBuns,RiceKrispies,0.09076359032373374
CinnamonMiniBuns,FrostedFlakes,0.08192680591660398
CinnamonMiniBuns,RaisinBran,0.07948244539063429
CinnamonMiniBuns,Total,0.01430302062115369
CinnamonMiniBuns,HoneyNutCheerios,0.06635184127273383
CinnamonMiniBuns,SpecialK,0.016244261935308753
CinnamonMiniBuns,GrapeNuts,0.026212380732268826
CinnamonMiniBuns,SpoonSizeShdWt,0.024663308561955605
CinnamonMiniBuns,100%Natural,0.02010619847655929
CinnamonMiniBuns,FrostedMiniWheats,0.020063939203241257
CinnamonMiniBuns,NutriGrain,0.022719440423168966
CinnamonMiniBuns,Mueslix,0.013712409036914931
CinnamonMiniBuns,Wheaties,0.10203065663025078
CinnamonMiniBuns,RaisinBran,0.0777373587404217
CinnamonMiniBuns,Muesli,0.013432254948664325
CinnamonMiniBuns,CornPops,0.052349167456672445
CinnamonMiniBuns,RaisinNutBran,0.014637962846796597
CinnamonMiniBuns,Basic4,0.014610036121517043
CinnamonMiniBuns,CocoaPus,0.017875336793704732
CinnamonMiniBuns,GoldenGrahams,0.021486917731030973
CinnamonMiniBuns,Cinn.ToastCrunch,0.020646180590778
CinnamonMiniBuns,FrootLoops,0.016822932291121893
CinnamonMiniBuns,LowFatGranola,0.01846138718463864
CinnamonMiniBuns,Trix,0.014314237896817695
CinnamonMiniBuns,Triples,0.023914099792374764
CinnamonMiniBuns,Crispix,0.017821527202495333
CinnamonMiniBuns,Kix,0.020194058935656425
CinnamonMiniBuns,LuckyCharms,0.018461342780677802
CinnamonMiniBuns,AppleCinn.Cheerios,0.06582119212065222
CinnamonMiniBuns,CracklinOatBran,0.013324626410904029
CinnamonMiniBuns,BigBiscuitShdWt,0.01874995928346243
CinnamonMiniBuns,HoneyBunchesofOats,0.019544720030936456
CinnamonMiniBuns,GreatGraines,0.017502734451995235
CinnamonMiniBuns,OtmlRaisinCrisp,0.015351536557156228
CinnamonMiniBuns,OatSquares,0.022483850718053866
CinnamonMiniBuns,RiceChex,0.017466748879451627
CinnamonMiniBuns,TotalRaisinBran,0.013535600031776963
CinnamonMiniBuns,Product19,0.016435400218393716
CinnamonMiniBuns,AppleJacks,0.015523411282227511
CinnamonMiniBuns,CaptCrunch,0.027708972141324614
CinnamonMiniBuns,ShreddedWheat,0.024379951040331867
CinnamonMiniBuns,FruityPebbles,0.021027826912028088
CinnamonMiniBuns,Clusters,0.06405170191918871
CinnamonMiniBuns,CinnamonMiniBuns,-2.0112368862685197
CinnamonMiniBuns,DoubleDipCrunch,0.0161035775577725
CinnamonMiniBuns,MultiGrainCheerios,0.054172545103399646
CinnamonMiniBuns,Honeycomb,0.020020704395062608
CinnamonMiniBuns,Popeye,0.03363643282452843
DoubleDipCrunch,CornFlakes,0.03810246137127451
DoubleDipCrunch,Cheerios,0.024223569620058918
DoubleDipCrunch,RiceKrispies,0.025698669587951462
DoubleDipCrunch,FrostedFlakes,0.023196634902275103
DoubleDipCrunch,RaisinBran,0.022504542802728178
DoubleDipCrunch,Total,0.03942465585275604
DoubleDipCrunch,HoneyNutCheerios,0.018786762854582625
DoubleDipCrunch,SpecialK,0.04477546670353528
DoubleDipCrunch,GrapeNuts,0.07225146026026422
DoubleDipCrunch,SpoonSizeShdWt,0.06798161687885744
DoubleDipCrunch,100%Natural,0.05542045935350419
DoubleDipCrunch,FrostedMiniWheats,0.05530397504697582
DoubleDipCrunch,NutriGrain,0.06262356455496565
DoubleDipCrunch,Mueslix,0.03779670245159792
DoubleDipCrunch,Wheaties,0.02888880977357897
DoubleDipCrunch,RaisinBran,0.022010440731174613
DoubleDipCrunch,Muesli,0.03702448977096927
DoubleDipCrunch,CornPops,0.014822066068754443
DoubleDipCrunch,RaisinNutBran,0.04034788610452733
DoubleDipCrunch,Basic4,0.040270909231833844
DoubleDipCrunch,CocoaPus,0.0178753373523334
DoubleDipCrunch,GoldenGrahams,0.021486918630113264
DoubleDipCrunch,Cinn.ToastCrunch,0.02064618050066839
DoubleDipCrunch,FrootLoops,0.016822932663048847
DoubleDipCrunch,LowFatGranola,0.050886722683861046
DoubleDipCrunch,Trix,0.014314238870700342
DoubleDipCrunch,Triples,0.06591650824420045
DoubleDipCrunch,Crispix,0.04912302185232776
DoubleDipCrunch,Kix,0.020194059888402
DoubleDipCrunch,LuckyCharms,0.018461343576435942
DoubleDipCrunch,AppleCinn.Cheerios,0.01863651522407384
DoubleDipCrunch,CracklinOatBran,0.03672782447674654
DoubleDipCrunch,BigBiscuitShdWt,0.05168213944448281
DoubleDipCrunch,HoneyBunchesofOats,0.05387280757919865
DoubleDipCrunch,GreatGraines,0.048244306390017054
DoubleDipCrunch,OtmlRaisinCrisp,0.04231477044910884
DoubleDipCrunch,OatSquares,0.0619741881787593
DoubleDipCrunch,RiceChex,0.0481451164145637
DoubleDipCrunch,TotalRaisinBran,0.03730934895416848
DoubleDipCrunch,Product19,0.04530232044952581
DoubleDipCrunch,AppleJacks,0.015523411707728385
DoubleDipCrunch,CaptCrunch,0.027708972684030723
DoubleDipCrunch,ShreddedWheat,0.0672005738714278
DoubleDipCrunch,FruityPebbles,0.021027827215231387
DoubleDipCrunch,Clusters,0.018135504588869682
DoubleDipCrunch,CinnamonMiniBuns,0.021741277169510027
DoubleDipCrunch,DoubleDipCrunch,-2.241049025388751
DoubleDipCrunch,MultiGrainCheerios,0.015338334982856689
DoubleDipCrunch,Honeycomb,0.02002070528548763
DoubleDipCrunch,Popeye,0.03363643328195802
MultiGrainCheerios,CornFlakes,0.13457180615587325
MultiGrainCheerios,Cheerios,0.08555377367763733
MultiGrainCheerios,RiceKrispies,0.0907635900181866
MultiGrainCheerios,FrostedFlakes,0.08192680595641832
MultiGrainCheerios,RaisinBran,0.07948244544882167
MultiGrainCheerios,Total,0.014303020786175782
MultiGrainCheerios,HoneyNutCheerios,0.06635184183511067
MultiGrainCheerios,SpecialK,0.016244261500116097
MultiGrainCheerios,GrapeNuts,0.02621238090430902
MultiGrainCheerios,SpoonSizeShdWt,0.024663308582871166
MultiGrainCheerios,100%Natural,0.02010619828922398
MultiGrainCheerios,FrostedMiniWheats,0.020063939239588314
MultiGrainCheerios,NutriGrain,0.022719440171318658
MultiGrainCheerios,Mueslix,0.013712409003395806
MultiGrainCheerios,Wheaties,0.10203065640070888
MultiGrainCheerios,RaisinBran,0.07773735878787086
MultiGrainCheerios,Muesli,0.013432254713224229
MultiGrainCheerios,CornPops,0.05234916747699489
MultiGrainCheerios,RaisinNutBran,0.014637962938907189
MultiGrainCheerios,Basic4,0.014610036031377319
MultiGrainCheerios,CocoaPus,0.017875336453131403
MultiGrainCheerios,GoldenGrahams,0.021486917998268164
MultiGrainCheerios,Cinn.ToastCrunch,0.020646180324504854
MultiGrainCheerios,FrootLoops,0.01682293244926452
MultiGrainCheerios,LowFatGranola,0.018461387617853472
MultiGrainCheerios,Trix,0.014314237957960062
MultiGrainCheerios,Triples,0.02391409990420866
MultiGrainCheerios,Crispix,0.017821527659101305
MultiGrainCheerios,Kix,0.02019405859215763
MultiGrainCheerios,LuckyCharms,0.018461342649004033
MultiGrainCheerios,AppleCinn.Cheerios,0.06582119191926375
MultiGrainCheerios,CracklinOatBran,0.013324626681411907
MultiGrainCheerios,BigBiscuitShdWt,0.018749959123158
MultiGrainCheerios,HoneyBunchesofOats,0.01954472031760859
MultiGrainCheerios,GreatGraines,0.01750273444280454
MultiGrainCheerios,OtmlRaisinCrisp,0.015351536461133903
MultiGrainCheerios,OatSquares,0.022483850688149554
MultiGrainCheerios,RiceChex,0.01746674912428133
MultiGrainCheerios,TotalRaisinBran,0.013535600688109821
MultiGrainCheerios,Product19,0.01643540049351442
MultiGrainCheerios,AppleJacks,0.015523410836436916
MultiGrainCheerios,CaptCrunch,0.02770897240671253
MultiGrainCheerios,ShreddedWheat,0.024379950945673454
MultiGrainCheerios,FruityPebbles,0.021027827128933155
MultiGrainCheerios,Clusters,0.0640517019746706
MultiGrainCheerios,CinnamonMiniBuns,0.0767867152270271
MultiGrainCheerios,DoubleDipCrunch,0.016103577615065673
MultiGrainCheerios,MultiGrainCheerios,-2.4818270022974436
MultiGrainCheerios,Honeycomb,0.020020704577525274
MultiGrainCheerios,Popeye,0.03363643289881486
Honeycomb,CornFlakes,0.038102461495718415
Honeycomb,Cheerios,0.02422356964344261
Honeycomb,RiceKrispies,0.025698669625951166
Honeycomb,FrostedFlakes,0.023196635030906815
Honeycomb,RaisinBran,0.022504542599920574
Honeycomb,Total,0.014303021491726993
Honeycomb,HoneyNutCheerios,0.018786763686193277
Honeycomb,SpecialK,0.016244262260615726
Honeycomb,GrapeNuts,0.02621238149054231
Honeycomb,SpoonSizeShdWt,0.024663308958610523
Honeycomb,100%Natural,0.020106198954765862
Honeycomb,FrostedMiniWheats,0.02006393990972419
Honeycomb,NutriGrain,0.02271944076448055
Honeycomb,Mueslix,0.013712409928783798
Honeycomb,Wheaties,0.028888809776936322
Honeycomb,RaisinBran,0.022010440880603648
Honeycomb,Muesli,0.013432255461444303
Honeycomb,CornPops,0.014822066596590015
Honeycomb,RaisinNutBran,0.014637963138482202
Honeycomb,Basic4,0.01461003662330844
Honeycomb,CocoaPus,0.07843679279499773
Honeycomb,GoldenGrahams,0.09428437331877562
Honeycomb,Cinn.ToastCrunch,0.09059522458751991
Honeycomb,FrootLoops,0.07381885149223977
Honeycomb,LowFatGranola,0.018461387840817935
Honeycomb,Trix,0.06281072966169556
Honeycomb,Triples,0.023914100405441226
Honeycomb,Crispix,0.01782152827933783
Honeycomb,Kix,0.08861131986894925
Honeycomb,LuckyCharms,0.08100817901856323
Honeycomb,AppleCinn.Cheerios,0.018636515541956823
Honeycomb,CracklinOatBran,0.013324627268245926
Honeycomb,BigBiscuitShdWt,0.018749960059718983
Honeycomb,HoneyBunchesofOats,0.01954472063428148
Honeycomb,GreatGraines,0.017502734873162232
Honeycomb,OtmlRaisinCrisp,0.01535153654458839
Honeycomb,OatSquares,0.022483851402349098
Honeycomb,RiceChex,0.01746674991677728
Honeycomb,TotalRaisinBran,0.013535600911237065
Honeycomb,Product19,0.016435401158893696
Honeycomb,AppleJacks,0.06811656452922087
Honeycomb,CaptCrunch,0.1215866825633898
Honeycomb,ShreddedWheat,0.024379951638801325
Honeycomb,FruityPebbles,0.09226988570981143
Honeycomb,Clusters,0.018135504549179893
Honeycomb,CinnamonMiniBuns,0.02174127731428578
Honeycomb,DoubleDipCrunch,0.016103578488822375
Honeycomb,MultiGrainCheerios,0.015338334871067399
Honeycomb,Honeycomb,-2.493705802500991
Honeycomb,Popeye,0.1475963234065835
Popeye,CornFlakes,0.038102461656383084
Popeye,Cheerios,0.024223569513700808
Popeye,RiceKrispies,0.025698669650490374
Popeye,FrostedFlakes,0.023196634964570865
Popeye,RaisinBran,0.022504542549807067
Popeye,Total,0.014303021835064185
Popeye,HoneyNutCheerios,0.01878676330618629
Popeye,SpecialK,0.01624426251730436
Popeye,GrapeNuts,0.026212381583343082
Popeye,SpoonSizeShdWt,0.02466330876044423
Popeye,100%Natural,0.020106198944118876
Popeye,FrostedMiniWheats,0.02006393977080586
Popeye,NutriGrain,0.022719441118354392
Popeye,Mueslix,0.013712409767451935
Popeye,Wheaties,0.028888809852821173
Popeye,RaisinBran,0.022010441153181785
Popeye,Muesli,0.013432255757874722
Popeye,CornPops,0.014822066630648724
Popeye,RaisinNutBran,0.014637963095764492
Popeye,Basic4,0.014610036672885178
Popeye,CocoaPus,0.07843679259466671
Popeye,GoldenGrahams,0.0942843732756195
Popeye,Cinn.ToastCrunch,0.09059522421208821
Popeye,FrootLoops,0.07381885164760794
Popeye,LowFatGranola,0.018461387765382222
Popeye,Trix,0.06281072971966754
Popeye,Triples,0.023914100421819833
Popeye,Crispix,0.017821528151757405
Popeye,Kix,0.08861131923370645
Popeye,LuckyCharms,0.0810081793953211
Popeye,AppleCinn.Cheerios,0.018636515530429353
Popeye,CracklinOatBran,0.013324627503070117
Popeye,BigBiscuitShdWt,0.01874995995851576
Popeye,HoneyBunchesofOats,0.019544720310831817
Popeye,GreatGraines,0.017502734982232572
Popeye,OtmlRaisinCrisp,0.015351536698842485
Popeye,OatSquares,0.022483851422112
Popeye,RiceChex,0.017466749791017727
Popeye,TotalRaisinBran,0.01353560100285791
Popeye,Product19,0.01643540124896728
Popeye,AppleJacks,0.06811656464220298
Popeye,CaptCrunch,0.12158668209507588
Popeye,ShreddedWheat,0.024379951787300173
Popeye,FruityPebbles,0.09226988619358716
Popeye,Clusters,0.018135504658991983
Popeye,CinnamonMiniBuns,0.021741277434061256
Popeye,DoubleDipCrunch,0.016103578273646
Popeye,MultiGrainCheerios,0.015338334751569245
Popeye,Honeycomb,0.0878506423034375
Popeye,Popeye,-1.196331668347941
