
. 
. if _rc {
.     di as error "[Stata] Não consegui sobrescrever $LOGS/stata_master.log"
.     di as error "[Stata] O arquivo pode estar aberto, travado ou como somente leitura."
.     di as text  "[Stata] Tentando criar log alternativo com data e hora..."
. 
.     local data_log = subinstr("`c(current_date)'", " ", "_", .)
.     local hora_log = subinstr("`c(current_time)'", ":", "", .)
.     local hora_log = subinstr("`hora_log'", ".", "", .)
. 
.     local log_alt "$LOGS/stata_master_`data_log'_`hora_log'.log"
. 
.     capture log using "`log_alt'", replace text
. 
.     if _rc {
.         di as error "[Stata] Também não consegui criar log alternativo."
.         di as error "[Stata] A replicação continuará sem log geral."
.     }
.     else {
.         di as text "[Stata] Log alternativo criado em:"
.         di as text "`log_alt'"
.     }
. }

. else {
.     di as text "[Stata] Log geral criado em:"
[Stata] Log geral criado em:
.     di as text "$LOGS/stata_master.log"
C:\Users\B03531855158\Documents\Replication\Códigos/output/logs/stata_master.log
. }

. 
. * ------------------------------------------------------------
. * Roda os scripts na ordem correta
. * ------------------------------------------------------------
. 
. di as text _newline "[Stata] Rodando 01_prepare_data.do"

[Stata] Rodando 01_prepare_data.do

. do "Stata/01_prepare_data.do"

. /********************************************************************
>  Questões preparatórias: importa dados, corrige escala e cria variáveis
> ********************************************************************/
. 
. 
. * Carrega configuração se o script for rodado individualmente.
. do "Stata/_load_config_if_needed.do"

. /********************************************************************
>  Bloco de segurança: carrega Stata/config.do se os caminhos ainda
>  não estiverem definidos. Assim os scripts podem ser rodados tanto
>  pelo 00_master.do quanto individualmente.
> ********************************************************************/
. 
. local rootdir "$ROOT"

. local rawdir  "$RAW"

. local procdir "$PROC"

. local tabsdir "$TABS"

. local figsdir "$FIGS"

. local logsdir "$LOGS"

. 
. if `"`procdir'"' == "" {
.     di as text "[Stata] Globais ainda não carregados. Tentando rodar Stata/config.do..."
. 
.     capture noisily do "Stata/config.do"
. 
.     if _rc {
.         di as error "[Stata] Não consegui rodar Stata/config.do."
.         di as error "[Stata] Rode o projeto a partir da pasta raiz ou ajuste o caminho do config.do."
.         exit 601
.     }
. }

. 
. local rootdir "$ROOT"

. local rawdir  "$RAW"

. local procdir "$PROC"

. local tabsdir "$TABS"

. local figsdir "$FIGS"

. local logsdir "$LOGS"

. 
. if `"`rootdir'"' == "" {
.     di as error "[Stata] O global ROOT está vazio depois do config.do."
.     exit 601
. }

. 
. if `"`rawdir'"' == "" {
.     di as error "[Stata] O global RAW está vazio depois do config.do."
.     exit 601
. }

. 
. if `"`procdir'"' == "" {
.     di as error "[Stata] O global PROC está vazio depois do config.do."
.     exit 601
. }

. 
. if `"`tabsdir'"' == "" {
.     di as error "[Stata] O global TABS está vazio depois do config.do."
.     exit 601
. }

. 
. if `"`figsdir'"' == "" {
.     di as error "[Stata] O global FIGS está vazio depois do config.do."
.     exit 601
. }

. 
. if `"`logsdir'"' == "" {
.     di as error "[Stata] O global LOGS está vazio depois do config.do."
.     exit 601
. }

. 
. capture mkdir "$ROOT/data"

. capture mkdir "$RAW"

. capture mkdir "$PROC"

. capture mkdir "$ROOT/output"

. capture mkdir "$TABS"

. capture mkdir "$FIGS"

. capture mkdir "$LOGS"

. 
. di as text "[Stata] Caminhos carregados:"
[Stata] Caminhos carregados:

. di as text "  ROOT = $ROOT"
  ROOT = C:\Users\B03531855158\Documents\Replication\Códigos

. di as text "  RAW  = $RAW"
  RAW  = C:\Users\B03531855158\Documents\Replication\Códigos/data/raw

. di as text "  PROC = $PROC"
  PROC = C:\Users\B03531855158\Documents\Replication\Códigos/data/processed

. di as text "  TABS = $TABS"
  TABS = C:\Users\B03531855158\Documents\Replication\Códigos/output/tables

. di as text "  FIGS = $FIGS"
  FIGS = C:\Users\B03531855158\Documents\Replication\Códigos/output/figures

. di as text "  LOGS = $LOGS"
  LOGS = C:\Users\B03531855158\Documents\Replication\Códigos/output/logs

. 
end of do-file

. 
. clear

. 
. di as text _newline "[Stata] Preparação dos dados: iniciando"

[Stata] Preparação dos dados: iniciando

. di as text "[Stata] Variáveis a calcular: ln_q, ln_y, ln_pch, ln_pb, z, z_sq, z_cu, z_lag, z_lag_sq"
[Stata] Variáveis a calcular: ln_q, ln_y, ln_pch, ln_pb, z, z_sq, z_cu, z_lag, z_lag_sq

. 
. * Usa o arquivo .dta como fonte preferencial, porque preserva decimais.
. cap confirm file "$RAW/chicken.dta"

. if !_rc {
.     di as text "[Stata] Fonte usada: data/raw/chicken.dta"
[Stata] Fonte usada: data/raw/chicken.dta
.     use "$RAW/chicken.dta", clear
. }

. else {
.     * Se o .dta não existir, importa o CSV separado por ponto e vírgula.
.     di as text "[Stata] Fonte usada: data/raw/chicken.csv com separador ';'"
.     import delimited "$RAW/chicken.csv", delimiter(";") varnames(1) clear case(lower)
.     destring, replace ignore(" ")
. }

. 
. di as text "[Stata] Base importada: " _N " linhas; colunas listadas abaixo"
[Stata] Base importada: 52 linhas; colunas listadas abaixo

. describe, short

Contains data from C:\Users\B03531855158\Documents\Replication\Códigos/data/raw/chicken.dta
 Observations:            52                  
    Variables:            12                  22 Jul 2020 16:36
Sorted by: 

. 
. * Padroniza nomes para minúsculas.
. rename *, lower
  (all newnames==oldnames)

. di as text "[Stata] Nomes padronizados para minúsculas"
[Stata] Nomes padronizados para minúsculas

. 
. * Harmoniza nomes alternativos que aparecem na lista.
. cap confirm variable tim

. if !_rc {
.     cap confirm variable time
.     if _rc {
.         rename tim time          // só executa se time NÃO existe
.     }
.     else {
.         di as text "[Stata] Variável time já existe; renomeação de tim ignorada"
[Stata] Variável time já existe; renomeação de tim ignorada
.     }
. }

. cap confirm variable eatex

. if !_rc {
.     rename eatex meatex
.     di as text "[Stata] Nome harmonizado: eatex -> meatex"
. }

. 
. * Corrige a escala do CSV quando os decimais aparecem removidos.
. * Essas regras não alteram o .dta correto, pois só atuam em valores muito grandes.
. di as text "[Stata] Aplicando regras de correção de escala apenas para valores anormalmente altos"
[Stata] Aplicando regras de correção de escala apenas para valores anormalmente altos

. replace year   = year/1000       if year   > 9999
(0 real changes made)

. replace q      = q/100000        if q      > 1000
(0 real changes made)

. replace y      = y/1000          if y      > 100000
(0 real changes made)

. replace pchick = pchick/100000   if pchick > 10000
(0 real changes made)

. replace pbeef  = pbeef/100000    if pbeef  > 10000
(0 real changes made)

. replace pcor   = pcor/100000     if pcor   > 10000
(0 real changes made)

. replace pf     = pf/100000       if pf     > 10000 & pf < .
(0 real changes made)

. replace cpi    = cpi/100000      if cpi    > 10000
(0 real changes made)

. replace pop    = pop/10000       if pop    > 10000
(0 real changes made)

. replace time   = time/100000     if time   > 10000
(0 real changes made)

. 
. * Ordena a série anual e declara estrutura temporal para criar defasagens.
. sort year

. tsset year, yearly

Time variable: year, 1950 to 2001
        Delta: 1 year

. summarize year, meanonly

. di as text "[Stata] Série anual ordenada: " r(min) " a " r(max)
[Stata] Série anual ordenada: 1950 a 2001

. 
. * Constrói as variáveis log-log exatamente como definidas na lista.
. di as text "[Stata] Calculando ln_q = ln(Q), ln_y = ln(Y), ln_pch = ln(PCHICK/CPI), ln_pb = ln(PBEEF/CPI), z = ln(PCOR
> /CPI)"
[Stata] Calculando ln_q = ln(Q), ln_y = ln(Y), ln_pch = ln(PCHICK/CPI), ln_pb = ln(PBEEF/CPI), z = ln(PCOR/CPI)

. gen double ln_q   = ln(q)              // q_t = ln(Q_t)

. gen double ln_y   = ln(y)              // y_t = ln(Y_t)

. gen double ln_pch = ln(pchick/cpi)     // p^ch_t = ln(PCHICK_t/CPI_t)

. gen double ln_pb  = ln(pbeef/cpi)      // p^b_t = ln(PBEEF_t/CPI_t)

. gen double z      = ln(pcor/cpi)       // z_t = ln(PCOR_t/CPI_t)

. 
. * Cria instrumentos não lineares e defasados pedidos na questão 8.
. di as text "[Stata] Calculando instrumentos alternativos: z_sq=z^2, z_cu=z^3, z_lag=L.z, z_lag_sq=z_lag^2"
[Stata] Calculando instrumentos alternativos: z_sq=z^2, z_cu=z^3, z_lag=L.z, z_lag_sq=z_lag^2

. gen double z_sq      = z^2             // z_t^2

. gen double z_cu      = z^3             // z_t^3

. gen double z_lag     = L.z             // z_{t-1}
(1 missing value generated)

. gen double z_lag_sq  = z_lag^2         // z_{t-1}^2
(1 missing value generated)

. 
. di as text "[Stata] Variáveis calculadas: ln_q ln_y ln_pch ln_pb z z_sq z_cu z_lag z_lag_sq"
[Stata] Variáveis calculadas: ln_q ln_y ln_pch ln_pb z z_sq z_cu z_lag z_lag_sq

. summarize ln_q ln_y ln_pch ln_pb z z_sq z_cu z_lag z_lag_sq

    Variable |        Obs        Mean    Std. dev.       Min        Max
-------------+---------------------------------------------------------
        ln_q |         52    3.366467    .3975462    2.66026    3.98713
        ln_y |         52    9.548204    .3491166   8.969923   10.07289
      ln_pch |         52    .3125468    .3388679  -.0692741   1.059115
       ln_pb |         52      .04619     .129892   -.179684   .3392157
           z |         52    .2225418    .4969237  -.8126739   1.019958
-------------+---------------------------------------------------------
        z_sq |         52    .2917093    .2753065   .0001029   1.040313
        z_cu |         52    .1202203    .3183622  -.5367214   1.061075
       z_lag |         51    .2427839    .4797283  -.8126739   1.019958
    z_lag_sq |         51    .2845707    .2731421   .0001029   1.040313

. 
. * Salva a base tratada para os demais scripts.
. compress
  variable year was long now int
  variable y was long now int
  variable time was long now byte
  variable meatex was double now int
  (676 bytes saved)

. save "$PROC/chicken_prepared_stata.dta", replace
file C:\Users\B03531855158\Documents\Replication\Códigos/data/processed/chicken_prepared_stata.dta saved

. 
. di as text "[Stata] Base tratada salva: data/processed/chicken_prepared_stata.dta"
[Stata] Base tratada salva: data/processed/chicken_prepared_stata.dta

. 
. * Exporta também em CSV para inspeção rápida.
. export delimited using "$PROC/chicken_prepared_stata.csv", replace
file C:\Users\B03531855158\Documents\Replication\Códigos/data/processed/chicken_prepared_stata.csv saved

. di as text "[Stata] Base tratada exportada: data/processed/chicken_prepared_stata.csv"
[Stata] Base tratada exportada: data/processed/chicken_prepared_stata.csv

. 
end of do-file

. 
. di as text _newline "[Stata] Rodando 02_ols_iv_first_stage.do"

[Stata] Rodando 02_ols_iv_first_stage.do

. do "Stata/02_ols_iv_first_stage.do"

. /********************************************************************
>  Questões 1, 3 e 4: MQO, 2SLS com Z1 e primeiro estágio
>  CORREÇÕES APLICADAS:
>    - Q1 : p-valor individual de beta_p, beta_y e beta_b adicionados
>    - Q1 : coeficientes beta_y e beta_b agora armazenados na tabela
>    - Q3 : p-valor individual de beta_p adicionado
>    - Q4 : p-valor individual de pi_z adicionado
>    - Q4 : verificação numérica de equivalência 2SLS == GMM exato
> ********************************************************************/
. 
. 
. * Carrega configuração se o script for rodado individualmente.
. do "Stata/_load_config_if_needed.do"

. /********************************************************************
>  Bloco de segurança: carrega Stata/config.do se os caminhos ainda
>  não estiverem definidos. Assim os scripts podem ser rodados tanto
>  pelo 00_master.do quanto individualmente.
> ********************************************************************/
. 
. local rootdir "$ROOT"

. local rawdir  "$RAW"

. local procdir "$PROC"

. local tabsdir "$TABS"

. local figsdir "$FIGS"

. local logsdir "$LOGS"

. 
. if `"`procdir'"' == "" {
.     di as text "[Stata] Globais ainda não carregados. Tentando rodar Stata/config.do..."
. 
.     capture noisily do "Stata/config.do"
. 
.     if _rc {
.         di as error "[Stata] Não consegui rodar Stata/config.do."
.         di as error "[Stata] Rode o projeto a partir da pasta raiz ou ajuste o caminho do config.do."
.         exit 601
.     }
. }

. 
. local rootdir "$ROOT"

. local rawdir  "$RAW"

. local procdir "$PROC"

. local tabsdir "$TABS"

. local figsdir "$FIGS"

. local logsdir "$LOGS"

. 
. if `"`rootdir'"' == "" {
.     di as error "[Stata] O global ROOT está vazio depois do config.do."
.     exit 601
. }

. 
. if `"`rawdir'"' == "" {
.     di as error "[Stata] O global RAW está vazio depois do config.do."
.     exit 601
. }

. 
. if `"`procdir'"' == "" {
.     di as error "[Stata] O global PROC está vazio depois do config.do."
.     exit 601
. }

. 
. if `"`tabsdir'"' == "" {
.     di as error "[Stata] O global TABS está vazio depois do config.do."
.     exit 601
. }

. 
. if `"`figsdir'"' == "" {
.     di as error "[Stata] O global FIGS está vazio depois do config.do."
.     exit 601
. }

. 
. if `"`logsdir'"' == "" {
.     di as error "[Stata] O global LOGS está vazio depois do config.do."
.     exit 601
. }

. 
. capture mkdir "$ROOT/data"

. capture mkdir "$RAW"

. capture mkdir "$PROC"

. capture mkdir "$ROOT/output"

. capture mkdir "$TABS"

. capture mkdir "$FIGS"

. capture mkdir "$LOGS"

. 
. di as text "[Stata] Caminhos carregados:"
[Stata] Caminhos carregados:

. di as text "  ROOT = $ROOT"
  ROOT = C:\Users\B03531855158\Documents\Replication\Códigos

. di as text "  RAW  = $RAW"
  RAW  = C:\Users\B03531855158\Documents\Replication\Códigos/data/raw

. di as text "  PROC = $PROC"
  PROC = C:\Users\B03531855158\Documents\Replication\Códigos/data/processed

. di as text "  TABS = $TABS"
  TABS = C:\Users\B03531855158\Documents\Replication\Códigos/output/tables

. di as text "  FIGS = $FIGS"
  FIGS = C:\Users\B03531855158\Documents\Replication\Códigos/output/figures

. di as text "  LOGS = $LOGS"
  LOGS = C:\Users\B03531855158\Documents\Replication\Códigos/output/logs

. 
end of do-file

. 
. use "$PROC/chicken_prepared_stata.dta", clear

. 
. di as text _newline "[Stata] Questão 1: estimando MQO robusto"

[Stata] Questão 1: estimando MQO robusto

. di as text "[Stata] Modelo: ln_q = beta0 + beta_p*ln_pch + beta_y*ln_y + beta_b*ln_pb + u"
[Stata] Modelo: ln_q = beta0 + beta_p*ln_pch + beta_y*ln_y + beta_b*ln_pb + u

. di as text "[Stata] Variável dependente: ln_q"
[Stata] Variável dependente: ln_q

. di as text "[Stata] Regressores: ln_pch ln_y ln_pb"
[Stata] Regressores: ln_pch ln_y ln_pb

. 
. /********************************************************************
>  Questão 1: MQO com erro-padrão robusto
>  CORREÇÃO: p-valor de beta_p; coeficientes e p-valores de beta_y e beta_b
> ********************************************************************/
. reg ln_q ln_pch ln_y ln_pb, vce(robust)

Linear regression                               Number of obs     =         52
                                                F(3, 48)          =     815.98
                                                Prob > F          =     0.0000
                                                R-squared         =     0.9809
                                                Root MSE          =     .05659

------------------------------------------------------------------------------
             |               Robust
        ln_q | Coefficient  std. err.      t    P>|t|     [95% conf. interval]
-------------+----------------------------------------------------------------
      ln_pch |   -.264785   .0671859    -3.94   0.000    -.3998713   -.1296987
        ln_y |   .8519161    .058502    14.56   0.000     .7342899    .9695422
       ln_pb |  -.1183671   .0738621    -1.60   0.116    -.2668767    .0301426
       _cons |  -4.679576     .57709    -8.11   0.000    -5.839893   -3.519258
------------------------------------------------------------------------------

. di as text "[Stata] MQO concluído: beta_p = " %9.6f _b[ln_pch] "; EP robusto = " %9.6f _se[ln_pch]
[Stata] MQO concluído: beta_p = -0.264785; EP robusto =  0.067186

. 
. * Guarda resíduos e valores ajustados para gráficos da questão 7.
. predict double ols_resid, resid

. predict double ols_fitted, xb

. save "$PROC/chicken_with_ols_residuals_stata.dta", replace
file C:\Users\B03531855158\Documents\Replication\Códigos/data/processed/chicken_with_ols_residuals_stata.dta saved

. di as text "[Stata] Resíduos e valores ajustados do MQO salvos para gráficos"
[Stata] Resíduos e valores ajustados do MQO salvos para gráficos

. 
. * ---------- extração de escalares ----------
. scalar b_p   = _b[ln_pch]

. scalar se_p  = _se[ln_pch]

. scalar b_y   = _b[ln_y]

. scalar se_y  = _se[ln_y]

. scalar b_b   = _b[ln_pb]

. scalar se_b  = _se[ln_pb]

. scalar cv_t  = invttail(e(df_r), 0.025)   // valor crítico t bicaudal 5 %

. 
. * p-valores individuais: P(|T| > |t|) sob t com e(df_r) graus de liberdade
. scalar pval_p = 2 * ttail(e(df_r), abs(b_p / se_p))

. scalar pval_y = 2 * ttail(e(df_r), abs(b_y / se_y))

. scalar pval_b = 2 * ttail(e(df_r), abs(b_b / se_b))

. 
. di as text "[Stata] Q1 p-valores: p(beta_p)=" %9.6f pval_p ///
>            " | p(beta_y)=" %9.6f pval_y " | p(beta_b)=" %9.6f pval_b
[Stata] Q1 p-valores: p(beta_p)= 0.000263 | p(beta_y)= 0.000000 | p(beta_b)= 0.115597

. 
. * ---------- salva tabela com TODAS as elasticidades e p-valores ----------
. postfile ols ///
>     str20 method int N ///
>     double beta_p se_p pval_p ci_low_p ci_high_p ///
>     double beta_y se_y pval_y ///
>     double beta_b se_b pval_b ///
>     using "$TABS/stata_question_01_ols.dta", replace
(file C:\Users\B03531855158\Documents\Replication\Códigos/output/tables/stata_question_01_ols.dta not found)

. 
. post ols ///
>     ("OLS_robust") (e(N)) ///
>     (b_p) (se_p) (pval_p) (b_p - cv_t*se_p) (b_p + cv_t*se_p) ///
>     (b_y) (se_y) (pval_y) ///
>     (b_b) (se_b) (pval_b)

. 
. postclose ols

. use "$TABS/stata_question_01_ols.dta", clear

. export delimited using "$TABS/stata_question_01_ols.csv", replace
(file C:\Users\B03531855158\Documents\Replication\Códigos/output/tables/stata_question_01_ols.csv not found)
file C:\Users\B03531855158\Documents\Replication\Códigos/output/tables/stata_question_01_ols.csv saved

. di as text "[Stata] Tabela salva: output/tables/stata_question_01_ols.csv"
[Stata] Tabela salva: output/tables/stata_question_01_ols.csv

. 
. /********************************************************************
>  Questão 3: 2SLS com um instrumento excluído, Z1 = {z}
>  CORREÇÃO: p-valor individual de beta_p adicionado à tabela
> ********************************************************************/
. use "$PROC/chicken_prepared_stata.dta", clear

. 
. di as text _newline "[Stata] Questão 3: estimando 2SLS com Z1 = {z}"

[Stata] Questão 3: estimando 2SLS com Z1 = {z}

. di as text "[Stata] Equação estrutural: ln_q ~ ln_pch + ln_y + ln_pb"
[Stata] Equação estrutural: ln_q ~ ln_pch + ln_y + ln_pb

. di as text "[Stata] Variável endógena: ln_pch"
[Stata] Variável endógena: ln_pch

. di as text "[Stata] Instrumento excluído: z"
[Stata] Instrumento excluído: z

. di as text "[Stata] Controles/instrumentos incluídos: ln_y ln_pb"
[Stata] Controles/instrumentos incluídos: ln_y ln_pb

. ivreg2 ln_q ln_y ln_pb (ln_pch = z), robust first

First-stage regressions
-----------------------


First-stage regression of ln_pch:

Statistics robust to heteroskedasticity
Number of obs =                     52
------------------------------------------------------------------------------
             |               Robust
      ln_pch | Coefficient  std. err.      t    P>|t|     [95% conf. interval]
-------------+----------------------------------------------------------------
           z |   .1087961    .066693     1.63   0.109    -.0252992    .2428914
        ln_y |  -.7849965   .0897485    -8.75   0.000    -.9654479   -.6045452
       ln_pb |  -.0160373   .2184773    -0.07   0.942    -.4553154    .4232408
       _cons |   7.784383    .871047     8.94   0.000     6.033025     9.53574
------------------------------------------------------------------------------
F test of excluded instruments:
  F(  1,    48) =     2.66
  Prob > F      =   0.1094
Sanderson-Windmeijer multivariate F test of excluded instruments:
  F(  1,    48) =     2.66
  Prob > F      =   0.1094



Summary results for first-stage regressions
-------------------------------------------

                                           (Underid)            (Weak id)
Variable     | F(  1,    48)  P-val | SW Chi-sq(  1) P-val | SW F(  1,    48)
ln_pch       |       2.66    0.1094 |        2.88   0.0895 |        2.66

NB: first-stage test statistics heteroskedasticity-robust

Stock-Yogo weak ID F test critical values for single endogenous regressor:
                                   10% maximal IV size             16.38
                                   15% maximal IV size              8.96
                                   20% maximal IV size              6.66
                                   25% maximal IV size              5.53
Source: Stock-Yogo (2005).  Reproduced by permission.
NB: Critical values are for i.i.d. errors only.

Underidentification test
Ho: matrix of reduced form coefficients has rank=K1-1 (underidentified)
Ha: matrix has rank=K1 (identified)
Kleibergen-Paap rk LM statistic          Chi-sq(1)=2.65     P-val=0.1039

Weak identification test
Ho: equation is weakly identified
Cragg-Donald Wald F statistic                                       2.07
Kleibergen-Paap Wald rk F statistic                                 2.66

Stock-Yogo weak ID test critical values for K1=1 and L1=1:
                                   10% maximal IV size             16.38
                                   15% maximal IV size              8.96
                                   20% maximal IV size              6.66
                                   25% maximal IV size              5.53
Source: Stock-Yogo (2005).  Reproduced by permission.
NB: Critical values are for Cragg-Donald F statistic and i.i.d. errors.

Weak-instrument-robust inference
Tests of joint significance of endogenous regressors B1 in main equation
Ho: B1=0 and orthogonality conditions are valid
Anderson-Rubin Wald test           F(1,48)=       25.69     P-val=0.0000
Anderson-Rubin Wald test           Chi-sq(1)=     27.83     P-val=0.0000
Stock-Wright LM S statistic        Chi-sq(1)=     17.17     P-val=0.0000

NB: Underidentification, weak identification and weak-identification-robust
    test statistics heteroskedasticity-robust

Number of observations               N  =         52
Number of regressors                 K  =          4
Number of endogenous regressors      K1 =          1
Number of instruments                L  =          4
Number of excluded instruments       L1 =          1

IV (2SLS) estimation
--------------------

Estimates efficient for homoskedasticity only
Statistics robust to heteroskedasticity

                                                      Number of obs =       52
                                                      F(  3,    48) =    70.86
                                                      Prob > F      =   0.0000
Total (centered) SS     =  8.060190536                Centered R2   =   0.8107
Total (uncentered) SS   =  597.3814649                Uncentered R2 =   0.9974
Residual SS             =  1.525715715                Root MSE      =    .1713

------------------------------------------------------------------------------
             |               Robust
        ln_q | Coefficient  std. err.      z    P>|z|     [95% conf. interval]
-------------+----------------------------------------------------------------
      ln_pch |   -1.71086   .9406693    -1.82   0.069    -3.554538    .1328175
        ln_y |  -.4160672   .8361235    -0.50   0.619    -2.054839    1.222705
       ln_pb |   .0935534   .3210917     0.29   0.771    -.5357748    .7228817
       _cons |   7.869565   8.272268     0.95   0.341    -8.343784    24.08291
------------------------------------------------------------------------------
Underidentification test (Kleibergen-Paap rk LM statistic):              2.645
                                                   Chi-sq(1) P-val =    0.1039
------------------------------------------------------------------------------
Weak identification test (Cragg-Donald Wald F statistic):                2.068
                         (Kleibergen-Paap rk Wald F statistic):          2.661
Stock-Yogo weak ID test critical values: 10% maximal IV size             16.38
                                         15% maximal IV size              8.96
                                         20% maximal IV size              6.66
                                         25% maximal IV size              5.53
Source: Stock-Yogo (2005).  Reproduced by permission.
NB: Critical values are for Cragg-Donald F statistic and i.i.d. errors.
------------------------------------------------------------------------------
Hansen J statistic (overidentification test of all instruments):         0.000
                                                 (equation exactly identified)
------------------------------------------------------------------------------
Instrumented:         ln_pch
Included instruments: ln_y ln_pb
Excluded instruments: z
------------------------------------------------------------------------------

. di as text "[Stata] 2SLS Z1: beta_p = " %9.6f _b[ln_pch] "; EP = " %9.6f _se[ln_pch]
[Stata] 2SLS Z1: beta_p = -1.710860; EP =  0.940669

. 
. scalar b_p2  = _b[ln_pch]

. scalar se_p2 = _se[ln_pch]

. scalar cv_n  = invnormal(0.975)   // aproximação normal assintótica para 2SLS

. 
. * CORREÇÃO: p-valor via normal padrão (aproximação assintótica do 2SLS)
. scalar pval_p2 = 2 * (1 - normal(abs(b_p2 / se_p2)))

. di as text "[Stata] Q3 p-valor de beta_p (2SLS): " %9.6f pval_p2
[Stata] Q3 p-valor de beta_p (2SLS):  0.068947

. 
. postfile ivz1 ///
>     str20 method int N ///
>     double beta_p se_p pval_p ci_low ci_high ///
>     using "$TABS/stata_question_03_iv_z1.dta", replace
(file C:\Users\B03531855158\Documents\Replication\Códigos/output/tables/stata_question_03_iv_z1.dta not found)

. 
. post ivz1 ///
>     ("2SLS_Z1_robust") (e(N)) ///
>     (b_p2) (se_p2) (pval_p2) (b_p2 - cv_n*se_p2) (b_p2 + cv_n*se_p2)

. 
. postclose ivz1

. use "$TABS/stata_question_03_iv_z1.dta", clear

. export delimited using "$TABS/stata_question_03_iv_z1.csv", replace
(file C:\Users\B03531855158\Documents\Replication\Códigos/output/tables/stata_question_03_iv_z1.csv not found)
file C:\Users\B03531855158\Documents\Replication\Códigos/output/tables/stata_question_03_iv_z1.csv saved

. di as text "[Stata] Tabela salva: output/tables/stata_question_03_iv_z1.csv"
[Stata] Tabela salva: output/tables/stata_question_03_iv_z1.csv

. 
. /********************************************************************
>  Questão 4: Primeiro estágio, R2 parcial e F usual robusto
>  CORREÇÃO: p-valor individual de pi_z adicionado à tabela
>           + verificação numérica equivalência 2SLS=GMM no caso exato
> ********************************************************************/
. use "$PROC/chicken_prepared_stata.dta", clear

. 
. di as text _newline "[Stata] Questão 4: estimando primeiro estágio de Z1"

[Stata] Questão 4: estimando primeiro estágio de Z1

. di as text "[Stata] Modelo: ln_pch = pi0 + pi_z*z + pi_y*ln_y + pi_b*ln_pb + v"
[Stata] Modelo: ln_pch = pi0 + pi_z*z + pi_y*ln_y + pi_b*ln_pb + v

. di as text "[Stata] Variável dependente: ln_pch"
[Stata] Variável dependente: ln_pch

. di as text "[Stata] Regressores: z ln_y ln_pb"
[Stata] Regressores: z ln_y ln_pb

. 
. * Primeiro estágio completo.
. reg ln_pch z ln_y ln_pb, vce(robust)

Linear regression                               Number of obs     =         52
                                                F(3, 48)          =     100.97
                                                Prob > F          =     0.0000
                                                R-squared         =     0.8926
                                                Root MSE          =     .11447

------------------------------------------------------------------------------
             |               Robust
      ln_pch | Coefficient  std. err.      t    P>|t|     [95% conf. interval]
-------------+----------------------------------------------------------------
           z |   .1087961    .066693     1.63   0.109    -.0252992    .2428914
        ln_y |  -.7849965   .0897485    -8.75   0.000    -.9654479   -.6045452
       ln_pb |  -.0160373   .2184773    -0.07   0.942    -.4553154    .4232408
       _cons |   7.784383    .871047     8.94   0.000     6.033025     9.53574
------------------------------------------------------------------------------

. test z

 ( 1)  z = 0

       F(  1,    48) =    2.66
            Prob > F =    0.1094

. scalar F_usual = r(F)

. scalar p_F     = r(p)

. scalar pi_z    = _b[z]

. scalar se_z    = _se[z]

. 
. * CORREÇÃO: p-valor individual de pi_z (teste t bilateral)
. scalar p_z = 2 * ttail(e(df_r), abs(pi_z / se_z))

. 
. di as text "[Stata] Primeiro estágio Z1: pi_z=" %9.6f pi_z " | SE=" %9.6f se_z " | p(t)=" %9.6f p_z
[Stata] Primeiro estágio Z1: pi_z= 0.108796 | SE= 0.066693 | p(t)= 0.109373

. di as text "[Stata] F usual (conjunto) = " %9.6f F_usual " | p(F) = " %9.6f p_F
[Stata] F usual (conjunto) =  2.661129 | p(F) =  0.109373

. 
. * R2 parcial: residualiza ln_pch e z contra controles.
. di as text "[Stata] Calculando R2 parcial: residualizando ln_pch e z contra ln_y ln_pb"
[Stata] Calculando R2 parcial: residualizando ln_pch e z contra ln_y ln_pb

. reg ln_pch ln_y ln_pb

      Source |       SS           df       MS      Number of obs   =        52
-------------+----------------------------------   F(2, 49)        =    194.19
       Model |  5.20029867         2  2.60014934   Prob > F        =    0.0000
    Residual |  .656106485        49  .013389928   R-squared       =    0.8880
-------------+----------------------------------   Adj R-squared   =    0.8834
       Total |  5.85640516        51  .114831474   Root MSE        =    .11571

------------------------------------------------------------------------------
      ln_pch | Coefficient  Std. err.      t    P>|t|     [95% conf. interval]
-------------+----------------------------------------------------------------
        ln_y |  -.8768445   .0630903   -13.90   0.000    -1.003629   -.7500598
       ln_pb |   .1465487   .1695707     0.86   0.392    -.1942164    .4873138
       _cons |   8.678068   .6079439    14.27   0.000     7.456359    9.899777
------------------------------------------------------------------------------

. predict double r_ln_pch, resid

. reg z ln_y ln_pb

      Source |       SS           df       MS      Number of obs   =        52
-------------+----------------------------------   F(2, 49)        =    110.30
       Model |  10.3046252         2  5.15231258   Prob > F        =    0.0000
    Residual |  2.28896787        49   .04671363   R-squared       =    0.8182
-------------+----------------------------------   Adj R-squared   =    0.8108
       Total |   12.593593        51  .246933197   Root MSE        =    .21613

------------------------------------------------------------------------------
           z | Coefficient  Std. err.      t    P>|t|     [95% conf. interval]
-------------+----------------------------------------------------------------
        ln_y |  -.8442216   .1178407    -7.16   0.000    -1.081031   -.6074117
       ln_pb |   1.494411   .3167259     4.72   0.000      .857926    2.130895
       _cons |   8.214314   1.135524     7.23   0.000     5.932394    10.49623
------------------------------------------------------------------------------

. predict double r_z, resid

. reg r_ln_pch r_z, noconstant

      Source |       SS           df       MS      Number of obs   =        52
-------------+----------------------------------   F(1, 51)        =      2.20
       Model |  .027093573         1  .027093573   Prob > F        =    0.1445
    Residual |  .629012912        51  .012333587   R-squared       =    0.0413
-------------+----------------------------------   Adj R-squared   =    0.0225
       Total |  .656106485        52  .012617432   Root MSE        =    .11106

------------------------------------------------------------------------------
    r_ln_pch | Coefficient  Std. err.      t    P>|t|     [95% conf. interval]
-------------+----------------------------------------------------------------
         r_z |   .1087961   .0734049     1.48   0.144    -.0385703    .2561625
------------------------------------------------------------------------------

. scalar partial_R2 = e(r2)

. di as text "[Stata] R2 parcial do instrumento z = " %9.6f partial_R2
[Stata] R2 parcial do instrumento z =  0.041294

. 
. * Verificação numérica: no caso exatamente identificado, GMM de dois passos
. * e 2SLS produzem estimativas idênticas independentemente da ponderação.
. di as text "[Stata] Verificação: 2SLS vs GMM no caso exatamente identificado (Z1)"
[Stata] Verificação: 2SLS vs GMM no caso exatamente identificado (Z1)

. quietly ivreg2 ln_q ln_y ln_pb (ln_pch = z), robust

. scalar b_2sls = _b[ln_pch]

. quietly ivreg2 ln_q ln_y ln_pb (ln_pch = z), gmm2s robust

. scalar b_gmm  = _b[ln_pch]

. scalar diff_2sls_gmm = abs(b_2sls - b_gmm)

. di as text "[Stata] beta_p 2SLS = " %12.9f b_2sls " | beta_p GMM = " %12.9f b_gmm " | |diferença| = " %12.9f diff_2sls
> _gmm
[Stata] beta_p 2SLS = -1.710860374 | beta_p GMM = -1.710860374 | |diferença| =  0.000000000

. di as text "[Stata] (diferença numericamente zero confirma equivalência teórica no caso exato)"
[Stata] (diferença numericamente zero confirma equivalência teórica no caso exato)

. 
. * Tabela do primeiro estágio — CORREÇÃO: inclui p_z
. postfile fs ///
>     str20 model int N ///
>     double pi_z se_z p_z partial_R2 F_usual p_F ///
>     using "$TABS/stata_question_04_first_stage.dta", replace
(file C:\Users\B03531855158\Documents\Replication\Códigos/output/tables/stata_question_04_first_stage.dta not found)

. 
. post fs ("Z1_first_stage") (e(N)) (pi_z) (se_z) (p_z) (partial_R2) (F_usual) (p_F)

. 
. postclose fs

. use "$TABS/stata_question_04_first_stage.dta", clear

. export delimited using "$TABS/stata_question_04_first_stage.csv", replace
(file C:\Users\B03531855158\Documents\Replication\Códigos/output/tables/stata_question_04_first_stage.csv not found)
file C:\Users\B03531855158\Documents\Replication\Códigos/output/tables/stata_question_04_first_stage.csv saved

. di as text "[Stata] Tabela salva: output/tables/stata_question_04_first_stage.csv"
[Stata] Tabela salva: output/tables/stata_question_04_first_stage.csv

. 
end of do-file

. 
. di as text _newline "[Stata] Rodando 03_gmm_hansen.do"

[Stata] Rodando 03_gmm_hansen.do

. do "Stata/03_gmm_hansen.do"

. /********************************************************************
>  Questão 5: GMM e sobreidentificação com Hansen J
>  CORREÇÕES APLICADAS:
>    - p-valor individual de beta_p adicionado para GMM_Z1 e GMM_Z2
>    - verificação numérica explícita de equivalência 2SLS == GMM no caso exato
>    - hansen_df registrado corretamente para caso exato (0) e sobreidentificado (1)
> ********************************************************************/
. 
. 
. * Carrega configuração se o script for rodado individualmente.
. do "Stata/_load_config_if_needed.do"

. /********************************************************************
>  Bloco de segurança: carrega Stata/config.do se os caminhos ainda
>  não estiverem definidos. Assim os scripts podem ser rodados tanto
>  pelo 00_master.do quanto individualmente.
> ********************************************************************/
. 
. local rootdir "$ROOT"

. local rawdir  "$RAW"

. local procdir "$PROC"

. local tabsdir "$TABS"

. local figsdir "$FIGS"

. local logsdir "$LOGS"

. 
. if `"`procdir'"' == "" {
.     di as text "[Stata] Globais ainda não carregados. Tentando rodar Stata/config.do..."
. 
.     capture noisily do "Stata/config.do"
. 
.     if _rc {
.         di as error "[Stata] Não consegui rodar Stata/config.do."
.         di as error "[Stata] Rode o projeto a partir da pasta raiz ou ajuste o caminho do config.do."
.         exit 601
.     }
. }

. 
. local rootdir "$ROOT"

. local rawdir  "$RAW"

. local procdir "$PROC"

. local tabsdir "$TABS"

. local figsdir "$FIGS"

. local logsdir "$LOGS"

. 
. if `"`rootdir'"' == "" {
.     di as error "[Stata] O global ROOT está vazio depois do config.do."
.     exit 601
. }

. 
. if `"`rawdir'"' == "" {
.     di as error "[Stata] O global RAW está vazio depois do config.do."
.     exit 601
. }

. 
. if `"`procdir'"' == "" {
.     di as error "[Stata] O global PROC está vazio depois do config.do."
.     exit 601
. }

. 
. if `"`tabsdir'"' == "" {
.     di as error "[Stata] O global TABS está vazio depois do config.do."
.     exit 601
. }

. 
. if `"`figsdir'"' == "" {
.     di as error "[Stata] O global FIGS está vazio depois do config.do."
.     exit 601
. }

. 
. if `"`logsdir'"' == "" {
.     di as error "[Stata] O global LOGS está vazio depois do config.do."
.     exit 601
. }

. 
. capture mkdir "$ROOT/data"

. capture mkdir "$RAW"

. capture mkdir "$PROC"

. capture mkdir "$ROOT/output"

. capture mkdir "$TABS"

. capture mkdir "$FIGS"

. capture mkdir "$LOGS"

. 
. di as text "[Stata] Caminhos carregados:"
[Stata] Caminhos carregados:

. di as text "  ROOT = $ROOT"
  ROOT = C:\Users\B03531855158\Documents\Replication\Códigos

. di as text "  RAW  = $RAW"
  RAW  = C:\Users\B03531855158\Documents\Replication\Códigos/data/raw

. di as text "  PROC = $PROC"
  PROC = C:\Users\B03531855158\Documents\Replication\Códigos/data/processed

. di as text "  TABS = $TABS"
  TABS = C:\Users\B03531855158\Documents\Replication\Códigos/output/tables

. di as text "  FIGS = $FIGS"
  FIGS = C:\Users\B03531855158\Documents\Replication\Códigos/output/figures

. di as text "  LOGS = $LOGS"
  LOGS = C:\Users\B03531855158\Documents\Replication\Códigos/output/logs

. 
end of do-file

. 
. use "$PROC/chicken_prepared_stata.dta", clear

. 
. di as text _newline "[Stata] Questão 5: estimando GMM em dois passos"

[Stata] Questão 5: estimando GMM em dois passos

. di as text "[Stata] Equação estrutural: ln_q ~ ln_pch + ln_y + ln_pb"
[Stata] Equação estrutural: ln_q ~ ln_pch + ln_y + ln_pb

. di as text "[Stata] Variável endógena: ln_pch; controles exógenos: ln_y ln_pb"
[Stata] Variável endógena: ln_pch; controles exógenos: ln_y ln_pb

. 
. * CORREÇÃO: postfile agora inclui pval_p (p-valor de beta_p)
. postfile gmmtab ///
>     str20 model int N ///
>     double beta_p se_p pval_p ci_low ci_high ///
>     double hansen_J hansen_p hansen_df ///
>     using "$TABS/stata_question_05_gmm.dta", replace
(file C:\Users\B03531855158\Documents\Replication\Códigos/output/tables/stata_question_05_gmm.dta not found)

. 
. * ------------------------------------------------------------------
. * GMM exatamente identificado: Z1 = {z}
. * ------------------------------------------------------------------
. di as text "[Stata] GMM_Z1: instrumento excluído = z"
[Stata] GMM_Z1: instrumento excluído = z

. ivreg2 ln_q ln_y ln_pb (ln_pch = z), gmm2s robust

2-Step GMM estimation
---------------------

Estimates efficient for arbitrary heteroskedasticity
Statistics robust to heteroskedasticity

                                                      Number of obs =       52
                                                      F(  3,    48) =    70.86
                                                      Prob > F      =   0.0000
Total (centered) SS     =  8.060190536                Centered R2   =   0.8107
Total (uncentered) SS   =  597.3814649                Uncentered R2 =   0.9974
Residual SS             =  1.525715715                Root MSE      =    .1713

------------------------------------------------------------------------------
             |               Robust
        ln_q | Coefficient  std. err.      z    P>|z|     [95% conf. interval]
-------------+----------------------------------------------------------------
      ln_pch |   -1.71086   .9406693    -1.82   0.069    -3.554538    .1328175
        ln_y |  -.4160672   .8361235    -0.50   0.619    -2.054839    1.222705
       ln_pb |   .0935534   .3210917     0.29   0.771    -.5357748    .7228817
       _cons |   7.869565   8.272268     0.95   0.341    -8.343784    24.08291
------------------------------------------------------------------------------
Underidentification test (Kleibergen-Paap rk LM statistic):              2.645
                                                   Chi-sq(1) P-val =    0.1039
------------------------------------------------------------------------------
Weak identification test (Cragg-Donald Wald F statistic):                2.068
                         (Kleibergen-Paap rk Wald F statistic):          2.661
Stock-Yogo weak ID test critical values: 10% maximal IV size             16.38
                                         15% maximal IV size              8.96
                                         20% maximal IV size              6.66
                                         25% maximal IV size              5.53
Source: Stock-Yogo (2005).  Reproduced by permission.
NB: Critical values are for Cragg-Donald F statistic and i.i.d. errors.
------------------------------------------------------------------------------
Hansen J statistic (overidentification test of all instruments):         0.000
                                                 (equation exactly identified)
------------------------------------------------------------------------------
Instrumented:         ln_pch
Included instruments: ln_y ln_pb
Excluded instruments: z
------------------------------------------------------------------------------

. scalar b  = _b[ln_pch]

. scalar se = _se[ln_pch]

. scalar cv = invnormal(0.975)

. 
. * CORREÇÃO: p-valor via normal assintótica
. scalar pval_p = 2 * (1 - normal(abs(b / se)))

. di as text "[Stata] GMM_Z1: beta_p=" %9.6f b " | EP=" %9.6f se " | p=" %9.6f pval_p
[Stata] GMM_Z1: beta_p=-1.710860 | EP= 0.940669 | p= 0.068947

. 
. * No caso exatamente identificado (1 instrumento = 1 endógena), Hansen J é
. * identicamente zero — não há graus de liberdade para o teste ser informativo.
. post gmmtab ("GMM_Z1") (e(N)) (b) (se) (pval_p) (b - cv*se) (b + cv*se) (.) (.) (0)

. 
. * ------------------------------------------------------------------
. * Verificação numérica: 2SLS == GMM no caso exatamente identificado
. * ------------------------------------------------------------------
. quietly ivreg2 ln_q ln_y ln_pb (ln_pch = z), robust

. scalar b_2sls = _b[ln_pch]

. quietly ivreg2 ln_q ln_y ln_pb (ln_pch = z), gmm2s robust

. scalar b_gmm  = _b[ln_pch]

. di as text "[Stata] Verificação Q5 — caso exato:"
[Stata] Verificação Q5 — caso exato:

. di as text "[Stata]   beta_p 2SLS = " %14.10f b_2sls
[Stata]   beta_p 2SLS =  -1.7108603742

. di as text "[Stata]   beta_p GMM  = " %14.10f b_gmm
[Stata]   beta_p GMM  =  -1.7108603742

. di as text "[Stata]   |diferença| = " %14.10f abs(b_2sls - b_gmm)
[Stata]   |diferença| =   0.0000000000

. di as text "[Stata]   (valor zero confirma equivalência independente da ponderação)"
[Stata]   (valor zero confirma equivalência independente da ponderação)

. 
. * ------------------------------------------------------------------
. * GMM sobreidentificado: Z2 = {z, z^2}
. * ------------------------------------------------------------------
. di as text "[Stata] GMM_Z2: instrumentos excluídos = z z_sq"
[Stata] GMM_Z2: instrumentos excluídos = z z_sq

. ivreg2 ln_q ln_y ln_pb (ln_pch = z z_sq), gmm2s robust

2-Step GMM estimation
---------------------

Estimates efficient for arbitrary heteroskedasticity
Statistics robust to heteroskedasticity

                                                      Number of obs =       52
                                                      F(  3,    48) =   818.06
                                                      Prob > F      =   0.0000
Total (centered) SS     =  8.060190536                Centered R2   =   0.9806
Total (uncentered) SS   =  597.3814649                Uncentered R2 =   0.9997
Residual SS             =  .1561764984                Root MSE      =    .0548

------------------------------------------------------------------------------
             |               Robust
        ln_q | Coefficient  std. err.      z    P>|z|     [95% conf. interval]
-------------+----------------------------------------------------------------
      ln_pch |  -.2823162   .0780808    -3.62   0.000    -.4353517   -.1292806
        ln_y |   .8334279   .0750257    11.11   0.000     .6863802    .9804756
       ln_pb |  -.1359467   .0685721    -1.98   0.047    -.2703456   -.0015477
       _cons |  -4.490473    .738887    -6.08   0.000    -5.938665   -3.042281
------------------------------------------------------------------------------
Underidentification test (Kleibergen-Paap rk LM statistic):             24.425
                                                   Chi-sq(2) P-val =    0.0000
------------------------------------------------------------------------------
Weak identification test (Cragg-Donald Wald F statistic):               36.066
                         (Kleibergen-Paap rk Wald F statistic):         29.374
Stock-Yogo weak ID test critical values: 10% maximal IV size             19.93
                                         15% maximal IV size             11.59
                                         20% maximal IV size              8.75
                                         25% maximal IV size              7.25
Source: Stock-Yogo (2005).  Reproduced by permission.
NB: Critical values are for Cragg-Donald F statistic and i.i.d. errors.
------------------------------------------------------------------------------
Hansen J statistic (overidentification test of all instruments):        14.592
                                                   Chi-sq(1) P-val =    0.0001
------------------------------------------------------------------------------
Instrumented:         ln_pch
Included instruments: ln_y ln_pb
Excluded instruments: z z_sq
------------------------------------------------------------------------------

. scalar b  = _b[ln_pch]

. scalar se = _se[ln_pch]

. scalar cv = invnormal(0.975)

. 
. * CORREÇÃO: p-valor de beta_p
. scalar pval_p = 2 * (1 - normal(abs(b / se)))

. 
. * Extrai estatística J com proteção contra ausência
. cap scalar J   = e(j)

. if _rc scalar J = .

. cap scalar Jp  = e(jp)

. if _rc scalar Jp = .

. cap scalar Jdf = e(jdf)

. if _rc scalar Jdf = .

. 
. di as text "[Stata] GMM_Z2: beta_p=" %9.6f b " | EP=" %9.6f se " | p=" %9.6f pval_p
[Stata] GMM_Z2: beta_p=-0.282316 | EP= 0.078081 | p= 0.000300

. di as text "[Stata] GMM_Z2: Hansen J=" %9.6f J " | p(J)=" %9.6f Jp " | gl=" %2.0f Jdf
[Stata] GMM_Z2: Hansen J=14.592206 | p(J)= 0.000133 | gl= 1

. post gmmtab ("GMM_Z2") (e(N)) (b) (se) (pval_p) (b - cv*se) (b + cv*se) (J) (Jp) (Jdf)

. 
. postclose gmmtab

. use "$TABS/stata_question_05_gmm.dta", clear

. export delimited using "$TABS/stata_question_05_gmm.csv", replace
(file C:\Users\B03531855158\Documents\Replication\Códigos/output/tables/stata_question_05_gmm.csv not found)
file C:\Users\B03531855158\Documents\Replication\Códigos/output/tables/stata_question_05_gmm.csv saved

. di as text "[Stata] Tabela salva: output/tables/stata_question_05_gmm.csv"
[Stata] Tabela salva: output/tables/stata_question_05_gmm.csv

. 
end of do-file

. 
. di as text _newline "[Stata] Rodando 04_alt_instruments_weakiv.do"

[Stata] Rodando 04_alt_instruments_weakiv.do

. do "Stata/04_alt_instruments_weakiv.do"

. /********************************************************************
>  Questões 6, 8, 9 e 10:
>  - especificações alternativas de instrumentos (Z1-Z7);
>  - primeiro estágio;
>  - 2SLS;
>  - weakivtest de Montiel Olea-Pflueger;
>  - Hansen J nos modelos sobreidentificados.
> 
>  CORREÇÕES APLICADAS NESTA VERSÃO:
>    - pval_p (p-valor de beta_p) adicionado à tabela comparativa.
>    - p_F (p-valor do F usual) transferido diretamente à tabela comparativa.
>    - F_eff do weakivtest capturado de r(F_eff).
>    - Valores críticos MOP agora capturados corretamente de:
>        r(c_TSLS_5), r(c_TSLS_10), r(c_TSLS_20)
>      Em versões anteriores o código tentava r(cv5), r(cv10), r(cv20),
>      que não são nomes retornados por weakivtest; por isso cv5/cv10/cv20
>      estavam saindo missing mesmo com weakivtest funcionando.
>    - Para Z1, exatamente identificado, Hansen J e p(J) são salvos como missing,
>      pois não há graus de liberdade de sobreidentificação.
>    - N do primeiro estágio e N do IV são guardados em escalares antes de
>      rotinas auxiliares, evitando depender de e(N) após regressões intermediárias.
>    - Tabela 09 contém:
>      model N k_inst beta_p se_p pval_p ci_low ci_high
>      F_usual p_F F_eff cv5 cv10 cv20 hansen_J hansen_p
> ********************************************************************/
. 
. 
. * Carrega configuração se o script for rodado individualmente.
. do "Stata/_load_config_if_needed.do"

. /********************************************************************
>  Bloco de segurança: carrega Stata/config.do se os caminhos ainda
>  não estiverem definidos. Assim os scripts podem ser rodados tanto
>  pelo 00_master.do quanto individualmente.
> ********************************************************************/
. 
. local rootdir "$ROOT"

. local rawdir  "$RAW"

. local procdir "$PROC"

. local tabsdir "$TABS"

. local figsdir "$FIGS"

. local logsdir "$LOGS"

. 
. if `"`procdir'"' == "" {
.     di as text "[Stata] Globais ainda não carregados. Tentando rodar Stata/config.do..."
. 
.     capture noisily do "Stata/config.do"
. 
.     if _rc {
.         di as error "[Stata] Não consegui rodar Stata/config.do."
.         di as error "[Stata] Rode o projeto a partir da pasta raiz ou ajuste o caminho do config.do."
.         exit 601
.     }
. }

. 
. local rootdir "$ROOT"

. local rawdir  "$RAW"

. local procdir "$PROC"

. local tabsdir "$TABS"

. local figsdir "$FIGS"

. local logsdir "$LOGS"

. 
. if `"`rootdir'"' == "" {
.     di as error "[Stata] O global ROOT está vazio depois do config.do."
.     exit 601
. }

. 
. if `"`rawdir'"' == "" {
.     di as error "[Stata] O global RAW está vazio depois do config.do."
.     exit 601
. }

. 
. if `"`procdir'"' == "" {
.     di as error "[Stata] O global PROC está vazio depois do config.do."
.     exit 601
. }

. 
. if `"`tabsdir'"' == "" {
.     di as error "[Stata] O global TABS está vazio depois do config.do."
.     exit 601
. }

. 
. if `"`figsdir'"' == "" {
.     di as error "[Stata] O global FIGS está vazio depois do config.do."
.     exit 601
. }

. 
. if `"`logsdir'"' == "" {
.     di as error "[Stata] O global LOGS está vazio depois do config.do."
.     exit 601
. }

. 
. capture mkdir "$ROOT/data"

. capture mkdir "$RAW"

. capture mkdir "$PROC"

. capture mkdir "$ROOT/output"

. capture mkdir "$TABS"

. capture mkdir "$FIGS"

. capture mkdir "$LOGS"

. 
. di as text "[Stata] Caminhos carregados:"
[Stata] Caminhos carregados:

. di as text "  ROOT = $ROOT"
  ROOT = C:\Users\B03531855158\Documents\Replication\Códigos

. di as text "  RAW  = $RAW"
  RAW  = C:\Users\B03531855158\Documents\Replication\Códigos/data/raw

. di as text "  PROC = $PROC"
  PROC = C:\Users\B03531855158\Documents\Replication\Códigos/data/processed

. di as text "  TABS = $TABS"
  TABS = C:\Users\B03531855158\Documents\Replication\Códigos/output/tables

. di as text "  FIGS = $FIGS"
  FIGS = C:\Users\B03531855158\Documents\Replication\Códigos/output/figures

. di as text "  LOGS = $LOGS"
  LOGS = C:\Users\B03531855158\Documents\Replication\Códigos/output/logs

. 
end of do-file

. 
. use "$PROC/chicken_prepared_stata.dta", clear

. 
. di as text _newline "[Stata] Questões 6, 8, 9 e 10: Z1-Z7, primeiro estágio, 2SLS, weakivtest e Hansen J"

[Stata] Questões 6, 8, 9 e 10: Z1-Z7, primeiro estágio, 2SLS, weakivtest e Hansen J

. di as text "[Stata] Equação estrutural em todos os modelos: ln_q ~ ln_pch + ln_y + ln_pb"
[Stata] Equação estrutural em todos os modelos: ln_q ~ ln_pch + ln_y + ln_pb

. di as text "[Stata] Variável endógena em todos os modelos: ln_pch"
[Stata] Variável endógena em todos os modelos: ln_pch

. di as text "[Stata] Controles/instrumentos incluídos: ln_y ln_pb"
[Stata] Controles/instrumentos incluídos: ln_y ln_pb

. 
. local Z1 "z"

. local Z2 "z z_sq"

. local Z3 "z z_sq z_cu"

. local Z4 "z_lag"

. local Z5 "z_lag z_lag_sq"

. local Z6 "z z_lag"

. local Z7 "z z_sq z_lag z_lag_sq"

. 
. di as text "[Stata] Z1 = {z}"
[Stata] Z1 = {z}

. di as text "[Stata] Z2 = {z, z_sq}"
[Stata] Z2 = {z, z_sq}

. di as text "[Stata] Z3 = {z, z_sq, z_cu}"
[Stata] Z3 = {z, z_sq, z_cu}

. di as text "[Stata] Z4 = {z_lag}"
[Stata] Z4 = {z_lag}

. di as text "[Stata] Z5 = {z_lag, z_lag_sq}"
[Stata] Z5 = {z_lag, z_lag_sq}

. di as text "[Stata] Z6 = {z, z_lag}"
[Stata] Z6 = {z, z_lag}

. di as text "[Stata] Z7 = {z, z_sq, z_lag, z_lag_sq}"
[Stata] Z7 = {z, z_sq, z_lag, z_lag_sq}

. 
. * Tabela de primeiros estágios (Q8).
. postfile fst_all ///
>     str5 model int N k_inst ///
>     double partial_R2 F_usual p_F ///
>     using "$TABS/stata_question_08_first_stage_all.dta", replace
(file C:\Users\B03531855158\Documents\Replication\Códigos/output/tables/stata_question_08_first_stage_all.dta not
    found)

. 
. * Tabela comparativa principal (Q9).
. postfile comp ///
>     str5 model int N k_inst ///
>     double beta_p se_p pval_p ci_low ci_high ///
>     double F_usual p_F F_eff cv5 cv10 cv20 ///
>     double hansen_J hansen_p ///
>     using "$TABS/stata_question_09_comparative.dta", replace
(file C:\Users\B03531855158\Documents\Replication\Códigos/output/tables/stata_question_09_comparative.dta not found)

. 
. forvalues m = 1/7 {
  2.     local inst  "`Z`m''"
  3.     local model "Z`m'"
  4.     local k_inst : word count `inst'
  5. 
.     di as text _newline "[Stata] Estimando `model'"
  6.     di as text "[Stata] Instrumentos excluídos em `model': `inst'"
  7.     di as text "[Stata] Primeiro estágio `model': ln_pch ~ `inst' + ln_y + ln_pb"
  8. 
.     /**************************************************************
>      Primeiro estágio do modelo Zm
>     **************************************************************/
.     reg ln_pch `inst' ln_y ln_pb, vce(robust)
  9.     scalar N_fs = e(N)
 10. 
.     test `inst'
 11.     scalar F_usual = r(F)
 12.     scalar p_F     = r(p)
 13.     di as text "[Stata] `model' primeiro estágio: F usual=" %9.6f F_usual " | p=" %9.6f p_F
 14. 
.     * R2 parcial: residualiza ln_pch e cada instrumento nos controles.
.     di as text "[Stata] `model': calculando R2 parcial dos instrumentos excluídos condicional a ln_y e ln_pb"
 15.     preserve
 16.         keep if e(sample)
 17.         reg ln_pch ln_y ln_pb
 18.         predict double r_x, resid
 19.         local rinst ""
 20.         foreach v of local inst {
 21.             reg `v' ln_y ln_pb
 22.             predict double r_`v', resid
 23.             local rinst "`rinst' r_`v'"
 24.         }
 25.         reg r_x `rinst', noconstant
 26.         scalar partial_R2 = e(r2)
 27.     restore
 28.     di as text "[Stata] `model': R2 parcial = " %9.6f partial_R2
 29. 
.     post fst_all ("`model'") (N_fs) (`k_inst') (partial_R2) (F_usual) (p_F)
 30. 
.     /**************************************************************
>      2SLS estrutural com erro-padrão robusto
>     **************************************************************/
.     di as text "[Stata] `model' 2SLS: ln_q ~ ln_pch + ln_y + ln_pb; ln_pch instrumentado por `inst'"
 31.     ivreg2 ln_q ln_y ln_pb (ln_pch = `inst'), robust first
 32. 
.     scalar N_iv = e(N)
 33.     scalar b    = _b[ln_pch]
 34.     scalar se   = _se[ln_pch]
 35.     scalar cv   = invnormal(0.975)
 36. 
.     * p-valor de beta_p via normal assintótica.
.     scalar pval_p = 2 * (1 - normal(abs(b / se)))
 37.     di as text "[Stata] `model' 2SLS: beta_p=" %9.6f b " | EP=" %9.6f se " | p=" %9.6f pval_p
 38. 
.     * Hansen J: somente em modelos sobreidentificados.
.     if (`k_inst' <= 1) {
 39.         scalar J  = .
 40.         scalar Jp = .
 41.         di as text "[Stata] `model': Hansen J não se aplica; modelo exatamente identificado."
 42.     }
 43.     else {
 44.         cap scalar J  = e(j)
 45.         if _rc scalar J = .
 46.         cap scalar Jp = e(jp)
 47.         if _rc scalar Jp = .
 48.         di as text "[Stata] `model': Hansen J=" %9.6f J " | p=" %9.6f Jp
 49.     }
 50. 
.     /**************************************************************
>      weakivtest — F efetivo MOP e valores críticos
>     **************************************************************/
.     di as text "[Stata] `model': rodando weakivtest (Montiel Olea-Pflueger)"
 51.     cap noisily weakivtest
 52. 
.     if _rc {
 53.         scalar Feff = .
 54.         scalar cv5  = .
 55.         scalar cv10 = .
 56.         scalar cv20 = .
 57.         di as text "[Stata] `model': weakivtest não disponível — F_eff e valores críticos definidos como ."
 58.     }
 59.     else {
 60.         * Estatística F efetiva.
.         cap scalar Feff = r(F_eff)
 61.         if _rc scalar Feff = .
 62. 
.         * Valores críticos TSLS do weakivtest para tau = 5%, 10% e 20%.
.         * O weakivtest retorna estes nomes, como mostrado por return list:
.         *   r(c_TSLS_5), r(c_TSLS_10), r(c_TSLS_20)
.         cap scalar cv5 = r(c_TSLS_5)
 63.         if _rc scalar cv5 = .
 64.         cap scalar cv10 = r(c_TSLS_10)
 65.         if _rc scalar cv10 = .
 66.         cap scalar cv20 = r(c_TSLS_20)
 67.         if _rc scalar cv20 = .
 68.     }
 69. 
.     di as text "[Stata] `model': F efetivo MOP=" %9.6f Feff ///
>         " | cv5_TSLS=" %9.6f cv5 ///
>         " | cv10_TSLS=" %9.6f cv10 ///
>         " | cv20_TSLS=" %9.6f cv20
 70. 
.     * Log textual do weakivtest para cada modelo.
.     cap log close weaklog
 71.     log using "$TABS/stata_question_06_weakivtest_`model'.txt", replace text name(weaklog)
 72.         di "Modelo `model': instrumentos excluídos = `inst'"
 73.         cap noisily weakivtest
 74.         return list
 75.     log close weaklog
 76.     di as text "[Stata] `model': log do weakivtest salvo em output/tables/stata_question_06_weakivtest_`model'.txt"
 77. 
.     post comp ("`model'") (N_iv) (`k_inst') ///
>               (b) (se) (pval_p) (b - cv*se) (b + cv*se) ///
>               (F_usual) (p_F) (Feff) (cv5) (cv10) (cv20) ///
>               (J) (Jp)
 78. }

[Stata] Estimando Z1
[Stata] Instrumentos excluídos em Z1: z
[Stata] Primeiro estágio Z1: ln_pch ~ z + ln_y + ln_pb

Linear regression                               Number of obs     =         52
                                                F(3, 48)          =     100.97
                                                Prob > F          =     0.0000
                                                R-squared         =     0.8926
                                                Root MSE          =     .11447

------------------------------------------------------------------------------
             |               Robust
      ln_pch | Coefficient  std. err.      t    P>|t|     [95% conf. interval]
-------------+----------------------------------------------------------------
           z |   .1087961    .066693     1.63   0.109    -.0252992    .2428914
        ln_y |  -.7849965   .0897485    -8.75   0.000    -.9654479   -.6045452
       ln_pb |  -.0160373   .2184773    -0.07   0.942    -.4553154    .4232408
       _cons |   7.784383    .871047     8.94   0.000     6.033025     9.53574
------------------------------------------------------------------------------

 ( 1)  z = 0

       F(  1,    48) =    2.66
            Prob > F =    0.1094
[Stata] Z1 primeiro estágio: F usual= 2.661129 | p= 0.109373
[Stata] Z1: calculando R2 parcial dos instrumentos excluídos condicional a ln_y e ln_pb
(0 observations deleted)

      Source |       SS           df       MS      Number of obs   =        52
-------------+----------------------------------   F(2, 49)        =    194.19
       Model |  5.20029867         2  2.60014934   Prob > F        =    0.0000
    Residual |  .656106485        49  .013389928   R-squared       =    0.8880
-------------+----------------------------------   Adj R-squared   =    0.8834
       Total |  5.85640516        51  .114831474   Root MSE        =    .11571

------------------------------------------------------------------------------
      ln_pch | Coefficient  Std. err.      t    P>|t|     [95% conf. interval]
-------------+----------------------------------------------------------------
        ln_y |  -.8768445   .0630903   -13.90   0.000    -1.003629   -.7500598
       ln_pb |   .1465487   .1695707     0.86   0.392    -.1942164    .4873138
       _cons |   8.678068   .6079439    14.27   0.000     7.456359    9.899777
------------------------------------------------------------------------------

      Source |       SS           df       MS      Number of obs   =        52
-------------+----------------------------------   F(2, 49)        =    110.30
       Model |  10.3046252         2  5.15231258   Prob > F        =    0.0000
    Residual |  2.28896787        49   .04671363   R-squared       =    0.8182
-------------+----------------------------------   Adj R-squared   =    0.8108
       Total |   12.593593        51  .246933197   Root MSE        =    .21613

------------------------------------------------------------------------------
           z | Coefficient  Std. err.      t    P>|t|     [95% conf. interval]
-------------+----------------------------------------------------------------
        ln_y |  -.8442216   .1178407    -7.16   0.000    -1.081031   -.6074117
       ln_pb |   1.494411   .3167259     4.72   0.000      .857926    2.130895
       _cons |   8.214314   1.135524     7.23   0.000     5.932394    10.49623
------------------------------------------------------------------------------

      Source |       SS           df       MS      Number of obs   =        52
-------------+----------------------------------   F(1, 51)        =      2.20
       Model |  .027093573         1  .027093573   Prob > F        =    0.1445
    Residual |  .629012912        51  .012333587   R-squared       =    0.0413
-------------+----------------------------------   Adj R-squared   =    0.0225
       Total |  .656106485        52  .012617432   Root MSE        =    .11106

------------------------------------------------------------------------------
         r_x | Coefficient  Std. err.      t    P>|t|     [95% conf. interval]
-------------+----------------------------------------------------------------
         r_z |   .1087961   .0734049     1.48   0.144    -.0385703    .2561625
------------------------------------------------------------------------------
[Stata] Z1: R2 parcial =  0.041294
[Stata] Z1 2SLS: ln_q ~ ln_pch + ln_y + ln_pb; ln_pch instrumentado por z

First-stage regressions
-----------------------


First-stage regression of ln_pch:

Statistics robust to heteroskedasticity
Number of obs =                     52
------------------------------------------------------------------------------
             |               Robust
      ln_pch | Coefficient  std. err.      t    P>|t|     [95% conf. interval]
-------------+----------------------------------------------------------------
           z |   .1087961    .066693     1.63   0.109    -.0252992    .2428914
        ln_y |  -.7849965   .0897485    -8.75   0.000    -.9654479   -.6045452
       ln_pb |  -.0160373   .2184773    -0.07   0.942    -.4553154    .4232408
       _cons |   7.784383    .871047     8.94   0.000     6.033025     9.53574
------------------------------------------------------------------------------
F test of excluded instruments:
  F(  1,    48) =     2.66
  Prob > F      =   0.1094
Sanderson-Windmeijer multivariate F test of excluded instruments:
  F(  1,    48) =     2.66
  Prob > F      =   0.1094



Summary results for first-stage regressions
-------------------------------------------

                                           (Underid)            (Weak id)
Variable     | F(  1,    48)  P-val | SW Chi-sq(  1) P-val | SW F(  1,    48)
ln_pch       |       2.66    0.1094 |        2.88   0.0895 |        2.66

NB: first-stage test statistics heteroskedasticity-robust

Stock-Yogo weak ID F test critical values for single endogenous regressor:
                                   10% maximal IV size             16.38
                                   15% maximal IV size              8.96
                                   20% maximal IV size              6.66
                                   25% maximal IV size              5.53
Source: Stock-Yogo (2005).  Reproduced by permission.
NB: Critical values are for i.i.d. errors only.

Underidentification test
Ho: matrix of reduced form coefficients has rank=K1-1 (underidentified)
Ha: matrix has rank=K1 (identified)
Kleibergen-Paap rk LM statistic          Chi-sq(1)=2.65     P-val=0.1039

Weak identification test
Ho: equation is weakly identified
Cragg-Donald Wald F statistic                                       2.07
Kleibergen-Paap Wald rk F statistic                                 2.66

Stock-Yogo weak ID test critical values for K1=1 and L1=1:
                                   10% maximal IV size             16.38
                                   15% maximal IV size              8.96
                                   20% maximal IV size              6.66
                                   25% maximal IV size              5.53
Source: Stock-Yogo (2005).  Reproduced by permission.
NB: Critical values are for Cragg-Donald F statistic and i.i.d. errors.

Weak-instrument-robust inference
Tests of joint significance of endogenous regressors B1 in main equation
Ho: B1=0 and orthogonality conditions are valid
Anderson-Rubin Wald test           F(1,48)=       25.69     P-val=0.0000
Anderson-Rubin Wald test           Chi-sq(1)=     27.83     P-val=0.0000
Stock-Wright LM S statistic        Chi-sq(1)=     17.17     P-val=0.0000

NB: Underidentification, weak identification and weak-identification-robust
    test statistics heteroskedasticity-robust

Number of observations               N  =         52
Number of regressors                 K  =          4
Number of endogenous regressors      K1 =          1
Number of instruments                L  =          4
Number of excluded instruments       L1 =          1

IV (2SLS) estimation
--------------------

Estimates efficient for homoskedasticity only
Statistics robust to heteroskedasticity

                                                      Number of obs =       52
                                                      F(  3,    48) =    70.86
                                                      Prob > F      =   0.0000
Total (centered) SS     =  8.060190536                Centered R2   =   0.8107
Total (uncentered) SS   =  597.3814649                Uncentered R2 =   0.9974
Residual SS             =  1.525715715                Root MSE      =    .1713

------------------------------------------------------------------------------
             |               Robust
        ln_q | Coefficient  std. err.      z    P>|z|     [95% conf. interval]
-------------+----------------------------------------------------------------
      ln_pch |   -1.71086   .9406693    -1.82   0.069    -3.554538    .1328175
        ln_y |  -.4160672   .8361235    -0.50   0.619    -2.054839    1.222705
       ln_pb |   .0935534   .3210917     0.29   0.771    -.5357748    .7228817
       _cons |   7.869565   8.272268     0.95   0.341    -8.343784    24.08291
------------------------------------------------------------------------------
Underidentification test (Kleibergen-Paap rk LM statistic):              2.645
                                                   Chi-sq(1) P-val =    0.1039
------------------------------------------------------------------------------
Weak identification test (Cragg-Donald Wald F statistic):                2.068
                         (Kleibergen-Paap rk Wald F statistic):          2.661
Stock-Yogo weak ID test critical values: 10% maximal IV size             16.38
                                         15% maximal IV size              8.96
                                         20% maximal IV size              6.66
                                         25% maximal IV size              5.53
Source: Stock-Yogo (2005).  Reproduced by permission.
NB: Critical values are for Cragg-Donald F statistic and i.i.d. errors.
------------------------------------------------------------------------------
Hansen J statistic (overidentification test of all instruments):         0.000
                                                 (equation exactly identified)
------------------------------------------------------------------------------
Instrumented:         ln_pch
Included instruments: ln_y ln_pb
Excluded instruments: z
------------------------------------------------------------------------------
[Stata] Z1 2SLS: beta_p=-1.710860 | EP= 0.940669 | p= 0.068947
[Stata] Z1: Hansen J não se aplica; modelo exatamente identificado.
[Stata] Z1: rodando weakivtest (Montiel Olea-Pflueger)
(obs=52)

Montiel-Pflueger robust weak instrument test
--------------------------------------------
Effective F statistic:        2.661
Confidence level alpha:          5%
--------------------------------------------

--------------------------------------------
Critical Values             TSLS      LIML
--------------------------------------------
% of Worst Case Bias
tau=5%                    37.418    37.418
tau=10%                   23.109    23.109
tau=20%                   15.062    15.062
tau=30%                   12.039    12.039
--------------------------------------------
[Stata] Z1: F efetivo MOP= 2.661129 | cv5_TSLS=37.417560 | cv10_TSLS=23.108510 | cv20_TSLS=15.061550
(file C:\Users\B03531855158\Documents\Replication\Códigos/output/tables/stata_question_06_weakivtest_Z1.txt not found)
------------------------------------------------------------------------------------------------------------------------
      name:  weaklog
       log:  C:\Users\B03531855158\Documents\Replication\Códigos/output/tables/stata_question_06_weakivtest_Z1.txt
  log type:  text
 opened on:  21 May 2026, 09:17:33
Modelo Z1: instrumentos excluídos = z
(obs=52)

Montiel-Pflueger robust weak instrument test
--------------------------------------------
Effective F statistic:        2.661
Confidence level alpha:          5%
--------------------------------------------

--------------------------------------------
Critical Values             TSLS      LIML
--------------------------------------------
% of Worst Case Bias
tau=5%                    37.418    37.418
tau=10%                   23.109    23.109
tau=20%                   15.062    15.062
tau=30%                   12.039    12.039
--------------------------------------------

scalars:
                  r(K) =  1
                  r(N) =  52
                 r(n2) =  10000000
              r(level) =  .05
                r(eps) =  .001
              r(F_eff) =  2.661129392641084
           r(c_TSLS_5) =  37.41756
          r(c_TSLS_10) =  23.10851
          r(c_TSLS_20) =  15.06155
          r(c_TSLS_30) =  12.0387
           r(c_LIML_5) =  37.41756
          r(c_LIML_10) =  23.10851
          r(c_LIML_20) =  15.06155
          r(c_LIML_30) =  12.0387
           r(c_simp_5) =  37.41756
          r(c_simp_10) =  23.10851
          r(c_simp_20) =  15.06155
          r(c_simp_30) =  12.0387
           r(x_TSLS_5) =  20
          r(x_TSLS_10) =  10
          r(x_TSLS_20) =  5
          r(x_TSLS_30) =  3.33
       r(K_eff_TSLS_5) =  1
      r(K_eff_TSLS_10) =  1
      r(K_eff_TSLS_20) =  1
      r(K_eff_TSLS_30) =  1
           r(x_LIML_5) =  20
          r(x_LIML_10) =  10
          r(x_LIML_20) =  5
          r(x_LIML_30) =  3.33
       r(K_eff_LIML_5) =  1
      r(K_eff_LIML_10) =  1
      r(K_eff_LIML_20) =  1
      r(K_eff_LIML_30) =  1
           r(x_simp_5) =  20
          r(x_simp_10) =  10
          r(x_simp_20) =  5
          r(x_simp_30) =  3.33
       r(K_eff_simp_5) =  1
      r(K_eff_simp_10) =  1
      r(K_eff_simp_20) =  1
      r(K_eff_simp_30) =  1
      name:  weaklog
       log:  C:\Users\B03531855158\Documents\Replication\Códigos/output/tables/stata_question_06_weakivtest_Z1.txt
  log type:  text
 closed on:  21 May 2026, 09:17:34
------------------------------------------------------------------------------------------------------------------------
[Stata] Z1: log do weakivtest salvo em output/tables/stata_question_06_weakivtest_Z1.txt

[Stata] Estimando Z2
[Stata] Instrumentos excluídos em Z2: z z_sq
[Stata] Primeiro estágio Z2: ln_pch ~ z z_sq + ln_y + ln_pb

Linear regression                               Number of obs     =         52
                                                F(4, 47)          =     314.82
                                                Prob > F          =     0.0000
                                                R-squared         =     0.9558
                                                Root MSE          =     .07421

------------------------------------------------------------------------------
             |               Robust
      ln_pch | Coefficient  std. err.      t    P>|t|     [95% conf. interval]
-------------+----------------------------------------------------------------
           z |   .0825424   .0533997     1.55   0.129    -.0248838    .1899687
        z_sq |   .3438955   .0465652     7.39   0.000     .2502185    .4375725
        ln_y |  -.7115018   .0838941    -8.48   0.000    -.8802749   -.5427286
       ln_pb |  -.0546025   .1296166    -0.42   0.675    -.3153574    .2061525
       _cons |   6.989946   .8160083     8.57   0.000     5.348349    8.631543
------------------------------------------------------------------------------

 ( 1)  z = 0
 ( 2)  z_sq = 0

       F(  2,    47) =   29.37
            Prob > F =    0.0000
[Stata] Z2 primeiro estágio: F usual=29.374477 | p= 0.000000
[Stata] Z2: calculando R2 parcial dos instrumentos excluídos condicional a ln_y e ln_pb
(0 observations deleted)

      Source |       SS           df       MS      Number of obs   =        52
-------------+----------------------------------   F(2, 49)        =    194.19
       Model |  5.20029867         2  2.60014934   Prob > F        =    0.0000
    Residual |  .656106485        49  .013389928   R-squared       =    0.8880
-------------+----------------------------------   Adj R-squared   =    0.8834
       Total |  5.85640516        51  .114831474   Root MSE        =    .11571

------------------------------------------------------------------------------
      ln_pch | Coefficient  Std. err.      t    P>|t|     [95% conf. interval]
-------------+----------------------------------------------------------------
        ln_y |  -.8768445   .0630903   -13.90   0.000    -1.003629   -.7500598
       ln_pb |   .1465487   .1695707     0.86   0.392    -.1942164    .4873138
       _cons |   8.678068   .6079439    14.27   0.000     7.456359    9.899777
------------------------------------------------------------------------------

      Source |       SS           df       MS      Number of obs   =        52
-------------+----------------------------------   F(2, 49)        =    110.30
       Model |  10.3046252         2  5.15231258   Prob > F        =    0.0000
    Residual |  2.28896787        49   .04671363   R-squared       =    0.8182
-------------+----------------------------------   Adj R-squared   =    0.8108
       Total |   12.593593        51  .246933197   Root MSE        =    .21613

------------------------------------------------------------------------------
           z | Coefficient  Std. err.      t    P>|t|     [95% conf. interval]
-------------+----------------------------------------------------------------
        ln_y |  -.8442216   .1178407    -7.16   0.000    -1.081031   -.6074117
       ln_pb |   1.494411   .3167259     4.72   0.000      .857926    2.130895
       _cons |   8.214314   1.135524     7.23   0.000     5.932394    10.49623
------------------------------------------------------------------------------

      Source |       SS           df       MS      Number of obs   =        52
-------------+----------------------------------   F(2, 49)        =      5.63
       Model |  .722156093         2  .361078047   Prob > F        =    0.0063
    Residual |  3.14332077        49  .064149403   R-squared       =    0.1868
-------------+----------------------------------   Adj R-squared   =    0.1536
       Total |  3.86547686        51  .075793664   Root MSE        =    .25328

------------------------------------------------------------------------------
        z_sq | Coefficient  Std. err.      t    P>|t|     [95% conf. interval]
-------------+----------------------------------------------------------------
        ln_y |   -.278162   .1380925    -2.01   0.049    -.5556692   -.0006548
       ln_pb |   .2262283   .3711573     0.61   0.545    -.5196403    .9720968
       _cons |   2.937208   1.330671     2.21   0.032     .2631243    5.611291
------------------------------------------------------------------------------

      Source |       SS           df       MS      Number of obs   =        52
-------------+----------------------------------   F(2, 50)        =     38.37
       Model |  .397257949         2  .198628975   Prob > F        =    0.0000
    Residual |  .258848535        50  .005176971   R-squared       =    0.6055
-------------+----------------------------------   Adj R-squared   =    0.5897
       Total |  .656106485        52  .012617432   Root MSE        =    .07195

------------------------------------------------------------------------------
         r_x | Coefficient  Std. err.      t    P>|t|     [95% conf. interval]
-------------+----------------------------------------------------------------
         r_z |   .0825424   .0476586     1.73   0.089    -.0131827    .1782676
      r_z_sq |   .3438955   .0406693     8.46   0.000     .2622087    .4255823
------------------------------------------------------------------------------
[Stata] Z2: R2 parcial =  0.605478
[Stata] Z2 2SLS: ln_q ~ ln_pch + ln_y + ln_pb; ln_pch instrumentado por z z_sq

First-stage regressions
-----------------------


First-stage regression of ln_pch:

Statistics robust to heteroskedasticity
Number of obs =                     52
------------------------------------------------------------------------------
             |               Robust
      ln_pch | Coefficient  std. err.      t    P>|t|     [95% conf. interval]
-------------+----------------------------------------------------------------
           z |   .0825424   .0533997     1.55   0.129    -.0248838    .1899687
        z_sq |   .3438955   .0465652     7.39   0.000     .2502185    .4375725
        ln_y |  -.7115018   .0838941    -8.48   0.000    -.8802749   -.5427286
       ln_pb |  -.0546025   .1296166    -0.42   0.675    -.3153574    .2061525
       _cons |   6.989946   .8160083     8.57   0.000     5.348349    8.631543
------------------------------------------------------------------------------
F test of excluded instruments:
  F(  2,    47) =    29.37
  Prob > F      =   0.0000
Sanderson-Windmeijer multivariate F test of excluded instruments:
  F(  2,    47) =    29.37
  Prob > F      =   0.0000



Summary results for first-stage regressions
-------------------------------------------

                                           (Underid)            (Weak id)
Variable     | F(  2,    47)  P-val | SW Chi-sq(  2) P-val | SW F(  2,    47)
ln_pch       |      29.37    0.0000 |       65.00   0.0000 |       29.37

NB: first-stage test statistics heteroskedasticity-robust

Stock-Yogo weak ID F test critical values for single endogenous regressor:
                                   10% maximal IV size             19.93
                                   15% maximal IV size             11.59
                                   20% maximal IV size              8.75
                                   25% maximal IV size              7.25
Source: Stock-Yogo (2005).  Reproduced by permission.
NB: Critical values are for i.i.d. errors only.

Underidentification test
Ho: matrix of reduced form coefficients has rank=K1-1 (underidentified)
Ha: matrix has rank=K1 (identified)
Kleibergen-Paap rk LM statistic          Chi-sq(2)=24.42    P-val=0.0000

Weak identification test
Ho: equation is weakly identified
Cragg-Donald Wald F statistic                                      36.07
Kleibergen-Paap Wald rk F statistic                                29.37

Stock-Yogo weak ID test critical values for K1=1 and L1=2:
                                   10% maximal IV size             19.93
                                   15% maximal IV size             11.59
                                   20% maximal IV size              8.75
                                   25% maximal IV size              7.25
Source: Stock-Yogo (2005).  Reproduced by permission.
NB: Critical values are for Cragg-Donald F statistic and i.i.d. errors.

Weak-instrument-robust inference
Tests of joint significance of endogenous regressors B1 in main equation
Ho: B1=0 and orthogonality conditions are valid
Anderson-Rubin Wald test           F(2,47)=       17.30     P-val=0.0000
Anderson-Rubin Wald test           Chi-sq(2)=     38.27     P-val=0.0000
Stock-Wright LM S statistic        Chi-sq(2)=     17.23     P-val=0.0002

NB: Underidentification, weak identification and weak-identification-robust
    test statistics heteroskedasticity-robust

Number of observations               N  =         52
Number of regressors                 K  =          4
Number of endogenous regressors      K1 =          1
Number of instruments                L  =          5
Number of excluded instruments       L1 =          2

IV (2SLS) estimation
--------------------

Estimates efficient for homoskedasticity only
Statistics robust to heteroskedasticity

                                                      Number of obs =       52
                                                      F(  3,    48) =   814.33
                                                      Prob > F      =   0.0000
Total (centered) SS     =  8.060190536                Centered R2   =   0.9809
Total (uncentered) SS   =  597.3814649                Uncentered R2 =   0.9997
Residual SS             =  .1537163454                Root MSE      =   .05437

------------------------------------------------------------------------------
             |               Robust
        ln_q | Coefficient  std. err.      z    P>|z|     [95% conf. interval]
-------------+----------------------------------------------------------------
      ln_pch |  -.2614732   .0782712    -3.34   0.001     -.414882   -.1080645
        ln_y |   .8548199   .0752344    11.36   0.000     .7073632    1.002277
       ln_pb |  -.1188524    .068718    -1.73   0.084    -.2535372    .0158324
       _cons |  -4.708315   .7410844    -6.35   0.000    -6.160814   -3.255816
------------------------------------------------------------------------------
Underidentification test (Kleibergen-Paap rk LM statistic):             24.425
                                                   Chi-sq(2) P-val =    0.0000
------------------------------------------------------------------------------
Weak identification test (Cragg-Donald Wald F statistic):               36.066
                         (Kleibergen-Paap rk Wald F statistic):         29.374
Stock-Yogo weak ID test critical values: 10% maximal IV size             19.93
                                         15% maximal IV size             11.59
                                         20% maximal IV size              8.75
                                         25% maximal IV size              7.25
Source: Stock-Yogo (2005).  Reproduced by permission.
NB: Critical values are for Cragg-Donald F statistic and i.i.d. errors.
------------------------------------------------------------------------------
Hansen J statistic (overidentification test of all instruments):        14.592
                                                   Chi-sq(1) P-val =    0.0001
------------------------------------------------------------------------------
Instrumented:         ln_pch
Included instruments: ln_y ln_pb
Excluded instruments: z z_sq
------------------------------------------------------------------------------
[Stata] Z2 2SLS: beta_p=-0.261473 | EP= 0.078271 | p= 0.000836
[Stata] Z2: Hansen J=14.592206 | p= 0.000133
[Stata] Z2: rodando weakivtest (Montiel Olea-Pflueger)
(obs=52)

Montiel-Pflueger robust weak instrument test
--------------------------------------------
Effective F statistic:       28.914
Confidence level alpha:          5%
--------------------------------------------

--------------------------------------------
Critical Values             TSLS      LIML
--------------------------------------------
% of Worst Case Bias
tau=5%                    23.816    28.936
tau=10%                   15.080    17.936
tau=20%                   10.117    11.755
tau=30%                    8.238     9.436
--------------------------------------------
[Stata] Z2: F efetivo MOP=28.913783 | cv5_TSLS=23.816480 | cv10_TSLS=15.079710 | cv20_TSLS=10.117260
(file C:\Users\B03531855158\Documents\Replication\Códigos/output/tables/stata_question_06_weakivtest_Z2.txt not found)
------------------------------------------------------------------------------------------------------------------------
      name:  weaklog
       log:  C:\Users\B03531855158\Documents\Replication\Códigos/output/tables/stata_question_06_weakivtest_Z2.txt
  log type:  text
 opened on:  21 May 2026, 09:17:35
Modelo Z2: instrumentos excluídos = z z_sq
(obs=52)

Montiel-Pflueger robust weak instrument test
--------------------------------------------
Effective F statistic:       28.914
Confidence level alpha:          5%
--------------------------------------------

--------------------------------------------
Critical Values             TSLS      LIML
--------------------------------------------
% of Worst Case Bias
tau=5%                    23.816    28.936
tau=10%                   15.080    17.936
tau=20%                   10.117    11.755
tau=30%                    8.238     9.436
--------------------------------------------

scalars:
                  r(K) =  2
                  r(N) =  52
                 r(n2) =  10000000
              r(level) =  .05
                r(eps) =  .001
              r(F_eff) =  28.91378306963798
           r(c_TSLS_5) =  23.81648
          r(c_TSLS_10) =  15.07971
          r(c_TSLS_20) =  10.11726
          r(c_TSLS_30) =  8.237978999999999
           r(c_LIML_5) =  28.93618
          r(c_LIML_10) =  17.93647
          r(c_LIML_20) =  11.75538
          r(c_LIML_30) =  9.435527
           r(c_simp_5) =  35.06135
          r(c_simp_10) =  21.32117
          r(c_simp_20) =  13.67559
          r(c_simp_30) =  10.83075
           r(x_TSLS_5) =  11.74081
          r(x_TSLS_10) =  5.870403
          r(x_TSLS_20) =  2.935201
          r(x_TSLS_30) =  1.954844
       r(K_eff_TSLS_5) =  1.336339
      r(K_eff_TSLS_10) =  1.344793
      r(K_eff_TSLS_20) =  1.360124
      r(K_eff_TSLS_30) =  1.373697
           r(x_LIML_5) =  15.42866
          r(x_LIML_10) =  7.714328
          r(x_LIML_20) =  3.857164
          r(x_LIML_30) =  2.568871
       r(K_eff_LIML_5) =  1.334232
      r(K_eff_LIML_10) =  1.340823
      r(K_eff_LIML_20) =  1.35304
      r(K_eff_LIML_30) =  1.364152
           r(x_simp_5) =  20
          r(x_simp_10) =  10
          r(x_simp_20) =  5
          r(x_simp_30) =  3.33
       r(K_eff_simp_5) =  1.332676
      r(K_eff_simp_10) =  1.337852
      r(K_eff_simp_20) =  1.347607
      r(K_eff_simp_30) =  1.356664
      name:  weaklog
       log:  C:\Users\B03531855158\Documents\Replication\Códigos/output/tables/stata_question_06_weakivtest_Z2.txt
  log type:  text
 closed on:  21 May 2026, 09:17:36
------------------------------------------------------------------------------------------------------------------------
[Stata] Z2: log do weakivtest salvo em output/tables/stata_question_06_weakivtest_Z2.txt

[Stata] Estimando Z3
[Stata] Instrumentos excluídos em Z3: z z_sq z_cu
[Stata] Primeiro estágio Z3: ln_pch ~ z z_sq z_cu + ln_y + ln_pb

Linear regression                               Number of obs     =         52
                                                F(5, 46)          =     448.61
                                                Prob > F          =     0.0000
                                                R-squared         =     0.9582
                                                Root MSE          =     .07297

------------------------------------------------------------------------------
             |               Robust
      ln_pch | Coefficient  std. err.      t    P>|t|     [95% conf. interval]
-------------+----------------------------------------------------------------
           z |   .0117255   .0623929     0.19   0.852    -.1138648    .1373158
        z_sq |   .2919135   .0460761     6.34   0.000     .1991672    .3846599
        z_cu |   .1272491     .06181     2.06   0.045      .002832    .2516663
        ln_y |  -.7317492   .0877456    -8.34   0.000    -.9083719   -.5551265
       ln_pb |  -.0508607   .1352504    -0.38   0.709    -.3231056    .2213842
       _cons |   7.198725   .8542236     8.43   0.000     5.479262    8.918188
------------------------------------------------------------------------------

 ( 1)  z = 0
 ( 2)  z_sq = 0
 ( 3)  z_cu = 0

       F(  3,    46) =   23.22
            Prob > F =    0.0000
[Stata] Z3 primeiro estágio: F usual=23.223729 | p= 0.000000
[Stata] Z3: calculando R2 parcial dos instrumentos excluídos condicional a ln_y e ln_pb
(0 observations deleted)

      Source |       SS           df       MS      Number of obs   =        52
-------------+----------------------------------   F(2, 49)        =    194.19
       Model |  5.20029867         2  2.60014934   Prob > F        =    0.0000
    Residual |  .656106485        49  .013389928   R-squared       =    0.8880
-------------+----------------------------------   Adj R-squared   =    0.8834
       Total |  5.85640516        51  .114831474   Root MSE        =    .11571

------------------------------------------------------------------------------
      ln_pch | Coefficient  Std. err.      t    P>|t|     [95% conf. interval]
-------------+----------------------------------------------------------------
        ln_y |  -.8768445   .0630903   -13.90   0.000    -1.003629   -.7500598
       ln_pb |   .1465487   .1695707     0.86   0.392    -.1942164    .4873138
       _cons |   8.678068   .6079439    14.27   0.000     7.456359    9.899777
------------------------------------------------------------------------------

      Source |       SS           df       MS      Number of obs   =        52
-------------+----------------------------------   F(2, 49)        =    110.30
       Model |  10.3046252         2  5.15231258   Prob > F        =    0.0000
    Residual |  2.28896787        49   .04671363   R-squared       =    0.8182
-------------+----------------------------------   Adj R-squared   =    0.8108
       Total |   12.593593        51  .246933197   Root MSE        =    .21613

------------------------------------------------------------------------------
           z | Coefficient  Std. err.      t    P>|t|     [95% conf. interval]
-------------+----------------------------------------------------------------
        ln_y |  -.8442216   .1178407    -7.16   0.000    -1.081031   -.6074117
       ln_pb |   1.494411   .3167259     4.72   0.000      .857926    2.130895
       _cons |   8.214314   1.135524     7.23   0.000     5.932394    10.49623
------------------------------------------------------------------------------

      Source |       SS           df       MS      Number of obs   =        52
-------------+----------------------------------   F(2, 49)        =      5.63
       Model |  .722156093         2  .361078047   Prob > F        =    0.0063
    Residual |  3.14332077        49  .064149403   R-squared       =    0.1868
-------------+----------------------------------   Adj R-squared   =    0.1536
       Total |  3.86547686        51  .075793664   Root MSE        =    .25328

------------------------------------------------------------------------------
        z_sq | Coefficient  Std. err.      t    P>|t|     [95% conf. interval]
-------------+----------------------------------------------------------------
        ln_y |   -.278162   .1380925    -2.01   0.049    -.5556692   -.0006548
       ln_pb |   .2262283   .3711573     0.61   0.545    -.5196403    .9720968
       _cons |   2.937208   1.330671     2.21   0.032     .2631243    5.611291
------------------------------------------------------------------------------

      Source |       SS           df       MS      Number of obs   =        52
-------------+----------------------------------   F(2, 49)        =     33.82
       Model |  2.99754804         2  1.49877402   Prob > F        =    0.0000
    Residual |  2.17153055        49   .04431695   R-squared       =    0.5799
-------------+----------------------------------   Adj R-squared   =    0.5628
       Total |  5.16907859        51  .101354482   Root MSE        =    .21052

------------------------------------------------------------------------------
        z_cu | Coefficient  Std. err.      t    P>|t|     [95% conf. interval]
-------------+----------------------------------------------------------------
        ln_y |  -.4243421    .114778    -3.70   0.001    -.6549971   -.1936871
       ln_pb |   .8946828    .308494     2.90   0.006      .274741    1.514625
       _cons |     4.1306   1.106011     3.73   0.000     1.907988    6.353211
------------------------------------------------------------------------------

      Source |       SS           df       MS      Number of obs   =        52
-------------+----------------------------------   F(3, 49)        =     27.42
       Model |  .411160664         3  .137053555   Prob > F        =    0.0000
    Residual |  .244945821        49  .004998894   R-squared       =    0.6267
-------------+----------------------------------   Adj R-squared   =    0.6038
       Total |  .656106485        52  .012617432   Root MSE        =     .0707

------------------------------------------------------------------------------
         r_x | Coefficient  Std. err.      t    P>|t|     [95% conf. interval]
-------------+----------------------------------------------------------------
         r_z |   .0117255   .0632174     0.19   0.854    -.1153145    .1387656
      r_z_sq |   .2919135   .0506822     5.76   0.000     .1900639    .3937632
      r_z_cu |   .1272491   .0763031     1.67   0.102    -.0260876    .2805859
------------------------------------------------------------------------------
[Stata] Z3: R2 parcial =  0.626668
[Stata] Z3 2SLS: ln_q ~ ln_pch + ln_y + ln_pb; ln_pch instrumentado por z z_sq z_cu

First-stage regressions
-----------------------


First-stage regression of ln_pch:

Statistics robust to heteroskedasticity
Number of obs =                     52
------------------------------------------------------------------------------
             |               Robust
      ln_pch | Coefficient  std. err.      t    P>|t|     [95% conf. interval]
-------------+----------------------------------------------------------------
           z |   .0117255   .0623929     0.19   0.852    -.1138648    .1373158
        z_sq |   .2919135   .0460761     6.34   0.000     .1991672    .3846599
        z_cu |   .1272491     .06181     2.06   0.045      .002832    .2516663
        ln_y |  -.7317492   .0877456    -8.34   0.000    -.9083719   -.5551265
       ln_pb |  -.0508607   .1352504    -0.38   0.709    -.3231056    .2213842
       _cons |   7.198725   .8542236     8.43   0.000     5.479262    8.918188
------------------------------------------------------------------------------
F test of excluded instruments:
  F(  3,    46) =    23.22
  Prob > F      =   0.0000
Sanderson-Windmeijer multivariate F test of excluded instruments:
  F(  3,    46) =    23.22
  Prob > F      =   0.0000



Summary results for first-stage regressions
-------------------------------------------

                                           (Underid)            (Weak id)
Variable     | F(  3,    46)  P-val | SW Chi-sq(  3) P-val | SW F(  3,    46)
ln_pch       |      23.22    0.0000 |       78.76   0.0000 |       23.22

NB: first-stage test statistics heteroskedasticity-robust

Stock-Yogo weak ID F test critical values for single endogenous regressor:
                                    5% maximal IV relative bias    13.91
                                   10% maximal IV relative bias     9.08
                                   20% maximal IV relative bias     6.46
                                   30% maximal IV relative bias     5.39
                                   10% maximal IV size             22.30
                                   15% maximal IV size             12.83
                                   20% maximal IV size              9.54
                                   25% maximal IV size              7.80
Source: Stock-Yogo (2005).  Reproduced by permission.
NB: Critical values are for i.i.d. errors only.

Underidentification test
Ho: matrix of reduced form coefficients has rank=K1-1 (underidentified)
Ha: matrix has rank=K1 (identified)
Kleibergen-Paap rk LM statistic          Chi-sq(3)=24.43    P-val=0.0000

Weak identification test
Ho: equation is weakly identified
Cragg-Donald Wald F statistic                                      25.74
Kleibergen-Paap Wald rk F statistic                                23.22

Stock-Yogo weak ID test critical values for K1=1 and L1=3:
                                    5% maximal IV relative bias    13.91
                                   10% maximal IV relative bias     9.08
                                   20% maximal IV relative bias     6.46
                                   30% maximal IV relative bias     5.39
                                   10% maximal IV size             22.30
                                   15% maximal IV size             12.83
                                   20% maximal IV size              9.54
                                   25% maximal IV size              7.80
Source: Stock-Yogo (2005).  Reproduced by permission.
NB: Critical values are for Cragg-Donald F statistic and i.i.d. errors.

Weak-instrument-robust inference
Tests of joint significance of endogenous regressors B1 in main equation
Ho: B1=0 and orthogonality conditions are valid
Anderson-Rubin Wald test           F(3,46)=       11.21     P-val=0.0000
Anderson-Rubin Wald test           Chi-sq(3)=     38.00     P-val=0.0000
Stock-Wright LM S statistic        Chi-sq(3)=     19.65     P-val=0.0002

NB: Underidentification, weak identification and weak-identification-robust
    test statistics heteroskedasticity-robust

Number of observations               N  =         52
Number of regressors                 K  =          4
Number of endogenous regressors      K1 =          1
Number of instruments                L  =          6
Number of excluded instruments       L1 =          3

IV (2SLS) estimation
--------------------

Estimates efficient for homoskedasticity only
Statistics robust to heteroskedasticity

                                                      Number of obs =       52
                                                      F(  3,    48) =   816.59
                                                      Prob > F      =   0.0000
Total (centered) SS     =  8.060190536                Centered R2   =   0.9809
Total (uncentered) SS   =  597.3814649                Uncentered R2 =   0.9997
Residual SS             =  .1537610742                Root MSE      =   .05438

------------------------------------------------------------------------------
             |               Robust
        ln_q | Coefficient  std. err.      z    P>|z|     [95% conf. interval]
-------------+----------------------------------------------------------------
      ln_pch |  -.2558889     .07401    -3.46   0.001    -.4009458    -.110832
        ln_y |   .8597166    .072375    11.88   0.000     .7178643    1.001569
       ln_pb |  -.1196708   .0686232    -1.74   0.081    -.2541698    .0148283
       _cons |  -4.756777   .7125664    -6.68   0.000    -6.153381   -3.360172
------------------------------------------------------------------------------
Underidentification test (Kleibergen-Paap rk LM statistic):             24.431
                                                   Chi-sq(3) P-val =    0.0000
------------------------------------------------------------------------------
Weak identification test (Cragg-Donald Wald F statistic):               25.738
                         (Kleibergen-Paap rk Wald F statistic):         23.224
Stock-Yogo weak ID test critical values:  5% maximal IV relative bias    13.91
                                         10% maximal IV relative bias     9.08
                                         20% maximal IV relative bias     6.46
                                         30% maximal IV relative bias     5.39
                                         10% maximal IV size             22.30
                                         15% maximal IV size             12.83
                                         20% maximal IV size              9.54
                                         25% maximal IV size              7.80
Source: Stock-Yogo (2005).  Reproduced by permission.
NB: Critical values are for Cragg-Donald F statistic and i.i.d. errors.
------------------------------------------------------------------------------
Hansen J statistic (overidentification test of all instruments):        14.683
                                                   Chi-sq(2) P-val =    0.0006
------------------------------------------------------------------------------
Instrumented:         ln_pch
Included instruments: ln_y ln_pb
Excluded instruments: z z_sq z_cu
------------------------------------------------------------------------------
[Stata] Z3 2SLS: beta_p=-0.255889 | EP= 0.074010 | p= 0.000545
[Stata] Z3: Hansen J=14.683096 | p= 0.000648
[Stata] Z3: rodando weakivtest (Montiel Olea-Pflueger)
(obs=52)

Montiel-Pflueger robust weak instrument test
--------------------------------------------
Effective F statistic:       23.975
Confidence level alpha:          5%
--------------------------------------------

--------------------------------------------
Critical Values             TSLS      LIML
--------------------------------------------
% of Worst Case Bias
tau=5%                    28.391    25.610
tau=10%                   17.476    15.935
tau=20%                   11.370    10.492
tau=30%                    9.087     8.448
--------------------------------------------
[Stata] Z3: F efetivo MOP=23.975020 | cv5_TSLS=28.390720 | cv10_TSLS=17.476490 | cv20_TSLS=11.370190
(file C:\Users\B03531855158\Documents\Replication\Códigos/output/tables/stata_question_06_weakivtest_Z3.txt not found)
------------------------------------------------------------------------------------------------------------------------
      name:  weaklog
       log:  C:\Users\B03531855158\Documents\Replication\Códigos/output/tables/stata_question_06_weakivtest_Z3.txt
  log type:  text
 opened on:  21 May 2026, 09:17:37
Modelo Z3: instrumentos excluídos = z z_sq z_cu
(obs=52)

Montiel-Pflueger robust weak instrument test
--------------------------------------------
Effective F statistic:       23.975
Confidence level alpha:          5%
--------------------------------------------

--------------------------------------------
Critical Values             TSLS      LIML
--------------------------------------------
% of Worst Case Bias
tau=5%                    28.391    25.610
tau=10%                   17.476    15.935
tau=20%                   11.370    10.492
tau=30%                    9.087     8.448
--------------------------------------------

scalars:
                  r(K) =  3
                  r(N) =  52
                 r(n2) =  10000000
              r(level) =  .05
                r(eps) =  .001
              r(F_eff) =  23.97502034608759
           r(c_TSLS_5) =  28.39072
          r(c_TSLS_10) =  17.47649
          r(c_TSLS_20) =  11.37019
          r(c_TSLS_30) =  9.086866000000001
           r(c_LIML_5) =  25.60957
          r(c_LIML_10) =  15.93482
          r(c_LIML_20) =  10.49234
          r(c_LIML_30) =  8.447666999999999
           r(c_simp_5) =  34.22498
          r(c_simp_10) =  20.68775
          r(c_simp_20) =  13.18429
          r(c_simp_30) =  10.4017
           r(x_TSLS_5) =  15.58238
          r(x_TSLS_10) =  7.791188
          r(x_TSLS_20) =  3.895594
          r(x_TSLS_30) =  2.594466
       r(K_eff_TSLS_5) =  1.496427
      r(K_eff_TSLS_10) =  1.507135
      r(K_eff_TSLS_20) =  1.527124
      r(K_eff_TSLS_30) =  1.545468
           r(x_LIML_5) =  13.52854
          r(x_LIML_10) =  6.764272
          r(x_LIML_20) =  3.382136
          r(x_LIML_30) =  2.252503
       r(K_eff_LIML_5) =  1.498086
      r(K_eff_LIML_10) =  1.510288
      r(K_eff_LIML_20) =  1.532847
      r(K_eff_LIML_30) =  1.553299
           r(x_simp_5) =  20
          r(x_simp_10) =  10
          r(x_simp_20) =  5
          r(x_simp_30) =  3.33
       r(K_eff_simp_5) =  1.493993
      r(K_eff_simp_10) =  1.502467
      r(K_eff_simp_20) =  1.518517
      r(K_eff_simp_30) =  1.533517
      name:  weaklog
       log:  C:\Users\B03531855158\Documents\Replication\Códigos/output/tables/stata_question_06_weakivtest_Z3.txt
  log type:  text
 closed on:  21 May 2026, 09:17:38
------------------------------------------------------------------------------------------------------------------------
[Stata] Z3: log do weakivtest salvo em output/tables/stata_question_06_weakivtest_Z3.txt

[Stata] Estimando Z4
[Stata] Instrumentos excluídos em Z4: z_lag
[Stata] Primeiro estágio Z4: ln_pch ~ z_lag + ln_y + ln_pb

Linear regression                               Number of obs     =         51
                                                F(3, 47)          =      95.68
                                                Prob > F          =     0.0000
                                                R-squared         =     0.8869
                                                Root MSE          =     .11279

------------------------------------------------------------------------------
             |               Robust
      ln_pch | Coefficient  std. err.      t    P>|t|     [95% conf. interval]
-------------+----------------------------------------------------------------
       z_lag |   .0627889    .062862     1.00   0.323    -.0636732     .189251
        ln_y |  -.8028412   .0843674    -9.52   0.000    -.9725664   -.6331159
       ln_pb |   .0574752   .2421621     0.24   0.813    -.4296922    .5446426
       _cons |   7.955042   .8202368     9.70   0.000     6.304939    9.605146
------------------------------------------------------------------------------

 ( 1)  z_lag = 0

       F(  1,    47) =    1.00
            Prob > F =    0.3230
[Stata] Z4 primeiro estágio: F usual= 0.997675 | p= 0.322989
[Stata] Z4: calculando R2 parcial dos instrumentos excluídos condicional a ln_y e ln_pb
(1 observation deleted)

      Source |       SS           df       MS      Number of obs   =        51
-------------+----------------------------------   F(2, 48)        =    184.48
       Model |  4.67935604         2  2.33967802   Prob > F        =    0.0000
    Residual |  .608756466        48  .012682426   R-squared       =    0.8849
-------------+----------------------------------   Adj R-squared   =    0.8801
       Total |  5.28811251        50   .10576225   Root MSE        =    .11262

------------------------------------------------------------------------------
      ln_pch | Coefficient  Std. err.      t    P>|t|     [95% conf. interval]
-------------+----------------------------------------------------------------
        ln_y |  -.8638594   .0617676   -13.99   0.000    -.9880514   -.7396673
       ln_pb |   .1142157   .1658762     0.69   0.494    -.2193007    .4477322
       _cons |   8.551208   .5952961    14.36   0.000     7.354285    9.748131
------------------------------------------------------------------------------

      Source |       SS           df       MS      Number of obs   =        51
-------------+----------------------------------   F(2, 48)        =     76.01
       Model |  8.74548686         2  4.37274343   Prob > F        =    0.0000
    Residual |  2.76147661        48  .057530763   R-squared       =    0.7600
-------------+----------------------------------   Adj R-squared   =    0.7500
       Total |  11.5069635        50  .230139269   Root MSE        =    .23986

------------------------------------------------------------------------------
       z_lag | Coefficient  Std. err.      t    P>|t|     [95% conf. interval]
-------------+----------------------------------------------------------------
        ln_y |  -.9717993   .1315557    -7.39   0.000     -1.23631    -.707289
       ln_pb |   .9036709   .3532913     2.56   0.014     .1933311    1.614011
       _cons |   9.494757   1.267891     7.49   0.000     6.945491    12.04402
------------------------------------------------------------------------------

      Source |       SS           df       MS      Number of obs   =        51
-------------+----------------------------------   F(1, 50)        =      0.91
       Model |  .010886978         1  .010886978   Prob > F        =    0.3446
    Residual |  .597869488        50   .01195739   R-squared       =    0.0179
-------------+----------------------------------   Adj R-squared   =   -0.0018
       Total |  .608756466        51  .011936401   Root MSE        =    .10935

------------------------------------------------------------------------------
         r_x | Coefficient  Std. err.      t    P>|t|     [95% conf. interval]
-------------+----------------------------------------------------------------
     r_z_lag |   .0627889   .0658033     0.95   0.345    -.0693809    .1949587
------------------------------------------------------------------------------
[Stata] Z4: R2 parcial =  0.017884
[Stata] Z4 2SLS: ln_q ~ ln_pch + ln_y + ln_pb; ln_pch instrumentado por z_lag

First-stage regressions
-----------------------


First-stage regression of ln_pch:

Statistics robust to heteroskedasticity
Number of obs =                     51
------------------------------------------------------------------------------
             |               Robust
      ln_pch | Coefficient  std. err.      t    P>|t|     [95% conf. interval]
-------------+----------------------------------------------------------------
       z_lag |   .0627889    .062862     1.00   0.323    -.0636732     .189251
        ln_y |  -.8028412   .0843674    -9.52   0.000    -.9725664   -.6331159
       ln_pb |   .0574752   .2421621     0.24   0.813    -.4296922    .5446426
       _cons |   7.955042   .8202368     9.70   0.000     6.304939    9.605146
------------------------------------------------------------------------------
F test of excluded instruments:
  F(  1,    47) =     1.00
  Prob > F      =   0.3230
Sanderson-Windmeijer multivariate F test of excluded instruments:
  F(  1,    47) =     1.00
  Prob > F      =   0.3230



Summary results for first-stage regressions
-------------------------------------------

                                           (Underid)            (Weak id)
Variable     | F(  1,    47)  P-val | SW Chi-sq(  1) P-val | SW F(  1,    47)
ln_pch       |       1.00    0.3230 |        1.08   0.2981 |        1.00

NB: first-stage test statistics heteroskedasticity-robust

Stock-Yogo weak ID F test critical values for single endogenous regressor:
                                   10% maximal IV size             16.38
                                   15% maximal IV size              8.96
                                   20% maximal IV size              6.66
                                   25% maximal IV size              5.53
Source: Stock-Yogo (2005).  Reproduced by permission.
NB: Critical values are for i.i.d. errors only.

Underidentification test
Ho: matrix of reduced form coefficients has rank=K1-1 (underidentified)
Ha: matrix has rank=K1 (identified)
Kleibergen-Paap rk LM statistic          Chi-sq(1)=1.00     P-val=0.3176

Weak identification test
Ho: equation is weakly identified
Cragg-Donald Wald F statistic                                       0.86
Kleibergen-Paap Wald rk F statistic                                 1.00

Stock-Yogo weak ID test critical values for K1=1 and L1=1:
                                   10% maximal IV size             16.38
                                   15% maximal IV size              8.96
                                   20% maximal IV size              6.66
                                   25% maximal IV size              5.53
Source: Stock-Yogo (2005).  Reproduced by permission.
NB: Critical values are for Cragg-Donald F statistic and i.i.d. errors.

Weak-instrument-robust inference
Tests of joint significance of endogenous regressors B1 in main equation
Ho: B1=0 and orthogonality conditions are valid
Anderson-Rubin Wald test           F(1,47)=       31.57     P-val=0.0000
Anderson-Rubin Wald test           Chi-sq(1)=     34.26     P-val=0.0000
Stock-Wright LM S statistic        Chi-sq(1)=     13.96     P-val=0.0002

NB: Underidentification, weak identification and weak-identification-robust
    test statistics heteroskedasticity-robust

Number of observations               N  =         51
Number of regressors                 K  =          4
Number of endogenous regressors      K1 =          1
Number of instruments                L  =          4
Number of excluded instruments       L1 =          1

IV (2SLS) estimation
--------------------

Estimates efficient for homoskedasticity only
Statistics robust to heteroskedasticity

                                                      Number of obs =       51
                                                      F(  3,    47) =    24.09
                                                      Prob > F      =   0.0000
Total (centered) SS     =  7.551682264                Centered R2   =   0.4875
Total (uncentered) SS   =  590.3044841                Uncentered R2 =   0.9934
Residual SS             =  3.870365642                Root MSE      =    .2755

------------------------------------------------------------------------------
             |               Robust
        ln_q | Coefficient  std. err.      z    P>|z|     [95% conf. interval]
-------------+----------------------------------------------------------------
      ln_pch |  -2.739152   2.438887    -1.12   0.261    -7.519284    2.040979
        ln_y |  -1.285015    2.08461    -0.62   0.538    -5.370775    2.800745
       ln_pb |   .1628153   .6493738     0.25   0.802    -1.109934    1.435564
       _cons |   16.47365   20.63978     0.80   0.425    -23.97958    56.92687
------------------------------------------------------------------------------
Underidentification test (Kleibergen-Paap rk LM statistic):              0.999
                                                   Chi-sq(1) P-val =    0.3176
------------------------------------------------------------------------------
Weak identification test (Cragg-Donald Wald F statistic):                0.856
                         (Kleibergen-Paap rk Wald F statistic):          0.998
Stock-Yogo weak ID test critical values: 10% maximal IV size             16.38
                                         15% maximal IV size              8.96
                                         20% maximal IV size              6.66
                                         25% maximal IV size              5.53
Source: Stock-Yogo (2005).  Reproduced by permission.
NB: Critical values are for Cragg-Donald F statistic and i.i.d. errors.
------------------------------------------------------------------------------
Hansen J statistic (overidentification test of all instruments):         0.000
                                                 (equation exactly identified)
------------------------------------------------------------------------------
Instrumented:         ln_pch
Included instruments: ln_y ln_pb
Excluded instruments: z_lag
------------------------------------------------------------------------------
[Stata] Z4 2SLS: beta_p=-2.739152 | EP= 2.438887 | p= 0.261388
[Stata] Z4: Hansen J não se aplica; modelo exatamente identificado.
[Stata] Z4: rodando weakivtest (Montiel Olea-Pflueger)
(obs=51)

Montiel-Pflueger robust weak instrument test
--------------------------------------------
Effective F statistic:        0.998
Confidence level alpha:          5%
--------------------------------------------

--------------------------------------------
Critical Values             TSLS      LIML
--------------------------------------------
% of Worst Case Bias
tau=5%                    37.418    37.418
tau=10%                   23.109    23.109
tau=20%                   15.062    15.062
tau=30%                   12.039    12.039
--------------------------------------------
[Stata] Z4: F efetivo MOP= 0.997675 | cv5_TSLS=37.417560 | cv10_TSLS=23.108510 | cv20_TSLS=15.061550
(file C:\Users\B03531855158\Documents\Replication\Códigos/output/tables/stata_question_06_weakivtest_Z4.txt not found)
------------------------------------------------------------------------------------------------------------------------
      name:  weaklog
       log:  C:\Users\B03531855158\Documents\Replication\Códigos/output/tables/stata_question_06_weakivtest_Z4.txt
  log type:  text
 opened on:  21 May 2026, 09:17:39
Modelo Z4: instrumentos excluídos = z_lag
(obs=51)

Montiel-Pflueger robust weak instrument test
--------------------------------------------
Effective F statistic:        0.998
Confidence level alpha:          5%
--------------------------------------------

--------------------------------------------
Critical Values             TSLS      LIML
--------------------------------------------
% of Worst Case Bias
tau=5%                    37.418    37.418
tau=10%                   23.109    23.109
tau=20%                   15.062    15.062
tau=30%                   12.039    12.039
--------------------------------------------

scalars:
                  r(K) =  1
                  r(N) =  51
                 r(n2) =  10000000
              r(level) =  .05
                r(eps) =  .001
              r(F_eff) =  .9976750084852942
           r(c_TSLS_5) =  37.41756
          r(c_TSLS_10) =  23.10851
          r(c_TSLS_20) =  15.06155
          r(c_TSLS_30) =  12.0387
           r(c_LIML_5) =  37.41756
          r(c_LIML_10) =  23.10851
          r(c_LIML_20) =  15.06155
          r(c_LIML_30) =  12.0387
           r(c_simp_5) =  37.41756
          r(c_simp_10) =  23.10851
          r(c_simp_20) =  15.06155
          r(c_simp_30) =  12.0387
           r(x_TSLS_5) =  20
          r(x_TSLS_10) =  10
          r(x_TSLS_20) =  5
          r(x_TSLS_30) =  3.33
       r(K_eff_TSLS_5) =  1
      r(K_eff_TSLS_10) =  1
      r(K_eff_TSLS_20) =  1
      r(K_eff_TSLS_30) =  1
           r(x_LIML_5) =  20
          r(x_LIML_10) =  10
          r(x_LIML_20) =  5
          r(x_LIML_30) =  3.33
       r(K_eff_LIML_5) =  1
      r(K_eff_LIML_10) =  1
      r(K_eff_LIML_20) =  1
      r(K_eff_LIML_30) =  1
           r(x_simp_5) =  20
          r(x_simp_10) =  10
          r(x_simp_20) =  5
          r(x_simp_30) =  3.33
       r(K_eff_simp_5) =  1
      r(K_eff_simp_10) =  1
      r(K_eff_simp_20) =  1
      r(K_eff_simp_30) =  1
      name:  weaklog
       log:  C:\Users\B03531855158\Documents\Replication\Códigos/output/tables/stata_question_06_weakivtest_Z4.txt
  log type:  text
 closed on:  21 May 2026, 09:17:39
------------------------------------------------------------------------------------------------------------------------
[Stata] Z4: log do weakivtest salvo em output/tables/stata_question_06_weakivtest_Z4.txt

[Stata] Estimando Z5
[Stata] Instrumentos excluídos em Z5: z_lag z_lag_sq
[Stata] Primeiro estágio Z5: ln_pch ~ z_lag z_lag_sq + ln_y + ln_pb

Linear regression                               Number of obs     =         51
                                                F(4, 46)          =     241.73
                                                Prob > F          =     0.0000
                                                R-squared         =     0.9422
                                                Root MSE          =     .08149

------------------------------------------------------------------------------
             |               Robust
      ln_pch | Coefficient  std. err.      t    P>|t|     [95% conf. interval]
-------------+----------------------------------------------------------------
       z_lag |  -.0109016   .0509025    -0.21   0.831     -.113363    .0915598
    z_lag_sq |   .3317027   .0477276     6.95   0.000      .235632    .4277733
        ln_y |  -.7232004   .0625975   -11.55   0.000    -.8492026   -.5971982
       ln_pb |   .2097379   .2169832     0.97   0.339    -.2270266    .6465023
       _cons |   7.110811   .6051392    11.75   0.000     5.892729    8.328893
------------------------------------------------------------------------------

 ( 1)  z_lag = 0
 ( 2)  z_lag_sq = 0

       F(  2,    46) =   24.22
            Prob > F =    0.0000
[Stata] Z5 primeiro estágio: F usual=24.222378 | p= 0.000000
[Stata] Z5: calculando R2 parcial dos instrumentos excluídos condicional a ln_y e ln_pb
(1 observation deleted)

      Source |       SS           df       MS      Number of obs   =        51
-------------+----------------------------------   F(2, 48)        =    184.48
       Model |  4.67935604         2  2.33967802   Prob > F        =    0.0000
    Residual |  .608756466        48  .012682426   R-squared       =    0.8849
-------------+----------------------------------   Adj R-squared   =    0.8801
       Total |  5.28811251        50   .10576225   Root MSE        =    .11262

------------------------------------------------------------------------------
      ln_pch | Coefficient  Std. err.      t    P>|t|     [95% conf. interval]
-------------+----------------------------------------------------------------
        ln_y |  -.8638594   .0617676   -13.99   0.000    -.9880514   -.7396673
       ln_pb |   .1142157   .1658762     0.69   0.494    -.2193007    .4477322
       _cons |   8.551208   .5952961    14.36   0.000     7.354285    9.748131
------------------------------------------------------------------------------

      Source |       SS           df       MS      Number of obs   =        51
-------------+----------------------------------   F(2, 48)        =     76.01
       Model |  8.74548686         2  4.37274343   Prob > F        =    0.0000
    Residual |  2.76147661        48  .057530763   R-squared       =    0.7600
-------------+----------------------------------   Adj R-squared   =    0.7500
       Total |  11.5069635        50  .230139269   Root MSE        =    .23986

------------------------------------------------------------------------------
       z_lag | Coefficient  Std. err.      t    P>|t|     [95% conf. interval]
-------------+----------------------------------------------------------------
        ln_y |  -.9717993   .1315557    -7.39   0.000     -1.23631    -.707289
       ln_pb |   .9036709   .3532913     2.56   0.014     .1933311    1.614011
       _cons |   9.494757   1.267891     7.49   0.000     6.945491    12.04402
------------------------------------------------------------------------------

      Source |       SS           df       MS      Number of obs   =        51
-------------+----------------------------------   F(2, 48)        =      8.04
       Model |   .93637698         2   .46818849   Prob > F        =    0.0010
    Residual |  2.79395455        48  .058207386   R-squared       =    0.2510
-------------+----------------------------------   Adj R-squared   =    0.2198
       Total |  3.73033153        50  .074606631   Root MSE        =    .24126

------------------------------------------------------------------------------
    z_lag_sq | Coefficient  Std. err.      t    P>|t|     [95% conf. interval]
-------------+----------------------------------------------------------------
        ln_y |  -.4559902    .132327    -3.45   0.001    -.7220515    -.189929
       ln_pb |  -.2582756   .3553628    -0.73   0.471    -.9727803    .4562292
       _cons |   4.654485   1.275325     3.65   0.001     2.090272    7.218698
------------------------------------------------------------------------------

      Source |       SS           df       MS      Number of obs   =        51
-------------+----------------------------------   F(2, 49)        =     24.33
       Model |  .303300819         2  .151650409   Prob > F        =    0.0000
    Residual |  .305455648        49  .006233789   R-squared       =    0.4982
-------------+----------------------------------   Adj R-squared   =    0.4777
       Total |  .608756466        51  .011936401   Root MSE        =    .07895

------------------------------------------------------------------------------
         r_x | Coefficient  Std. err.      t    P>|t|     [95% conf. interval]
-------------+----------------------------------------------------------------
     r_z_lag |  -.0109016   .0487153    -0.22   0.824    -.1087986    .0869954
  r_z_lag_sq |   .3317027   .0484313     6.85   0.000     .2343763     .429029
------------------------------------------------------------------------------
[Stata] Z5: R2 parcial =  0.498230
[Stata] Z5 2SLS: ln_q ~ ln_pch + ln_y + ln_pb; ln_pch instrumentado por z_lag z_lag_sq

First-stage regressions
-----------------------


First-stage regression of ln_pch:

Statistics robust to heteroskedasticity
Number of obs =                     51
------------------------------------------------------------------------------
             |               Robust
      ln_pch | Coefficient  std. err.      t    P>|t|     [95% conf. interval]
-------------+----------------------------------------------------------------
       z_lag |  -.0109016   .0509025    -0.21   0.831     -.113363    .0915598
    z_lag_sq |   .3317027   .0477276     6.95   0.000      .235632    .4277733
        ln_y |  -.7232004   .0625975   -11.55   0.000    -.8492026   -.5971982
       ln_pb |   .2097379   .2169832     0.97   0.339    -.2270266    .6465023
       _cons |   7.110811   .6051392    11.75   0.000     5.892729    8.328893
------------------------------------------------------------------------------
F test of excluded instruments:
  F(  2,    46) =    24.22
  Prob > F      =   0.0000
Sanderson-Windmeijer multivariate F test of excluded instruments:
  F(  2,    46) =    24.22
  Prob > F      =   0.0000



Summary results for first-stage regressions
-------------------------------------------

                                           (Underid)            (Weak id)
Variable     | F(  2,    46)  P-val | SW Chi-sq(  2) P-val | SW F(  2,    46)
ln_pch       |      24.22    0.0000 |       53.71   0.0000 |       24.22

NB: first-stage test statistics heteroskedasticity-robust

Stock-Yogo weak ID F test critical values for single endogenous regressor:
                                   10% maximal IV size             19.93
                                   15% maximal IV size             11.59
                                   20% maximal IV size              8.75
                                   25% maximal IV size              7.25
Source: Stock-Yogo (2005).  Reproduced by permission.
NB: Critical values are for i.i.d. errors only.

Underidentification test
Ho: matrix of reduced form coefficients has rank=K1-1 (underidentified)
Ha: matrix has rank=K1 (identified)
Kleibergen-Paap rk LM statistic          Chi-sq(2)=15.04    P-val=0.0005

Weak identification test
Ho: equation is weakly identified
Cragg-Donald Wald F statistic                                      22.84
Kleibergen-Paap Wald rk F statistic                                24.22

Stock-Yogo weak ID test critical values for K1=1 and L1=2:
                                   10% maximal IV size             19.93
                                   15% maximal IV size             11.59
                                   20% maximal IV size              8.75
                                   25% maximal IV size              7.25
Source: Stock-Yogo (2005).  Reproduced by permission.
NB: Critical values are for Cragg-Donald F statistic and i.i.d. errors.

Weak-instrument-robust inference
Tests of joint significance of endogenous regressors B1 in main equation
Ho: B1=0 and orthogonality conditions are valid
Anderson-Rubin Wald test           F(2,46)=       23.16     P-val=0.0000
Anderson-Rubin Wald test           Chi-sq(2)=     51.35     P-val=0.0000
Stock-Wright LM S statistic        Chi-sq(2)=     13.96     P-val=0.0009

NB: Underidentification, weak identification and weak-identification-robust
    test statistics heteroskedasticity-robust

Number of observations               N  =         51
Number of regressors                 K  =          4
Number of endogenous regressors      K1 =          1
Number of instruments                L  =          5
Number of excluded instruments       L1 =          2

IV (2SLS) estimation
--------------------

Estimates efficient for homoskedasticity only
Statistics robust to heteroskedasticity

                                                      Number of obs =       51
                                                      F(  3,    47) =   726.26
                                                      Prob > F      =   0.0000
Total (centered) SS     =  7.551682264                Centered R2   =   0.9797
Total (uncentered) SS   =  590.3044841                Uncentered R2 =   0.9997
Residual SS             =  .1536334036                Root MSE      =   .05489

------------------------------------------------------------------------------
             |               Robust
        ln_q | Coefficient  std. err.      z    P>|z|     [95% conf. interval]
-------------+----------------------------------------------------------------
      ln_pch |  -.2745001   .1040779    -2.64   0.008    -.4784889   -.0705112
        ln_y |   .8440976   .0945686     8.93   0.000     .6587466    1.029449
       ln_pb |  -.1186868   .0681098    -1.74   0.081    -.2521795     .014806
       _cons |  -4.602108   .9331408    -4.93   0.000     -6.43103   -2.773185
------------------------------------------------------------------------------
Underidentification test (Kleibergen-Paap rk LM statistic):             15.038
                                                   Chi-sq(2) P-val =    0.0005
------------------------------------------------------------------------------
Weak identification test (Cragg-Donald Wald F statistic):               22.838
                         (Kleibergen-Paap rk Wald F statistic):         24.222
Stock-Yogo weak ID test critical values: 10% maximal IV size             19.93
                                         15% maximal IV size             11.59
                                         20% maximal IV size              8.75
                                         25% maximal IV size              7.25
Source: Stock-Yogo (2005).  Reproduced by permission.
NB: Critical values are for Cragg-Donald F statistic and i.i.d. errors.
------------------------------------------------------------------------------
Hansen J statistic (overidentification test of all instruments):        14.519
                                                   Chi-sq(1) P-val =    0.0001
------------------------------------------------------------------------------
Instrumented:         ln_pch
Included instruments: ln_y ln_pb
Excluded instruments: z_lag z_lag_sq
------------------------------------------------------------------------------
[Stata] Z5 2SLS: beta_p=-0.274500 | EP= 0.104078 | p= 0.008353
[Stata] Z5: Hansen J=14.519241 | p= 0.000139
[Stata] Z5: rodando weakivtest (Montiel Olea-Pflueger)
(obs=51)

Montiel-Pflueger robust weak instrument test
--------------------------------------------
Effective F statistic:       22.863
Confidence level alpha:          5%
--------------------------------------------

--------------------------------------------
Critical Values             TSLS      LIML
--------------------------------------------
% of Worst Case Bias
tau=5%                    18.452    24.452
tau=10%                   11.808    15.141
tau=20%                    8.050     9.946
tau=30%                    6.635     8.013
--------------------------------------------
[Stata] Z5: F efetivo MOP=22.863237 | cv5_TSLS=18.452360 | cv10_TSLS=11.808450 | cv20_TSLS= 8.049638
(file C:\Users\B03531855158\Documents\Replication\Códigos/output/tables/stata_question_06_weakivtest_Z5.txt not found)
------------------------------------------------------------------------------------------------------------------------
      name:  weaklog
       log:  C:\Users\B03531855158\Documents\Replication\Códigos/output/tables/stata_question_06_weakivtest_Z5.txt
  log type:  text
 opened on:  21 May 2026, 09:17:40
Modelo Z5: instrumentos excluídos = z_lag z_lag_sq
(obs=51)

Montiel-Pflueger robust weak instrument test
--------------------------------------------
Effective F statistic:       22.863
Confidence level alpha:          5%
--------------------------------------------

--------------------------------------------
Critical Values             TSLS      LIML
--------------------------------------------
% of Worst Case Bias
tau=5%                    18.452    24.452
tau=10%                   11.808    15.141
tau=20%                    8.050     9.946
tau=30%                    6.635     8.013
--------------------------------------------

scalars:
                  r(K) =  2
                  r(N) =  51
                 r(n2) =  10000000
              r(level) =  .05
                r(eps) =  .001
              r(F_eff) =  22.86323700457279
           r(c_TSLS_5) =  18.45236
          r(c_TSLS_10) =  11.80845
          r(c_TSLS_20) =  8.049638
          r(c_TSLS_30) =  6.635383
           r(c_LIML_5) =  24.45193
          r(c_LIML_10) =  15.141
          r(c_LIML_20) =  9.946341
          r(c_LIML_30) =  8.012725
           r(c_simp_5) =  33.17627
          r(c_simp_10) =  19.92204
          r(c_simp_20) =  12.62917
          r(c_simp_30) =  9.946324000000001
           r(x_TSLS_5) =  8.952439999999999
          r(x_TSLS_10) =  4.47622
          r(x_TSLS_20) =  2.23811
          r(x_TSLS_30) =  1.490581
       r(K_eff_TSLS_5) =  1.749086
      r(K_eff_TSLS_10) =  1.758426
      r(K_eff_TSLS_20) =  1.774785
      r(K_eff_TSLS_30) =  1.788678
           r(x_LIML_5) =  13.32004
          r(x_LIML_10) =  6.66002
          r(x_LIML_20) =  3.33001
          r(x_LIML_30) =  2.217787
       r(K_eff_LIML_5) =  1.745828
      r(K_eff_LIML_10) =  1.752399
      r(K_eff_LIML_20) =  1.764381
      r(K_eff_LIML_30) =  1.775059
           r(x_simp_5) =  20
          r(x_simp_10) =  10
          r(x_simp_20) =  5
          r(x_simp_30) =  3.33
       r(K_eff_simp_5) =  1.743538
      r(K_eff_simp_10) =  1.748057
      r(K_eff_simp_20) =  1.75654
      r(K_eff_simp_30) =  1.764381
      name:  weaklog
       log:  C:\Users\B03531855158\Documents\Replication\Códigos/output/tables/stata_question_06_weakivtest_Z5.txt
  log type:  text
 closed on:  21 May 2026, 09:17:41
------------------------------------------------------------------------------------------------------------------------
[Stata] Z5: log do weakivtest salvo em output/tables/stata_question_06_weakivtest_Z5.txt

[Stata] Estimando Z6
[Stata] Instrumentos excluídos em Z6: z z_lag
[Stata] Primeiro estágio Z6: ln_pch ~ z z_lag + ln_y + ln_pb

Linear regression                               Number of obs     =         51
                                                F(4, 46)          =      70.92
                                                Prob > F          =     0.0000
                                                R-squared         =     0.8920
                                                Root MSE          =     .11144

------------------------------------------------------------------------------
             |               Robust
      ln_pch | Coefficient  std. err.      t    P>|t|     [95% conf. interval]
-------------+----------------------------------------------------------------
           z |   .1742942   .1250944     1.39   0.170    -.0775078    .4260963
       z_lag |  -.0612118   .1152881    -0.53   0.598    -.2932747    .1708512
        ln_y |  -.7749122   .0846595    -9.15   0.000    -.9453229   -.6045015
       ln_pb |  -.0941476   .2194821    -0.43   0.670    -.5359421    .3476469
       _cons |   7.688091    .821996     9.35   0.000     6.033498    9.342683
------------------------------------------------------------------------------

 ( 1)  z = 0
 ( 2)  z_lag = 0

       F(  2,    46) =    1.72
            Prob > F =    0.1897
[Stata] Z6 primeiro estágio: F usual= 1.723808 | p= 0.189708
[Stata] Z6: calculando R2 parcial dos instrumentos excluídos condicional a ln_y e ln_pb
(1 observation deleted)

      Source |       SS           df       MS      Number of obs   =        51
-------------+----------------------------------   F(2, 48)        =    184.48
       Model |  4.67935604         2  2.33967802   Prob > F        =    0.0000
    Residual |  .608756466        48  .012682426   R-squared       =    0.8849
-------------+----------------------------------   Adj R-squared   =    0.8801
       Total |  5.28811251        50   .10576225   Root MSE        =    .11262

------------------------------------------------------------------------------
      ln_pch | Coefficient  Std. err.      t    P>|t|     [95% conf. interval]
-------------+----------------------------------------------------------------
        ln_y |  -.8638594   .0617676   -13.99   0.000    -.9880514   -.7396673
       ln_pb |   .1142157   .1658762     0.69   0.494    -.2193007    .4477322
       _cons |   8.551208   .5952961    14.36   0.000     7.354285    9.748131
------------------------------------------------------------------------------

      Source |       SS           df       MS      Number of obs   =        51
-------------+----------------------------------   F(2, 48)        =    103.87
       Model |  9.83982688         2  4.91991344   Prob > F        =    0.0000
    Residual |   2.2735902        48  .047366462   R-squared       =    0.8123
-------------+----------------------------------   Adj R-squared   =    0.8045
       Total |  12.1134171        50  .242268342   Root MSE        =    .21764

------------------------------------------------------------------------------
           z | Coefficient  Std. err.      t    P>|t|     [95% conf. interval]
-------------+----------------------------------------------------------------
        ln_y |  -.8516216   .1193699    -7.13   0.000    -1.091631   -.6116123
       ln_pb |   1.512837   .3205667     4.72   0.000      .868294    2.157379
       _cons |    8.28661   1.150449     7.20   0.000     5.973477    10.59974
------------------------------------------------------------------------------

      Source |       SS           df       MS      Number of obs   =        51
-------------+----------------------------------   F(2, 48)        =     76.01
       Model |  8.74548686         2  4.37274343   Prob > F        =    0.0000
    Residual |  2.76147661        48  .057530763   R-squared       =    0.7600
-------------+----------------------------------   Adj R-squared   =    0.7500
       Total |  11.5069635        50  .230139269   Root MSE        =    .23986

------------------------------------------------------------------------------
       z_lag | Coefficient  Std. err.      t    P>|t|     [95% conf. interval]
-------------+----------------------------------------------------------------
        ln_y |  -.9717993   .1315557    -7.39   0.000     -1.23631    -.707289
       ln_pb |   .9036709   .3532913     2.56   0.014     .1933311    1.614011
       _cons |   9.494757   1.267891     7.49   0.000     6.945491    12.04402
------------------------------------------------------------------------------

      Source |       SS           df       MS      Number of obs   =        51
-------------+----------------------------------   F(2, 49)        =      1.61
       Model |  .037494252         2  .018747126   Prob > F        =    0.2107
    Residual |  .571262214        49  .011658413   R-squared       =    0.0616
-------------+----------------------------------   Adj R-squared   =    0.0233
       Total |  .608756466        51  .011936401   Root MSE        =    .10797

------------------------------------------------------------------------------
         r_x | Coefficient  Std. err.      t    P>|t|     [95% conf. interval]
-------------+----------------------------------------------------------------
         r_z |   .1742942   .1153726     1.51   0.137    -.0575556     .406144
     r_z_lag |  -.0612118   .1046858    -0.58   0.561    -.2715858    .1491623
------------------------------------------------------------------------------
[Stata] Z6: R2 parcial =  0.061592
[Stata] Z6 2SLS: ln_q ~ ln_pch + ln_y + ln_pb; ln_pch instrumentado por z z_lag

First-stage regressions
-----------------------


First-stage regression of ln_pch:

Statistics robust to heteroskedasticity
Number of obs =                     51
------------------------------------------------------------------------------
             |               Robust
      ln_pch | Coefficient  std. err.      t    P>|t|     [95% conf. interval]
-------------+----------------------------------------------------------------
           z |   .1742942   .1250944     1.39   0.170    -.0775078    .4260963
       z_lag |  -.0612118   .1152881    -0.53   0.598    -.2932747    .1708512
        ln_y |  -.7749122   .0846595    -9.15   0.000    -.9453229   -.6045015
       ln_pb |  -.0941476   .2194821    -0.43   0.670    -.5359421    .3476469
       _cons |   7.688091    .821996     9.35   0.000     6.033498    9.342683
------------------------------------------------------------------------------
F test of excluded instruments:
  F(  2,    46) =     1.72
  Prob > F      =   0.1897
Sanderson-Windmeijer multivariate F test of excluded instruments:
  F(  2,    46) =     1.72
  Prob > F      =   0.1897



Summary results for first-stage regressions
-------------------------------------------

                                           (Underid)            (Weak id)
Variable     | F(  2,    46)  P-val | SW Chi-sq(  2) P-val | SW F(  2,    46)
ln_pch       |       1.72    0.1897 |        3.82   0.1479 |        1.72

NB: first-stage test statistics heteroskedasticity-robust

Stock-Yogo weak ID F test critical values for single endogenous regressor:
                                   10% maximal IV size             19.93
                                   15% maximal IV size             11.59
                                   20% maximal IV size              8.75
                                   25% maximal IV size              7.25
Source: Stock-Yogo (2005).  Reproduced by permission.
NB: Critical values are for i.i.d. errors only.

Underidentification test
Ho: matrix of reduced form coefficients has rank=K1-1 (underidentified)
Ha: matrix has rank=K1 (identified)
Kleibergen-Paap rk LM statistic          Chi-sq(2)=3.52     P-val=0.1725

Weak identification test
Ho: equation is weakly identified
Cragg-Donald Wald F statistic                                       1.51
Kleibergen-Paap Wald rk F statistic                                 1.72

Stock-Yogo weak ID test critical values for K1=1 and L1=2:
                                   10% maximal IV size             19.93
                                   15% maximal IV size             11.59
                                   20% maximal IV size              8.75
                                   25% maximal IV size              7.25
Source: Stock-Yogo (2005).  Reproduced by permission.
NB: Critical values are for Cragg-Donald F statistic and i.i.d. errors.

Weak-instrument-robust inference
Tests of joint significance of endogenous regressors B1 in main equation
Ho: B1=0 and orthogonality conditions are valid
Anderson-Rubin Wald test           F(2,46)=       25.68     P-val=0.0000
Anderson-Rubin Wald test           Chi-sq(2)=     56.94     P-val=0.0000
Stock-Wright LM S statistic        Chi-sq(2)=     17.68     P-val=0.0001

NB: Underidentification, weak identification and weak-identification-robust
    test statistics heteroskedasticity-robust

Number of observations               N  =         51
Number of regressors                 K  =          4
Number of endogenous regressors      K1 =          1
Number of instruments                L  =          5
Number of excluded instruments       L1 =          2

IV (2SLS) estimation
--------------------

Estimates efficient for homoskedasticity only
Statistics robust to heteroskedasticity

                                                      Number of obs =       51
                                                      F(  3,    47) =   145.30
                                                      Prob > F      =   0.0000
Total (centered) SS     =  7.551682264                Centered R2   =   0.9046
Total (uncentered) SS   =  590.3044841                Uncentered R2 =   0.9988
Residual SS             =  .7200548848                Root MSE      =    .1188

------------------------------------------------------------------------------
             |               Robust
        ln_q | Coefficient  std. err.      z    P>|z|     [95% conf. interval]
-------------+----------------------------------------------------------------
      ln_pch |  -1.232846   .6259854    -1.97   0.049    -2.459754   -.0059368
        ln_y |   .0162218   .5506912     0.03   0.976    -1.063113    1.095557
       ln_pb |  -.0092286   .2138297    -0.04   0.966    -.4283271    .4098699
       _cons |   3.592904   5.447561     0.66   0.510    -7.084119    14.26993
------------------------------------------------------------------------------
Underidentification test (Kleibergen-Paap rk LM statistic):              3.515
                                                   Chi-sq(2) P-val =    0.1725
------------------------------------------------------------------------------
Weak identification test (Cragg-Donald Wald F statistic):                1.510
                         (Kleibergen-Paap rk Wald F statistic):          1.724
Stock-Yogo weak ID test critical values: 10% maximal IV size             19.93
                                         15% maximal IV size             11.59
                                         20% maximal IV size              8.75
                                         25% maximal IV size              7.25
Source: Stock-Yogo (2005).  Reproduced by permission.
NB: Critical values are for Cragg-Donald F statistic and i.i.d. errors.
------------------------------------------------------------------------------
Hansen J statistic (overidentification test of all instruments):         1.996
                                                   Chi-sq(1) P-val =    0.1577
------------------------------------------------------------------------------
Instrumented:         ln_pch
Included instruments: ln_y ln_pb
Excluded instruments: z z_lag
------------------------------------------------------------------------------
[Stata] Z6 2SLS: beta_p=-1.232846 | EP= 0.625985 | p= 0.048902
[Stata] Z6: Hansen J= 1.996100 | p= 0.157705
[Stata] Z6: rodando weakivtest (Montiel Olea-Pflueger)
(obs=51)

Montiel-Pflueger robust weak instrument test
--------------------------------------------
Effective F statistic:        1.547
Confidence level alpha:          5%
--------------------------------------------

--------------------------------------------
Critical Values             TSLS      LIML
--------------------------------------------
% of Worst Case Bias
tau=5%                    10.947    22.757
tau=10%                    7.572    14.238
tau=20%                    5.605     9.457
tau=30%                    4.854     7.669
--------------------------------------------
[Stata] Z6: F efetivo MOP= 1.547446 | cv5_TSLS=10.946620 | cv10_TSLS= 7.571594 | cv20_TSLS= 5.605019
(file C:\Users\B03531855158\Documents\Replication\Códigos/output/tables/stata_question_06_weakivtest_Z6.txt not found)
------------------------------------------------------------------------------------------------------------------------
      name:  weaklog
       log:  C:\Users\B03531855158\Documents\Replication\Códigos/output/tables/stata_question_06_weakivtest_Z6.txt
  log type:  text
 opened on:  21 May 2026, 09:17:42
Modelo Z6: instrumentos excluídos = z z_lag
(obs=51)

Montiel-Pflueger robust weak instrument test
--------------------------------------------
Effective F statistic:        1.547
Confidence level alpha:          5%
--------------------------------------------

--------------------------------------------
Critical Values             TSLS      LIML
--------------------------------------------
% of Worst Case Bias
tau=5%                    10.947    22.757
tau=10%                    7.572    14.238
tau=20%                    5.605     9.457
tau=30%                    4.854     7.669
--------------------------------------------

scalars:
                  r(K) =  2
                  r(N) =  51
                 r(n2) =  10000000
              r(level) =  .05
                r(eps) =  .001
              r(F_eff) =  1.547446137537346
           r(c_TSLS_5) =  10.94662
          r(c_TSLS_10) =  7.571594
          r(c_TSLS_20) =  5.605019
          r(c_TSLS_30) =  4.854227
           r(c_LIML_5) =  22.75661
          r(c_LIML_10) =  14.23777
          r(c_LIML_20) =  9.457455
          r(c_LIML_30) =  7.668897
           r(c_simp_5) =  33.41019
          r(c_simp_10) =  20.09409
          r(c_simp_20) =  12.75585
          r(c_simp_30) =  10.0519
           r(x_TSLS_5) =  3.868278
          r(x_TSLS_10) =  1.934139
          r(x_TSLS_20) =  .9670695
          r(x_TSLS_30) =  .6440683
       r(K_eff_TSLS_5) =  1.702564
      r(K_eff_TSLS_10) =  1.723303
      r(K_eff_TSLS_20) =  1.755133
      r(K_eff_TSLS_30) =  1.778476
           r(x_LIML_5) =  11.92609
          r(x_LIML_10) =  5.963044
          r(x_LIML_20) =  2.981522
          r(x_LIML_30) =  1.985694
       r(K_eff_LIML_5) =  1.686005
      r(K_eff_LIML_10) =  1.694247
      r(K_eff_LIML_20) =  1.709157
      r(K_eff_LIML_30) =  1.72232
           r(x_simp_5) =  20
          r(x_simp_10) =  10
          r(x_simp_20) =  5
          r(x_simp_30) =  3.33
       r(K_eff_simp_5) =  1.682511
      r(K_eff_simp_10) =  1.687637
      r(K_eff_simp_20) =  1.697274
      r(K_eff_simp_30) =  1.706196
      name:  weaklog
       log:  C:\Users\B03531855158\Documents\Replication\Códigos/output/tables/stata_question_06_weakivtest_Z6.txt
  log type:  text
 closed on:  21 May 2026, 09:17:43
------------------------------------------------------------------------------------------------------------------------
[Stata] Z6: log do weakivtest salvo em output/tables/stata_question_06_weakivtest_Z6.txt

[Stata] Estimando Z7
[Stata] Instrumentos excluídos em Z7: z z_sq z_lag z_lag_sq
[Stata] Primeiro estágio Z7: ln_pch ~ z z_sq z_lag z_lag_sq + ln_y + ln_pb

Linear regression                               Number of obs     =         51
                                                F(6, 44)          =     204.83
                                                Prob > F          =     0.0000
                                                R-squared         =     0.9551
                                                Root MSE          =     .07346

------------------------------------------------------------------------------
             |               Robust
      ln_pch | Coefficient  std. err.      t    P>|t|     [95% conf. interval]
-------------+----------------------------------------------------------------
           z |   .1205426   .1011045     1.19   0.240      -.08322    .3243052
        z_sq |   .2457927   .1113224     2.21   0.033     .0214372    .4701481
       z_lag |  -.0528792    .084107    -0.63   0.533    -.2223856    .1166273
    z_lag_sq |   .1045012   .1118104     0.93   0.355     -.120838    .3298403
        ln_y |  -.7015513   .0656317   -10.69   0.000    -.8338234   -.5692792
       ln_pb |  -.0365693   .1164543    -0.31   0.755    -.2712676    .1981289
       _cons |   6.894726   .6355921    10.85   0.000     5.613774    8.175677
------------------------------------------------------------------------------

 ( 1)  z = 0
 ( 2)  z_sq = 0
 ( 3)  z_lag = 0
 ( 4)  z_lag_sq = 0

       F(  4,    44) =   17.31
            Prob > F =    0.0000
[Stata] Z7 primeiro estágio: F usual=17.309433 | p= 0.000000
[Stata] Z7: calculando R2 parcial dos instrumentos excluídos condicional a ln_y e ln_pb
(1 observation deleted)

      Source |       SS           df       MS      Number of obs   =        51
-------------+----------------------------------   F(2, 48)        =    184.48
       Model |  4.67935604         2  2.33967802   Prob > F        =    0.0000
    Residual |  .608756466        48  .012682426   R-squared       =    0.8849
-------------+----------------------------------   Adj R-squared   =    0.8801
       Total |  5.28811251        50   .10576225   Root MSE        =    .11262

------------------------------------------------------------------------------
      ln_pch | Coefficient  Std. err.      t    P>|t|     [95% conf. interval]
-------------+----------------------------------------------------------------
        ln_y |  -.8638594   .0617676   -13.99   0.000    -.9880514   -.7396673
       ln_pb |   .1142157   .1658762     0.69   0.494    -.2193007    .4477322
       _cons |   8.551208   .5952961    14.36   0.000     7.354285    9.748131
------------------------------------------------------------------------------

      Source |       SS           df       MS      Number of obs   =        51
-------------+----------------------------------   F(2, 48)        =    103.87
       Model |  9.83982688         2  4.91991344   Prob > F        =    0.0000
    Residual |   2.2735902        48  .047366462   R-squared       =    0.8123
-------------+----------------------------------   Adj R-squared   =    0.8045
       Total |  12.1134171        50  .242268342   Root MSE        =    .21764

------------------------------------------------------------------------------
           z | Coefficient  Std. err.      t    P>|t|     [95% conf. interval]
-------------+----------------------------------------------------------------
        ln_y |  -.8516216   .1193699    -7.13   0.000    -1.091631   -.6116123
       ln_pb |   1.512837   .3205667     4.72   0.000      .868294    2.157379
       _cons |    8.28661   1.150449     7.20   0.000     5.973477    10.59974
------------------------------------------------------------------------------

      Source |       SS           df       MS      Number of obs   =        51
-------------+----------------------------------   F(2, 48)        =      4.33
       Model |  .546579646         2  .273289823   Prob > F        =    0.0186
    Residual |  3.02793551        48   .06308199   R-squared       =    0.1529
-------------+----------------------------------   Adj R-squared   =    0.1176
       Total |  3.57451516        50  .071490303   Root MSE        =    .25116

------------------------------------------------------------------------------
        z_sq | Coefficient  Std. err.      t    P>|t|     [95% conf. interval]
-------------+----------------------------------------------------------------
        ln_y |  -.2578916   .1377565    -1.87   0.067    -.5348697    .0190864
       ln_pb |   .1757551   .3699437     0.48   0.637    -.5680665    .9195766
       _cons |   2.739173   1.327653     2.06   0.045     .0697484    5.408599
------------------------------------------------------------------------------

      Source |       SS           df       MS      Number of obs   =        51
-------------+----------------------------------   F(2, 48)        =     76.01
       Model |  8.74548686         2  4.37274343   Prob > F        =    0.0000
    Residual |  2.76147661        48  .057530763   R-squared       =    0.7600
-------------+----------------------------------   Adj R-squared   =    0.7500
       Total |  11.5069635        50  .230139269   Root MSE        =    .23986

------------------------------------------------------------------------------
       z_lag | Coefficient  Std. err.      t    P>|t|     [95% conf. interval]
-------------+----------------------------------------------------------------
        ln_y |  -.9717993   .1315557    -7.39   0.000     -1.23631    -.707289
       ln_pb |   .9036709   .3532913     2.56   0.014     .1933311    1.614011
       _cons |   9.494757   1.267891     7.49   0.000     6.945491    12.04402
------------------------------------------------------------------------------

      Source |       SS           df       MS      Number of obs   =        51
-------------+----------------------------------   F(2, 48)        =      8.04
       Model |   .93637698         2   .46818849   Prob > F        =    0.0010
    Residual |  2.79395455        48  .058207386   R-squared       =    0.2510
-------------+----------------------------------   Adj R-squared   =    0.2198
       Total |  3.73033153        50  .074606631   Root MSE        =    .24126

------------------------------------------------------------------------------
    z_lag_sq | Coefficient  Std. err.      t    P>|t|     [95% conf. interval]
-------------+----------------------------------------------------------------
        ln_y |  -.4559902    .132327    -3.45   0.001    -.7220515    -.189929
       ln_pb |  -.2582756   .3553628    -0.73   0.471    -.9727803    .4562292
       _cons |   4.654485   1.275325     3.65   0.001     2.090272    7.218698
------------------------------------------------------------------------------

      Source |       SS           df       MS      Number of obs   =        51
-------------+----------------------------------   F(4, 47)        =     18.38
       Model |  .371324461         4  .092831115   Prob > F        =    0.0000
    Residual |  .237432006        47  .005051745   R-squared       =    0.6100
-------------+----------------------------------   Adj R-squared   =    0.5768
       Total |  .608756466        51  .011936401   Root MSE        =    .07108

------------------------------------------------------------------------------
         r_x | Coefficient  Std. err.      t    P>|t|     [95% conf. interval]
-------------+----------------------------------------------------------------
         r_z |   .1205426   .0765893     1.57   0.122    -.0335352    .2746204
      r_z_sq |   .2457927   .0793357     3.10   0.003     .0861899    .4053954
     r_z_lag |  -.0528792    .072273    -0.73   0.468    -.1982737    .0925153
  r_z_lag_sq |   .1045012   .0843057     1.24   0.221       -.0651    .2741023
------------------------------------------------------------------------------
[Stata] Z7: R2 parcial =  0.609972
[Stata] Z7 2SLS: ln_q ~ ln_pch + ln_y + ln_pb; ln_pch instrumentado por z z_sq z_lag z_lag_sq

First-stage regressions
-----------------------


First-stage regression of ln_pch:

Statistics robust to heteroskedasticity
Number of obs =                     51
------------------------------------------------------------------------------
             |               Robust
      ln_pch | Coefficient  std. err.      t    P>|t|     [95% conf. interval]
-------------+----------------------------------------------------------------
           z |   .1205426   .1011045     1.19   0.240      -.08322    .3243052
        z_sq |   .2457927   .1113224     2.21   0.033     .0214372    .4701481
       z_lag |  -.0528792    .084107    -0.63   0.533    -.2223856    .1166273
    z_lag_sq |   .1045012   .1118104     0.93   0.355     -.120838    .3298403
        ln_y |  -.7015513   .0656317   -10.69   0.000    -.8338234   -.5692792
       ln_pb |  -.0365693   .1164543    -0.31   0.755    -.2712676    .1981289
       _cons |   6.894726   .6355921    10.85   0.000     5.613774    8.175677
------------------------------------------------------------------------------
F test of excluded instruments:
  F(  4,    44) =    17.31
  Prob > F      =   0.0000
Sanderson-Windmeijer multivariate F test of excluded instruments:
  F(  4,    44) =    17.31
  Prob > F      =   0.0000



Summary results for first-stage regressions
-------------------------------------------

                                           (Underid)            (Weak id)
Variable     | F(  4,    44)  P-val | SW Chi-sq(  4) P-val | SW F(  4,    44)
ln_pch       |      17.31    0.0000 |       80.25   0.0000 |       17.31

NB: first-stage test statistics heteroskedasticity-robust

Stock-Yogo weak ID F test critical values for single endogenous regressor:
                                    5% maximal IV relative bias    16.85
                                   10% maximal IV relative bias    10.27
                                   20% maximal IV relative bias     6.71
                                   30% maximal IV relative bias     5.34
                                   10% maximal IV size             24.58
                                   15% maximal IV size             13.96
                                   20% maximal IV size             10.26
                                   25% maximal IV size              8.31
Source: Stock-Yogo (2005).  Reproduced by permission.
NB: Critical values are for i.i.d. errors only.

Underidentification test
Ho: matrix of reduced form coefficients has rank=K1-1 (underidentified)
Ha: matrix has rank=K1 (identified)
Kleibergen-Paap rk LM statistic          Chi-sq(4)=21.69    P-val=0.0002

Weak identification test
Ho: equation is weakly identified
Cragg-Donald Wald F statistic                                      17.20
Kleibergen-Paap Wald rk F statistic                                17.31

Stock-Yogo weak ID test critical values for K1=1 and L1=4:
                                    5% maximal IV relative bias    16.85
                                   10% maximal IV relative bias    10.27
                                   20% maximal IV relative bias     6.71
                                   30% maximal IV relative bias     5.34
                                   10% maximal IV size             24.58
                                   15% maximal IV size             13.96
                                   20% maximal IV size             10.26
                                   25% maximal IV size              8.31
Source: Stock-Yogo (2005).  Reproduced by permission.
NB: Critical values are for Cragg-Donald F statistic and i.i.d. errors.

Weak-instrument-robust inference
Tests of joint significance of endogenous regressors B1 in main equation
Ho: B1=0 and orthogonality conditions are valid
Anderson-Rubin Wald test           F(4,44)=       16.09     P-val=0.0000
Anderson-Rubin Wald test           Chi-sq(4)=     74.60     P-val=0.0000
Stock-Wright LM S statistic        Chi-sq(4)=     18.05     P-val=0.0012

NB: Underidentification, weak identification and weak-identification-robust
    test statistics heteroskedasticity-robust

Number of observations               N  =         51
Number of regressors                 K  =          4
Number of endogenous regressors      K1 =          1
Number of instruments                L  =          7
Number of excluded instruments       L1 =          4

IV (2SLS) estimation
--------------------

Estimates efficient for homoskedasticity only
Statistics robust to heteroskedasticity

                                                      Number of obs =       51
                                                      F(  3,    47) =   725.34
                                                      Prob > F      =   0.0000
Total (centered) SS     =  7.551682264                Centered R2   =   0.9797
Total (uncentered) SS   =  590.3044841                Uncentered R2 =   0.9997
Residual SS             =  .1536098768                Root MSE      =   .05488

------------------------------------------------------------------------------
             |               Robust
        ln_q | Coefficient  std. err.      z    P>|z|     [95% conf. interval]
-------------+----------------------------------------------------------------
      ln_pch |   -.269089    .084898    -3.17   0.002     -.435486   -.1026919
        ln_y |    .848772   .0789665    10.75   0.000     .6940005    1.003544
       ln_pb |  -.1193048   .0684678    -1.74   0.081    -.2534992    .0148896
       _cons |  -4.648379   .7783863    -5.97   0.000    -6.173989    -3.12277
------------------------------------------------------------------------------
Underidentification test (Kleibergen-Paap rk LM statistic):             21.690
                                                   Chi-sq(4) P-val =    0.0002
------------------------------------------------------------------------------
Weak identification test (Cragg-Donald Wald F statistic):               17.203
                         (Kleibergen-Paap rk Wald F statistic):         17.309
Stock-Yogo weak ID test critical values:  5% maximal IV relative bias    16.85
                                         10% maximal IV relative bias    10.27
                                         20% maximal IV relative bias     6.71
                                         30% maximal IV relative bias     5.34
                                         10% maximal IV size             24.58
                                         15% maximal IV size             13.96
                                         20% maximal IV size             10.26
                                         25% maximal IV size              8.31
Source: Stock-Yogo (2005).  Reproduced by permission.
NB: Critical values are for Cragg-Donald F statistic and i.i.d. errors.
------------------------------------------------------------------------------
Hansen J statistic (overidentification test of all instruments):        15.699
                                                   Chi-sq(3) P-val =    0.0013
------------------------------------------------------------------------------
Instrumented:         ln_pch
Included instruments: ln_y ln_pb
Excluded instruments: z z_sq z_lag z_lag_sq
------------------------------------------------------------------------------
[Stata] Z7 2SLS: beta_p=-0.269089 | EP= 0.084898 | p= 0.001527
[Stata] Z7: Hansen J=15.699091 | p= 0.001307
[Stata] Z7: rodando weakivtest (Montiel Olea-Pflueger)
(obs=51)

Montiel-Pflueger robust weak instrument test
--------------------------------------------
Effective F statistic:       12.484
Confidence level alpha:          5%
--------------------------------------------

--------------------------------------------
Critical Values             TSLS      LIML
--------------------------------------------
% of Worst Case Bias
tau=5%                    27.595    21.898
tau=10%                   16.774    13.633
tau=20%                   10.773     8.997
tau=30%                    8.548     7.259
--------------------------------------------
[Stata] Z7: F efetivo MOP=12.484455 | cv5_TSLS=27.595240 | cv10_TSLS=16.773730 | cv20_TSLS=10.773210
(file C:\Users\B03531855158\Documents\Replication\Códigos/output/tables/stata_question_06_weakivtest_Z7.txt not found)
------------------------------------------------------------------------------------------------------------------------
      name:  weaklog
       log:  C:\Users\B03531855158\Documents\Replication\Códigos/output/tables/stata_question_06_weakivtest_Z7.txt
  log type:  text
 opened on:  21 May 2026, 09:17:44
Modelo Z7: instrumentos excluídos = z z_sq z_lag z_lag_sq
(obs=51)

Montiel-Pflueger robust weak instrument test
--------------------------------------------
Effective F statistic:       12.484
Confidence level alpha:          5%
--------------------------------------------

--------------------------------------------
Critical Values             TSLS      LIML
--------------------------------------------
% of Worst Case Bias
tau=5%                    27.595    21.898
tau=10%                   16.774    13.633
tau=20%                   10.773     8.997
tau=30%                    8.548     7.259
--------------------------------------------

scalars:
                  r(K) =  4
                  r(N) =  51
                 r(n2) =  10000000
              r(level) =  .05
                r(eps) =  .001
              r(F_eff) =  12.48445455539062
           r(c_TSLS_5) =  27.59524
          r(c_TSLS_10) =  16.77373
          r(c_TSLS_20) =  10.77321
          r(c_TSLS_30) =  8.54757
           r(c_LIML_5) =  21.89791
          r(c_LIML_10) =  13.63335
          r(c_LIML_20) =  8.996587
          r(c_LIML_30) =  7.259359
           r(c_simp_5) =  32.78747
          r(c_simp_10) =  19.60972
          r(c_simp_20) =  12.36117
          r(c_simp_30) =  9.692076999999999
           r(x_TSLS_5) =  15.96397
          r(x_TSLS_10) =  7.981985
          r(x_TSLS_20) =  3.990992
          r(x_TSLS_30) =  2.658001
       r(K_eff_TSLS_5) =  1.856444
      r(K_eff_TSLS_10) =  1.873615
      r(K_eff_TSLS_20) =  1.90593
      r(K_eff_TSLS_30) =  1.935882
           r(x_LIML_5) =  11.67162
          r(x_LIML_10) =  5.835809
          r(x_LIML_20) =  2.917904
          r(x_LIML_30) =  1.943324
       r(K_eff_LIML_5) =  1.862842
      r(K_eff_LIML_10) =  1.885803
      r(K_eff_LIML_20) =  1.928119
      r(K_eff_LIML_30) =  1.966335
           r(x_simp_5) =  20
          r(x_simp_10) =  10
          r(x_simp_20) =  5
          r(x_simp_30) =  3.33
       r(K_eff_simp_5) =  1.852891
      r(K_eff_simp_10) =  1.86677
      r(K_eff_simp_20) =  1.893199
      r(K_eff_simp_30) =  1.918064
      name:  weaklog
       log:  C:\Users\B03531855158\Documents\Replication\Códigos/output/tables/stata_question_06_weakivtest_Z7.txt
  log type:  text
 closed on:  21 May 2026, 09:17:45
------------------------------------------------------------------------------------------------------------------------
[Stata] Z7: log do weakivtest salvo em output/tables/stata_question_06_weakivtest_Z7.txt

. 
. postclose fst_all

. postclose comp

. 
. use "$TABS/stata_question_08_first_stage_all.dta", clear

. export delimited using "$TABS/stata_question_08_first_stage_all.csv", replace
(file C:\Users\B03531855158\Documents\Replication\Códigos/output/tables/stata_question_08_first_stage_all.csv not
    found)
file C:\Users\B03531855158\Documents\Replication\Códigos/output/tables/stata_question_08_first_stage_all.csv saved

. di as text "[Stata] Tabela salva: output/tables/stata_question_08_first_stage_all.csv"
[Stata] Tabela salva: output/tables/stata_question_08_first_stage_all.csv

. 
. use "$TABS/stata_question_09_comparative.dta", clear

. export delimited using "$TABS/stata_question_09_comparative.csv", replace
(file C:\Users\B03531855158\Documents\Replication\Códigos/output/tables/stata_question_09_comparative.csv not found)
file C:\Users\B03531855158\Documents\Replication\Códigos/output/tables/stata_question_09_comparative.csv saved

. di as text "[Stata] Tabela salva: output/tables/stata_question_09_comparative.csv"
[Stata] Tabela salva: output/tables/stata_question_09_comparative.csv

. 
. 
. /********************************************************************
>  Questão 10: Teste J de Hansen para modelos sobreidentificados
> 
>  Gera:
>    - Tabela CSV com estatística J, graus de liberdade e valor-p
>    - Tabela LaTeX pronta para Overleaf
>    - Gráfico dos valores-p do teste J de Hansen
> ********************************************************************/
. 
. di as text _newline "[Stata] Questão 10: gerando tabela e gráfico do teste J de Hansen"

[Stata] Questão 10: gerando tabela e gráfico do teste J de Hansen

. 
. * ------------------------------------------------------------
. * Carrega config se necessário
. * ------------------------------------------------------------
. 
. local procdir "$PROC"

. 
. if `"`procdir'"' == "" {
.     di as text "[Stata] Globais ainda não carregados. Tentando rodar Stata/config.do..."
. 
.     capture noisily do "Stata/config.do"
. 
.     if _rc {
.         di as error "[Stata] Não consegui carregar Stata/config.do."
.         di as error "[Stata] Rode o projeto a partir da pasta raiz ou ajuste o caminho do config.do."
.         exit 601
.     }
. }

. 
. capture mkdir "$TABS"

. capture mkdir "$FIGS"

. 
. * ------------------------------------------------------------
. * Garante que a tabela comparativa exista
. * ------------------------------------------------------------
. 
. capture confirm file "$TABS/stata_question_09_comparative.csv"

. 
. if _rc {
.     di as text "[Stata] Tabela comparativa não encontrada. Rodando 04_alt_instruments_weakiv.do..."
.     do "Stata/04_alt_instruments_weakiv.do"
. }

. 
. * ------------------------------------------------------------
. * Importa resultados da questão 9
. * ------------------------------------------------------------
. 
. import delimited "$TABS/stata_question_09_comparative.csv", clear
(encoding automatically selected: ISO-8859-2)
(16 vars, 7 obs)

. 
. * ------------------------------------------------------------
. * Limpa variáveis auxiliares caso já existam no CSV
. * ------------------------------------------------------------
. 
. capture drop modelo

. capture drop k_instr

. capture drop hansen_df

. capture drop hansen_p

. capture drop decisao_5

. capture drop instrumentos

. capture drop ordem

. 
. * ------------------------------------------------------------
. * Garante tipos numéricos
. * ------------------------------------------------------------
. 
. foreach v in hansen_j {
  2.     capture confirm numeric variable `v'
  3.     if _rc {
  4.         destring `v', replace force
  5.     }
  6. }

. 
. * ------------------------------------------------------------
. * Padroniza nome do modelo
. * ------------------------------------------------------------
. 
. capture confirm variable model

. if _rc {
.     di as error "[Stata] A variável 'model' não foi encontrada em stata_question_09_comparative.csv."
.     exit 111
. }

. 
. gen str10 modelo = upper(model)

. 
. * ------------------------------------------------------------
. * Mantém apenas modelos sobreidentificados
. * Z1 e Z4 são exatamente identificados: não têm Hansen J
. * ------------------------------------------------------------
. 
. keep if inlist(modelo, "Z2", "Z3", "Z5", "Z6", "Z7")
(2 observations deleted)

. 
. * ------------------------------------------------------------
. * Número de instrumentos excluídos por especificação
. * Como há uma variável endógena, gl = k_instr - 1
. * ------------------------------------------------------------
. 
. gen k_instr = .
(5 missing values generated)

. replace k_instr = 2 if modelo == "Z2"
(1 real change made)

. replace k_instr = 3 if modelo == "Z3"
(1 real change made)

. replace k_instr = 2 if modelo == "Z5"
(1 real change made)

. replace k_instr = 2 if modelo == "Z6"
(1 real change made)

. replace k_instr = 4 if modelo == "Z7"
(1 real change made)

. 
. gen hansen_df = k_instr - 1

. 
. * ------------------------------------------------------------
. * Valor-p do teste J de Hansen
. * Sob H0, J ~ qui-quadrado(gl)
. * ------------------------------------------------------------
. 
. gen double hansen_p = chi2tail(hansen_df, hansen_j)

. 
. gen str20 decisao_5 = ""
(5 missing values generated)

. replace decisao_5 = "Rejeita H0" if hansen_p < 0.05
(4 real changes made)

. replace decisao_5 = "Não rejeita H0" if hansen_p >= 0.05
(1 real change made)

. 
. * ------------------------------------------------------------
. * Rótulos dos instrumentos
. * ------------------------------------------------------------
. 
. gen str100 instrumentos = ""
(5 missing values generated)

. replace instrumentos = "{z_t, z_t^2}" if modelo == "Z2"
(1 real change made)

. replace instrumentos = "{z_t, z_t^2, z_t^3}" if modelo == "Z3"
(1 real change made)

. replace instrumentos = "{z_{t-1}, z_{t-1}^2}" if modelo == "Z5"
(1 real change made)

. replace instrumentos = "{z_t, z_{t-1}}" if modelo == "Z6"
(1 real change made)

. replace instrumentos = "{z_t, z_t^2, z_{t-1}, z_{t-1}^2}" if modelo == "Z7"
(1 real change made)

. 
. * ------------------------------------------------------------
. * Organiza e salva tabela em CSV
. * ------------------------------------------------------------
. 
. keep modelo instrumentos hansen_j hansen_df hansen_p decisao_5

. sort modelo

. 
. format hansen_j %9.3f

. format hansen_p %9.4f

. 
. export delimited using "$TABS/stata_question_10_hansen_overid.csv", replace
(file C:\Users\B03531855158\Documents\Replication\Códigos/output/tables/stata_question_10_hansen_overid.csv not found)
file C:\Users\B03531855158\Documents\Replication\Códigos/output/tables/stata_question_10_hansen_overid.csv saved

. 
. di as text "[Stata] Tabela CSV salva em:"
[Stata] Tabela CSV salva em:

. di as text "$TABS/stata_question_10_hansen_overid.csv"
C:\Users\B03531855158\Documents\Replication\Códigos/output/tables/stata_question_10_hansen_overid.csv

. 
. * ------------------------------------------------------------
. * Gera tabela LaTeX
. * ------------------------------------------------------------
. 
. tempname fh

. file open `fh' using "$TABS/stata_question_10_hansen_overid.tex", write replace text
(file C:\Users\B03531855158\Documents\Replication\Códigos/output/tables/stata_question_10_hansen_overid.tex not found)

. 
. file write `fh' "\begin{table}[H]" _n

. file write `fh' "    \centering" _n

. file write `fh' "    \small" _n

. file write `fh' "    \caption{Teste \$J\$ de Hansen para modelos sobreidentificados}" _n

. file write `fh' "    \label{tab:hansen_sobreidentificados}" _n

. file write `fh' "    \setlength{\tabcolsep}{5pt}" _n

. file write `fh' "    \begin{tabular}{lcccc}" _n

. file write `fh' "        \hline" _n

. file write `fh' "        Modelo & Instrumentos excluídos & Hansen \$J\$ & gl & Valor-\$p\$ \\" _n

. file write `fh' "        \hline" _n

. 
. forvalues i = 1/`=_N' {
  2.     local m   = modelo[`i']
  3.     local ins = instrumentos[`i']
  4.     local j   : display %9.3f hansen_j[`i']
  5.     local gl  : display %2.0f hansen_df[`i']
  6.     local pv  : display %9.4f hansen_p[`i']
  7. 
.     local j  = strtrim("`j'")
  8.     local gl = strtrim("`gl'")
  9.     local pv = strtrim("`pv'")
 10. 
.     * troca ponto por vírgula para padrão brasileiro
.     local j  = subinstr("`j'", ".", ",", .)
 11.     local pv = subinstr("`pv'", ".", ",", .)
 12. 
.     file write `fh' "        \$`m'\$ & \$`ins'\$ & `j' & `gl' & `pv' \\" _n
 13. }

. 
. file write `fh' "        \hline" _n

. file write `fh' "    \end{tabular}" _n

. file write `fh' "" _n

. file write `fh' "    \vspace{0.3em}" _n

. file write `fh' "    \begin{minipage}{0.92\textwidth}" _n

. file write `fh' "    \footnotesize" _n

. file write `fh' "    Nota: \$gl\$ indica os graus de liberdade do teste, dados pelo número de instrumentos excluídos m
> enos o número de variáveis endógenas. Os modelos \$Z_1\$ e \$Z_4\$ são exatamente identificados e, por isso, não possu
> em restrições sobreidentificadoras a serem testadas." _n

. file write `fh' "    \end{minipage}" _n

. file write `fh' "\end{table}" _n

. 
. file close `fh'

. 
. di as text "[Stata] Tabela LaTeX salva em:"
[Stata] Tabela LaTeX salva em:

. di as text "$TABS/stata_question_10_hansen_overid.tex"
C:\Users\B03531855158\Documents\Replication\Códigos/output/tables/stata_question_10_hansen_overid.tex

. 
. * ------------------------------------------------------------
. * Gráfico dos valores-p do teste J de Hansen
. * ------------------------------------------------------------
. 
. gen ordem = .
(5 missing values generated)

. replace ordem = 1 if modelo == "Z2"
(1 real change made)

. replace ordem = 2 if modelo == "Z3"
(1 real change made)

. replace ordem = 3 if modelo == "Z5"
(1 real change made)

. replace ordem = 4 if modelo == "Z6"
(1 real change made)

. replace ordem = 5 if modelo == "Z7"
(1 real change made)

. 
. twoway ///
>     (bar hansen_p ordem, ///
>         barwidth(0.55) ///
>         fcolor(navy%65) ///
>         lcolor(navy)) ///
>     (function y = 0.05, ///
>         range(0.5 5.5) ///
>         lcolor(cranberry) ///
>         lpattern(dash) ///
>         lwidth(medthick)), ///
>     xlabel(1 "Z2" 2 "Z3" 3 "Z5" 4 "Z6" 5 "Z7", labsize(small)) ///
>     ylabel(0(0.05)0.20, labsize(small)) ///
>     title("Teste J de Hansen: valor-p por especificação", size(medsmall)) ///
>     subtitle("Modelos sobreidentificados", size(small)) ///
>     xtitle("Conjunto de instrumentos", size(small)) ///
>     ytitle("Valor-p do teste J de Hansen", size(small)) ///
>     legend( ///
>         order(1 "Valor-p observado" ///
>               2 "Nível de significância de 5%") ///
>         cols(1) ///
>         size(small) ///
>         position(3) ///
>         ring(1) ///
>         region(lcolor(none) fcolor(none)) ///
>     ) ///
>     note("Valores abaixo de 0,05 indicam rejeição da validade conjunta das restrições sobreidentificadoras.", ///
>         size(vsmall)) ///
>     graphregion(color(white)) ///
>     plotregion(color(white)) ///
>     name(g_hansen_pvalues, replace)

. 
. graph export "$FIGS/stata_fig12_hansen_pvalues.png", replace width(3000)
(file C:\Users\B03531855158\Documents\Replication\Códigos/output/figures/stata_fig12_hansen_pvalues.png not found)
file C:\Users\B03531855158\Documents\Replication\Códigos/output/figures/stata_fig12_hansen_pvalues.png saved as PNG
    format

. graph export "$FIGS/stata_fig12_hansen_pvalues.pdf", replace
file C:\Users\B03531855158\Documents\Replication\Códigos/output/figures/stata_fig12_hansen_pvalues.pdf saved as PDF
    format

. 
. di as text "[Stata] Gráfico salvo em PNG:"
[Stata] Gráfico salvo em PNG:

. di as text "$FIGS/stata_fig12_hansen_pvalues.png"
C:\Users\B03531855158\Documents\Replication\Códigos/output/figures/stata_fig12_hansen_pvalues.png

. 
. di as text "[Stata] Gráfico salvo em PDF:"
[Stata] Gráfico salvo em PDF:

. di as text "$FIGS/stata_fig12_hansen_pvalues.pdf"
C:\Users\B03531855158\Documents\Replication\Códigos/output/figures/stata_fig12_hansen_pvalues.pdf

. 
end of do-file

. 
. di as text _newline "[Stata] Rodando 05_ar_intervals.do"

[Stata] Rodando 05_ar_intervals.do

. do "Stata/05_ar_intervals.do"

. /********************************************************************
>  Questão 11: intervalo Anderson-Rubin por grade ADAPTATIVA
> 
>  Ideia: para cada beta0 candidato, estima-se
>    ln_q - beta0*ln_pch = controles + instrumentos + erro.
>  Se os instrumentos forem conjuntamente significativos nessa regressão,
>  rejeita-se beta0. O conjunto não rejeitado forma o intervalo AR.
> 
>  VERSÃO ADAPTATIVA COM CAUDA ABERTA:
>    - CORREÇÃO: quando a expansão alcança o limite absoluto,
>      a grade capada ainda é avaliada uma vez antes de declarar
>      conjunto vazio. Isso evita terminar logo após apenas anunciar
>      a expansão para [-100, 100].
>    - Começa em uma grade inicial, mas expande automaticamente.
>    - Se o IC encostar repetidamente em uma borda, a rotina interpreta
>      isso como sinal de intervalo aberto/semi-infinito e para de
>      "perseguir" a borda.
>    - Exemplo típico: se a saída fica sempre [bmin, -0.770], enquanto
>      bmin cai de -5 para -7, -9, -11..., o IC é tratado como
>      aberto à esquerda: (-infinito, -0.770].
> 
>  A tabela final preserva:
>    - ar_low / ar_high: intervalo reportado; missing quando aberto;
>    - ar_low_grid / ar_high_grid: menor/maior beta aceito dentro da
>      grade efetivamente testada;
>    - open_left / open_right: flags de cauda aberta;
>    - grid_min / grid_max: grade final efetivamente avaliada.
> ********************************************************************/
. 
. 
. * Carrega configuração se o script for rodado individualmente.
. do "Stata/_load_config_if_needed.do"

. /********************************************************************
>  Bloco de segurança: carrega Stata/config.do se os caminhos ainda
>  não estiverem definidos. Assim os scripts podem ser rodados tanto
>  pelo 00_master.do quanto individualmente.
> ********************************************************************/
. 
. local rootdir "$ROOT"

. local rawdir  "$RAW"

. local procdir "$PROC"

. local tabsdir "$TABS"

. local figsdir "$FIGS"

. local logsdir "$LOGS"

. 
. if `"`procdir'"' == "" {
.     di as text "[Stata] Globais ainda não carregados. Tentando rodar Stata/config.do..."
. 
.     capture noisily do "Stata/config.do"
. 
.     if _rc {
.         di as error "[Stata] Não consegui rodar Stata/config.do."
.         di as error "[Stata] Rode o projeto a partir da pasta raiz ou ajuste o caminho do config.do."
.         exit 601
.     }
. }

. 
. local rootdir "$ROOT"

. local rawdir  "$RAW"

. local procdir "$PROC"

. local tabsdir "$TABS"

. local figsdir "$FIGS"

. local logsdir "$LOGS"

. 
. if `"`rootdir'"' == "" {
.     di as error "[Stata] O global ROOT está vazio depois do config.do."
.     exit 601
. }

. 
. if `"`rawdir'"' == "" {
.     di as error "[Stata] O global RAW está vazio depois do config.do."
.     exit 601
. }

. 
. if `"`procdir'"' == "" {
.     di as error "[Stata] O global PROC está vazio depois do config.do."
.     exit 601
. }

. 
. if `"`tabsdir'"' == "" {
.     di as error "[Stata] O global TABS está vazio depois do config.do."
.     exit 601
. }

. 
. if `"`figsdir'"' == "" {
.     di as error "[Stata] O global FIGS está vazio depois do config.do."
.     exit 601
. }

. 
. if `"`logsdir'"' == "" {
.     di as error "[Stata] O global LOGS está vazio depois do config.do."
.     exit 601
. }

. 
. capture mkdir "$ROOT/data"

. capture mkdir "$RAW"

. capture mkdir "$PROC"

. capture mkdir "$ROOT/output"

. capture mkdir "$TABS"

. capture mkdir "$FIGS"

. capture mkdir "$LOGS"

. 
. di as text "[Stata] Caminhos carregados:"
[Stata] Caminhos carregados:

. di as text "  ROOT = $ROOT"
  ROOT = C:\Users\B03531855158\Documents\Replication\Códigos

. di as text "  RAW  = $RAW"
  RAW  = C:\Users\B03531855158\Documents\Replication\Códigos/data/raw

. di as text "  PROC = $PROC"
  PROC = C:\Users\B03531855158\Documents\Replication\Códigos/data/processed

. di as text "  TABS = $TABS"
  TABS = C:\Users\B03531855158\Documents\Replication\Códigos/output/tables

. di as text "  FIGS = $FIGS"
  FIGS = C:\Users\B03531855158\Documents\Replication\Códigos/output/figures

. di as text "  LOGS = $LOGS"
  LOGS = C:\Users\B03531855158\Documents\Replication\Códigos/output/logs

. 
end of do-file

. 
. use "$PROC/chicken_prepared_stata.dta", clear

. 
. di as text _newline "[Stata] Questão 11: intervalos Anderson-Rubin com grade adaptativa e detecção de cauda aberta"

[Stata] Questão 11: intervalos Anderson-Rubin com grade adaptativa e detecção de cauda aberta

. di as text "[Stata] Modelos avaliados: Z1, Z2 e Z7"
[Stata] Modelos avaliados: Z1, Z2 e Z7

. di as text "[Stata] Para cada beta0: y_AR = ln_q - beta0*ln_pch; teste dos instrumentos excluídos em y_AR ~ controles 
> + instrumentos"
[Stata] Para cada beta0: y_AR = ln_q - beta0*ln_pch; teste dos instrumentos excluídos em y_AR ~ controles + instrumentos

. 
. /********************************************************************
>  Programa auxiliar: avalia uma grade AR na base atualmente carregada.
>  O programa deixa carregada a base da grade gerada.
> ********************************************************************/
. capture program drop ar_grid_scan

. program define ar_grid_scan, rclass
  1.     version 15
  2.     syntax varlist(min=1), BMIN(real) BMAX(real) STEP(real) ALPHA(real) OUTFILE(string)
  3. 
.     tempname arpost
  4.     postfile `arpost' double beta0 p_value accepted using "`outfile'", replace
  5. 
.     local ngrid   = floor((`bmax' - `bmin') / `step' + 0.5)
  6.     local npoints = `ngrid' + 1
  7. 
.     forvalues i = 0/`ngrid' {
  8.         local b0 = `bmin' + `i' * `step'
  9. 
.         cap drop y_ar
 10.         gen double y_ar = ln_q - (`b0') * ln_pch
 11. 
.         quietly regress y_ar ln_y ln_pb `varlist', vce(robust)
 12.         quietly test `varlist'
 13. 
.         scalar pval = r(p)
 14.         scalar acc  = (pval >= `alpha')
 15.         post `arpost' (`b0') (pval) (acc)
 16.     }
 17.     postclose `arpost'
 18. 
.     use "`outfile'", clear
 19. 
.     quietly count if accepted == 1
 20.     local nacc = r(N)
 21.     return scalar n_accepted = `nacc'
 22.     return scalar npoints    = `npoints'
 23. 
.     quietly summarize p_value, meanonly
 24.     local pmin = r(min)
 25.     local pmax = r(max)
 26.     return scalar p_min = `pmin'
 27.     return scalar p_max = `pmax'
 28. 
.     quietly summarize beta0 if abs(p_value - `pmax') < 1e-12, meanonly
 29.     return scalar beta0_minp = r(mean)
 30. 
.     if (`nacc' > 0) {
 31.         quietly summarize beta0 if accepted == 1, meanonly
 32.         return scalar ar_low  = r(min)
 33.         return scalar ar_high = r(max)
 34.     }
 35.     else {
 36.         return scalar ar_low  = .
 37.         return scalar ar_high = .
 38.     }
 39. end

. 
. postfile artab ///
>     str5 model int N k_inst ///
>     double ar_low ar_high ar_low_grid ar_high_grid beta0_minp p_min p_max ///
>     double grid_initial_min grid_initial_max grid_min grid_max grid_step ///
>     double coarse_step fine_step ///
>     int open_left open_right n_expand left_hits right_hits npoints_final ///
>     using "$TABS/stata_question_11_ar_intervals.dta", replace
(file C:\Users\B03531855158\Documents\Replication\Códigos/output/tables/stata_question_11_ar_intervals.dta not found)

. 
. local Z1 "z"

. local Z2 "z z_sq"

. local Z7 "z z_sq z_lag z_lag_sq"

. 
. * -------------------------------------------------------------------
. * Parâmetros principais.
. * -------------------------------------------------------------------
. local bmin0       = -5

. local bmax0       =  2

. local alpha       =  0.05

. 
. * Busca grossa: barata para localizar a região aceita.
. local coarse_step =  0.05

. 
. * Busca fina: usada no IC final reportado.
. local fine_step   =  0.005

. 
. * Expansão mínima e expansão proporcional.
. local min_expand  =  1

. local expand_mult =  0.75

. 
. * Limites de segurança.
. local max_expand   = 20

. local max_abs_beta = 100

. local lower_cap = -1 * `max_abs_beta'

. local upper_cap =  1 * `max_abs_beta'

. 
. * Detecção de cauda aberta.
. * Se a mesma borda for tocada min_tail_hits vezes, a rotina para
. * e reporta IC aberto naquele lado.
. local min_tail_hits = 3

. 
. foreach m in 1 2 7 {
  2.     local inst  "`Z`m''"
  3.     local model "Z`m'"
  4.     local k_inst : word count `inst'
  5. 
.     di as text _newline "[Stata] AR `model': instrumentos excluídos = `inst'"
  6. 
.     preserve
  7.         keep if !missing(ln_q, ln_pch, ln_y, ln_pb)
  8.         foreach v of local inst {
  9.             keep if !missing(`v')
 10.         }
 11.         count
 12.         scalar N_ar = r(N)
 13.         di as text "[Stata] AR `model': N = " N_ar
 14. 
.         tempfile arbase
 15.         save `arbase', replace
 16. 
.         local bmin_model = `bmin0'
 17.         local bmax_model = `bmax0'
 18.         local n_expand   = 0
 19.         local done       = 0
 20.         local left_hits  = 0
 21.         local right_hits = 0
 22. 
.         scalar ar_low_grid  = .
 23.         scalar ar_high_grid = .
 24.         scalar ar_low       = .
 25.         scalar ar_high      = .
 26.         scalar beta0_minp   = .
 27.         scalar p_min        = .
 28.         scalar p_max        = .
 29.         scalar open_left    = 0
 30.         scalar open_right   = 0
 31.         scalar n_accepted   = 0
 32.         scalar npoints_final = .
 33. 
.         /************************************************************
>          FASE 1: busca grossa adaptativa.
>         ************************************************************/
.         while (`done' == 0) {
 34.             use `arbase', clear
 35. 
.             tempfile argrid_coarse
 36.             di as text "[Stata] AR `model': busca grossa em [`bmin_model', `bmax_model'], passo `coarse_step'"
 37. 
.             ar_grid_scan `inst', ///
>                 bmin(`bmin_model') bmax(`bmax_model') ///
>                 step(`coarse_step') alpha(`alpha') ///
>                 outfile("`argrid_coarse'")
 38. 
.             scalar n_accepted  = r(n_accepted)
 39.             scalar ar_low_grid = r(ar_low)
 40.             scalar ar_high_grid = r(ar_high)
 41.             scalar beta0_minp  = r(beta0_minp)
 42.             scalar p_min       = r(p_min)
 43.             scalar p_max       = r(p_max)
 44. 
.             if (n_accepted == 0) {
 45.                 di as error "ATENÇÃO: AR `model' não aceitou nenhum beta0 na busca grossa corrente."
 46.                 di as text  "[Stata] AR `model': beta0 menos rejeitado = " %9.4f beta0_minp " | p_max = " %9.6f p_m
> ax
 47. 
.                 * Se a grade atual já está no limite absoluto e ainda assim
.                 * não há beta0 aceito, aí sim encerramos como conjunto vazio.
.                 if (`bmin_model' <= `lower_cap' & `bmax_model' >= `upper_cap') {
 48.                     local done = 1
 49.                 }
 50.                 else if (`n_expand' < `max_expand') {
 51.                     local width = `bmax_model' - `bmin_model'
 52.                     local delta = max(`min_expand', `width' * `expand_mult')
 53. 
.                     local bmin_model = `bmin_model' - `delta'
 54.                     local bmax_model = `bmax_model' + `delta'
 55. 
.                     if (`bmin_model' < `lower_cap') local bmin_model = `lower_cap'
 56.                     if (`bmax_model' > `upper_cap') local bmax_model = `upper_cap'
 57. 
.                     local n_expand = `n_expand' + 1
 58.                     di as error "         Ampliando ambos os lados para [`bmin_model', `bmax_model']."
 59. 
.                     * IMPORTANTE: não encerra imediatamente ao alcançar o cap.
.                     * A próxima iteração ainda avalia a grade capada, por exemplo
.                     * [-100, 100]. Só depois, se continuar sem aceitação, encerra.
.                 }
 60.                 else {
 61.                     local done = 1
 62.                 }
 63.             }
 64.             else {
 65.                 scalar open_left  = (ar_low_grid  <= `bmin_model' + `coarse_step')
 66.                 scalar open_right = (ar_high_grid >= `bmax_model' - `coarse_step')
 67. 
.                 if (open_left == 1)  local left_hits  = `left_hits'  + 1
 68.                 if (open_right == 1) local right_hits = `right_hits' + 1
 69. 
.                 di as text "[Stata] AR `model': IC grosso provisório = [" %9.3f ar_low_grid ", " %9.3f ar_high_grid "]
> "
 70.                 di as text "[Stata] AR `model': beta0 menos rejeitado = " %9.4f beta0_minp " | p_max = " %9.6f p_ma
> x " | p_min = " %9.6f p_min
 71. 
.                 * Regra central: se a mesma borda é tocada repetidamente,
.                 * tratamos como cauda aberta em vez de continuar expandindo.
.                 if (open_left == 1 & `left_hits' >= `min_tail_hits') {
 72.                     scalar open_left = 1
 73.                     di as error "ATENÇÃO: AR `model' toca repetidamente a borda esquerda. Tratando IC como aberto à
>  esquerda."
 74.                     local done = 1
 75.                 }
 76.                 if (open_right == 1 & `right_hits' >= `min_tail_hits') {
 77.                     scalar open_right = 1
 78.                     di as error "ATENÇÃO: AR `model' toca repetidamente a borda direita. Tratando IC como aberto à 
> direita."
 79.                     local done = 1
 80.                 }
 81. 
.                 if (`done' == 0) {
 82.                     if ((open_left == 1 | open_right == 1) & (`n_expand' < `max_expand')) {
 83.                         local width = `bmax_model' - `bmin_model'
 84.                         local delta = max(`min_expand', `width' * `expand_mult')
 85. 
.                         if (open_left == 1) {
 86.                             local bmin_model = `bmin_model' - `delta'
 87.                             if (`bmin_model' < `lower_cap') local bmin_model = `lower_cap'
 88.                             di as error "ATENÇÃO: AR `model' tocou a borda esquerda. Novo bmin = `bmin_model'."
 89.                         }
 90.                         if (open_right == 1) {
 91.                             local bmax_model = `bmax_model' + `delta'
 92.                             if (`bmax_model' > `upper_cap') local bmax_model = `upper_cap'
 93.                             di as error "ATENÇÃO: AR `model' tocou a borda direita. Novo bmax = `bmax_model'."
 94.                         }
 95. 
.                         local n_expand = `n_expand' + 1
 96. 
.                         if (`bmin_model' <= `lower_cap' & open_left == 1) {
 97.                             di as error "ATENÇÃO: AR `model' alcançou lower_cap. Tratando IC como aberto à esquerda
> ."
 98.                             scalar open_left = 1
 99.                             local done = 1
100.                         }
101.                         if (`bmax_model' >= `upper_cap' & open_right == 1) {
102.                             di as error "ATENÇÃO: AR `model' alcançou upper_cap. Tratando IC como aberto à direita.
> "
103.                             scalar open_right = 1
104.                             local done = 1
105.                         }
106.                     }
107.                     else {
108.                         local done = 1
109.                     }
110.                 }
111.             }
112.         }
113. 
.         /************************************************************
>          FASE 2: busca fina final na grade adaptada.
>         ************************************************************/
.         if (n_accepted > 0) {
114.             use `arbase', clear
115.             tempfile argrid_fine
116. 
.             di as text "[Stata] AR `model': busca fina final em [`bmin_model', `bmax_model'], passo `fine_step'"
117. 
.             ar_grid_scan `inst', ///
>                 bmin(`bmin_model') bmax(`bmax_model') ///
>                 step(`fine_step') alpha(`alpha') ///
>                 outfile("`argrid_fine'")
118. 
.             scalar n_accepted    = r(n_accepted)
119.             scalar npoints_final = r(npoints)
120.             scalar ar_low_grid   = r(ar_low)
121.             scalar ar_high_grid  = r(ar_high)
122.             scalar beta0_minp    = r(beta0_minp)
123.             scalar p_min         = r(p_min)
124.             scalar p_max         = r(p_max)
125. 
.             if (n_accepted > 0) {
126.                 * Mantém as flags de cauda aberta detectadas na fase grossa,
.                 * e também checa se a busca fina ainda toca a borda.
.                 scalar open_left  = (open_left  == 1 | ar_low_grid  <= `bmin_model' + `fine_step')
127.                 scalar open_right = (open_right == 1 | ar_high_grid >= `bmax_model' - `fine_step')
128. 
.                 scalar ar_low  = ar_low_grid
129.                 scalar ar_high = ar_high_grid
130. 
.                 * Se for aberto, ar_low/ar_high reportado fica missing no lado aberto.
.                 if (open_left == 1)  scalar ar_low  = .
131.                 if (open_right == 1) scalar ar_high = .
132.             }
133.             else {
134.                 scalar ar_low  = .
135.                 scalar ar_high = .
136.                 scalar open_left  = 0
137.                 scalar open_right = 0
138.             }
139.         }
140. 
.         if missing(ar_low_grid) & missing(ar_high_grid) {
141.             di as error "ATENÇÃO: AR `model' terminou sem intervalo aceito."
142.             di as error "         Veja beta0_minp e p_max para diagnosticar o ponto menos rejeitado."
143.         }
144.         else if (open_left == 1 & open_right == 1) {
145.             di as error "[Stata] AR `model': IC final = (-infinito, +infinito) dentro da lógica de inversão AR."
146.             di as text  "[Stata] AR `model': grade testada = [`bmin_model', `bmax_model']; IC na grade = [" %9.3f a
> r_low_grid ", " %9.3f ar_high_grid "]"
147.         }
148.         else if (open_left == 1) {
149.             di as error "[Stata] AR `model': IC final = (-infinito, " %9.3f ar_high_grid "]"
150.             di as text  "[Stata] AR `model': grade testada = [`bmin_model', `bmax_model']; limite inferior da grade
>  aceito = " %9.3f ar_low_grid
151.         }
152.         else if (open_right == 1) {
153.             di as error "[Stata] AR `model': IC final = [" %9.3f ar_low_grid ", +infinito)"
154.             di as text  "[Stata] AR `model': grade testada = [`bmin_model', `bmax_model']; limite superior da grade
>  aceito = " %9.3f ar_high_grid
155.         }
156.         else {
157.             di as text "[Stata] AR `model': IC final = [" %9.3f ar_low_grid ", " %9.3f ar_high_grid "]"
158.             di as text "[Stata] AR `model': grade final usada = [`bmin_model', `bmax_model']; passo final = `fine_s
> tep'"
159.         }
160. 
.     restore
161. 
.     post artab ("`model'") (N_ar) (`k_inst') ///
>                (ar_low) (ar_high) (ar_low_grid) (ar_high_grid) (beta0_minp) (p_min) (p_max) ///
>                (`bmin0') (`bmax0') ///
>                (`bmin_model') (`bmax_model') (`fine_step') ///
>                (`coarse_step') (`fine_step') ///
>                (open_left) (open_right) (`n_expand') (`left_hits') (`right_hits') (npoints_final)
162. }

[Stata] AR Z1: instrumentos excluídos = z
(0 observations deleted)
(0 observations deleted)
  52
[Stata] AR Z1: N = 52
(file C:\Users\B03531~1\AppData\Local\Temp\21\ST_7770_000002.tmp not found)
file C:\Users\B03531~1\AppData\Local\Temp\21\ST_7770_000002.tmp saved as .dta format
[Stata] AR Z1: busca grossa em [-5, 2], passo .05
(file C:\Users\B03531~1\AppData\Local\Temp\21\ST_7770_000003.tmp not found)
[Stata] AR Z1: IC grosso provisório = [   -5.000,    -0.800]
[Stata] AR Z1: beta0 menos rejeitado =   -1.7000 | p_max =  0.991139 | p_min =  0.000006
ATENÇÃO: AR Z1 tocou a borda esquerda. Novo bmin = -10.25.
[Stata] AR Z1: busca grossa em [-10.25, 2], passo .05
(file C:\Users\B03531~1\AppData\Local\Temp\21\ST_7770_000004.tmp not found)
[Stata] AR Z1: IC grosso provisório = [  -10.250,    -0.800]
[Stata] AR Z1: beta0 menos rejeitado =   -1.7000 | p_max =  0.991139 | p_min =  0.000006
ATENÇÃO: AR Z1 tocou a borda esquerda. Novo bmin = -19.4375.
[Stata] AR Z1: busca grossa em [-19.4375, 2], passo .05
(file C:\Users\B03531~1\AppData\Local\Temp\21\ST_7770_000005.tmp not found)
[Stata] AR Z1: IC grosso provisório = [  -19.438,    -0.787]
[Stata] AR Z1: beta0 menos rejeitado =   -1.6875 | p_max =  0.980798 | p_min =  0.000006
ATENÇÃO: AR Z1 toca repetidamente a borda esquerda. Tratando IC como aberto à esquerda.
[Stata] AR Z1: busca fina final em [-19.4375, 2], passo .005
(file C:\Users\B03531~1\AppData\Local\Temp\21\ST_7770_000006.tmp not found)
[Stata] AR Z1: IC final = (-infinito,    -0.767]
[Stata] AR Z1: grade testada = [-19.4375, 2]; limite inferior da grade aceito =   -19.438

[Stata] AR Z2: instrumentos excluídos = z z_sq
(0 observations deleted)
(0 observations deleted)
(0 observations deleted)
  52
[Stata] AR Z2: N = 52
(file C:\Users\B03531~1\AppData\Local\Temp\21\ST_7770_000008.tmp not found)
file C:\Users\B03531~1\AppData\Local\Temp\21\ST_7770_000008.tmp saved as .dta format
[Stata] AR Z2: busca grossa em [-5, 2], passo .05
(file C:\Users\B03531~1\AppData\Local\Temp\21\ST_7770_000009.tmp not found)
ATENÇÃO: AR Z2 não aceitou nenhum beta0 na busca grossa corrente.
[Stata] AR Z2: beta0 menos rejeitado =   -0.3000 | p_max =  0.000276
         Ampliando ambos os lados para [-10.25, 7.25].
[Stata] AR Z2: busca grossa em [-10.25, 7.25], passo .05
(file C:\Users\B03531~1\AppData\Local\Temp\21\ST_7770_00000a.tmp not found)
ATENÇÃO: AR Z2 não aceitou nenhum beta0 na busca grossa corrente.
[Stata] AR Z2: beta0 menos rejeitado =   -0.3000 | p_max =  0.000276
         Ampliando ambos os lados para [-23.375, 20.375].
[Stata] AR Z2: busca grossa em [-23.375, 20.375], passo .05
(file C:\Users\B03531~1\AppData\Local\Temp\21\ST_7770_00000b.tmp not found)
ATENÇÃO: AR Z2 não aceitou nenhum beta0 na busca grossa corrente.
[Stata] AR Z2: beta0 menos rejeitado =   -0.2750 | p_max =  0.000260
         Ampliando ambos os lados para [-56.1875, 53.1875].
[Stata] AR Z2: busca grossa em [-56.1875, 53.1875], passo .05
(file C:\Users\B03531~1\AppData\Local\Temp\21\ST_7770_00000c.tmp not found)
ATENÇÃO: AR Z2 não aceitou nenhum beta0 na busca grossa corrente.
[Stata] AR Z2: beta0 menos rejeitado =   -0.2875 | p_max =  0.000275
         Ampliando ambos os lados para [-100, 100].
[Stata] AR Z2: busca grossa em [-100, 100], passo .05
(file C:\Users\B03531~1\AppData\Local\Temp\21\ST_7770_00000d.tmp not found)
ATENÇÃO: AR Z2 não aceitou nenhum beta0 na busca grossa corrente.
[Stata] AR Z2: beta0 menos rejeitado =   -0.3000 | p_max =  0.000276
ATENÇÃO: AR Z2 terminou sem intervalo aceito.
         Veja beta0_minp e p_max para diagnosticar o ponto menos rejeitado.

[Stata] AR Z7: instrumentos excluídos = z z_sq z_lag z_lag_sq
(0 observations deleted)
(0 observations deleted)
(0 observations deleted)
(1 observation deleted)
(0 observations deleted)
  51
[Stata] AR Z7: N = 51
(file C:\Users\B03531~1\AppData\Local\Temp\21\ST_7770_00000f.tmp not found)
file C:\Users\B03531~1\AppData\Local\Temp\21\ST_7770_00000f.tmp saved as .dta format
[Stata] AR Z7: busca grossa em [-5, 2], passo .05
(file C:\Users\B03531~1\AppData\Local\Temp\21\ST_7770_00000g.tmp not found)
ATENÇÃO: AR Z7 não aceitou nenhum beta0 na busca grossa corrente.
[Stata] AR Z7: beta0 menos rejeitado =   -0.8500 | p_max =  0.000000
         Ampliando ambos os lados para [-10.25, 7.25].
[Stata] AR Z7: busca grossa em [-10.25, 7.25], passo .05
(file C:\Users\B03531~1\AppData\Local\Temp\21\ST_7770_00000h.tmp not found)
ATENÇÃO: AR Z7 não aceitou nenhum beta0 na busca grossa corrente.
[Stata] AR Z7: beta0 menos rejeitado =   -0.8500 | p_max =  0.000000
         Ampliando ambos os lados para [-23.375, 20.375].
[Stata] AR Z7: busca grossa em [-23.375, 20.375], passo .05
(file C:\Users\B03531~1\AppData\Local\Temp\21\ST_7770_00000i.tmp not found)
ATENÇÃO: AR Z7 não aceitou nenhum beta0 na busca grossa corrente.
[Stata] AR Z7: beta0 menos rejeitado =   -0.8250 | p_max =  0.000000
         Ampliando ambos os lados para [-56.1875, 53.1875].
[Stata] AR Z7: busca grossa em [-56.1875, 53.1875], passo .05
(file C:\Users\B03531~1\AppData\Local\Temp\21\ST_7770_00000j.tmp not found)
ATENÇÃO: AR Z7 não aceitou nenhum beta0 na busca grossa corrente.
[Stata] AR Z7: beta0 menos rejeitado =   -0.8375 | p_max =  0.000000
         Ampliando ambos os lados para [-100, 100].
[Stata] AR Z7: busca grossa em [-100, 100], passo .05
(file C:\Users\B03531~1\AppData\Local\Temp\21\ST_7770_00000k.tmp not found)
ATENÇÃO: AR Z7 não aceitou nenhum beta0 na busca grossa corrente.
[Stata] AR Z7: beta0 menos rejeitado =   -0.8500 | p_max =  0.000000
ATENÇÃO: AR Z7 terminou sem intervalo aceito.
         Veja beta0_minp e p_max para diagnosticar o ponto menos rejeitado.

. 
. postclose artab

. 
. use "$TABS/stata_question_11_ar_intervals.dta", clear

. export delimited using "$TABS/stata_question_11_ar_intervals.csv", replace
(file C:\Users\B03531855158\Documents\Replication\Códigos/output/tables/stata_question_11_ar_intervals.csv not found)
file C:\Users\B03531855158\Documents\Replication\Códigos/output/tables/stata_question_11_ar_intervals.csv saved

. 
. di as text "[Stata] Tabela salva: output/tables/stata_question_11_ar_intervals.csv"
[Stata] Tabela salva: output/tables/stata_question_11_ar_intervals.csv

. 
end of do-file

. 
. di as text _newline "[Stata] Rodando 06_visualizations.do"

[Stata] Rodando 06_visualizations.do

. do "Stata/06_visualizations.do"

. /********************************************************************
>  Gráficos auxiliares para interpretação dos resultados
> 
>  Correções principais:
>    - Carrega config.do automaticamente se o script for rodado sozinho;
>    - Gera chicken_with_ols_residuals_stata.dta caso ele não exista;
>    - Se tabelas necessárias estiverem ausentes, orienta/roda scripts prévios;
>    - Inclui gráfico MQO versus 2SLS com intervalos de confiança.
> ********************************************************************/
. 
. clear all

. 
. * Carrega configuração se o script for rodado individualmente.
. do "Stata/_load_config_if_needed.do"

. /********************************************************************
>  Bloco de segurança: carrega Stata/config.do se os caminhos ainda
>  não estiverem definidos. Assim os scripts podem ser rodados tanto
>  pelo 00_master.do quanto individualmente.
> ********************************************************************/
. 
. local rootdir "$ROOT"

. local rawdir  "$RAW"

. local procdir "$PROC"

. local tabsdir "$TABS"

. local figsdir "$FIGS"

. local logsdir "$LOGS"

. 
. if `"`procdir'"' == "" {
.     di as text "[Stata] Globais ainda não carregados. Tentando rodar Stata/config.do..."
. 
.     capture noisily do "Stata/config.do"
. 
.     if _rc {
.         di as error "[Stata] Não consegui rodar Stata/config.do."
.         di as error "[Stata] Rode o projeto a partir da pasta raiz ou ajuste o caminho do config.do."
.         exit 601
.     }
. }

. 
. local rootdir "$ROOT"

. local rawdir  "$RAW"

. local procdir "$PROC"

. local tabsdir "$TABS"

. local figsdir "$FIGS"

. local logsdir "$LOGS"

. 
. if `"`rootdir'"' == "" {
.     di as error "[Stata] O global ROOT está vazio depois do config.do."
.     exit 601
. }

. 
. if `"`rawdir'"' == "" {
.     di as error "[Stata] O global RAW está vazio depois do config.do."
.     exit 601
. }

. 
. if `"`procdir'"' == "" {
.     di as error "[Stata] O global PROC está vazio depois do config.do."
.     exit 601
. }

. 
. if `"`tabsdir'"' == "" {
.     di as error "[Stata] O global TABS está vazio depois do config.do."
.     exit 601
. }

. 
. if `"`figsdir'"' == "" {
.     di as error "[Stata] O global FIGS está vazio depois do config.do."
.     exit 601
. }

. 
. if `"`logsdir'"' == "" {
.     di as error "[Stata] O global LOGS está vazio depois do config.do."
.     exit 601
. }

. 
. capture mkdir "$ROOT/data"

. capture mkdir "$RAW"

. capture mkdir "$PROC"

. capture mkdir "$ROOT/output"

. capture mkdir "$TABS"

. capture mkdir "$FIGS"

. capture mkdir "$LOGS"

. 
. di as text "[Stata] Caminhos carregados:"
[Stata] Caminhos carregados:

. di as text "  ROOT = $ROOT"
  ROOT = C:\Users\B03531855158\Documents\Replication\Códigos

. di as text "  RAW  = $RAW"
  RAW  = C:\Users\B03531855158\Documents\Replication\Códigos/data/raw

. di as text "  PROC = $PROC"
  PROC = C:\Users\B03531855158\Documents\Replication\Códigos/data/processed

. di as text "  TABS = $TABS"
  TABS = C:\Users\B03531855158\Documents\Replication\Códigos/output/tables

. di as text "  FIGS = $FIGS"
  FIGS = C:\Users\B03531855158\Documents\Replication\Códigos/output/figures

. di as text "  LOGS = $LOGS"
  LOGS = C:\Users\B03531855158\Documents\Replication\Códigos/output/logs

. 
end of do-file

. 
. * ------------------------------------------------------------
. * Garante que a base tratada exista
. * ------------------------------------------------------------
. 
. capture confirm file "$PROC/chicken_prepared_stata.dta"

. if _rc {
.     di as text "[Stata] Base tratada não encontrada. Rodando 01_prepare_data.do..."
.     do "Stata/01_prepare_data.do"
. }

. 
. * ------------------------------------------------------------
. * Garante que a base com resíduos exista
. * ------------------------------------------------------------
. 
. capture confirm file "$PROC/chicken_with_ols_residuals_stata.dta"

. 
. if _rc {
.     di as text "[Stata] Base com resíduos não encontrada. Gerando a partir da base preparada..."
. 
.     use "$PROC/chicken_prepared_stata.dta", clear
. 
.     foreach v in ln_q ln_pch ln_y ln_pb {
  2.         capture confirm variable `v'
  3.         if _rc {
  4.             di as error "[Stata] Variável `v' não encontrada em $PROC/chicken_prepared_stata.dta."
  5.             di as error "[Stata] Rode Stata/01_prepare_data.do e verifique a importação da base."
  6.             exit 111
  7.         }
  8.     }
. 
.     quietly regress ln_q ln_pch ln_y ln_pb, vce(robust)
.     predict double ols_fitted, xb
.     predict double ols_resid, resid
. 
.     label variable ols_fitted "Valor ajustado pelo MQO"
.     label variable ols_resid  "Resíduo do MQO"
. 
.     save "$PROC/chicken_with_ols_residuals_stata.dta", replace
.     di as text "[Stata] Base com resíduos criada: $PROC/chicken_with_ols_residuals_stata.dta"
. }

. 
. use "$PROC/chicken_with_ols_residuals_stata.dta", clear

. 
. /********************************************************************
>  Figura 1: séries logarítmicas principais
> ********************************************************************/
. 
. di as text "[Stata] Gerando Figura 1: séries logarítmicas principais"
[Stata] Gerando Figura 1: séries logarítmicas principais

. 
. twoway ///
>     (line ln_q year,   lcolor(navy)         lwidth(medthick)) ///
>     (line ln_pch year, lcolor(cranberry)    lwidth(medthick)) ///
>     (line ln_y year,   lcolor(forest_green) lwidth(medthick)) ///
>     (line ln_pb year,  lcolor(orange)       lwidth(medthick)) ///
>     (line z year,      lcolor(purple)       lwidth(medthick)), ///
>     title("Séries logarítmicas principais", size(medsmall)) ///
>     xtitle("Ano", size(small)) ///
>     ytitle("Logaritmo", size(small)) ///
>     legend( ///
>         order(1 "Quantidade per capita de frango" ///
>               2 "Preço real do frango" ///
>               3 "Renda real per capita" ///
>               4 "Preço real da carne bovina" ///
>               5 "Preço real do milho") ///
>         cols(1) ///
>         size(small) ///
>         position(3) ///
>         ring(1) ///
>         region(lcolor(none) fcolor(none)) ///
>     ) ///
>     graphregion(color(white)) ///
>     plotregion(color(white)) ///
>     name(g_series, replace)

. 
. graph export "$FIGS/stata_fig01_series.png", replace width(2800)
(file C:\Users\B03531855158\Documents\Replication\Códigos/output/figures/stata_fig01_series.png not found)
file C:\Users\B03531855158\Documents\Replication\Códigos/output/figures/stata_fig01_series.png saved as PNG format

. graph export "$FIGS/stata_fig01_series.pdf", replace
file C:\Users\B03531855158\Documents\Replication\Códigos/output/figures/stata_fig01_series.pdf saved as PDF format

. 
. /********************************************************************
>  Figura 2: demanda observada
> ********************************************************************/
. 
. di as text "[Stata] Gerando Figura 2: demanda observada"
[Stata] Gerando Figura 2: demanda observada

. 
. twoway ///
>     (scatter ln_q ln_pch, mcolor(navy) msymbol(circle) msize(medium)) ///
>     (lfit ln_q ln_pch, lcolor(cranberry) lwidth(medthick)), ///
>     title("Demanda observada: quantidade versus preço do frango", size(medsmall)) ///
>     xtitle("Log do preço real do frango", size(small)) ///
>     ytitle("Log da quantidade per capita de frango", size(small)) ///
>     legend( ///
>         order(1 "Observações anuais" ///
>               2 "Ajuste linear") ///
>         cols(1) ///
>         size(small) ///
>         position(3) ///
>         ring(1) ///
>         region(lcolor(none) fcolor(none)) ///
>     ) ///
>     graphregion(color(white)) ///
>     plotregion(color(white)) ///
>     name(g_scatter_demand, replace)

. 
. graph export "$FIGS/stata_fig02_scatter_demand.png", replace width(2800)
(file C:\Users\B03531855158\Documents\Replication\Códigos/output/figures/stata_fig02_scatter_demand.png not found)
file C:\Users\B03531855158\Documents\Replication\Códigos/output/figures/stata_fig02_scatter_demand.png saved as PNG
    format

. graph export "$FIGS/stata_fig02_scatter_demand.pdf", replace
file C:\Users\B03531855158\Documents\Replication\Códigos/output/figures/stata_fig02_scatter_demand.pdf saved as PDF
    format

. 
. //********************************************************************
. * Figura 3: resíduos do MQO versus valores ajustados
. * Com curva de ajuste não linear LOWESS
. ********************************************************************/
. 
. di as text "[Stata] Gerando Figura 3: resíduos MQO versus valores ajustados com ajuste não linear"
[Stata] Gerando Figura 3: resíduos MQO versus valores ajustados com ajuste não linear

. 
. twoway ///
>     (scatter ols_resid ols_fitted, ///
>         mcolor(navy) ///
>         msymbol(circle) ///
>         msize(medium)) ///
>     (lowess ols_resid ols_fitted, ///
>         lcolor(cranberry) ///
>         lwidth(medthick) ///
>         bwidth(0.8)), ///
>     yline(0, ///
>         lcolor(black) ///
>         lpattern(dash) ///
>         lwidth(medthin)) ///
>     title("Resíduos do MQO versus valores ajustados", size(medsmall)) ///
>     subtitle("Com curva de ajuste não linear dos resíduos", size(small)) ///
>     xtitle("Valor ajustado pelo MQO", size(small)) ///
>     ytitle("Resíduo do MQO", size(small)) ///
>     legend( ///
>         order(1 "Resíduos do MQO" ///
>               2 "Ajuste não linear LOWESS" ///
>               3 "Linha de resíduo zero") ///
>         cols(1) ///
>         size(small) ///
>         position(3) ///
>         ring(1) ///
>         region(lcolor(none) fcolor(none)) ///
>     ) ///
>     graphregion(color(white)) ///
>     plotregion(color(white)) ///
>     name(g_resid_fitted, replace)

. 
. graph export "$FIGS/stata_fig03_residuals_fitted.png", replace width(2800)
(file C:\Users\B03531855158\Documents\Replication\Códigos/output/figures/stata_fig03_residuals_fitted.png not found)
file C:\Users\B03531855158\Documents\Replication\Códigos/output/figures/stata_fig03_residuals_fitted.png saved as PNG
    format

. graph export "$FIGS/stata_fig03_residuals_fitted.pdf", replace
file C:\Users\B03531855158\Documents\Replication\Códigos/output/figures/stata_fig03_residuals_fitted.pdf saved as PDF
    format

. 
. di as text "[Stata] Gráfico salvo em PNG: output/figures/stata_fig03_residuals_fitted.png"
[Stata] Gráfico salvo em PNG: output/figures/stata_fig03_residuals_fitted.png

. di as text "[Stata] Gráfico salvo em PDF: output/figures/stata_fig03_residuals_fitted.pdf"
[Stata] Gráfico salvo em PDF: output/figures/stata_fig03_residuals_fitted.pdf

. /********************************************************************
>  Figura 4: elasticidade-preço estimada: MQO versus 2SLS
> ********************************************************************/
. 
. di as text "[Stata] Gerando Figura 4: elasticidade-preço estimada — MQO versus 2SLS"
[Stata] Gerando Figura 4: elasticidade-preço estimada — MQO versus 2SLS

. 
. capture confirm file "$TABS/stata_question_01_ols.csv"

. if _rc {
.     di as text "[Stata] Tabela de MQO não encontrada. Rodando 02_ols_iv_first_stage.do..."
.     do "Stata/02_ols_iv_first_stage.do"
. }

. 
. capture confirm file "$TABS/stata_question_09_comparative.csv"

. if _rc {
.     di as text "[Stata] Tabela comparativa não encontrada. Rodando 04_alt_instruments_weakiv.do..."
.     do "Stata/04_alt_instruments_weakiv.do"
. }

. 
. tempfile resultados_iv resultados_ols

. 
. * ------------------------------------------------------------
. * Resultados 2SLS: Z1 a Z7
. * ------------------------------------------------------------
. 
. import delimited "$TABS/stata_question_09_comparative.csv", clear
(encoding automatically selected: ISO-8859-2)
(16 vars, 7 obs)

. 
. keep model n beta_p ci_low ci_high

. 
. foreach v in n beta_p ci_low ci_high {
  2.     capture confirm numeric variable `v'
  3.     if _rc {
  4.         destring `v', replace force
  5.     }
  6. }

. 
. gen str20 modelo = upper(model)

. gen str20 estimador = "2SLS"

. 
. * Se model for Z1, Z2, ..., Z7
. gen ordem = real(substr(modelo, 2, .)) + 1

. 
. keep modelo estimador ordem n beta_p ci_low ci_high

. 
. save `resultados_iv', replace
(file C:\Users\B03531~1\AppData\Local\Temp\21\ST_7770_000001.tmp not found)
file C:\Users\B03531~1\AppData\Local\Temp\21\ST_7770_000001.tmp saved as .dta format

. 
. * ------------------------------------------------------------
. * Resultado MQO
. * ------------------------------------------------------------
. 
. import delimited "$TABS/stata_question_01_ols.csv", clear
(encoding automatically selected: ISO-8859-1)
(13 vars, 1 obs)

. 
. keep n beta_p ci_low_p ci_high_p

. 
. foreach v in n beta_p ci_low_p ci_high_p {
  2.     capture confirm numeric variable `v'
  3.     if _rc {
  4.         destring `v', replace force
  5.     }
  6. }

. 
. rename ci_low_p  ci_low

. rename ci_high_p ci_high

. 
. gen str20 modelo = "MQO"

. gen str20 estimador = "MQO"

. gen ordem = 1

. 
. keep modelo estimador ordem n beta_p ci_low ci_high

. 
. save `resultados_ols', replace
(file C:\Users\B03531~1\AppData\Local\Temp\21\ST_7770_000002.tmp not found)
file C:\Users\B03531~1\AppData\Local\Temp\21\ST_7770_000002.tmp saved as .dta format

. 
. * ------------------------------------------------------------
. * Junta MQO e 2SLS
. * ------------------------------------------------------------
. 
. use `resultados_ols', clear

. append using `resultados_iv'

. 
. drop if missing(beta_p)
(0 observations deleted)

. sort ordem

. 
. gen y = ordem

. 
. * ------------------------------------------------------------
. * Rótulos fixos do eixo vertical
. * Evita erro de sintaxe com levelsof de variável string
. * ------------------------------------------------------------
. 
. capture label drop lab_modelo

. label define lab_modelo ///
>     1 "MQO" ///
>     2 "Z1" ///
>     3 "Z2" ///
>     4 "Z3" ///
>     5 "Z4" ///
>     6 "Z5" ///
>     7 "Z6" ///
>     8 "Z7", replace

. 
. label values y lab_modelo

. 
. * ------------------------------------------------------------
. * Gráfico: ponto = estimativa; barra = IC 95%
. * ------------------------------------------------------------
. 
. twoway ///
>     (rcap ci_low ci_high y, horizontal ///
>         lcolor(gs6) ///
>         lwidth(medthin)) ///
>     (scatter y beta_p if estimador == "MQO", ///
>         mcolor(black) ///
>         msymbol(circle) ///
>         msize(medium)) ///
>     (scatter y beta_p if estimador == "2SLS", ///
>         mcolor(black) ///
>         msymbol(circle) ///
>         msize(medium)), ///
>     xline(0, lcolor(black) lpattern(solid) lwidth(thin)) ///
>     yscale(reverse) ///
>     ylabel(1(1)8, valuelabel angle(0) labsize(small) noticks) ///
>     xlabel(, labsize(small)) ///
>     title("Elasticidade-preço estimada: MQO versus 2SLS", size(medsmall)) ///
>     xtitle("{&beta}{subscript:p}", size(small)) ///
>     ytitle("Modelo", size(small)) ///
>     legend(off) ///
>     note("Pontos: estimativas de {&beta}{subscript:p}. Barras horizontais: intervalos de confiança de 95%. Linha verti
> cal: elasticidade igual a zero.", ///
>          size(vsmall)) ///
>     graphregion(color(white)) ///
>     plotregion(color(white)) ///
>     name(g_beta_mqo_2sls, replace)

. 
. graph export "$FIGS/stata_fig04_beta_p_mqo_versus_2sls.png", ///
>     replace width(2600)
(file C:\Users\B03531855158\Documents\Replication\Códigos/output/figures/stata_fig04_beta_p_mqo_versus_2sls.png not
    found)
file C:\Users\B03531855158\Documents\Replication\Códigos/output/figures/stata_fig04_beta_p_mqo_versus_2sls.png saved
    as PNG format

. 
. graph export "$FIGS/stata_fig04_beta_p_mqo_versus_2sls.pdf", ///
>     replace
file C:\Users\B03531855158\Documents\Replication\Códigos/output/figures/stata_fig04_beta_p_mqo_versus_2sls.pdf saved
    as PDF format

. 
. di as text "[Stata] Gráfico salvo em PNG: output/figures/stata_fig04_beta_p_mqo_versus_2sls.png"
[Stata] Gráfico salvo em PNG: output/figures/stata_fig04_beta_p_mqo_versus_2sls.png

. di as text "[Stata] Gráfico salvo em PDF: output/figures/stata_fig04_beta_p_mqo_versus_2sls.pdf"
[Stata] Gráfico salvo em PDF: output/figures/stata_fig04_beta_p_mqo_versus_2sls.pdf

. /********************************************************************
>  Figura GMM: elasticidade-preço e teste J de Hansen
>  Questão 5
> ********************************************************************/
. 
. di as text _newline "[Stata] Gerando figura GMM: beta_p e Hansen J"

[Stata] Gerando figura GMM: beta_p e Hansen J

. 
. * Carrega config se necessário
. local procdir "$PROC"

. 
. if `"`procdir'"' == "" {
.     capture noisily do "Stata/config.do"
.     if _rc {
.         di as error "[Stata] Não consegui carregar Stata/config.do."
.         exit 601
.     }
. }

. 
. capture confirm file "$TABS/stata_question_05_gmm.csv"

. if _rc {
.     di as text "[Stata] Tabela GMM não encontrada. Rodando 03_gmm_hansen.do..."
.     do "Stata/03_gmm_hansen.do"
. }

. 
. * ============================================================
. * Painel A: coeficiente beta_p por GMM
. * ============================================================
. 
. import delimited "$TABS/stata_question_05_gmm.csv", clear
(encoding automatically selected: ISO-8859-1)
(10 vars, 2 obs)

. 
. foreach v in n beta_p se_p pval_p ci_low ci_high hansen_j hansen_p hansen_df {
  2.     capture confirm numeric variable `v'
  3.     if _rc {
  4.         capture destring `v', replace force
  5.     }
  6. }

. 
. gen ordem = .
(2 missing values generated)

. replace ordem = 1 if model == "GMM_Z1"
(1 real change made)

. replace ordem = 2 if model == "GMM_Z2"
(1 real change made)

. 
. gen y = ordem

. 
. capture label drop lab_gmm

. label define lab_gmm ///
>     1 "GMM Z1: {z_t}" ///
>     2 "GMM Z2: {z_t, z_t²}", replace

. 
. label values y lab_gmm

. 
. twoway ///
>     (rcap ci_low ci_high y, horizontal ///
>         lcolor(gs6) ///
>         lwidth(medthin)) ///
>     (scatter y beta_p, ///
>         mcolor(black) ///
>         msymbol(circle) ///
>         msize(medium)), ///
>     xline(0, lcolor(black) lpattern(solid) lwidth(thin)) ///
>     yscale(reverse) ///
>     ylabel(1(1)2, valuelabel angle(0) labsize(small) noticks) ///
>     xlabel(, labsize(small)) ///
>     title("A. Elasticidade-preço estimada por GMM", size(medsmall)) ///
>     xtitle("{&beta}{subscript:p}", size(small)) ///
>     ytitle("") ///
>     legend(off) ///
>     note("Pontos: estimativas de {&beta}{subscript:p}. Barras horizontais: IC 95%.", ///
>          size(vsmall)) ///
>     graphregion(color(white)) ///
>     plotregion(color(white)) ///
>     name(g_gmm_beta, replace)

. 
. * ============================================================
. * Painel B: Hansen J para modelo sobreidentificado
. * ============================================================
. 
. preserve

. 
. keep if hansen_df > 0
(1 observation deleted)

. gen x = 1

. gen crit_5 = invchi2tail(hansen_df, 0.05)

. 
. twoway ///
>     (bar hansen_j x, ///
>         barwidth(0.45) ///
>         fcolor(navy%65) ///
>         lcolor(navy)) ///
>     (function y = crit_5[1], ///
>         range(0.6 1.4) ///
>         lcolor(cranberry) ///
>         lpattern(dash) ///
>         lwidth(medthick)), ///
>     xlabel(1 "GMM Z2", labsize(small)) ///
>     ylabel(, labsize(small)) ///
>     title("B. Teste J de Hansen", size(medsmall)) ///
>     ytitle("Estatística J", size(small)) ///
>     xtitle("") ///
>     legend( ///
>         order(1 "Estatística J observada" ///
>               2 "Valor crítico 5%") ///
>         cols(1) ///
>         size(small) ///
>         position(3) ///
>         ring(1) ///
>         region(lcolor(none) fcolor(none)) ///
>     ) ///
>     note("Modelo sobreidentificado: Z2 = {z_t, z_t²}. Rejeição quando J excede o valor crítico.", ///
>          size(vsmall)) ///
>     graphregion(color(white)) ///
>     plotregion(color(white)) ///
>     name(g_gmm_hansen, replace)

. 
. restore

. 
. * ============================================================
. * Figura combinada
. * ============================================================
. 
. graph combine ///
>     g_gmm_beta ///
>     g_gmm_hansen, ///
>     cols(2) ///
>     imargin(4 4 4 4) ///
>     title("GMM: elasticidade-preço e validade dos instrumentos", size(medium)) ///
>     subtitle("Comparação entre o modelo exatamente identificado e o sobreidentificado", size(small)) ///
>     note( ///
>         "Z1 usa apenas z_t; Z2 adiciona z_t². O teste J de Hansen só se aplica ao modelo sobreidentificado.", ///
>         size(vsmall) ///
>     ) ///
>     graphregion(color(white)) ///
>     name(g_gmm_q5, replace)

. 
. graph export "$FIGS/stata_fig11_gmm_beta_hansen.png", ///
>     replace width(3200)
(file C:\Users\B03531855158\Documents\Replication\Códigos/output/figures/stata_fig11_gmm_beta_hansen.png not found)
file C:\Users\B03531855158\Documents\Replication\Códigos/output/figures/stata_fig11_gmm_beta_hansen.png saved as PNG
    format

. 
. graph export "$FIGS/stata_fig11_gmm_beta_hansen.pdf", ///
>     replace
file C:\Users\B03531855158\Documents\Replication\Códigos/output/figures/stata_fig11_gmm_beta_hansen.pdf saved as PDF
    format

. 
. di as text "[Stata] Figura salva em PNG: output/figures/stata_fig11_gmm_beta_hansen.png"
[Stata] Figura salva em PNG: output/figures/stata_fig11_gmm_beta_hansen.png

. di as text "[Stata] Figura salva em PDF: output/figures/stata_fig11_gmm_beta_hansen.pdf"
[Stata] Figura salva em PDF: output/figures/stata_fig11_gmm_beta_hansen.pdf

. 
. di as result "[Stata] 06_visualizations.do concluído com sucesso."
[Stata] 06_visualizations.do concluído com sucesso.

. 
end of do-file

. 
. di as text _newline "[Stata] Rodando 07_simulation_weak_instruments.do"

[Stata] Rodando 07_simulation_weak_instruments.do

. do "Stata/07_simulation_weak_instruments.do"

. /********************************************************************
>  Questão 14: simulação de instrumentos fracos
> 
>  Objetivo:
>    - Simular o problema de instrumentos fracos;
>    - Mostrar como a redução da força do instrumento afeta:
>        1. viés do estimador 2SLS;
>        2. dispersão do estimador 2SLS;
>        3. cobertura dos intervalos convencionais de 95%;
>        4. força do primeiro estágio.
> 
>  Estrutura da simulação:
>    y = beta*x + u, com beta verdadeiro = -1
>    x = pi*z + v
>    pi controla a força do instrumento.
> ********************************************************************/
. 
. clear all

. set seed 26052026

. 
. * Carrega configuração se o script for rodado individualmente.
. do "Stata/_load_config_if_needed.do"

. /********************************************************************
>  Bloco de segurança: carrega Stata/config.do se os caminhos ainda
>  não estiverem definidos. Assim os scripts podem ser rodados tanto
>  pelo 00_master.do quanto individualmente.
> ********************************************************************/
. 
. local rootdir "$ROOT"

. local rawdir  "$RAW"

. local procdir "$PROC"

. local tabsdir "$TABS"

. local figsdir "$FIGS"

. local logsdir "$LOGS"

. 
. if `"`procdir'"' == "" {
.     di as text "[Stata] Globais ainda não carregados. Tentando rodar Stata/config.do..."
. 
.     capture noisily do "Stata/config.do"
. 
.     if _rc {
.         di as error "[Stata] Não consegui rodar Stata/config.do."
.         di as error "[Stata] Rode o projeto a partir da pasta raiz ou ajuste o caminho do config.do."
.         exit 601
.     }
. }

. 
. local rootdir "$ROOT"

. local rawdir  "$RAW"

. local procdir "$PROC"

. local tabsdir "$TABS"

. local figsdir "$FIGS"

. local logsdir "$LOGS"

. 
. if `"`rootdir'"' == "" {
.     di as error "[Stata] O global ROOT está vazio depois do config.do."
.     exit 601
. }

. 
. if `"`rawdir'"' == "" {
.     di as error "[Stata] O global RAW está vazio depois do config.do."
.     exit 601
. }

. 
. if `"`procdir'"' == "" {
.     di as error "[Stata] O global PROC está vazio depois do config.do."
.     exit 601
. }

. 
. if `"`tabsdir'"' == "" {
.     di as error "[Stata] O global TABS está vazio depois do config.do."
.     exit 601
. }

. 
. if `"`figsdir'"' == "" {
.     di as error "[Stata] O global FIGS está vazio depois do config.do."
.     exit 601
. }

. 
. if `"`logsdir'"' == "" {
.     di as error "[Stata] O global LOGS está vazio depois do config.do."
.     exit 601
. }

. 
. capture mkdir "$ROOT/data"

. capture mkdir "$RAW"

. capture mkdir "$PROC"

. capture mkdir "$ROOT/output"

. capture mkdir "$TABS"

. capture mkdir "$FIGS"

. capture mkdir "$LOGS"

. 
. di as text "[Stata] Caminhos carregados:"
[Stata] Caminhos carregados:

. di as text "  ROOT = $ROOT"
  ROOT = C:\Users\B03531855158\Documents\Replication\Códigos

. di as text "  RAW  = $RAW"
  RAW  = C:\Users\B03531855158\Documents\Replication\Códigos/data/raw

. di as text "  PROC = $PROC"
  PROC = C:\Users\B03531855158\Documents\Replication\Códigos/data/processed

. di as text "  TABS = $TABS"
  TABS = C:\Users\B03531855158\Documents\Replication\Códigos/output/tables

. di as text "  FIGS = $FIGS"
  FIGS = C:\Users\B03531855158\Documents\Replication\Códigos/output/figures

. di as text "  LOGS = $LOGS"
  LOGS = C:\Users\B03531855158\Documents\Replication\Códigos/output/logs

. 
end of do-file

. 
. di as text _newline "[Stata] Questão 14: simulação de instrumentos fracos"

[Stata] Questão 14: simulação de instrumentos fracos

. di as text "[Stata] Equação simulada: y = beta*x + u, com beta verdadeiro = -1"
[Stata] Equação simulada: y = beta*x + u, com beta verdadeiro = -1

. di as text "[Stata] Primeiro estágio simulado: x = pi*z + v; pi controla a força do instrumento"
[Stata] Primeiro estágio simulado: x = pi*z + v; pi controla a força do instrumento

. di as text "[Stata] Erros u e v são correlacionados (rho=0.6) para gerar endogeneidade"
[Stata] Erros u e v são correlacionados (rho=0.6) para gerar endogeneidade

. 
. * ------------------------------------------------------------
. * Parâmetros da simulação
. * ------------------------------------------------------------
. 
. local reps      = 250

. local n         = 200

. local true_beta = -1

. 
. di as text "[Stata] Parâmetros: reps=`reps' | n=`n' | beta verdadeiro=`true_beta'"
[Stata] Parâmetros: reps=250 | n=200 | beta verdadeiro=-1

. 
. * ------------------------------------------------------------
. * Arquivo de resultados agregados por nível de pi
. * ------------------------------------------------------------
. 
. postfile sim ///
>     str10 strength double pi int reps ///
>     double mean_iv b_ols bias_iv sd_iv mean_f_fs coverage_95 ///
>     using "$TABS/stata_question_14_simulation.dta", replace
(file C:\Users\B03531855158\Documents\Replication\Códigos/output/tables/stata_question_14_simulation.dta not found)

. 
. foreach pi in 1 0.5 0.25 0.10 0.05 0.02 {
  2. 
.     di as text "[Stata] Simulando pi = `pi'"
  3. 
.     tempfile draws
  4. 
.     postfile one ///
>         double beta_iv beta_ols f_fs ci_low ci_high covered ///
>         using `draws', replace
  5. 
.     forvalues r = 1/`reps' {
  6. 
.         clear
  7.         set obs `n'
  8. 
.         * Instrumento exógeno.
.         gen double z = rnormal()
  9. 
.         * Erros estrutural e de primeiro estágio correlacionados.
.         * rho = 0.6 gera endogeneidade entre x e u.
.         gen double e1 = rnormal()
 10.         gen double e2 = rnormal()
 11.         gen double u  = e1
 12.         gen double v  = 0.6*e1 + sqrt(1 - 0.6^2)*e2
 13. 
.         * Variável endógena.
.         gen double x = `pi'*z + v
 14. 
.         * Equação estrutural verdadeira.
.         gen double y = `true_beta'*x + u
 15. 
.         * MQO de referência.
.         quietly regress y x, vce(robust)
 16.         scalar b_ols_rep = _b[x]
 17. 
.         * Primeiro estágio e F robusto.
.         quietly regress x z, vce(robust)
 18.         quietly test z
 19.         scalar f_fs_rep = r(F)
 20. 
.         * Estimação por 2SLS.
.         quietly ivregress 2sls y (x = z), vce(robust)
 21. 
.         scalar b  = _b[x]
 22.         scalar se = _se[x]
 23.         scalar lo = b - invnormal(0.975)*se
 24.         scalar hi = b + invnormal(0.975)*se
 25.         scalar ok = (lo <= `true_beta' & hi >= `true_beta')
 26. 
.         post one (b) (b_ols_rep) (f_fs_rep) (lo) (hi) (ok)
 27.     }
 28. 
.     postclose one
 29. 
.     use `draws', clear
 30. 
.     quietly summarize beta_iv
 31.     scalar mean_iv  = r(mean)
 32.     scalar sd_iv    = r(sd)
 33. 
.     quietly summarize beta_ols
 34.     scalar b_ols    = r(mean)
 35. 
.     quietly summarize f_fs
 36.     scalar mean_ffs = r(mean)
 37. 
.     quietly summarize covered
 38.     scalar cov_iv   = r(mean)
 39. 
.     scalar bias_iv  = mean_iv - `true_beta'
 40. 
.     di as text "[Stata] pi=`pi': 2SLS=" %9.6f mean_iv ///
>                " | MQO=" %9.6f b_ols ///
>                " | viés=" %9.6f bias_iv ///
>                " | sd=" %9.6f sd_iv ///
>                " | F_fs médio=" %9.2f mean_ffs ///
>                " | cobertura=" %9.6f cov_iv
 41. 
.     post sim ("pi=`pi'") (`pi') (`reps') ///
>         (mean_iv) (b_ols) (bias_iv) (sd_iv) (mean_ffs) (cov_iv)
 42. }
[Stata] Simulando pi = 1
(file C:\Users\B03531~1\AppData\Local\Temp\21\ST_7770_000001.tmp not found)
Number of observations (_N) was 0, now 200.
Number of observations (_N) was 0, now 200.
Number of observations (_N) was 0, now 200.
Number of observations (_N) was 0, now 200.
Number of observations (_N) was 0, now 200.
Number of observations (_N) was 0, now 200.
Number of observations (_N) was 0, now 200.
Number of observations (_N) was 0, now 200.
Number of observations (_N) was 0, now 200.
Number of observations (_N) was 0, now 200.
Number of observations (_N) was 0, now 200.
Number of observations (_N) was 0, now 200.
Number of observations (_N) was 0, now 200.
Number of observations (_N) was 0, now 200.
Number of observations (_N) was 0, now 200.
Number of observations (_N) was 0, now 200.
Number of observations (_N) was 0, now 200.
Number of observations (_N) was 0, now 200.
Number of observations (_N) was 0, now 200.
Number of observations (_N) was 0, now 200.
Number of observations (_N) was 0, now 200.
Number of observations (_N) was 0, now 200.
Number of observations (_N) was 0, now 200.
Number of observations (_N) was 0, now 200.
Number of observations (_N) was 0, now 200.
Number of observations (_N) was 0, now 200.
Number of observations (_N) was 0, now 200.
Number of observations (_N) was 0, now 200.
Number of observations (_N) was 0, now 200.
Number of observations (_N) was 0, now 200.
Number of observations (_N) was 0, now 200.
Number of observations (_N) was 0, now 200.
Number of observations (_N) was 0, now 200.
Number of observations (_N) was 0, now 200.
Number of observations (_N) was 0, now 200.
Number of observations (_N) was 0, now 200.
Number of observations (_N) was 0, now 200.
Number of observations (_N) was 0, now 200.
Number of observations (_N) was 0, now 200.
Number of observations (_N) was 0, now 200.
Number of observations (_N) was 0, now 200.
Number of observations (_N) was 0, now 200.
Number of observations (_N) was 0, now 200.
Number of observations (_N) was 0, now 200.
Number of observations (_N) was 0, now 200.
Number of observations (_N) was 0, now 200.
Number of observations (_N) was 0, now 200.
Number of observations (_N) was 0, now 200.
Number of observations (_N) was 0, now 200.
Number of observations (_N) was 0, now 200.
Number of observations (_N) was 0, now 200.
Number of observations (_N) was 0, now 200.
Number of observations (_N) was 0, now 200.
Number of observations (_N) was 0, now 200.
Number of observations (_N) was 0, now 200.
Number of observations (_N) was 0, now 200.
Number of observations (_N) was 0, now 200.
Number of observations (_N) was 0, now 200.
Number of observations (_N) was 0, now 200.
Number of observations (_N) was 0, now 200.
Number of observations (_N) was 0, now 200.
Number of observations (_N) was 0, now 200.
Number of observations (_N) was 0, now 200.
Number of observations (_N) was 0, now 200.
Number of observations (_N) was 0, now 200.
Number of observations (_N) was 0, now 200.
Number of observations (_N) was 0, now 200.
Number of observations (_N) was 0, now 200.
Number of observations (_N) was 0, now 200.
Number of observations (_N) was 0, now 200.
Number of observations (_N) was 0, now 200.
Number of observations (_N) was 0, now 200.
Number of observations (_N) was 0, now 200.
Number of observations (_N) was 0, now 200.
Number of observations (_N) was 0, now 200.
Number of observations (_N) was 0, now 200.
Number of observations (_N) was 0, now 200.
Number of observations (_N) was 0, now 200.
Number of observations (_N) was 0, now 200.
Number of observations (_N) was 0, now 200.
Number of observations (_N) was 0, now 200.
Number of observations (_N) was 0, now 200.
Number of observations (_N) was 0, now 200.
Number of observations (_N) was 0, now 200.
Number of observations (_N) was 0, now 200.
Number of observations (_N) was 0, now 200.
Number of observations (_N) was 0, now 200.
Number of observations (_N) was 0, now 200.
Number of observations (_N) was 0, now 200.
Number of observations (_N) was 0, now 200.
Number of observations (_N) was 0, now 200.
Number of observations (_N) was 0, now 200.
Number of observations (_N) was 0, now 200.
Number of observations (_N) was 0, now 200.
Number of observations (_N) was 0, now 200.
Number of observations (_N) was 0, now 200.
Number of observations (_N) was 0, now 200.
Number of observations (_N) was 0, now 200.
Number of observations (_N) was 0, now 200.
Number of observations (_N) was 0, now 200.
Number of observations (_N) was 0, now 200.
Number of observations (_N) was 0, now 200.
Number of observations (_N) was 0, now 200.
Number of observations (_N) was 0, now 200.
Number of observations (_N) was 0, now 200.
Number of observations (_N) was 0, now 200.
Number of observations (_N) was 0, now 200.
Number of observations (_N) was 0, now 200.
Number of observations (_N) was 0, now 200.
Number of observations (_N) was 0, now 200.
Number of observations (_N) was 0, now 200.
Number of observations (_N) was 0, now 200.
Number of observations (_N) was 0, now 200.
Number of observations (_N) was 0, now 200.
Number of observations (_N) was 0, now 200.
Number of observations (_N) was 0, now 200.
Number of observations (_N) was 0, now 200.
Number of observations (_N) was 0, now 200.
Number of observations (_N) was 0, now 200.
Number of observations (_N) was 0, now 200.
Number of observations (_N) was 0, now 200.
Number of observations (_N) was 0, now 200.
Number of observations (_N) was 0, now 200.
Number of observations (_N) was 0, now 200.
Number of observations (_N) was 0, now 200.
Number of observations (_N) was 0, now 200.
Number of observations (_N) was 0, now 200.
Number of observations (_N) was 0, now 200.
Number of observations (_N) was 0, now 200.
Number of observations (_N) was 0, now 200.
Number of observations (_N) was 0, now 200.
Number of observations (_N) was 0, now 200.
Number of observations (_N) was 0, now 200.
Number of observations (_N) was 0, now 200.
Number of observations (_N) was 0, now 200.
Number of observations (_N) was 0, now 200.
Number of observations (_N) was 0, now 200.
Number of observations (_N) was 0, now 200.
Number of observations (_N) was 0, now 200.
Number of observations (_N) was 0, now 200.
Number of observations (_N) was 0, now 200.
Number of observations (_N) was 0, now 200.
Number of observations (_N) was 0, now 200.
Number of observations (_N) was 0, now 200.
Number of observations (_N) was 0, now 200.
Number of observations (_N) was 0, now 200.
Number of observations (_N) was 0, now 200.
Number of observations (_N) was 0, now 200.
Number of observations (_N) was 0, now 200.
Number of observations (_N) was 0, now 200.
Number of observations (_N) was 0, now 200.
Number of observations (_N) was 0, now 200.
Number of observations (_N) was 0, now 200.
Number of observations (_N) was 0, now 200.
Number of observations (_N) was 0, now 200.
Number of observations (_N) was 0, now 200.
Number of observations (_N) was 0, now 200.
Number of observations (_N) was 0, now 200.
Number of observations (_N) was 0, now 200.
Number of observations (_N) was 0, now 200.
Number of observations (_N) was 0, now 200.
Number of observations (_N) was 0, now 200.
Number of observations (_N) was 0, now 200.
Number of observations (_N) was 0, now 200.
Number of observations (_N) was 0, now 200.
Number of observations (_N) was 0, now 200.
Number of observations (_N) was 0, now 200.
Number of observations (_N) was 0, now 200.
Number of observations (_N) was 0, now 200.
Number of observations (_N) was 0, now 200.
Number of observations (_N) was 0, now 200.
Number of observations (_N) was 0, now 200.
Number of observations (_N) was 0, now 200.
Number of observations (_N) was 0, now 200.
Number of observations (_N) was 0, now 200.
Number of observations (_N) was 0, now 200.
Number of observations (_N) was 0, now 200.
Number of observations (_N) was 0, now 200.
Number of observations (_N) was 0, now 200.
Number of observations (_N) was 0, now 200.
Number of observations (_N) was 0, now 200.
Number of observations (_N) was 0, now 200.
Number of observations (_N) was 0, now 200.
Number of observations (_N) was 0, now 200.
Number of observations (_N) was 0, now 200.
Number of observations (_N) was 0, now 200.
Number of observations (_N) was 0, now 200.
Number of observations (_N) was 0, now 200.
Number of observations (_N) was 0, now 200.
Number of observations (_N) was 0, now 200.
Number of observations (_N) was 0, now 200.
Number of observations (_N) was 0, now 200.
Number of observations (_N) was 0, now 200.
Number of observations (_N) was 0, now 200.
Number of observations (_N) was 0, now 200.
Number of observations (_N) was 0, now 200.
Number of observations (_N) was 0, now 200.
Number of observations (_N) was 0, now 200.
Number of observations (_N) was 0, now 200.
Number of observations (_N) was 0, now 200.
Number of observations (_N) was 0, now 200.
Number of observations (_N) was 0, now 200.
Number of observations (_N) was 0, now 200.
Number of observations (_N) was 0, now 200.
Number of observations (_N) was 0, now 200.
Number of observations (_N) was 0, now 200.
Number of observations (_N) was 0, now 200.
Number of observations (_N) was 0, now 200.
Number of observations (_N) was 0, now 200.
Number of observations (_N) was 0, now 200.
Number of observations (_N) was 0, now 200.
Number of observations (_N) was 0, now 200.
Number of observations (_N) was 0, now 200.
Number of observations (_N) was 0, now 200.
Number of observations (_N) was 0, now 200.
Number of observations (_N) was 0, now 200.
Number of observations (_N) was 0, now 200.
Number of observations (_N) was 0, now 200.
Number of observations (_N) was 0, now 200.
Number of observations (_N) was 0, now 200.
Number of observations (_N) was 0, now 200.
Number of observations (_N) was 0, now 200.
Number of observations (_N) was 0, now 200.
Number of observations (_N) was 0, now 200.
Number of observations (_N) was 0, now 200.
Number of observations (_N) was 0, now 200.
Number of observations (_N) was 0, now 200.
Number of observations (_N) was 0, now 200.
Number of observations (_N) was 0, now 200.
Number of observations (_N) was 0, now 200.
Number of observations (_N) was 0, now 200.
Number of observations (_N) was 0, now 200.
Number of observations (_N) was 0, now 200.
Number of observations (_N) was 0, now 200.
Number of observations (_N) was 0, now 200.
Number of observations (_N) was 0, now 200.
Number of observations (_N) was 0, now 200.
Number of observations (_N) was 0, now 200.
Number of observations (_N) was 0, now 200.
Number of observations (_N) was 0, now 200.
Number of observations (_N) was 0, now 200.
Number of observations (_N) was 0, now 200.
Number of observations (_N) was 0, now 200.
Number of observations (_N) was 0, now 200.
Number of observations (_N) was 0, now 200.
Number of observations (_N) was 0, now 200.
Number of observations (_N) was 0, now 200.
Number of observations (_N) was 0, now 200.
Number of observations (_N) was 0, now 200.
Number of observations (_N) was 0, now 200.
[Stata] pi=1: 2SLS=-0.997697 | MQO=-0.698944 | viés= 0.002303 | sd= 0.064437 | F_fs médio=   208.87 | cobertura= 0.96800
> 0
[Stata] Simulando pi = 0.5
(file C:\Users\B03531~1\AppData\Local\Temp\21\ST_7770_000002.tmp not found)
Number of observations (_N) was 0, now 200.
Number of observations (_N) was 0, now 200.
Number of observations (_N) was 0, now 200.
Number of observations (_N) was 0, now 200.
Number of observations (_N) was 0, now 200.
Number of observations (_N) was 0, now 200.
Number of observations (_N) was 0, now 200.
Number of observations (_N) was 0, now 200.
Number of observations (_N) was 0, now 200.
Number of observations (_N) was 0, now 200.
Number of observations (_N) was 0, now 200.
Number of observations (_N) was 0, now 200.
Number of observations (_N) was 0, now 200.
Number of observations (_N) was 0, now 200.
Number of observations (_N) was 0, now 200.
Number of observations (_N) was 0, now 200.
Number of observations (_N) was 0, now 200.
Number of observations (_N) was 0, now 200.
Number of observations (_N) was 0, now 200.
Number of observations (_N) was 0, now 200.
Number of observations (_N) was 0, now 200.
Number of observations (_N) was 0, now 200.
Number of observations (_N) was 0, now 200.
Number of observations (_N) was 0, now 200.
Number of observations (_N) was 0, now 200.
Number of observations (_N) was 0, now 200.
Number of observations (_N) was 0, now 200.
Number of observations (_N) was 0, now 200.
Number of observations (_N) was 0, now 200.
Number of observations (_N) was 0, now 200.
Number of observations (_N) was 0, now 200.
Number of observations (_N) was 0, now 200.
Number of observations (_N) was 0, now 200.
Number of observations (_N) was 0, now 200.
Number of observations (_N) was 0, now 200.
Number of observations (_N) was 0, now 200.
Number of observations (_N) was 0, now 200.
Number of observations (_N) was 0, now 200.
Number of observations (_N) was 0, now 200.
Number of observations (_N) was 0, now 200.
Number of observations (_N) was 0, now 200.
Number of observations (_N) was 0, now 200.
Number of observations (_N) was 0, now 200.
Number of observations (_N) was 0, now 200.
Number of observations (_N) was 0, now 200.
Number of observations (_N) was 0, now 200.
Number of observations (_N) was 0, now 200.
Number of observations (_N) was 0, now 200.
Number of observations (_N) was 0, now 200.
Number of observations (_N) was 0, now 200.
Number of observations (_N) was 0, now 200.
Number of observations (_N) was 0, now 200.
Number of observations (_N) was 0, now 200.
Number of observations (_N) was 0, now 200.
Number of observations (_N) was 0, now 200.
Number of observations (_N) was 0, now 200.
Number of observations (_N) was 0, now 200.
Number of observations (_N) was 0, now 200.
Number of observations (_N) was 0, now 200.
Number of observations (_N) was 0, now 200.
Number of observations (_N) was 0, now 200.
Number of observations (_N) was 0, now 200.
Number of observations (_N) was 0, now 200.
Number of observations (_N) was 0, now 200.
Number of observations (_N) was 0, now 200.
Number of observations (_N) was 0, now 200.
Number of observations (_N) was 0, now 200.
Number of observations (_N) was 0, now 200.
Number of observations (_N) was 0, now 200.
Number of observations (_N) was 0, now 200.
Number of observations (_N) was 0, now 200.
Number of observations (_N) was 0, now 200.
Number of observations (_N) was 0, now 200.
Number of observations (_N) was 0, now 200.
Number of observations (_N) was 0, now 200.
Number of observations (_N) was 0, now 200.
Number of observations (_N) was 0, now 200.
Number of observations (_N) was 0, now 200.
Number of observations (_N) was 0, now 200.
Number of observations (_N) was 0, now 200.
Number of observations (_N) was 0, now 200.
Number of observations (_N) was 0, now 200.
Number of observations (_N) was 0, now 200.
Number of observations (_N) was 0, now 200.
Number of observations (_N) was 0, now 200.
Number of observations (_N) was 0, now 200.
Number of observations (_N) was 0, now 200.
Number of observations (_N) was 0, now 200.
Number of observations (_N) was 0, now 200.
Number of observations (_N) was 0, now 200.
Number of observations (_N) was 0, now 200.
Number of observations (_N) was 0, now 200.
Number of observations (_N) was 0, now 200.
Number of observations (_N) was 0, now 200.
Number of observations (_N) was 0, now 200.
Number of observations (_N) was 0, now 200.
Number of observations (_N) was 0, now 200.
Number of observations (_N) was 0, now 200.
Number of observations (_N) was 0, now 200.
Number of observations (_N) was 0, now 200.
Number of observations (_N) was 0, now 200.
Number of observations (_N) was 0, now 200.
Number of observations (_N) was 0, now 200.
Number of observations (_N) was 0, now 200.
Number of observations (_N) was 0, now 200.
Number of observations (_N) was 0, now 200.
Number of observations (_N) was 0, now 200.
Number of observations (_N) was 0, now 200.
Number of observations (_N) was 0, now 200.
Number of observations (_N) was 0, now 200.
Number of observations (_N) was 0, now 200.
Number of observations (_N) was 0, now 200.
Number of observations (_N) was 0, now 200.
Number of observations (_N) was 0, now 200.
Number of observations (_N) was 0, now 200.
Number of observations (_N) was 0, now 200.
Number of observations (_N) was 0, now 200.
Number of observations (_N) was 0, now 200.
Number of observations (_N) was 0, now 200.
Number of observations (_N) was 0, now 200.
Number of observations (_N) was 0, now 200.
Number of observations (_N) was 0, now 200.
Number of observations (_N) was 0, now 200.
Number of observations (_N) was 0, now 200.
Number of observations (_N) was 0, now 200.
Number of observations (_N) was 0, now 200.
Number of observations (_N) was 0, now 200.
Number of observations (_N) was 0, now 200.
Number of observations (_N) was 0, now 200.
Number of observations (_N) was 0, now 200.
Number of observations (_N) was 0, now 200.
Number of observations (_N) was 0, now 200.
Number of observations (_N) was 0, now 200.
Number of observations (_N) was 0, now 200.
Number of observations (_N) was 0, now 200.
Number of observations (_N) was 0, now 200.
Number of observations (_N) was 0, now 200.
Number of observations (_N) was 0, now 200.
Number of observations (_N) was 0, now 200.
Number of observations (_N) was 0, now 200.
Number of observations (_N) was 0, now 200.
Number of observations (_N) was 0, now 200.
Number of observations (_N) was 0, now 200.
Number of observations (_N) was 0, now 200.
Number of observations (_N) was 0, now 200.
Number of observations (_N) was 0, now 200.
Number of observations (_N) was 0, now 200.
Number of observations (_N) was 0, now 200.
Number of observations (_N) was 0, now 200.
Number of observations (_N) was 0, now 200.
Number of observations (_N) was 0, now 200.
Number of observations (_N) was 0, now 200.
Number of observations (_N) was 0, now 200.
Number of observations (_N) was 0, now 200.
Number of observations (_N) was 0, now 200.
Number of observations (_N) was 0, now 200.
Number of observations (_N) was 0, now 200.
Number of observations (_N) was 0, now 200.
Number of observations (_N) was 0, now 200.
Number of observations (_N) was 0, now 200.
Number of observations (_N) was 0, now 200.
Number of observations (_N) was 0, now 200.
Number of observations (_N) was 0, now 200.
Number of observations (_N) was 0, now 200.
Number of observations (_N) was 0, now 200.
Number of observations (_N) was 0, now 200.
Number of observations (_N) was 0, now 200.
Number of observations (_N) was 0, now 200.
Number of observations (_N) was 0, now 200.
Number of observations (_N) was 0, now 200.
Number of observations (_N) was 0, now 200.
Number of observations (_N) was 0, now 200.
Number of observations (_N) was 0, now 200.
Number of observations (_N) was 0, now 200.
Number of observations (_N) was 0, now 200.
Number of observations (_N) was 0, now 200.
Number of observations (_N) was 0, now 200.
Number of observations (_N) was 0, now 200.
Number of observations (_N) was 0, now 200.
Number of observations (_N) was 0, now 200.
Number of observations (_N) was 0, now 200.
Number of observations (_N) was 0, now 200.
Number of observations (_N) was 0, now 200.
Number of observations (_N) was 0, now 200.
Number of observations (_N) was 0, now 200.
Number of observations (_N) was 0, now 200.
Number of observations (_N) was 0, now 200.
Number of observations (_N) was 0, now 200.
Number of observations (_N) was 0, now 200.
Number of observations (_N) was 0, now 200.
Number of observations (_N) was 0, now 200.
Number of observations (_N) was 0, now 200.
Number of observations (_N) was 0, now 200.
Number of observations (_N) was 0, now 200.
Number of observations (_N) was 0, now 200.
Number of observations (_N) was 0, now 200.
Number of observations (_N) was 0, now 200.
Number of observations (_N) was 0, now 200.
Number of observations (_N) was 0, now 200.
Number of observations (_N) was 0, now 200.
Number of observations (_N) was 0, now 200.
Number of observations (_N) was 0, now 200.
Number of observations (_N) was 0, now 200.
Number of observations (_N) was 0, now 200.
Number of observations (_N) was 0, now 200.
Number of observations (_N) was 0, now 200.
Number of observations (_N) was 0, now 200.
Number of observations (_N) was 0, now 200.
Number of observations (_N) was 0, now 200.
Number of observations (_N) was 0, now 200.
Number of observations (_N) was 0, now 200.
Number of observations (_N) was 0, now 200.
Number of observations (_N) was 0, now 200.
Number of observations (_N) was 0, now 200.
Number of observations (_N) was 0, now 200.
Number of observations (_N) was 0, now 200.
Number of observations (_N) was 0, now 200.
Number of observations (_N) was 0, now 200.
Number of observations (_N) was 0, now 200.
Number of observations (_N) was 0, now 200.
Number of observations (_N) was 0, now 200.
Number of observations (_N) was 0, now 200.
Number of observations (_N) was 0, now 200.
Number of observations (_N) was 0, now 200.
Number of observations (_N) was 0, now 200.
Number of observations (_N) was 0, now 200.
Number of observations (_N) was 0, now 200.
Number of observations (_N) was 0, now 200.
Number of observations (_N) was 0, now 200.
Number of observations (_N) was 0, now 200.
Number of observations (_N) was 0, now 200.
Number of observations (_N) was 0, now 200.
Number of observations (_N) was 0, now 200.
Number of observations (_N) was 0, now 200.
Number of observations (_N) was 0, now 200.
Number of observations (_N) was 0, now 200.
Number of observations (_N) was 0, now 200.
Number of observations (_N) was 0, now 200.
Number of observations (_N) was 0, now 200.
Number of observations (_N) was 0, now 200.
Number of observations (_N) was 0, now 200.
Number of observations (_N) was 0, now 200.
Number of observations (_N) was 0, now 200.
Number of observations (_N) was 0, now 200.
Number of observations (_N) was 0, now 200.
Number of observations (_N) was 0, now 200.
Number of observations (_N) was 0, now 200.
Number of observations (_N) was 0, now 200.
Number of observations (_N) was 0, now 200.
Number of observations (_N) was 0, now 200.
[Stata] pi=0.5: 2SLS=-1.013508 | MQO=-0.520294 | viés=-0.013508 | sd= 0.157544 | F_fs médio=    53.10 | cobertura= 0.944
> 000
[Stata] Simulando pi = 0.25
(file C:\Users\B03531~1\AppData\Local\Temp\21\ST_7770_000003.tmp not found)
Number of observations (_N) was 0, now 200.
Number of observations (_N) was 0, now 200.
Number of observations (_N) was 0, now 200.
Number of observations (_N) was 0, now 200.
Number of observations (_N) was 0, now 200.
Number of observations (_N) was 0, now 200.
Number of observations (_N) was 0, now 200.
Number of observations (_N) was 0, now 200.
Number of observations (_N) was 0, now 200.
Number of observations (_N) was 0, now 200.
Number of observations (_N) was 0, now 200.
Number of observations (_N) was 0, now 200.
Number of observations (_N) was 0, now 200.
Number of observations (_N) was 0, now 200.
Number of observations (_N) was 0, now 200.
Number of observations (_N) was 0, now 200.
Number of observations (_N) was 0, now 200.
Number of observations (_N) was 0, now 200.
Number of observations (_N) was 0, now 200.
Number of observations (_N) was 0, now 200.
Number of observations (_N) was 0, now 200.
Number of observations (_N) was 0, now 200.
Number of observations (_N) was 0, now 200.
Number of observations (_N) was 0, now 200.
Number of observations (_N) was 0, now 200.
Number of observations (_N) was 0, now 200.
Number of observations (_N) was 0, now 200.
Number of observations (_N) was 0, now 200.
Number of observations (_N) was 0, now 200.
Number of observations (_N) was 0, now 200.
Number of observations (_N) was 0, now 200.
Number of observations (_N) was 0, now 200.
Number of observations (_N) was 0, now 200.
Number of observations (_N) was 0, now 200.
Number of observations (_N) was 0, now 200.
Number of observations (_N) was 0, now 200.
Number of observations (_N) was 0, now 200.
Number of observations (_N) was 0, now 200.
Number of observations (_N) was 0, now 200.
Number of observations (_N) was 0, now 200.
Number of observations (_N) was 0, now 200.
Number of observations (_N) was 0, now 200.
Number of observations (_N) was 0, now 200.
Number of observations (_N) was 0, now 200.
Number of observations (_N) was 0, now 200.
Number of observations (_N) was 0, now 200.
Number of observations (_N) was 0, now 200.
Number of observations (_N) was 0, now 200.
Number of observations (_N) was 0, now 200.
Number of observations (_N) was 0, now 200.
Number of observations (_N) was 0, now 200.
Number of observations (_N) was 0, now 200.
Number of observations (_N) was 0, now 200.
Number of observations (_N) was 0, now 200.
Number of observations (_N) was 0, now 200.
Number of observations (_N) was 0, now 200.
Number of observations (_N) was 0, now 200.
Number of observations (_N) was 0, now 200.
Number of observations (_N) was 0, now 200.
Number of observations (_N) was 0, now 200.
Number of observations (_N) was 0, now 200.
Number of observations (_N) was 0, now 200.
Number of observations (_N) was 0, now 200.
Number of observations (_N) was 0, now 200.
Number of observations (_N) was 0, now 200.
Number of observations (_N) was 0, now 200.
Number of observations (_N) was 0, now 200.
Number of observations (_N) was 0, now 200.
Number of observations (_N) was 0, now 200.
Number of observations (_N) was 0, now 200.
Number of observations (_N) was 0, now 200.
Number of observations (_N) was 0, now 200.
Number of observations (_N) was 0, now 200.
Number of observations (_N) was 0, now 200.
Number of observations (_N) was 0, now 200.
Number of observations (_N) was 0, now 200.
Number of observations (_N) was 0, now 200.
Number of observations (_N) was 0, now 200.
Number of observations (_N) was 0, now 200.
Number of observations (_N) was 0, now 200.
Number of observations (_N) was 0, now 200.
Number of observations (_N) was 0, now 200.
Number of observations (_N) was 0, now 200.
Number of observations (_N) was 0, now 200.
Number of observations (_N) was 0, now 200.
Number of observations (_N) was 0, now 200.
Number of observations (_N) was 0, now 200.
Number of observations (_N) was 0, now 200.
Number of observations (_N) was 0, now 200.
Number of observations (_N) was 0, now 200.
Number of observations (_N) was 0, now 200.
Number of observations (_N) was 0, now 200.
Number of observations (_N) was 0, now 200.
Number of observations (_N) was 0, now 200.
Number of observations (_N) was 0, now 200.
Number of observations (_N) was 0, now 200.
Number of observations (_N) was 0, now 200.
Number of observations (_N) was 0, now 200.
Number of observations (_N) was 0, now 200.
Number of observations (_N) was 0, now 200.
Number of observations (_N) was 0, now 200.
Number of observations (_N) was 0, now 200.
Number of observations (_N) was 0, now 200.
Number of observations (_N) was 0, now 200.
Number of observations (_N) was 0, now 200.
Number of observations (_N) was 0, now 200.
Number of observations (_N) was 0, now 200.
Number of observations (_N) was 0, now 200.
Number of observations (_N) was 0, now 200.
Number of observations (_N) was 0, now 200.
Number of observations (_N) was 0, now 200.
Number of observations (_N) was 0, now 200.
Number of observations (_N) was 0, now 200.
Number of observations (_N) was 0, now 200.
Number of observations (_N) was 0, now 200.
Number of observations (_N) was 0, now 200.
Number of observations (_N) was 0, now 200.
Number of observations (_N) was 0, now 200.
Number of observations (_N) was 0, now 200.
Number of observations (_N) was 0, now 200.
Number of observations (_N) was 0, now 200.
Number of observations (_N) was 0, now 200.
Number of observations (_N) was 0, now 200.
Number of observations (_N) was 0, now 200.
Number of observations (_N) was 0, now 200.
Number of observations (_N) was 0, now 200.
Number of observations (_N) was 0, now 200.
Number of observations (_N) was 0, now 200.
Number of observations (_N) was 0, now 200.
Number of observations (_N) was 0, now 200.
Number of observations (_N) was 0, now 200.
Number of observations (_N) was 0, now 200.
Number of observations (_N) was 0, now 200.
Number of observations (_N) was 0, now 200.
Number of observations (_N) was 0, now 200.
Number of observations (_N) was 0, now 200.
Number of observations (_N) was 0, now 200.
Number of observations (_N) was 0, now 200.
Number of observations (_N) was 0, now 200.
Number of observations (_N) was 0, now 200.
Number of observations (_N) was 0, now 200.
Number of observations (_N) was 0, now 200.
Number of observations (_N) was 0, now 200.
Number of observations (_N) was 0, now 200.
Number of observations (_N) was 0, now 200.
Number of observations (_N) was 0, now 200.
Number of observations (_N) was 0, now 200.
Number of observations (_N) was 0, now 200.
Number of observations (_N) was 0, now 200.
Number of observations (_N) was 0, now 200.
Number of observations (_N) was 0, now 200.
Number of observations (_N) was 0, now 200.
Number of observations (_N) was 0, now 200.
Number of observations (_N) was 0, now 200.
Number of observations (_N) was 0, now 200.
Number of observations (_N) was 0, now 200.
Number of observations (_N) was 0, now 200.
Number of observations (_N) was 0, now 200.
Number of observations (_N) was 0, now 200.
Number of observations (_N) was 0, now 200.
Number of observations (_N) was 0, now 200.
Number of observations (_N) was 0, now 200.
Number of observations (_N) was 0, now 200.
Number of observations (_N) was 0, now 200.
Number of observations (_N) was 0, now 200.
Number of observations (_N) was 0, now 200.
Number of observations (_N) was 0, now 200.
Number of observations (_N) was 0, now 200.
Number of observations (_N) was 0, now 200.
Number of observations (_N) was 0, now 200.
Number of observations (_N) was 0, now 200.
Number of observations (_N) was 0, now 200.
Number of observations (_N) was 0, now 200.
Number of observations (_N) was 0, now 200.
Number of observations (_N) was 0, now 200.
Number of observations (_N) was 0, now 200.
Number of observations (_N) was 0, now 200.
Number of observations (_N) was 0, now 200.
Number of observations (_N) was 0, now 200.
Number of observations (_N) was 0, now 200.
Number of observations (_N) was 0, now 200.
Number of observations (_N) was 0, now 200.
Number of observations (_N) was 0, now 200.
Number of observations (_N) was 0, now 200.
Number of observations (_N) was 0, now 200.
Number of observations (_N) was 0, now 200.
Number of observations (_N) was 0, now 200.
Number of observations (_N) was 0, now 200.
Number of observations (_N) was 0, now 200.
Number of observations (_N) was 0, now 200.
Number of observations (_N) was 0, now 200.
Number of observations (_N) was 0, now 200.
Number of observations (_N) was 0, now 200.
Number of observations (_N) was 0, now 200.
Number of observations (_N) was 0, now 200.
Number of observations (_N) was 0, now 200.
Number of observations (_N) was 0, now 200.
Number of observations (_N) was 0, now 200.
Number of observations (_N) was 0, now 200.
Number of observations (_N) was 0, now 200.
Number of observations (_N) was 0, now 200.
Number of observations (_N) was 0, now 200.
Number of observations (_N) was 0, now 200.
Number of observations (_N) was 0, now 200.
Number of observations (_N) was 0, now 200.
Number of observations (_N) was 0, now 200.
Number of observations (_N) was 0, now 200.
Number of observations (_N) was 0, now 200.
Number of observations (_N) was 0, now 200.
Number of observations (_N) was 0, now 200.
Number of observations (_N) was 0, now 200.
Number of observations (_N) was 0, now 200.
Number of observations (_N) was 0, now 200.
Number of observations (_N) was 0, now 200.
Number of observations (_N) was 0, now 200.
Number of observations (_N) was 0, now 200.
Number of observations (_N) was 0, now 200.
Number of observations (_N) was 0, now 200.
Number of observations (_N) was 0, now 200.
Number of observations (_N) was 0, now 200.
Number of observations (_N) was 0, now 200.
Number of observations (_N) was 0, now 200.
Number of observations (_N) was 0, now 200.
Number of observations (_N) was 0, now 200.
Number of observations (_N) was 0, now 200.
Number of observations (_N) was 0, now 200.
Number of observations (_N) was 0, now 200.
Number of observations (_N) was 0, now 200.
Number of observations (_N) was 0, now 200.
Number of observations (_N) was 0, now 200.
Number of observations (_N) was 0, now 200.
Number of observations (_N) was 0, now 200.
Number of observations (_N) was 0, now 200.
Number of observations (_N) was 0, now 200.
Number of observations (_N) was 0, now 200.
Number of observations (_N) was 0, now 200.
Number of observations (_N) was 0, now 200.
Number of observations (_N) was 0, now 200.
Number of observations (_N) was 0, now 200.
Number of observations (_N) was 0, now 200.
Number of observations (_N) was 0, now 200.
Number of observations (_N) was 0, now 200.
Number of observations (_N) was 0, now 200.
Number of observations (_N) was 0, now 200.
Number of observations (_N) was 0, now 200.
Number of observations (_N) was 0, now 200.
Number of observations (_N) was 0, now 200.
Number of observations (_N) was 0, now 200.
Number of observations (_N) was 0, now 200.
Number of observations (_N) was 0, now 200.
[Stata] pi=0.25: 2SLS=-1.099719 | MQO=-0.434551 | viés=-0.099719 | sd= 0.391757 | F_fs médio=    13.40 | cobertura= 0.95
> 6000
[Stata] Simulando pi = 0.10
(file C:\Users\B03531~1\AppData\Local\Temp\21\ST_7770_000004.tmp not found)
Number of observations (_N) was 0, now 200.
Number of observations (_N) was 0, now 200.
Number of observations (_N) was 0, now 200.
Number of observations (_N) was 0, now 200.
Number of observations (_N) was 0, now 200.
Number of observations (_N) was 0, now 200.
Number of observations (_N) was 0, now 200.
Number of observations (_N) was 0, now 200.
Number of observations (_N) was 0, now 200.
Number of observations (_N) was 0, now 200.
Number of observations (_N) was 0, now 200.
Number of observations (_N) was 0, now 200.
Number of observations (_N) was 0, now 200.
Number of observations (_N) was 0, now 200.
Number of observations (_N) was 0, now 200.
Number of observations (_N) was 0, now 200.
Number of observations (_N) was 0, now 200.
Number of observations (_N) was 0, now 200.
Number of observations (_N) was 0, now 200.
Number of observations (_N) was 0, now 200.
Number of observations (_N) was 0, now 200.
Number of observations (_N) was 0, now 200.
Number of observations (_N) was 0, now 200.
Number of observations (_N) was 0, now 200.
Number of observations (_N) was 0, now 200.
Number of observations (_N) was 0, now 200.
Number of observations (_N) was 0, now 200.
Number of observations (_N) was 0, now 200.
Number of observations (_N) was 0, now 200.
Number of observations (_N) was 0, now 200.
Number of observations (_N) was 0, now 200.
Number of observations (_N) was 0, now 200.
Number of observations (_N) was 0, now 200.
Number of observations (_N) was 0, now 200.
Number of observations (_N) was 0, now 200.
Number of observations (_N) was 0, now 200.
Number of observations (_N) was 0, now 200.
Number of observations (_N) was 0, now 200.
Number of observations (_N) was 0, now 200.
Number of observations (_N) was 0, now 200.
Number of observations (_N) was 0, now 200.
Number of observations (_N) was 0, now 200.
Number of observations (_N) was 0, now 200.
Number of observations (_N) was 0, now 200.
Number of observations (_N) was 0, now 200.
Number of observations (_N) was 0, now 200.
Number of observations (_N) was 0, now 200.
Number of observations (_N) was 0, now 200.
Number of observations (_N) was 0, now 200.
Number of observations (_N) was 0, now 200.
Number of observations (_N) was 0, now 200.
Number of observations (_N) was 0, now 200.
Number of observations (_N) was 0, now 200.
Number of observations (_N) was 0, now 200.
Number of observations (_N) was 0, now 200.
Number of observations (_N) was 0, now 200.
Number of observations (_N) was 0, now 200.
Number of observations (_N) was 0, now 200.
Number of observations (_N) was 0, now 200.
Number of observations (_N) was 0, now 200.
Number of observations (_N) was 0, now 200.
Number of observations (_N) was 0, now 200.
Number of observations (_N) was 0, now 200.
Number of observations (_N) was 0, now 200.
Number of observations (_N) was 0, now 200.
Number of observations (_N) was 0, now 200.
Number of observations (_N) was 0, now 200.
Number of observations (_N) was 0, now 200.
Number of observations (_N) was 0, now 200.
Number of observations (_N) was 0, now 200.
Number of observations (_N) was 0, now 200.
Number of observations (_N) was 0, now 200.
Number of observations (_N) was 0, now 200.
Number of observations (_N) was 0, now 200.
Number of observations (_N) was 0, now 200.
Number of observations (_N) was 0, now 200.
Number of observations (_N) was 0, now 200.
Number of observations (_N) was 0, now 200.
Number of observations (_N) was 0, now 200.
Number of observations (_N) was 0, now 200.
Number of observations (_N) was 0, now 200.
Number of observations (_N) was 0, now 200.
Number of observations (_N) was 0, now 200.
Number of observations (_N) was 0, now 200.
Number of observations (_N) was 0, now 200.
Number of observations (_N) was 0, now 200.
Number of observations (_N) was 0, now 200.
Number of observations (_N) was 0, now 200.
Number of observations (_N) was 0, now 200.
Number of observations (_N) was 0, now 200.
Number of observations (_N) was 0, now 200.
Number of observations (_N) was 0, now 200.
Number of observations (_N) was 0, now 200.
Number of observations (_N) was 0, now 200.
Number of observations (_N) was 0, now 200.
Number of observations (_N) was 0, now 200.
Number of observations (_N) was 0, now 200.
Number of observations (_N) was 0, now 200.
Number of observations (_N) was 0, now 200.
Number of observations (_N) was 0, now 200.
Number of observations (_N) was 0, now 200.
Number of observations (_N) was 0, now 200.
Number of observations (_N) was 0, now 200.
Number of observations (_N) was 0, now 200.
Number of observations (_N) was 0, now 200.
Number of observations (_N) was 0, now 200.
Number of observations (_N) was 0, now 200.
Number of observations (_N) was 0, now 200.
Number of observations (_N) was 0, now 200.
Number of observations (_N) was 0, now 200.
Number of observations (_N) was 0, now 200.
Number of observations (_N) was 0, now 200.
Number of observations (_N) was 0, now 200.
Number of observations (_N) was 0, now 200.
Number of observations (_N) was 0, now 200.
Number of observations (_N) was 0, now 200.
Number of observations (_N) was 0, now 200.
Number of observations (_N) was 0, now 200.
Number of observations (_N) was 0, now 200.
Number of observations (_N) was 0, now 200.
Number of observations (_N) was 0, now 200.
Number of observations (_N) was 0, now 200.
Number of observations (_N) was 0, now 200.
Number of observations (_N) was 0, now 200.
Number of observations (_N) was 0, now 200.
Number of observations (_N) was 0, now 200.
Number of observations (_N) was 0, now 200.
Number of observations (_N) was 0, now 200.
Number of observations (_N) was 0, now 200.
Number of observations (_N) was 0, now 200.
Number of observations (_N) was 0, now 200.
Number of observations (_N) was 0, now 200.
Number of observations (_N) was 0, now 200.
Number of observations (_N) was 0, now 200.
Number of observations (_N) was 0, now 200.
Number of observations (_N) was 0, now 200.
Number of observations (_N) was 0, now 200.
Number of observations (_N) was 0, now 200.
Number of observations (_N) was 0, now 200.
Number of observations (_N) was 0, now 200.
Number of observations (_N) was 0, now 200.
Number of observations (_N) was 0, now 200.
Number of observations (_N) was 0, now 200.
Number of observations (_N) was 0, now 200.
Number of observations (_N) was 0, now 200.
Number of observations (_N) was 0, now 200.
Number of observations (_N) was 0, now 200.
Number of observations (_N) was 0, now 200.
Number of observations (_N) was 0, now 200.
Number of observations (_N) was 0, now 200.
Number of observations (_N) was 0, now 200.
Number of observations (_N) was 0, now 200.
Number of observations (_N) was 0, now 200.
Number of observations (_N) was 0, now 200.
Number of observations (_N) was 0, now 200.
Number of observations (_N) was 0, now 200.
Number of observations (_N) was 0, now 200.
Number of observations (_N) was 0, now 200.
Number of observations (_N) was 0, now 200.
Number of observations (_N) was 0, now 200.
Number of observations (_N) was 0, now 200.
Number of observations (_N) was 0, now 200.
Number of observations (_N) was 0, now 200.
Number of observations (_N) was 0, now 200.
Number of observations (_N) was 0, now 200.
Number of observations (_N) was 0, now 200.
Number of observations (_N) was 0, now 200.
Number of observations (_N) was 0, now 200.
Number of observations (_N) was 0, now 200.
Number of observations (_N) was 0, now 200.
Number of observations (_N) was 0, now 200.
Number of observations (_N) was 0, now 200.
Number of observations (_N) was 0, now 200.
Number of observations (_N) was 0, now 200.
Number of observations (_N) was 0, now 200.
Number of observations (_N) was 0, now 200.
Number of observations (_N) was 0, now 200.
Number of observations (_N) was 0, now 200.
Number of observations (_N) was 0, now 200.
Number of observations (_N) was 0, now 200.
Number of observations (_N) was 0, now 200.
Number of observations (_N) was 0, now 200.
Number of observations (_N) was 0, now 200.
Number of observations (_N) was 0, now 200.
Number of observations (_N) was 0, now 200.
Number of observations (_N) was 0, now 200.
Number of observations (_N) was 0, now 200.
Number of observations (_N) was 0, now 200.
Number of observations (_N) was 0, now 200.
Number of observations (_N) was 0, now 200.
Number of observations (_N) was 0, now 200.
Number of observations (_N) was 0, now 200.
Number of observations (_N) was 0, now 200.
Number of observations (_N) was 0, now 200.
Number of observations (_N) was 0, now 200.
Number of observations (_N) was 0, now 200.
Number of observations (_N) was 0, now 200.
Number of observations (_N) was 0, now 200.
Number of observations (_N) was 0, now 200.
Number of observations (_N) was 0, now 200.
Number of observations (_N) was 0, now 200.
Number of observations (_N) was 0, now 200.
Number of observations (_N) was 0, now 200.
Number of observations (_N) was 0, now 200.
Number of observations (_N) was 0, now 200.
Number of observations (_N) was 0, now 200.
Number of observations (_N) was 0, now 200.
Number of observations (_N) was 0, now 200.
Number of observations (_N) was 0, now 200.
Number of observations (_N) was 0, now 200.
Number of observations (_N) was 0, now 200.
Number of observations (_N) was 0, now 200.
Number of observations (_N) was 0, now 200.
Number of observations (_N) was 0, now 200.
Number of observations (_N) was 0, now 200.
Number of observations (_N) was 0, now 200.
Number of observations (_N) was 0, now 200.
Number of observations (_N) was 0, now 200.
Number of observations (_N) was 0, now 200.
Number of observations (_N) was 0, now 200.
Number of observations (_N) was 0, now 200.
Number of observations (_N) was 0, now 200.
Number of observations (_N) was 0, now 200.
Number of observations (_N) was 0, now 200.
Number of observations (_N) was 0, now 200.
Number of observations (_N) was 0, now 200.
Number of observations (_N) was 0, now 200.
Number of observations (_N) was 0, now 200.
Number of observations (_N) was 0, now 200.
Number of observations (_N) was 0, now 200.
Number of observations (_N) was 0, now 200.
Number of observations (_N) was 0, now 200.
Number of observations (_N) was 0, now 200.
Number of observations (_N) was 0, now 200.
Number of observations (_N) was 0, now 200.
Number of observations (_N) was 0, now 200.
Number of observations (_N) was 0, now 200.
Number of observations (_N) was 0, now 200.
Number of observations (_N) was 0, now 200.
Number of observations (_N) was 0, now 200.
Number of observations (_N) was 0, now 200.
Number of observations (_N) was 0, now 200.
Number of observations (_N) was 0, now 200.
Number of observations (_N) was 0, now 200.
Number of observations (_N) was 0, now 200.
Number of observations (_N) was 0, now 200.
Number of observations (_N) was 0, now 200.
Number of observations (_N) was 0, now 200.
Number of observations (_N) was 0, now 200.
Number of observations (_N) was 0, now 200.
[Stata] pi=0.10: 2SLS=-0.478659 | MQO=-0.410519 | viés= 0.521341 | sd= 5.417924 | F_fs médio=     3.35 | cobertura= 0.94
> 8000
[Stata] Simulando pi = 0.05
(file C:\Users\B03531~1\AppData\Local\Temp\21\ST_7770_000005.tmp not found)
Number of observations (_N) was 0, now 200.
Number of observations (_N) was 0, now 200.
Number of observations (_N) was 0, now 200.
Number of observations (_N) was 0, now 200.
Number of observations (_N) was 0, now 200.
Number of observations (_N) was 0, now 200.
Number of observations (_N) was 0, now 200.
Number of observations (_N) was 0, now 200.
Number of observations (_N) was 0, now 200.
Number of observations (_N) was 0, now 200.
Number of observations (_N) was 0, now 200.
Number of observations (_N) was 0, now 200.
Number of observations (_N) was 0, now 200.
Number of observations (_N) was 0, now 200.
Number of observations (_N) was 0, now 200.
Number of observations (_N) was 0, now 200.
Number of observations (_N) was 0, now 200.
Number of observations (_N) was 0, now 200.
Number of observations (_N) was 0, now 200.
Number of observations (_N) was 0, now 200.
Number of observations (_N) was 0, now 200.
Number of observations (_N) was 0, now 200.
Number of observations (_N) was 0, now 200.
Number of observations (_N) was 0, now 200.
Number of observations (_N) was 0, now 200.
Number of observations (_N) was 0, now 200.
Number of observations (_N) was 0, now 200.
Number of observations (_N) was 0, now 200.
Number of observations (_N) was 0, now 200.
Number of observations (_N) was 0, now 200.
Number of observations (_N) was 0, now 200.
Number of observations (_N) was 0, now 200.
Number of observations (_N) was 0, now 200.
Number of observations (_N) was 0, now 200.
Number of observations (_N) was 0, now 200.
Number of observations (_N) was 0, now 200.
Number of observations (_N) was 0, now 200.
Number of observations (_N) was 0, now 200.
Number of observations (_N) was 0, now 200.
Number of observations (_N) was 0, now 200.
Number of observations (_N) was 0, now 200.
Number of observations (_N) was 0, now 200.
Number of observations (_N) was 0, now 200.
Number of observations (_N) was 0, now 200.
Number of observations (_N) was 0, now 200.
Number of observations (_N) was 0, now 200.
Number of observations (_N) was 0, now 200.
Number of observations (_N) was 0, now 200.
Number of observations (_N) was 0, now 200.
Number of observations (_N) was 0, now 200.
Number of observations (_N) was 0, now 200.
Number of observations (_N) was 0, now 200.
Number of observations (_N) was 0, now 200.
Number of observations (_N) was 0, now 200.
Number of observations (_N) was 0, now 200.
Number of observations (_N) was 0, now 200.
Number of observations (_N) was 0, now 200.
Number of observations (_N) was 0, now 200.
Number of observations (_N) was 0, now 200.
Number of observations (_N) was 0, now 200.
Number of observations (_N) was 0, now 200.
Number of observations (_N) was 0, now 200.
Number of observations (_N) was 0, now 200.
Number of observations (_N) was 0, now 200.
Number of observations (_N) was 0, now 200.
Number of observations (_N) was 0, now 200.
Number of observations (_N) was 0, now 200.
Number of observations (_N) was 0, now 200.
Number of observations (_N) was 0, now 200.
Number of observations (_N) was 0, now 200.
Number of observations (_N) was 0, now 200.
Number of observations (_N) was 0, now 200.
Number of observations (_N) was 0, now 200.
Number of observations (_N) was 0, now 200.
Number of observations (_N) was 0, now 200.
Number of observations (_N) was 0, now 200.
Number of observations (_N) was 0, now 200.
Number of observations (_N) was 0, now 200.
Number of observations (_N) was 0, now 200.
Number of observations (_N) was 0, now 200.
Number of observations (_N) was 0, now 200.
Number of observations (_N) was 0, now 200.
Number of observations (_N) was 0, now 200.
Number of observations (_N) was 0, now 200.
Number of observations (_N) was 0, now 200.
Number of observations (_N) was 0, now 200.
Number of observations (_N) was 0, now 200.
Number of observations (_N) was 0, now 200.
Number of observations (_N) was 0, now 200.
Number of observations (_N) was 0, now 200.
Number of observations (_N) was 0, now 200.
Number of observations (_N) was 0, now 200.
Number of observations (_N) was 0, now 200.
Number of observations (_N) was 0, now 200.
Number of observations (_N) was 0, now 200.
Number of observations (_N) was 0, now 200.
Number of observations (_N) was 0, now 200.
Number of observations (_N) was 0, now 200.
Number of observations (_N) was 0, now 200.
Number of observations (_N) was 0, now 200.
Number of observations (_N) was 0, now 200.
Number of observations (_N) was 0, now 200.
Number of observations (_N) was 0, now 200.
Number of observations (_N) was 0, now 200.
Number of observations (_N) was 0, now 200.
Number of observations (_N) was 0, now 200.
Number of observations (_N) was 0, now 200.
Number of observations (_N) was 0, now 200.
Number of observations (_N) was 0, now 200.
Number of observations (_N) was 0, now 200.
Number of observations (_N) was 0, now 200.
Number of observations (_N) was 0, now 200.
Number of observations (_N) was 0, now 200.
Number of observations (_N) was 0, now 200.
Number of observations (_N) was 0, now 200.
Number of observations (_N) was 0, now 200.
Number of observations (_N) was 0, now 200.
Number of observations (_N) was 0, now 200.
Number of observations (_N) was 0, now 200.
Number of observations (_N) was 0, now 200.
Number of observations (_N) was 0, now 200.
Number of observations (_N) was 0, now 200.
Number of observations (_N) was 0, now 200.
Number of observations (_N) was 0, now 200.
Number of observations (_N) was 0, now 200.
Number of observations (_N) was 0, now 200.
Number of observations (_N) was 0, now 200.
Number of observations (_N) was 0, now 200.
Number of observations (_N) was 0, now 200.
Number of observations (_N) was 0, now 200.
Number of observations (_N) was 0, now 200.
Number of observations (_N) was 0, now 200.
Number of observations (_N) was 0, now 200.
Number of observations (_N) was 0, now 200.
Number of observations (_N) was 0, now 200.
Number of observations (_N) was 0, now 200.
Number of observations (_N) was 0, now 200.
Number of observations (_N) was 0, now 200.
Number of observations (_N) was 0, now 200.
Number of observations (_N) was 0, now 200.
Number of observations (_N) was 0, now 200.
Number of observations (_N) was 0, now 200.
Number of observations (_N) was 0, now 200.
Number of observations (_N) was 0, now 200.
Number of observations (_N) was 0, now 200.
Number of observations (_N) was 0, now 200.
Number of observations (_N) was 0, now 200.
Number of observations (_N) was 0, now 200.
Number of observations (_N) was 0, now 200.
Number of observations (_N) was 0, now 200.
Number of observations (_N) was 0, now 200.
Number of observations (_N) was 0, now 200.
Number of observations (_N) was 0, now 200.
Number of observations (_N) was 0, now 200.
Number of observations (_N) was 0, now 200.
Number of observations (_N) was 0, now 200.
Number of observations (_N) was 0, now 200.
Number of observations (_N) was 0, now 200.
Number of observations (_N) was 0, now 200.
Number of observations (_N) was 0, now 200.
Number of observations (_N) was 0, now 200.
Number of observations (_N) was 0, now 200.
Number of observations (_N) was 0, now 200.
Number of observations (_N) was 0, now 200.
Number of observations (_N) was 0, now 200.
Number of observations (_N) was 0, now 200.
Number of observations (_N) was 0, now 200.
Number of observations (_N) was 0, now 200.
Number of observations (_N) was 0, now 200.
Number of observations (_N) was 0, now 200.
Number of observations (_N) was 0, now 200.
Number of observations (_N) was 0, now 200.
Number of observations (_N) was 0, now 200.
Number of observations (_N) was 0, now 200.
Number of observations (_N) was 0, now 200.
Number of observations (_N) was 0, now 200.
Number of observations (_N) was 0, now 200.
Number of observations (_N) was 0, now 200.
Number of observations (_N) was 0, now 200.
Number of observations (_N) was 0, now 200.
Number of observations (_N) was 0, now 200.
Number of observations (_N) was 0, now 200.
Number of observations (_N) was 0, now 200.
Number of observations (_N) was 0, now 200.
Number of observations (_N) was 0, now 200.
Number of observations (_N) was 0, now 200.
Number of observations (_N) was 0, now 200.
Number of observations (_N) was 0, now 200.
Number of observations (_N) was 0, now 200.
Number of observations (_N) was 0, now 200.
Number of observations (_N) was 0, now 200.
Number of observations (_N) was 0, now 200.
Number of observations (_N) was 0, now 200.
Number of observations (_N) was 0, now 200.
Number of observations (_N) was 0, now 200.
Number of observations (_N) was 0, now 200.
Number of observations (_N) was 0, now 200.
Number of observations (_N) was 0, now 200.
Number of observations (_N) was 0, now 200.
Number of observations (_N) was 0, now 200.
Number of observations (_N) was 0, now 200.
Number of observations (_N) was 0, now 200.
Number of observations (_N) was 0, now 200.
Number of observations (_N) was 0, now 200.
Number of observations (_N) was 0, now 200.
Number of observations (_N) was 0, now 200.
Number of observations (_N) was 0, now 200.
Number of observations (_N) was 0, now 200.
Number of observations (_N) was 0, now 200.
Number of observations (_N) was 0, now 200.
Number of observations (_N) was 0, now 200.
Number of observations (_N) was 0, now 200.
Number of observations (_N) was 0, now 200.
Number of observations (_N) was 0, now 200.
Number of observations (_N) was 0, now 200.
Number of observations (_N) was 0, now 200.
Number of observations (_N) was 0, now 200.
Number of observations (_N) was 0, now 200.
Number of observations (_N) was 0, now 200.
Number of observations (_N) was 0, now 200.
Number of observations (_N) was 0, now 200.
Number of observations (_N) was 0, now 200.
Number of observations (_N) was 0, now 200.
Number of observations (_N) was 0, now 200.
Number of observations (_N) was 0, now 200.
Number of observations (_N) was 0, now 200.
Number of observations (_N) was 0, now 200.
Number of observations (_N) was 0, now 200.
Number of observations (_N) was 0, now 200.
Number of observations (_N) was 0, now 200.
Number of observations (_N) was 0, now 200.
Number of observations (_N) was 0, now 200.
Number of observations (_N) was 0, now 200.
Number of observations (_N) was 0, now 200.
Number of observations (_N) was 0, now 200.
Number of observations (_N) was 0, now 200.
Number of observations (_N) was 0, now 200.
Number of observations (_N) was 0, now 200.
Number of observations (_N) was 0, now 200.
Number of observations (_N) was 0, now 200.
Number of observations (_N) was 0, now 200.
Number of observations (_N) was 0, now 200.
Number of observations (_N) was 0, now 200.
Number of observations (_N) was 0, now 200.
Number of observations (_N) was 0, now 200.
Number of observations (_N) was 0, now 200.
Number of observations (_N) was 0, now 200.
Number of observations (_N) was 0, now 200.
Number of observations (_N) was 0, now 200.
Number of observations (_N) was 0, now 200.
[Stata] pi=0.05: 2SLS=-4.596059 | MQO=-0.398545 | viés=-3.596059 | sd=58.595615 | F_fs médio=     1.66 | cobertura= 0.92
> 4000
[Stata] Simulando pi = 0.02
(file C:\Users\B03531~1\AppData\Local\Temp\21\ST_7770_000006.tmp not found)
Number of observations (_N) was 0, now 200.
Number of observations (_N) was 0, now 200.
Number of observations (_N) was 0, now 200.
Number of observations (_N) was 0, now 200.
Number of observations (_N) was 0, now 200.
Number of observations (_N) was 0, now 200.
Number of observations (_N) was 0, now 200.
Number of observations (_N) was 0, now 200.
Number of observations (_N) was 0, now 200.
Number of observations (_N) was 0, now 200.
Number of observations (_N) was 0, now 200.
Number of observations (_N) was 0, now 200.
Number of observations (_N) was 0, now 200.
Number of observations (_N) was 0, now 200.
Number of observations (_N) was 0, now 200.
Number of observations (_N) was 0, now 200.
Number of observations (_N) was 0, now 200.
Number of observations (_N) was 0, now 200.
Number of observations (_N) was 0, now 200.
Number of observations (_N) was 0, now 200.
Number of observations (_N) was 0, now 200.
Number of observations (_N) was 0, now 200.
Number of observations (_N) was 0, now 200.
Number of observations (_N) was 0, now 200.
Number of observations (_N) was 0, now 200.
Number of observations (_N) was 0, now 200.
Number of observations (_N) was 0, now 200.
Number of observations (_N) was 0, now 200.
Number of observations (_N) was 0, now 200.
Number of observations (_N) was 0, now 200.
Number of observations (_N) was 0, now 200.
Number of observations (_N) was 0, now 200.
Number of observations (_N) was 0, now 200.
Number of observations (_N) was 0, now 200.
Number of observations (_N) was 0, now 200.
Number of observations (_N) was 0, now 200.
Number of observations (_N) was 0, now 200.
Number of observations (_N) was 0, now 200.
Number of observations (_N) was 0, now 200.
Number of observations (_N) was 0, now 200.
Number of observations (_N) was 0, now 200.
Number of observations (_N) was 0, now 200.
Number of observations (_N) was 0, now 200.
Number of observations (_N) was 0, now 200.
Number of observations (_N) was 0, now 200.
Number of observations (_N) was 0, now 200.
Number of observations (_N) was 0, now 200.
Number of observations (_N) was 0, now 200.
Number of observations (_N) was 0, now 200.
Number of observations (_N) was 0, now 200.
Number of observations (_N) was 0, now 200.
Number of observations (_N) was 0, now 200.
Number of observations (_N) was 0, now 200.
Number of observations (_N) was 0, now 200.
Number of observations (_N) was 0, now 200.
Number of observations (_N) was 0, now 200.
Number of observations (_N) was 0, now 200.
Number of observations (_N) was 0, now 200.
Number of observations (_N) was 0, now 200.
Number of observations (_N) was 0, now 200.
Number of observations (_N) was 0, now 200.
Number of observations (_N) was 0, now 200.
Number of observations (_N) was 0, now 200.
Number of observations (_N) was 0, now 200.
Number of observations (_N) was 0, now 200.
Number of observations (_N) was 0, now 200.
Number of observations (_N) was 0, now 200.
Number of observations (_N) was 0, now 200.
Number of observations (_N) was 0, now 200.
Number of observations (_N) was 0, now 200.
Number of observations (_N) was 0, now 200.
Number of observations (_N) was 0, now 200.
Number of observations (_N) was 0, now 200.
Number of observations (_N) was 0, now 200.
Number of observations (_N) was 0, now 200.
Number of observations (_N) was 0, now 200.
Number of observations (_N) was 0, now 200.
Number of observations (_N) was 0, now 200.
Number of observations (_N) was 0, now 200.
Number of observations (_N) was 0, now 200.
Number of observations (_N) was 0, now 200.
Number of observations (_N) was 0, now 200.
Number of observations (_N) was 0, now 200.
Number of observations (_N) was 0, now 200.
Number of observations (_N) was 0, now 200.
Number of observations (_N) was 0, now 200.
Number of observations (_N) was 0, now 200.
Number of observations (_N) was 0, now 200.
Number of observations (_N) was 0, now 200.
Number of observations (_N) was 0, now 200.
Number of observations (_N) was 0, now 200.
Number of observations (_N) was 0, now 200.
Number of observations (_N) was 0, now 200.
Number of observations (_N) was 0, now 200.
Number of observations (_N) was 0, now 200.
Number of observations (_N) was 0, now 200.
Number of observations (_N) was 0, now 200.
Number of observations (_N) was 0, now 200.
Number of observations (_N) was 0, now 200.
Number of observations (_N) was 0, now 200.
Number of observations (_N) was 0, now 200.
Number of observations (_N) was 0, now 200.
Number of observations (_N) was 0, now 200.
Number of observations (_N) was 0, now 200.
Number of observations (_N) was 0, now 200.
Number of observations (_N) was 0, now 200.
Number of observations (_N) was 0, now 200.
Number of observations (_N) was 0, now 200.
Number of observations (_N) was 0, now 200.
Number of observations (_N) was 0, now 200.
Number of observations (_N) was 0, now 200.
Number of observations (_N) was 0, now 200.
Number of observations (_N) was 0, now 200.
Number of observations (_N) was 0, now 200.
Number of observations (_N) was 0, now 200.
Number of observations (_N) was 0, now 200.
Number of observations (_N) was 0, now 200.
Number of observations (_N) was 0, now 200.
Number of observations (_N) was 0, now 200.
Number of observations (_N) was 0, now 200.
Number of observations (_N) was 0, now 200.
Number of observations (_N) was 0, now 200.
Number of observations (_N) was 0, now 200.
Number of observations (_N) was 0, now 200.
Number of observations (_N) was 0, now 200.
Number of observations (_N) was 0, now 200.
Number of observations (_N) was 0, now 200.
Number of observations (_N) was 0, now 200.
Number of observations (_N) was 0, now 200.
Number of observations (_N) was 0, now 200.
Number of observations (_N) was 0, now 200.
Number of observations (_N) was 0, now 200.
Number of observations (_N) was 0, now 200.
Number of observations (_N) was 0, now 200.
Number of observations (_N) was 0, now 200.
Number of observations (_N) was 0, now 200.
Number of observations (_N) was 0, now 200.
Number of observations (_N) was 0, now 200.
Number of observations (_N) was 0, now 200.
Number of observations (_N) was 0, now 200.
Number of observations (_N) was 0, now 200.
Number of observations (_N) was 0, now 200.
Number of observations (_N) was 0, now 200.
Number of observations (_N) was 0, now 200.
Number of observations (_N) was 0, now 200.
Number of observations (_N) was 0, now 200.
Number of observations (_N) was 0, now 200.
Number of observations (_N) was 0, now 200.
Number of observations (_N) was 0, now 200.
Number of observations (_N) was 0, now 200.
Number of observations (_N) was 0, now 200.
Number of observations (_N) was 0, now 200.
Number of observations (_N) was 0, now 200.
Number of observations (_N) was 0, now 200.
Number of observations (_N) was 0, now 200.
Number of observations (_N) was 0, now 200.
Number of observations (_N) was 0, now 200.
Number of observations (_N) was 0, now 200.
Number of observations (_N) was 0, now 200.
Number of observations (_N) was 0, now 200.
Number of observations (_N) was 0, now 200.
Number of observations (_N) was 0, now 200.
Number of observations (_N) was 0, now 200.
Number of observations (_N) was 0, now 200.
Number of observations (_N) was 0, now 200.
Number of observations (_N) was 0, now 200.
Number of observations (_N) was 0, now 200.
Number of observations (_N) was 0, now 200.
Number of observations (_N) was 0, now 200.
Number of observations (_N) was 0, now 200.
Number of observations (_N) was 0, now 200.
Number of observations (_N) was 0, now 200.
Number of observations (_N) was 0, now 200.
Number of observations (_N) was 0, now 200.
Number of observations (_N) was 0, now 200.
Number of observations (_N) was 0, now 200.
Number of observations (_N) was 0, now 200.
Number of observations (_N) was 0, now 200.
Number of observations (_N) was 0, now 200.
Number of observations (_N) was 0, now 200.
Number of observations (_N) was 0, now 200.
Number of observations (_N) was 0, now 200.
Number of observations (_N) was 0, now 200.
Number of observations (_N) was 0, now 200.
Number of observations (_N) was 0, now 200.
Number of observations (_N) was 0, now 200.
Number of observations (_N) was 0, now 200.
Number of observations (_N) was 0, now 200.
Number of observations (_N) was 0, now 200.
Number of observations (_N) was 0, now 200.
Number of observations (_N) was 0, now 200.
Number of observations (_N) was 0, now 200.
Number of observations (_N) was 0, now 200.
Number of observations (_N) was 0, now 200.
Number of observations (_N) was 0, now 200.
Number of observations (_N) was 0, now 200.
Number of observations (_N) was 0, now 200.
Number of observations (_N) was 0, now 200.
Number of observations (_N) was 0, now 200.
Number of observations (_N) was 0, now 200.
Number of observations (_N) was 0, now 200.
Number of observations (_N) was 0, now 200.
Number of observations (_N) was 0, now 200.
Number of observations (_N) was 0, now 200.
Number of observations (_N) was 0, now 200.
Number of observations (_N) was 0, now 200.
Number of observations (_N) was 0, now 200.
Number of observations (_N) was 0, now 200.
Number of observations (_N) was 0, now 200.
Number of observations (_N) was 0, now 200.
Number of observations (_N) was 0, now 200.
Number of observations (_N) was 0, now 200.
Number of observations (_N) was 0, now 200.
Number of observations (_N) was 0, now 200.
Number of observations (_N) was 0, now 200.
Number of observations (_N) was 0, now 200.
Number of observations (_N) was 0, now 200.
Number of observations (_N) was 0, now 200.
Number of observations (_N) was 0, now 200.
Number of observations (_N) was 0, now 200.
Number of observations (_N) was 0, now 200.
Number of observations (_N) was 0, now 200.
Number of observations (_N) was 0, now 200.
Number of observations (_N) was 0, now 200.
Number of observations (_N) was 0, now 200.
Number of observations (_N) was 0, now 200.
Number of observations (_N) was 0, now 200.
Number of observations (_N) was 0, now 200.
Number of observations (_N) was 0, now 200.
Number of observations (_N) was 0, now 200.
Number of observations (_N) was 0, now 200.
Number of observations (_N) was 0, now 200.
Number of observations (_N) was 0, now 200.
Number of observations (_N) was 0, now 200.
Number of observations (_N) was 0, now 200.
Number of observations (_N) was 0, now 200.
Number of observations (_N) was 0, now 200.
Number of observations (_N) was 0, now 200.
Number of observations (_N) was 0, now 200.
Number of observations (_N) was 0, now 200.
Number of observations (_N) was 0, now 200.
Number of observations (_N) was 0, now 200.
Number of observations (_N) was 0, now 200.
Number of observations (_N) was 0, now 200.
Number of observations (_N) was 0, now 200.
Number of observations (_N) was 0, now 200.
Number of observations (_N) was 0, now 200.
Number of observations (_N) was 0, now 200.
Number of observations (_N) was 0, now 200.
Number of observations (_N) was 0, now 200.
[Stata] pi=0.02: 2SLS= 1.129719 | MQO=-0.399553 | viés= 2.129719 | sd=48.751136 | F_fs médio=     1.11 | cobertura= 0.97
> 2000

. 
. postclose sim

. 
. use "$TABS/stata_question_14_simulation.dta", clear

. export delimited using "$TABS/stata_question_14_simulation.csv", replace
(file C:\Users\B03531855158\Documents\Replication\Códigos/output/tables/stata_question_14_simulation.csv not found)
file C:\Users\B03531855158\Documents\Replication\Códigos/output/tables/stata_question_14_simulation.csv saved

. 
. di as text "[Stata] Tabela salva: output/tables/stata_question_14_simulation.csv"
[Stata] Tabela salva: output/tables/stata_question_14_simulation.csv

. 
. * ============================================================
. * Gráficos auxiliares da simulação
. * ============================================================
. 
. * ------------------------------------------------------------
. * Gráfico auxiliar 1: dispersão do estimador 2SLS
. * Legenda à direita do gráfico
. * ------------------------------------------------------------
. 
. di as text "[Stata] Gerando gráfico auxiliar 1: dispersão do estimador 2SLS"
[Stata] Gerando gráfico auxiliar 1: dispersão do estimador 2SLS

. 
. twoway ///
>     (line sd_iv pi, ///
>         sort ///
>         lcolor(navy) ///
>         lwidth(medthick)) ///
>     (scatter sd_iv pi, ///
>         mcolor(cranberry) ///
>         msymbol(circle) ///
>         msize(medium)), ///
>     title("Dispersão do 2SLS quando o instrumento enfraquece", size(medsmall)) ///
>     subtitle("Simulação com redução gradual da força do primeiro estágio", size(small)) ///
>     xtitle("Força do instrumento: coeficiente do primeiro estágio ({&pi})", size(small)) ///
>     ytitle("Desvio-padrão das estimativas 2SLS", size(small)) ///
>     legend( ///
>         order(1 "Dispersão das estimativas 2SLS") ///
>         cols(1) ///
>         size(small) ///
>         position(3) ///
>         ring(1) ///
>         region(lcolor(none) fcolor(none)) ///
>     ) ///
>     note( ///
>         "Cada ponto representa o desvio-padrão das estimativas 2SLS em 250 repetições da simulação." ///
>         "Valores menores de {&pi} indicam instrumentos mais fracos e maior instabilidade do estimador.", ///
>         size(vsmall) ///
>     ) ///
>     graphregion(color(white)) ///
>     plotregion(color(white)) ///
>     name(g_simulation_sd, replace)

. 
. graph export "$FIGS/stata_fig06_simulation_sd.png", replace width(3200)
(file C:\Users\B03531855158\Documents\Replication\Códigos/output/figures/stata_fig06_simulation_sd.png not found)
file C:\Users\B03531855158\Documents\Replication\Códigos/output/figures/stata_fig06_simulation_sd.png saved as PNG
    format

. graph export "$FIGS/stata_fig06_simulation_sd.pdf", replace
file C:\Users\B03531855158\Documents\Replication\Códigos/output/figures/stata_fig06_simulation_sd.pdf saved as PDF
    format

. 
. di as text "[Stata] Gráfico salvo: output/figures/stata_fig06_simulation_sd.png"
[Stata] Gráfico salvo: output/figures/stata_fig06_simulation_sd.png

. di as text "[Stata] Gráfico salvo: output/figures/stata_fig06_simulation_sd.pdf"
[Stata] Gráfico salvo: output/figures/stata_fig06_simulation_sd.pdf

. 
. * ------------------------------------------------------------
. * Gráfico auxiliar 2: estimativa média 2SLS, MQO e valor verdadeiro
. * ------------------------------------------------------------
. 
. di as text "[Stata] Gerando gráfico auxiliar 2: 2SLS, MQO e valor verdadeiro"
[Stata] Gerando gráfico auxiliar 2: 2SLS, MQO e valor verdadeiro

. 
. twoway ///
>     (function y = `true_beta', range(0.02 1) lcolor(gs8) lpattern(dot) lwidth(medthick)) ///
>     (line mean_iv pi, sort lcolor(navy) lpattern(solid) lwidth(medthick)) ///
>     (scatter mean_iv pi, mcolor(navy) msymbol(circle) msize(medium)) ///
>     (line b_ols pi, sort lcolor(cranberry) lpattern(dash) lwidth(medthick)) ///
>     (scatter b_ols pi, mcolor(cranberry) msymbol(triangle) msize(medium)), ///
>     title("2SLS se torna instável quando o instrumento enfraquece") ///
>     xtitle("Força do instrumento: coeficiente do primeiro estágio ({&pi})") ///
>     ytitle("Estimativa média de {&beta}{subscript:p}") ///
>     legend( ///
>         order(1 "Valor verdadeiro: {&beta}{subscript:p} = -1" ///
>               2 "Estimativa média por 2SLS" ///
>               4 "Estimativa média por MQO") ///
>         cols(1) ///
>         size(small) ///
>         position(3) ///
>         ring(1) ///
>         region(lcolor(none) fcolor(none)) ///
>     ) ///
>     graphregion(color(white)) ///
>     plotregion(color(white))

. 
. graph export "$FIGS/stata_fig07_simulation_bias_convergence.png", replace width(2600)
(file C:\Users\B03531855158\Documents\Replication\Códigos/output/figures/stata_fig07_simulation_bias_convergence.png
    not found)
file C:\Users\B03531855158\Documents\Replication\Códigos/output/figures/stata_fig07_simulation_bias_convergence.png
    saved as PNG format

. 
. di as text "[Stata] Gráfico salvo: output/figures/stata_fig07_simulation_bias_convergence.png"
[Stata] Gráfico salvo: output/figures/stata_fig07_simulation_bias_convergence.png

. 
. * ------------------------------------------------------------
. * Gráfico auxiliar 3: F médio do primeiro estágio
. * Legenda à direita do gráfico
. * ------------------------------------------------------------
. 
. di as text "[Stata] Gerando gráfico auxiliar 3: F médio do primeiro estágio"
[Stata] Gerando gráfico auxiliar 3: F médio do primeiro estágio

. 
. twoway ///
>     (line mean_f_fs pi, ///
>         sort ///
>         lcolor(navy) ///
>         lwidth(medthick)) ///
>     (scatter mean_f_fs pi, ///
>         mcolor(cranberry) ///
>         msymbol(circle) ///
>         msize(medium)) ///
>     (function y = 10, ///
>         range(0.02 1) ///
>         lcolor(red) ///
>         lpattern(dash) ///
>         lwidth(medthick)), ///
>     title("Força do primeiro estágio por nível de {&pi}", size(medsmall)) ///
>     subtitle("Instrumentos mais fortes geram maior estatística F média", size(small)) ///
>     xtitle("Força do instrumento: coeficiente do primeiro estágio ({&pi})", size(small)) ///
>     ytitle("Estatística F média do primeiro estágio", size(small)) ///
>     legend( ///
>         order(1 "Estatística F média do primeiro estágio" ///
>               3 "Limiar convencional: F = 10") ///
>         cols(1) ///
>         size(small) ///
>         position(3) ///
>         ring(1) ///
>         region(lcolor(none) fcolor(none)) ///
>     ) ///
>     note( ///
>         "Cada ponto mostra o F médio do primeiro estágio em 250 repetições da simulação." ///
>         "A linha vermelha indica a regra de bolso convencional abaixo da qual há indício de instrumento fraco.", ///
>         size(vsmall) ///
>     ) ///
>     graphregion(color(white)) ///
>     plotregion(color(white)) ///
>     name(g_simulation_ffs, replace)

. 
. graph export "$FIGS/stata_fig08_simulation_ffs.png", replace width(3200)
(file C:\Users\B03531855158\Documents\Replication\Códigos/output/figures/stata_fig08_simulation_ffs.png not found)
file C:\Users\B03531855158\Documents\Replication\Códigos/output/figures/stata_fig08_simulation_ffs.png saved as PNG
    format

. graph export "$FIGS/stata_fig08_simulation_ffs.pdf", replace
file C:\Users\B03531855158\Documents\Replication\Códigos/output/figures/stata_fig08_simulation_ffs.pdf saved as PDF
    format

. 
. di as text "[Stata] Gráfico salvo: output/figures/stata_fig08_simulation_ffs.png"
[Stata] Gráfico salvo: output/figures/stata_fig08_simulation_ffs.png

. di as text "[Stata] Gráfico salvo: output/figures/stata_fig08_simulation_ffs.pdf"
[Stata] Gráfico salvo: output/figures/stata_fig08_simulation_ffs.pdf

. * ============================================================
. * Figura principal da Questão 14
. * ============================================================
. 
. di as text _newline "[Stata] Questão 14: gerando visualização sintética da simulação"

[Stata] Questão 14: gerando visualização sintética da simulação

. 
. use "$TABS/stata_question_14_simulation.dta", clear

. 
. * ------------------------------------------------------------
. * Variáveis auxiliares apenas para o gráfico principal
. * ------------------------------------------------------------
. 
. gen double vies_abs_2sls = abs(bias_iv)

. gen double cobertura_pct = 100*coverage_95

. 
. label variable pi              "Força do instrumento: coeficiente do primeiro estágio"

. label variable mean_iv         "Elasticidade-preço estimada por 2SLS"

. label variable b_ols           "Elasticidade-preço estimada por MQO"

. label variable vies_abs_2sls   "Viés absoluto do 2SLS"

. label variable sd_iv           "Dispersão do estimador 2SLS"

. label variable mean_f_fs       "Estatística F média do primeiro estágio"

. label variable cobertura_pct   "Cobertura do IC convencional de 95%"

. 
. local xlabels 0.02 "0,02" 0.05 "0,05" 0.10 "0,10" 0.25 "0,25" 0.50 "0,50" 1.00 "1,00"

. 
. * ------------------------------------------------------------
. * Painel A: estimativa média do parâmetro estrutural
. * ------------------------------------------------------------
. 
. twoway ///
>     (function y = -1, range(0.02 1) lcolor(gs8) lpattern(dot) lwidth(medthick)) ///
>     (line mean_iv pi, sort lcolor(navy) lpattern(solid) lwidth(medthick)) ///
>     (scatter mean_iv pi, mcolor(navy) msymbol(circle) msize(medium)) ///
>     (line b_ols pi, sort lcolor(cranberry) lpattern(dash) lwidth(medthick)) ///
>     (scatter b_ols pi, mcolor(cranberry) msymbol(triangle) msize(medium)), ///
>     xscale(log) ///
>     xlabel(`xlabels', labsize(vsmall)) ///
>     ylabel(, labsize(vsmall)) ///
>     yline(0, lcolor(gs12) lpattern(solid)) ///
>     title("A. Estimativa média do parâmetro estrutural", size(small)) ///
>     xtitle("Força do instrumento: coeficiente do primeiro estágio ({&pi})", size(vsmall)) ///
>     ytitle("Elasticidade-preço ({&beta}{subscript:p})", size(vsmall) margin(small)) ///
>     legend( ///
>         order(1 "Valor verdadeiro: {&beta}{subscript:p} = -1" ///
>               2 "Estimativa média por 2SLS" ///
>               4 "Estimativa média por MQO") ///
>         cols(1) ///
>         size(vsmall) ///
>         position(3) ///
>         ring(1) ///
>         region(lcolor(none) fcolor(none)) ///
>     ) ///
>     graphregion(color(white)) ///
>     plotregion(color(white)) ///
>     name(g_q14_media, replace)

. 
. * ------------------------------------------------------------
. * Painel B: viés absoluto do 2SLS
. * ------------------------------------------------------------
. 
. twoway ///
>     (line vies_abs_2sls pi, sort lcolor(navy) lpattern(solid) lwidth(medthick)) ///
>     (scatter vies_abs_2sls pi, mcolor(navy) msymbol(circle) msize(medium)), ///
>     xscale(log) ///
>     xlabel(`xlabels', labsize(vsmall)) ///
>     ylabel(, labsize(vsmall)) ///
>     title("B. Viés absoluto do estimador 2SLS", size(small)) ///
>     xtitle("Força do instrumento: coeficiente do primeiro estágio ({&pi})", size(vsmall)) ///
>     ytitle("Viés absoluto", size(vsmall) margin(small)) ///
>     legend(off) ///
>     graphregion(color(white)) ///
>     plotregion(color(white)) ///
>     name(g_q14_vies, replace)

. 
. * ------------------------------------------------------------
. * Painel C: dispersão do estimador 2SLS
. * ------------------------------------------------------------
. 
. twoway ///
>     (line sd_iv pi, sort lcolor(forest_green) lpattern(solid) lwidth(medthick)) ///
>     (scatter sd_iv pi, mcolor(forest_green) msymbol(circle) msize(medium)), ///
>     xscale(log) ///
>     xlabel(`xlabels', labsize(vsmall)) ///
>     ylabel(, labsize(vsmall)) ///
>     title("C. Dispersão do estimador 2SLS", size(small)) ///
>     xtitle("Força do instrumento: coeficiente do primeiro estágio ({&pi})", size(vsmall)) ///
>     ytitle("Desvio-padrão do 2SLS", size(vsmall) margin(small)) ///
>     legend(off) ///
>     graphregion(color(white)) ///
>     plotregion(color(white)) ///
>     name(g_q14_dispersao, replace)

. 
. * ------------------------------------------------------------
. * Painel D: cobertura dos intervalos convencionais
. * ------------------------------------------------------------
. 
. twoway ///
>     (function y = 95, range(0.02 1) lcolor(gs8) lpattern(dot) lwidth(medthick)) ///
>     (line cobertura_pct pi, sort lcolor(maroon) lpattern(solid) lwidth(medthick)) ///
>     (scatter cobertura_pct pi, mcolor(maroon) msymbol(circle) msize(medium)), ///
>     xscale(log) ///
>     xlabel(`xlabels', labsize(vsmall)) ///
>     ylabel(90(2)100, labsize(vsmall)) ///
>     title("D. Cobertura do intervalo convencional de 95%", size(small)) ///
>     xtitle("Força do instrumento: coeficiente do primeiro estágio ({&pi})", size(vsmall)) ///
>     ytitle("Cobertura do IC 95% (%)", size(vsmall) margin(small)) ///
>     legend( ///
>         order(1 "Cobertura nominal de 95%" ///
>               2 "Cobertura observada na simulação") ///
>         cols(1) ///
>         size(vsmall) ///
>         position(3) ///
>         ring(1) ///
>         region(lcolor(none) fcolor(none)) ///
>     ) ///
>     graphregion(color(white)) ///
>     plotregion(color(white)) ///
>     name(g_q14_cobertura, replace)

. 
. * ------------------------------------------------------------
. * Figura combinada
. * ------------------------------------------------------------
. 
. graph combine ///
>     g_q14_media ///
>     g_q14_vies ///
>     g_q14_dispersao ///
>     g_q14_cobertura, ///
>     cols(2) ///
>     imargin(5 10 5 10) ///
>     iscale(0.82) ///
>     xsize(14) ///
>     ysize(8) ///
>     title("Simulação de instrumentos fracos e desempenho do estimador 2SLS", size(medsmall)) ///
>     subtitle("À esquerda do eixo horizontal, o instrumento é mais fraco; à direita, mais forte", size(vsmall)) ///
>     note( ///
>         "A força do instrumento é medida pelo coeficiente do primeiro estágio ({&pi}) na equação simulada." ///
>         "O parâmetro estrutural verdadeiro é {&beta}{subscript:p} = -1." ///
>         "Quando o instrumento enfraquece, o 2SLS fica mais viesado, mais disperso e a inferência convencional torna-se
>  menos confiável.", ///
>         size(vsmall) ///
>     ) ///
>     graphregion(color(white)) ///
>     name(g_q14_simulacao_final, replace)

. 
. graph export "$FIGS/stata_fig09_q14_simulacao_instrumentos_fracos.png", ///
>     replace width(4200)
(file
    C:\Users\B03531855158\Documents\Replication\Códigos/output/figures/stata_fig09_q14_simulacao_instrumentos_fracos.p
    > ng not found)
file
    C:\Users\B03531855158\Documents\Replication\Códigos/output/figures/stata_fig09_q14_simulacao_instrumentos_fracos.p
    > ng saved as PNG format

. 
. graph export "$FIGS/stata_fig09_q14_simulacao_instrumentos_fracos.pdf", ///
>     replace
file
    C:\Users\B03531855158\Documents\Replication\Códigos/output/figures/stata_fig09_q14_simulacao_instrumentos_fracos.p
    > df saved as PDF format

. 
. di as text "[Stata] Figura salva em PNG: output/figures/stata_fig09_q14_simulacao_instrumentos_fracos.png"
[Stata] Figura salva em PNG: output/figures/stata_fig09_q14_simulacao_instrumentos_fracos.png

. di as text "[Stata] Figura salva em PDF: output/figures/stata_fig09_q14_simulacao_instrumentos_fracos.pdf"
[Stata] Figura salva em PDF: output/figures/stata_fig09_q14_simulacao_instrumentos_fracos.pdf

. 
end of do-file

. 
. di as result _newline "[Stata] REPLICAÇÃO FINALIZADA COM SUCESSO"

[Stata] REPLICAÇÃO FINALIZADA COM SUCESSO

. 
. cap log close _all
