"row_product","column_product","elasticity"
"CornFlakes","CornFlakes",2.00859040829347
"Cheerios","CornFlakes",-0.12073261544603
"RiceKrispies","CornFlakes",-0.12073261544603
"FrostedFlakes","CornFlakes",-0.12073261544603
"RaisinBran","CornFlakes",-0.12073261544603
"Total","CornFlakes",-0.12073261544603
"HoneyNutCheerios","CornFlakes",-0.12073261544603
"SpecialK","CornFlakes",-0.12073261544603
"GrapeNuts","CornFlakes",-0.12073261544603
"SpoonSizeShdWt","CornFlakes",-0.12073261544603
"100%Natural","CornFlakes",-0.12073261544603
"FrostedMiniWheats","CornFlakes",-0.12073261544603
"NutriGrain","CornFlakes",-0.12073261544603
"Mueslix","CornFlakes",-0.12073261544603
"Wheaties","CornFlakes",-0.12073261544603
"RaisinBran","CornFlakes",-0.12073261544603
"Muesli","CornFlakes",-0.12073261544603
"CornPops","CornFlakes",-0.12073261544603
"RaisinNutBran","CornFlakes",-0.12073261544603
"Basic4","CornFlakes",-0.12073261544603
"CocoaPus","CornFlakes",-0.12073261544603
"GoldenGrahams","CornFlakes",-0.12073261544603
"Cinn.ToastCrunch","CornFlakes",-0.12073261544603
"FrootLoops","CornFlakes",-0.12073261544603
"LowFatGranola","CornFlakes",-0.12073261544603
"Trix","CornFlakes",-0.12073261544603
"Triples","CornFlakes",-0.12073261544603
"Crispix","CornFlakes",-0.12073261544603
"Kix","CornFlakes",-0.12073261544603
"LuckyCharms","CornFlakes",-0.12073261544603
"AppleCinn.Cheerios","CornFlakes",-0.12073261544603
"CracklinOatBran","CornFlakes",-0.12073261544603
"BigBiscuitShdWt","CornFlakes",-0.12073261544603
"HoneyBunchesofOats","CornFlakes",-0.12073261544603
"GreatGraines","CornFlakes",-0.12073261544603
"OtmlRaisinCrisp","CornFlakes",-0.12073261544603
"OatSquares","CornFlakes",-0.12073261544603
"RiceChex","CornFlakes",-0.12073261544603
"TotalRaisinBran","CornFlakes",-0.12073261544603
"Product19","CornFlakes",-0.12073261544603
"AppleJacks","CornFlakes",-0.12073261544603
"CaptCrunch","CornFlakes",-0.12073261544603
"ShreddedWheat","CornFlakes",-0.12073261544603
"FruityPebbles","CornFlakes",-0.12073261544603
"Clusters","CornFlakes",-0.12073261544603
"CinnamonMiniBuns","CornFlakes",-0.12073261544603
"DoubleDipCrunch","CornFlakes",-0.12073261544603
"MultiGrainCheerios","CornFlakes",-0.12073261544603
"Honeycomb","CornFlakes",-0.12073261544603
"Popeye","CornFlakes",-0.12073261544603
"CornFlakes","Cheerios",-0.162826155287148
"Cheerios","Cheerios",3.55466597455641
"RiceKrispies","Cheerios",-0.162826155287148
"FrostedFlakes","Cheerios",-0.162826155287148
"RaisinBran","Cheerios",-0.162826155287148
"Total","Cheerios",-0.162826155287148
"HoneyNutCheerios","Cheerios",-0.162826155287148
"SpecialK","Cheerios",-0.162826155287148
"GrapeNuts","Cheerios",-0.162826155287148
"SpoonSizeShdWt","Cheerios",-0.162826155287148
"100%Natural","Cheerios",-0.162826155287148
"FrostedMiniWheats","Cheerios",-0.162826155287148
"NutriGrain","Cheerios",-0.162826155287148
"Mueslix","Cheerios",-0.162826155287148
"Wheaties","Cheerios",-0.162826155287148
"RaisinBran","Cheerios",-0.162826155287148
"Muesli","Cheerios",-0.162826155287148
"CornPops","Cheerios",-0.162826155287148
"RaisinNutBran","Cheerios",-0.162826155287148
"Basic4","Cheerios",-0.162826155287148
"CocoaPus","Cheerios",-0.162826155287148
"GoldenGrahams","Cheerios",-0.162826155287148
"Cinn.ToastCrunch","Cheerios",-0.162826155287148
"FrootLoops","Cheerios",-0.162826155287148
"LowFatGranola","Cheerios",-0.162826155287148
"Trix","Cheerios",-0.162826155287148
"Triples","Cheerios",-0.162826155287148
"Crispix","Cheerios",-0.162826155287148
"Kix","Cheerios",-0.162826155287148
"LuckyCharms","Cheerios",-0.162826155287148
"AppleCinn.Cheerios","Cheerios",-0.162826155287148
"CracklinOatBran","Cheerios",-0.162826155287148
"BigBiscuitShdWt","Cheerios",-0.162826155287148
"HoneyBunchesofOats","Cheerios",-0.162826155287148
"GreatGraines","Cheerios",-0.162826155287148
"OtmlRaisinCrisp","Cheerios",-0.162826155287148
"OatSquares","Cheerios",-0.162826155287148
"RiceChex","Cheerios",-0.162826155287148
"TotalRaisinBran","Cheerios",-0.162826155287148
"Product19","Cheerios",-0.162826155287148
"AppleJacks","Cheerios",-0.162826155287148
"CaptCrunch","Cheerios",-0.162826155287148
"ShreddedWheat","Cheerios",-0.162826155287148
"FruityPebbles","Cheerios",-0.162826155287148
"Clusters","Cheerios",-0.162826155287148
"CinnamonMiniBuns","Cheerios",-0.162826155287148
"DoubleDipCrunch","Cheerios",-0.162826155287148
"MultiGrainCheerios","Cheerios",-0.162826155287148
"Honeycomb","Cheerios",-0.162826155287148
"Popeye","Cheerios",-0.162826155287148
"CornFlakes","RiceKrispies",-0.140681195840257
"Cheerios","RiceKrispies",-0.140681195840257
"RiceKrispies","RiceKrispies",3.34152662198788
"FrostedFlakes","RiceKrispies",-0.140681195840257
"RaisinBran","RiceKrispies",-0.140681195840257
"Total","RiceKrispies",-0.140681195840257
"HoneyNutCheerios","RiceKrispies",-0.140681195840257
"SpecialK","RiceKrispies",-0.140681195840257
"GrapeNuts","RiceKrispies",-0.140681195840257
"SpoonSizeShdWt","RiceKrispies",-0.140681195840257
"100%Natural","RiceKrispies",-0.140681195840257
"FrostedMiniWheats","RiceKrispies",-0.140681195840257
"NutriGrain","RiceKrispies",-0.140681195840257
"Mueslix","RiceKrispies",-0.140681195840257
"Wheaties","RiceKrispies",-0.140681195840257
"RaisinBran","RiceKrispies",-0.140681195840257
"Muesli","RiceKrispies",-0.140681195840257
"CornPops","RiceKrispies",-0.140681195840257
"RaisinNutBran","RiceKrispies",-0.140681195840257
"Basic4","RiceKrispies",-0.140681195840257
"CocoaPus","RiceKrispies",-0.140681195840257
"GoldenGrahams","RiceKrispies",-0.140681195840257
"Cinn.ToastCrunch","RiceKrispies",-0.140681195840257
"FrootLoops","RiceKrispies",-0.140681195840257
"LowFatGranola","RiceKrispies",-0.140681195840257
"Trix","RiceKrispies",-0.140681195840257
"Triples","RiceKrispies",-0.140681195840257
"Crispix","RiceKrispies",-0.140681195840257
"Kix","RiceKrispies",-0.140681195840257
"LuckyCharms","RiceKrispies",-0.140681195840257
"AppleCinn.Cheerios","RiceKrispies",-0.140681195840257
"CracklinOatBran","RiceKrispies",-0.140681195840257
"BigBiscuitShdWt","RiceKrispies",-0.140681195840257
"HoneyBunchesofOats","RiceKrispies",-0.140681195840257
"GreatGraines","RiceKrispies",-0.140681195840257
"OtmlRaisinCrisp","RiceKrispies",-0.140681195840257
"OatSquares","RiceKrispies",-0.140681195840257
"RiceChex","RiceKrispies",-0.140681195840257
"TotalRaisinBran","RiceKrispies",-0.140681195840257
"Product19","RiceKrispies",-0.140681195840257
"AppleJacks","RiceKrispies",-0.140681195840257
"CaptCrunch","RiceKrispies",-0.140681195840257
"ShreddedWheat","RiceKrispies",-0.140681195840257
"FruityPebbles","RiceKrispies",-0.140681195840257
"Clusters","RiceKrispies",-0.140681195840257
"CinnamonMiniBuns","RiceKrispies",-0.140681195840257
"DoubleDipCrunch","RiceKrispies",-0.140681195840257
"MultiGrainCheerios","RiceKrispies",-0.140681195840257
"Honeycomb","RiceKrispies",-0.140681195840257
"Popeye","RiceKrispies",-0.140681195840257
"CornFlakes","FrostedFlakes",-0.113247045059259
"Cheerios","FrostedFlakes",-0.113247045059259
"RiceKrispies","FrostedFlakes",-0.113247045059259
"FrostedFlakes","FrostedFlakes",2.85133528633497
"RaisinBran","FrostedFlakes",-0.113247045059259
"Total","FrostedFlakes",-0.113247045059259
"HoneyNutCheerios","FrostedFlakes",-0.113247045059259
"SpecialK","FrostedFlakes",-0.113247045059259
"GrapeNuts","FrostedFlakes",-0.113247045059259
"SpoonSizeShdWt","FrostedFlakes",-0.113247045059259
"100%Natural","FrostedFlakes",-0.113247045059259
"FrostedMiniWheats","FrostedFlakes",-0.113247045059259
"NutriGrain","FrostedFlakes",-0.113247045059259
"Mueslix","FrostedFlakes",-0.113247045059259
"Wheaties","FrostedFlakes",-0.113247045059259
"RaisinBran","FrostedFlakes",-0.113247045059259
"Muesli","FrostedFlakes",-0.113247045059259
"CornPops","FrostedFlakes",-0.113247045059259
"RaisinNutBran","FrostedFlakes",-0.113247045059259
"Basic4","FrostedFlakes",-0.113247045059259
"CocoaPus","FrostedFlakes",-0.113247045059259
"GoldenGrahams","FrostedFlakes",-0.113247045059259
"Cinn.ToastCrunch","FrostedFlakes",-0.113247045059259
"FrootLoops","FrostedFlakes",-0.113247045059259
"LowFatGranola","FrostedFlakes",-0.113247045059259
"Trix","FrostedFlakes",-0.113247045059259
"Triples","FrostedFlakes",-0.113247045059259
"Crispix","FrostedFlakes",-0.113247045059259
"Kix","FrostedFlakes",-0.113247045059259
"LuckyCharms","FrostedFlakes",-0.113247045059259
"AppleCinn.Cheerios","FrostedFlakes",-0.113247045059259
"CracklinOatBran","FrostedFlakes",-0.113247045059259
"BigBiscuitShdWt","FrostedFlakes",-0.113247045059259
"HoneyBunchesofOats","FrostedFlakes",-0.113247045059259
"GreatGraines","FrostedFlakes",-0.113247045059259
"OtmlRaisinCrisp","FrostedFlakes",-0.113247045059259
"OatSquares","FrostedFlakes",-0.113247045059259
"RiceChex","FrostedFlakes",-0.113247045059259
"TotalRaisinBran","FrostedFlakes",-0.113247045059259
"Product19","FrostedFlakes",-0.113247045059259
"AppleJacks","FrostedFlakes",-0.113247045059259
"CaptCrunch","FrostedFlakes",-0.113247045059259
"ShreddedWheat","FrostedFlakes",-0.113247045059259
"FruityPebbles","FrostedFlakes",-0.113247045059259
"Clusters","FrostedFlakes",-0.113247045059259
"CinnamonMiniBuns","FrostedFlakes",-0.113247045059259
"DoubleDipCrunch","FrostedFlakes",-0.113247045059259
"MultiGrainCheerios","FrostedFlakes",-0.113247045059259
"Honeycomb","FrostedFlakes",-0.113247045059259
"Popeye","FrostedFlakes",-0.113247045059259
"CornFlakes","RaisinBran",-0.0751521621008436
"Cheerios","RaisinBran",-0.0751521621008436
"RiceKrispies","RaisinBran",-0.0751521621008436
"FrostedFlakes","RaisinBran",-0.0751521621008436
"RaisinBran","RaisinBran",2.67767428847951
"Total","RaisinBran",-0.0751521621008436
"HoneyNutCheerios","RaisinBran",-0.0751521621008436
"SpecialK","RaisinBran",-0.0751521621008436
"GrapeNuts","RaisinBran",-0.0751521621008436
"SpoonSizeShdWt","RaisinBran",-0.0751521621008436
"100%Natural","RaisinBran",-0.0751521621008436
"FrostedMiniWheats","RaisinBran",-0.0751521621008436
"NutriGrain","RaisinBran",-0.0751521621008436
"Mueslix","RaisinBran",-0.0751521621008436
"Wheaties","RaisinBran",-0.0751521621008436
"RaisinBran","RaisinBran",-0.0751521621008436
"Muesli","RaisinBran",-0.0751521621008436
"CornPops","RaisinBran",-0.0751521621008436
"RaisinNutBran","RaisinBran",-0.0751521621008436
"Basic4","RaisinBran",-0.0751521621008436
"CocoaPus","RaisinBran",-0.0751521621008436
"GoldenGrahams","RaisinBran",-0.0751521621008436
"Cinn.ToastCrunch","RaisinBran",-0.0751521621008436
"FrootLoops","RaisinBran",-0.0751521621008436
"LowFatGranola","RaisinBran",-0.0751521621008436
"Trix","RaisinBran",-0.0751521621008436
"Triples","RaisinBran",-0.0751521621008436
"Crispix","RaisinBran",-0.0751521621008436
"Kix","RaisinBran",-0.0751521621008436
"LuckyCharms","RaisinBran",-0.0751521621008436
"AppleCinn.Cheerios","RaisinBran",-0.0751521621008436
"CracklinOatBran","RaisinBran",-0.0751521621008436
"BigBiscuitShdWt","RaisinBran",-0.0751521621008436
"HoneyBunchesofOats","RaisinBran",-0.0751521621008436
"GreatGraines","RaisinBran",-0.0751521621008436
"OtmlRaisinCrisp","RaisinBran",-0.0751521621008436
"OatSquares","RaisinBran",-0.0751521621008436
"RiceChex","RaisinBran",-0.0751521621008436
"TotalRaisinBran","RaisinBran",-0.0751521621008436
"Product19","RaisinBran",-0.0751521621008436
"AppleJacks","RaisinBran",-0.0751521621008436
"CaptCrunch","RaisinBran",-0.0751521621008436
"ShreddedWheat","RaisinBran",-0.0751521621008436
"FruityPebbles","RaisinBran",-0.0751521621008436
"Clusters","RaisinBran",-0.0751521621008436
"CinnamonMiniBuns","RaisinBran",-0.0751521621008436
"DoubleDipCrunch","RaisinBran",-0.0751521621008436
"MultiGrainCheerios","RaisinBran",-0.0751521621008436
"Honeycomb","RaisinBran",-0.0751521621008436
"Popeye","RaisinBran",-0.0751521621008436
"CornFlakes","Total",-0.100226411232326
"Cheerios","Total",-0.100226411232326
"RiceKrispies","Total",-0.100226411232326
"FrostedFlakes","Total",-0.100226411232326
"RaisinBran","Total",-0.100226411232326
"Total","Total",4.14665542064591
"HoneyNutCheerios","Total",-0.100226411232326
"SpecialK","Total",-0.100226411232326
"GrapeNuts","Total",-0.100226411232326
"SpoonSizeShdWt","Total",-0.100226411232326
"100%Natural","Total",-0.100226411232326
"FrostedMiniWheats","Total",-0.100226411232326
"NutriGrain","Total",-0.100226411232326
"Mueslix","Total",-0.100226411232326
"Wheaties","Total",-0.100226411232326
"RaisinBran","Total",-0.100226411232326
"Muesli","Total",-0.100226411232326
"CornPops","Total",-0.100226411232326
"RaisinNutBran","Total",-0.100226411232326
"Basic4","Total",-0.100226411232326
"CocoaPus","Total",-0.100226411232326
"GoldenGrahams","Total",-0.100226411232326
"Cinn.ToastCrunch","Total",-0.100226411232326
"FrootLoops","Total",-0.100226411232326
"LowFatGranola","Total",-0.100226411232326
"Trix","Total",-0.100226411232326
"Triples","Total",-0.100226411232326
"Crispix","Total",-0.100226411232326
"Kix","Total",-0.100226411232326
"LuckyCharms","Total",-0.100226411232326
"AppleCinn.Cheerios","Total",-0.100226411232326
"CracklinOatBran","Total",-0.100226411232326
"BigBiscuitShdWt","Total",-0.100226411232326
"HoneyBunchesofOats","Total",-0.100226411232326
"GreatGraines","Total",-0.100226411232326
"OtmlRaisinCrisp","Total",-0.100226411232326
"OatSquares","Total",-0.100226411232326
"RiceChex","Total",-0.100226411232326
"TotalRaisinBran","Total",-0.100226411232326
"Product19","Total",-0.100226411232326
"AppleJacks","Total",-0.100226411232326
"CaptCrunch","Total",-0.100226411232326
"ShreddedWheat","Total",-0.100226411232326
"FruityPebbles","Total",-0.100226411232326
"Clusters","Total",-0.100226411232326
"CinnamonMiniBuns","Total",-0.100226411232326
"DoubleDipCrunch","Total",-0.100226411232326
"MultiGrainCheerios","Total",-0.100226411232326
"Honeycomb","Total",-0.100226411232326
"Popeye","Total",-0.100226411232326
"CornFlakes","HoneyNutCheerios",-0.0834835795893095
"Cheerios","HoneyNutCheerios",-0.0834835795893095
"RiceKrispies","HoneyNutCheerios",-0.0834835795893095
"FrostedFlakes","HoneyNutCheerios",-0.0834835795893095
"RaisinBran","HoneyNutCheerios",-0.0834835795893095
"Total","HoneyNutCheerios",-0.0834835795893095
"HoneyNutCheerios","HoneyNutCheerios",3.6104801190527
"SpecialK","HoneyNutCheerios",-0.0834835795893095
"GrapeNuts","HoneyNutCheerios",-0.0834835795893095
"SpoonSizeShdWt","HoneyNutCheerios",-0.0834835795893095
"100%Natural","HoneyNutCheerios",-0.0834835795893095
"FrostedMiniWheats","HoneyNutCheerios",-0.0834835795893095
"NutriGrain","HoneyNutCheerios",-0.0834835795893095
"Mueslix","HoneyNutCheerios",-0.0834835795893095
"Wheaties","HoneyNutCheerios",-0.0834835795893095
"RaisinBran","HoneyNutCheerios",-0.0834835795893095
"Muesli","HoneyNutCheerios",-0.0834835795893095
"CornPops","HoneyNutCheerios",-0.0834835795893095
"RaisinNutBran","HoneyNutCheerios",-0.0834835795893095
"Basic4","HoneyNutCheerios",-0.0834835795893095
"CocoaPus","HoneyNutCheerios",-0.0834835795893095
"GoldenGrahams","HoneyNutCheerios",-0.0834835795893095
"Cinn.ToastCrunch","HoneyNutCheerios",-0.0834835795893095
"FrootLoops","HoneyNutCheerios",-0.0834835795893095
"LowFatGranola","HoneyNutCheerios",-0.0834835795893095
"Trix","HoneyNutCheerios",-0.0834835795893095
"Triples","HoneyNutCheerios",-0.0834835795893095
"Crispix","HoneyNutCheerios",-0.0834835795893095
"Kix","HoneyNutCheerios",-0.0834835795893095
"LuckyCharms","HoneyNutCheerios",-0.0834835795893095
"AppleCinn.Cheerios","HoneyNutCheerios",-0.0834835795893095
"CracklinOatBran","HoneyNutCheerios",-0.0834835795893095
"BigBiscuitShdWt","HoneyNutCheerios",-0.0834835795893095
"HoneyBunchesofOats","HoneyNutCheerios",-0.0834835795893095
"GreatGraines","HoneyNutCheerios",-0.0834835795893095
"OtmlRaisinCrisp","HoneyNutCheerios",-0.0834835795893095
"OatSquares","HoneyNutCheerios",-0.0834835795893095
"RiceChex","HoneyNutCheerios",-0.0834835795893095
"TotalRaisinBran","HoneyNutCheerios",-0.0834835795893095
"Product19","HoneyNutCheerios",-0.0834835795893095
"AppleJacks","HoneyNutCheerios",-0.0834835795893095
"CaptCrunch","HoneyNutCheerios",-0.0834835795893095
"ShreddedWheat","HoneyNutCheerios",-0.0834835795893095
"FruityPebbles","HoneyNutCheerios",-0.0834835795893095
"Clusters","HoneyNutCheerios",-0.0834835795893095
"CinnamonMiniBuns","HoneyNutCheerios",-0.0834835795893095
"DoubleDipCrunch","HoneyNutCheerios",-0.0834835795893095
"MultiGrainCheerios","HoneyNutCheerios",-0.0834835795893095
"Honeycomb","HoneyNutCheerios",-0.0834835795893095
"Popeye","HoneyNutCheerios",-0.0834835795893095
"CornFlakes","SpecialK",-0.0884292558278735
"Cheerios","SpecialK",-0.0884292558278735
"RiceKrispies","SpecialK",-0.0884292558278735
"FrostedFlakes","SpecialK",-0.0884292558278735
"RaisinBran","SpecialK",-0.0884292558278735
"Total","SpecialK",-0.0884292558278735
"HoneyNutCheerios","SpecialK",-0.0884292558278735
"SpecialK","SpecialK",4.00551777324034
"GrapeNuts","SpecialK",-0.0884292558278735
"SpoonSizeShdWt","SpecialK",-0.0884292558278735
"100%Natural","SpecialK",-0.0884292558278735
"FrostedMiniWheats","SpecialK",-0.0884292558278735
"NutriGrain","SpecialK",-0.0884292558278735
"Mueslix","SpecialK",-0.0884292558278735
"Wheaties","SpecialK",-0.0884292558278735
"RaisinBran","SpecialK",-0.0884292558278735
"Muesli","SpecialK",-0.0884292558278735
"CornPops","SpecialK",-0.0884292558278735
"RaisinNutBran","SpecialK",-0.0884292558278735
"Basic4","SpecialK",-0.0884292558278735
"CocoaPus","SpecialK",-0.0884292558278735
"GoldenGrahams","SpecialK",-0.0884292558278735
"Cinn.ToastCrunch","SpecialK",-0.0884292558278735
"FrootLoops","SpecialK",-0.0884292558278735
"LowFatGranola","SpecialK",-0.0884292558278735
"Trix","SpecialK",-0.0884292558278735
"Triples","SpecialK",-0.0884292558278735
"Crispix","SpecialK",-0.0884292558278735
"Kix","SpecialK",-0.0884292558278735
"LuckyCharms","SpecialK",-0.0884292558278735
"AppleCinn.Cheerios","SpecialK",-0.0884292558278735
"CracklinOatBran","SpecialK",-0.0884292558278735
"BigBiscuitShdWt","SpecialK",-0.0884292558278735
"HoneyBunchesofOats","SpecialK",-0.0884292558278735
"GreatGraines","SpecialK",-0.0884292558278735
"OtmlRaisinCrisp","SpecialK",-0.0884292558278735
"OatSquares","SpecialK",-0.0884292558278735
"RiceChex","SpecialK",-0.0884292558278735
"TotalRaisinBran","SpecialK",-0.0884292558278735
"Product19","SpecialK",-0.0884292558278735
"AppleJacks","SpecialK",-0.0884292558278735
"CaptCrunch","SpecialK",-0.0884292558278735
"ShreddedWheat","SpecialK",-0.0884292558278735
"FruityPebbles","SpecialK",-0.0884292558278735
"Clusters","SpecialK",-0.0884292558278735
"CinnamonMiniBuns","SpecialK",-0.0884292558278735
"DoubleDipCrunch","SpecialK",-0.0884292558278735
"MultiGrainCheerios","SpecialK",-0.0884292558278735
"Honeycomb","SpecialK",-0.0884292558278735
"Popeye","SpecialK",-0.0884292558278735
"CornFlakes","GrapeNuts",-0.0533718933375767
"Cheerios","GrapeNuts",-0.0533718933375767
"RiceKrispies","GrapeNuts",-0.0533718933375767
"FrostedFlakes","GrapeNuts",-0.0533718933375767
"RaisinBran","GrapeNuts",-0.0533718933375767
"Total","GrapeNuts",-0.0533718933375767
"HoneyNutCheerios","GrapeNuts",-0.0533718933375767
"SpecialK","GrapeNuts",-0.0533718933375767
"GrapeNuts","GrapeNuts",2.46417024522736
"SpoonSizeShdWt","GrapeNuts",-0.0533718933375767
"100%Natural","GrapeNuts",-0.0533718933375767
"FrostedMiniWheats","GrapeNuts",-0.0533718933375767
"NutriGrain","GrapeNuts",-0.0533718933375767
"Mueslix","GrapeNuts",-0.0533718933375767
"Wheaties","GrapeNuts",-0.0533718933375767
"RaisinBran","GrapeNuts",-0.0533718933375767
"Muesli","GrapeNuts",-0.0533718933375767
"CornPops","GrapeNuts",-0.0533718933375767
"RaisinNutBran","GrapeNuts",-0.0533718933375767
"Basic4","GrapeNuts",-0.0533718933375767
"CocoaPus","GrapeNuts",-0.0533718933375767
"GoldenGrahams","GrapeNuts",-0.0533718933375767
"Cinn.ToastCrunch","GrapeNuts",-0.0533718933375767
"FrootLoops","GrapeNuts",-0.0533718933375767
"LowFatGranola","GrapeNuts",-0.0533718933375767
"Trix","GrapeNuts",-0.0533718933375767
"Triples","GrapeNuts",-0.0533718933375767
"Crispix","GrapeNuts",-0.0533718933375767
"Kix","GrapeNuts",-0.0533718933375767
"LuckyCharms","GrapeNuts",-0.0533718933375767
"AppleCinn.Cheerios","GrapeNuts",-0.0533718933375767
"CracklinOatBran","GrapeNuts",-0.0533718933375767
"BigBiscuitShdWt","GrapeNuts",-0.0533718933375767
"HoneyBunchesofOats","GrapeNuts",-0.0533718933375767
"GreatGraines","GrapeNuts",-0.0533718933375767
"OtmlRaisinCrisp","GrapeNuts",-0.0533718933375767
"OatSquares","GrapeNuts",-0.0533718933375767
"RiceChex","GrapeNuts",-0.0533718933375767
"TotalRaisinBran","GrapeNuts",-0.0533718933375767
"Product19","GrapeNuts",-0.0533718933375767
"AppleJacks","GrapeNuts",-0.0533718933375767
"CaptCrunch","GrapeNuts",-0.0533718933375767
"ShreddedWheat","GrapeNuts",-0.0533718933375767
"FruityPebbles","GrapeNuts",-0.0533718933375767
"Clusters","GrapeNuts",-0.0533718933375767
"CinnamonMiniBuns","GrapeNuts",-0.0533718933375767
"DoubleDipCrunch","GrapeNuts",-0.0533718933375767
"MultiGrainCheerios","GrapeNuts",-0.0533718933375767
"Honeycomb","GrapeNuts",-0.0533718933375767
"Popeye","GrapeNuts",-0.0533718933375767
"CornFlakes","SpoonSizeShdWt",-0.0687594873433848
"Cheerios","SpoonSizeShdWt",-0.0687594873433848
"RiceKrispies","SpoonSizeShdWt",-0.0687594873433848
"FrostedFlakes","SpoonSizeShdWt",-0.0687594873433848
"RaisinBran","SpoonSizeShdWt",-0.0687594873433848
"Total","SpoonSizeShdWt",-0.0687594873433848
"HoneyNutCheerios","SpoonSizeShdWt",-0.0687594873433848
"SpecialK","SpoonSizeShdWt",-0.0687594873433848
"GrapeNuts","SpoonSizeShdWt",-0.0687594873433848
"SpoonSizeShdWt","SpoonSizeShdWt",3.23698509647319
"100%Natural","SpoonSizeShdWt",-0.0687594873433848
"FrostedMiniWheats","SpoonSizeShdWt",-0.0687594873433848
"NutriGrain","SpoonSizeShdWt",-0.0687594873433848
"Mueslix","SpoonSizeShdWt",-0.0687594873433848
"Wheaties","SpoonSizeShdWt",-0.0687594873433848
"RaisinBran","SpoonSizeShdWt",-0.0687594873433848
"Muesli","SpoonSizeShdWt",-0.0687594873433848
"CornPops","SpoonSizeShdWt",-0.0687594873433848
"RaisinNutBran","SpoonSizeShdWt",-0.0687594873433848
"Basic4","SpoonSizeShdWt",-0.0687594873433848
"CocoaPus","SpoonSizeShdWt",-0.0687594873433848
"GoldenGrahams","SpoonSizeShdWt",-0.0687594873433848
"Cinn.ToastCrunch","SpoonSizeShdWt",-0.0687594873433848
"FrootLoops","SpoonSizeShdWt",-0.0687594873433848
"LowFatGranola","SpoonSizeShdWt",-0.0687594873433848
"Trix","SpoonSizeShdWt",-0.0687594873433848
"Triples","SpoonSizeShdWt",-0.0687594873433848
"Crispix","SpoonSizeShdWt",-0.0687594873433848
"Kix","SpoonSizeShdWt",-0.0687594873433848
"LuckyCharms","SpoonSizeShdWt",-0.0687594873433848
"AppleCinn.Cheerios","SpoonSizeShdWt",-0.0687594873433848
"CracklinOatBran","SpoonSizeShdWt",-0.0687594873433848
"BigBiscuitShdWt","SpoonSizeShdWt",-0.0687594873433848
"HoneyBunchesofOats","SpoonSizeShdWt",-0.0687594873433848
"GreatGraines","SpoonSizeShdWt",-0.0687594873433848
"OtmlRaisinCrisp","SpoonSizeShdWt",-0.0687594873433848
"OatSquares","SpoonSizeShdWt",-0.0687594873433848
"RiceChex","SpoonSizeShdWt",-0.0687594873433848
"TotalRaisinBran","SpoonSizeShdWt",-0.0687594873433848
"Product19","SpoonSizeShdWt",-0.0687594873433848
"AppleJacks","SpoonSizeShdWt",-0.0687594873433848
"CaptCrunch","SpoonSizeShdWt",-0.0687594873433848
"ShreddedWheat","SpoonSizeShdWt",-0.0687594873433848
"FruityPebbles","SpoonSizeShdWt",-0.0687594873433848
"Clusters","SpoonSizeShdWt",-0.0687594873433848
"CinnamonMiniBuns","SpoonSizeShdWt",-0.0687594873433848
"DoubleDipCrunch","SpoonSizeShdWt",-0.0687594873433848
"MultiGrainCheerios","SpoonSizeShdWt",-0.0687594873433848
"Honeycomb","SpoonSizeShdWt",-0.0687594873433848
"Popeye","SpoonSizeShdWt",-0.0687594873433848
"CornFlakes","100%Natural",-0.0516496121736239
"Cheerios","100%Natural",-0.0516496121736239
"RiceKrispies","100%Natural",-0.0516496121736239
"FrostedFlakes","100%Natural",-0.0516496121736239
"RaisinBran","100%Natural",-0.0516496121736239
"Total","100%Natural",-0.0516496121736239
"HoneyNutCheerios","100%Natural",-0.0516496121736239
"SpecialK","100%Natural",-0.0516496121736239
"GrapeNuts","100%Natural",-0.0516496121736239
"SpoonSizeShdWt","100%Natural",-0.0516496121736239
"100%Natural","100%Natural",2.58353468239902
"FrostedMiniWheats","100%Natural",-0.0516496121736239
"NutriGrain","100%Natural",-0.0516496121736239
"Mueslix","100%Natural",-0.0516496121736239
"Wheaties","100%Natural",-0.0516496121736239
"RaisinBran","100%Natural",-0.0516496121736239
"Muesli","100%Natural",-0.0516496121736239
"CornPops","100%Natural",-0.0516496121736239
"RaisinNutBran","100%Natural",-0.0516496121736239
"Basic4","100%Natural",-0.0516496121736239
"CocoaPus","100%Natural",-0.0516496121736239
"GoldenGrahams","100%Natural",-0.0516496121736239
"Cinn.ToastCrunch","100%Natural",-0.0516496121736239
"FrootLoops","100%Natural",-0.0516496121736239
"LowFatGranola","100%Natural",-0.0516496121736239
"Trix","100%Natural",-0.0516496121736239
"Triples","100%Natural",-0.0516496121736239
"Crispix","100%Natural",-0.0516496121736239
"Kix","100%Natural",-0.0516496121736239
"LuckyCharms","100%Natural",-0.0516496121736239
"AppleCinn.Cheerios","100%Natural",-0.0516496121736239
"CracklinOatBran","100%Natural",-0.0516496121736239
"BigBiscuitShdWt","100%Natural",-0.0516496121736239
"HoneyBunchesofOats","100%Natural",-0.0516496121736239
"GreatGraines","100%Natural",-0.0516496121736239
"OtmlRaisinCrisp","100%Natural",-0.0516496121736239
"OatSquares","100%Natural",-0.0516496121736239
"RiceChex","100%Natural",-0.0516496121736239
"TotalRaisinBran","100%Natural",-0.0516496121736239
"Product19","100%Natural",-0.0516496121736239
"AppleJacks","100%Natural",-0.0516496121736239
"CaptCrunch","100%Natural",-0.0516496121736239
"ShreddedWheat","100%Natural",-0.0516496121736239
"FruityPebbles","100%Natural",-0.0516496121736239
"Clusters","100%Natural",-0.0516496121736239
"CinnamonMiniBuns","100%Natural",-0.0516496121736239
"DoubleDipCrunch","100%Natural",-0.0516496121736239
"MultiGrainCheerios","100%Natural",-0.0516496121736239
"Honeycomb","100%Natural",-0.0516496121736239
"Popeye","100%Natural",-0.0516496121736239
"CornFlakes","FrostedMiniWheats",-0.0567129305681956
"Cheerios","FrostedMiniWheats",-0.0567129305681956
"RiceKrispies","FrostedMiniWheats",-0.0567129305681956
"FrostedFlakes","FrostedMiniWheats",-0.0567129305681956
"RaisinBran","FrostedMiniWheats",-0.0567129305681956
"Total","FrostedMiniWheats",-0.0567129305681956
"HoneyNutCheerios","FrostedMiniWheats",-0.0567129305681956
"SpecialK","FrostedMiniWheats",-0.0567129305681956
"GrapeNuts","FrostedMiniWheats",-0.0567129305681956
"SpoonSizeShdWt","FrostedMiniWheats",-0.0567129305681956
"100%Natural","FrostedMiniWheats",-0.0567129305681956
"FrostedMiniWheats","FrostedMiniWheats",3.02551155683374
"NutriGrain","FrostedMiniWheats",-0.0567129305681956
"Mueslix","FrostedMiniWheats",-0.0567129305681956
"Wheaties","FrostedMiniWheats",-0.0567129305681956
"RaisinBran","FrostedMiniWheats",-0.0567129305681956
"Muesli","FrostedMiniWheats",-0.0567129305681956
"CornPops","FrostedMiniWheats",-0.0567129305681956
"RaisinNutBran","FrostedMiniWheats",-0.0567129305681956
"Basic4","FrostedMiniWheats",-0.0567129305681956
"CocoaPus","FrostedMiniWheats",-0.0567129305681956
"GoldenGrahams","FrostedMiniWheats",-0.0567129305681956
"Cinn.ToastCrunch","FrostedMiniWheats",-0.0567129305681956
"FrootLoops","FrostedMiniWheats",-0.0567129305681956
"LowFatGranola","FrostedMiniWheats",-0.0567129305681956
"Trix","FrostedMiniWheats",-0.0567129305681956
"Triples","FrostedMiniWheats",-0.0567129305681956
"Crispix","FrostedMiniWheats",-0.0567129305681956
"Kix","FrostedMiniWheats",-0.0567129305681956
"LuckyCharms","FrostedMiniWheats",-0.0567129305681956
"AppleCinn.Cheerios","FrostedMiniWheats",-0.0567129305681956
"CracklinOatBran","FrostedMiniWheats",-0.0567129305681956
"BigBiscuitShdWt","FrostedMiniWheats",-0.0567129305681956
"HoneyBunchesofOats","FrostedMiniWheats",-0.0567129305681956
"GreatGraines","FrostedMiniWheats",-0.0567129305681956
"OtmlRaisinCrisp","FrostedMiniWheats",-0.0567129305681956
"OatSquares","FrostedMiniWheats",-0.0567129305681956
"RiceChex","FrostedMiniWheats",-0.0567129305681956
"TotalRaisinBran","FrostedMiniWheats",-0.0567129305681956
"Product19","FrostedMiniWheats",-0.0567129305681956
"AppleJacks","FrostedMiniWheats",-0.0567129305681956
"CaptCrunch","FrostedMiniWheats",-0.0567129305681956
"ShreddedWheat","FrostedMiniWheats",-0.0567129305681956
"FruityPebbles","FrostedMiniWheats",-0.0567129305681956
"Clusters","FrostedMiniWheats",-0.0567129305681956
"CinnamonMiniBuns","FrostedMiniWheats",-0.0567129305681956
"DoubleDipCrunch","FrostedMiniWheats",-0.0567129305681956
"MultiGrainCheerios","FrostedMiniWheats",-0.0567129305681956
"Honeycomb","FrostedMiniWheats",-0.0567129305681956
"Popeye","FrostedMiniWheats",-0.0567129305681956
"CornFlakes","NutriGrain",-0.0523331131000286
"Cheerios","NutriGrain",-0.0523331131000286
"RiceKrispies","NutriGrain",-0.0523331131000286
"FrostedFlakes","NutriGrain",-0.0523331131000286
"RaisinBran","NutriGrain",-0.0523331131000286
"Total","NutriGrain",-0.0523331131000286
"HoneyNutCheerios","NutriGrain",-0.0523331131000286
"SpecialK","NutriGrain",-0.0523331131000286
"GrapeNuts","NutriGrain",-0.0523331131000286
"SpoonSizeShdWt","NutriGrain",-0.0523331131000286
"100%Natural","NutriGrain",-0.0523331131000286
"FrostedMiniWheats","NutriGrain",-0.0523331131000286
"NutriGrain","NutriGrain",3.32399676432117
"Mueslix","NutriGrain",-0.0523331131000286
"Wheaties","NutriGrain",-0.0523331131000286
"RaisinBran","NutriGrain",-0.0523331131000286
"Muesli","NutriGrain",-0.0523331131000286
"CornPops","NutriGrain",-0.0523331131000286
"RaisinNutBran","NutriGrain",-0.0523331131000286
"Basic4","NutriGrain",-0.0523331131000286
"CocoaPus","NutriGrain",-0.0523331131000286
"GoldenGrahams","NutriGrain",-0.0523331131000286
"Cinn.ToastCrunch","NutriGrain",-0.0523331131000286
"FrootLoops","NutriGrain",-0.0523331131000286
"LowFatGranola","NutriGrain",-0.0523331131000286
"Trix","NutriGrain",-0.0523331131000286
"Triples","NutriGrain",-0.0523331131000286
"Crispix","NutriGrain",-0.0523331131000286
"Kix","NutriGrain",-0.0523331131000286
"LuckyCharms","NutriGrain",-0.0523331131000286
"AppleCinn.Cheerios","NutriGrain",-0.0523331131000286
"CracklinOatBran","NutriGrain",-0.0523331131000286
"BigBiscuitShdWt","NutriGrain",-0.0523331131000286
"HoneyBunchesofOats","NutriGrain",-0.0523331131000286
"GreatGraines","NutriGrain",-0.0523331131000286
"OtmlRaisinCrisp","NutriGrain",-0.0523331131000286
"OatSquares","NutriGrain",-0.0523331131000286
"RiceChex","NutriGrain",-0.0523331131000286
"TotalRaisinBran","NutriGrain",-0.0523331131000286
"Product19","NutriGrain",-0.0523331131000286
"AppleJacks","NutriGrain",-0.0523331131000286
"CaptCrunch","NutriGrain",-0.0523331131000286
"ShreddedWheat","NutriGrain",-0.0523331131000286
"FruityPebbles","NutriGrain",-0.0523331131000286
"Clusters","NutriGrain",-0.0523331131000286
"CinnamonMiniBuns","NutriGrain",-0.0523331131000286
"DoubleDipCrunch","NutriGrain",-0.0523331131000286
"MultiGrainCheerios","NutriGrain",-0.0523331131000286
"Honeycomb","NutriGrain",-0.0523331131000286
"Popeye","NutriGrain",-0.0523331131000286
"CornFlakes","Mueslix",-0.0595775170669833
"Cheerios","Mueslix",-0.0595775170669833
"RiceKrispies","Mueslix",-0.0595775170669833
"FrostedFlakes","Mueslix",-0.0595775170669833
"RaisinBran","Mueslix",-0.0595775170669833
"Total","Mueslix",-0.0595775170669833
"HoneyNutCheerios","Mueslix",-0.0595775170669833
"SpecialK","Mueslix",-0.0595775170669833
"GrapeNuts","Mueslix",-0.0595775170669833
"SpoonSizeShdWt","Mueslix",-0.0595775170669833
"100%Natural","Mueslix",-0.0595775170669833
"FrostedMiniWheats","Mueslix",-0.0595775170669833
"NutriGrain","Mueslix",-0.0595775170669833
"Mueslix","Mueslix",3.83437784678813
"Wheaties","Mueslix",-0.0595775170669833
"RaisinBran","Mueslix",-0.0595775170669833
"Muesli","Mueslix",-0.0595775170669833
"CornPops","Mueslix",-0.0595775170669833
"RaisinNutBran","Mueslix",-0.0595775170669833
"Basic4","Mueslix",-0.0595775170669833
"CocoaPus","Mueslix",-0.0595775170669833
"GoldenGrahams","Mueslix",-0.0595775170669833
"Cinn.ToastCrunch","Mueslix",-0.0595775170669833
"FrootLoops","Mueslix",-0.0595775170669833
"LowFatGranola","Mueslix",-0.0595775170669833
"Trix","Mueslix",-0.0595775170669833
"Triples","Mueslix",-0.0595775170669833
"Crispix","Mueslix",-0.0595775170669833
"Kix","Mueslix",-0.0595775170669833
"LuckyCharms","Mueslix",-0.0595775170669833
"AppleCinn.Cheerios","Mueslix",-0.0595775170669833
"CracklinOatBran","Mueslix",-0.0595775170669833
"BigBiscuitShdWt","Mueslix",-0.0595775170669833
"HoneyBunchesofOats","Mueslix",-0.0595775170669833
"GreatGraines","Mueslix",-0.0595775170669833
"OtmlRaisinCrisp","Mueslix",-0.0595775170669833
"OatSquares","Mueslix",-0.0595775170669833
"RiceChex","Mueslix",-0.0595775170669833
"TotalRaisinBran","Mueslix",-0.0595775170669833
"Product19","Mueslix",-0.0595775170669833
"AppleJacks","Mueslix",-0.0595775170669833
"CaptCrunch","Mueslix",-0.0595775170669833
"ShreddedWheat","Mueslix",-0.0595775170669833
"FruityPebbles","Mueslix",-0.0595775170669833
"Clusters","Mueslix",-0.0595775170669833
"CinnamonMiniBuns","Mueslix",-0.0595775170669833
"DoubleDipCrunch","Mueslix",-0.0595775170669833
"MultiGrainCheerios","Mueslix",-0.0595775170669833
"Honeycomb","Mueslix",-0.0595775170669833
"Popeye","Mueslix",-0.0595775170669833
"CornFlakes","Wheaties",-0.0455980996685874
"Cheerios","Wheaties",-0.0455980996685874
"RiceKrispies","Wheaties",-0.0455980996685874
"FrostedFlakes","Wheaties",-0.0455980996685874
"RaisinBran","Wheaties",-0.0455980996685874
"Total","Wheaties",-0.0455980996685874
"HoneyNutCheerios","Wheaties",-0.0455980996685874
"SpecialK","Wheaties",-0.0455980996685874
"GrapeNuts","Wheaties",-0.0455980996685874
"SpoonSizeShdWt","Wheaties",-0.0455980996685874
"100%Natural","Wheaties",-0.0455980996685874
"FrostedMiniWheats","Wheaties",-0.0455980996685874
"NutriGrain","Wheaties",-0.0455980996685874
"Mueslix","Wheaties",-0.0455980996685874
"Wheaties","Wheaties",2.95427687852795
"RaisinBran","Wheaties",-0.0455980996685874
"Muesli","Wheaties",-0.0455980996685874
"CornPops","Wheaties",-0.0455980996685874
"RaisinNutBran","Wheaties",-0.0455980996685874
"Basic4","Wheaties",-0.0455980996685874
"CocoaPus","Wheaties",-0.0455980996685874
"GoldenGrahams","Wheaties",-0.0455980996685874
"Cinn.ToastCrunch","Wheaties",-0.0455980996685874
"FrootLoops","Wheaties",-0.0455980996685874
"LowFatGranola","Wheaties",-0.0455980996685874
"Trix","Wheaties",-0.0455980996685874
"Triples","Wheaties",-0.0455980996685874
"Crispix","Wheaties",-0.0455980996685874
"Kix","Wheaties",-0.0455980996685874
"LuckyCharms","Wheaties",-0.0455980996685874
"AppleCinn.Cheerios","Wheaties",-0.0455980996685874
"CracklinOatBran","Wheaties",-0.0455980996685874
"BigBiscuitShdWt","Wheaties",-0.0455980996685874
"HoneyBunchesofOats","Wheaties",-0.0455980996685874
"GreatGraines","Wheaties",-0.0455980996685874
"OtmlRaisinCrisp","Wheaties",-0.0455980996685874
"OatSquares","Wheaties",-0.0455980996685874
"RiceChex","Wheaties",-0.0455980996685874
"TotalRaisinBran","Wheaties",-0.0455980996685874
"Product19","Wheaties",-0.0455980996685874
"AppleJacks","Wheaties",-0.0455980996685874
"CaptCrunch","Wheaties",-0.0455980996685874
"ShreddedWheat","Wheaties",-0.0455980996685874
"FruityPebbles","Wheaties",-0.0455980996685874
"Clusters","Wheaties",-0.0455980996685874
"CinnamonMiniBuns","Wheaties",-0.0455980996685874
"DoubleDipCrunch","Wheaties",-0.0455980996685874
"MultiGrainCheerios","Wheaties",-0.0455980996685874
"Honeycomb","Wheaties",-0.0455980996685874
"Popeye","Wheaties",-0.0455980996685874
"CornFlakes","RaisinBran",-0.0383019331529894
"Cheerios","RaisinBran",-0.0383019331529894
"RiceKrispies","RaisinBran",-0.0383019331529894
"FrostedFlakes","RaisinBran",-0.0383019331529894
"RaisinBran","RaisinBran",-0.0383019331529894
"Total","RaisinBran",-0.0383019331529894
"HoneyNutCheerios","RaisinBran",-0.0383019331529894
"SpecialK","RaisinBran",-0.0383019331529894
"GrapeNuts","RaisinBran",-0.0383019331529894
"SpoonSizeShdWt","RaisinBran",-0.0383019331529894
"100%Natural","RaisinBran",-0.0383019331529894
"FrostedMiniWheats","RaisinBran",-0.0383019331529894
"NutriGrain","RaisinBran",-0.0383019331529894
"Mueslix","RaisinBran",-0.0383019331529894
"Wheaties","RaisinBran",-0.0383019331529894
"RaisinBran","RaisinBran",2.58511814581889
"Muesli","RaisinBran",-0.0383019331529894
"CornPops","RaisinBran",-0.0383019331529894
"RaisinNutBran","RaisinBran",-0.0383019331529894
"Basic4","RaisinBran",-0.0383019331529894
"CocoaPus","RaisinBran",-0.0383019331529894
"GoldenGrahams","RaisinBran",-0.0383019331529894
"Cinn.ToastCrunch","RaisinBran",-0.0383019331529894
"FrootLoops","RaisinBran",-0.0383019331529894
"LowFatGranola","RaisinBran",-0.0383019331529894
"Trix","RaisinBran",-0.0383019331529894
"Triples","RaisinBran",-0.0383019331529894
"Crispix","RaisinBran",-0.0383019331529894
"Kix","RaisinBran",-0.0383019331529894
"LuckyCharms","RaisinBran",-0.0383019331529894
"AppleCinn.Cheerios","RaisinBran",-0.0383019331529894
"CracklinOatBran","RaisinBran",-0.0383019331529894
"BigBiscuitShdWt","RaisinBran",-0.0383019331529894
"HoneyBunchesofOats","RaisinBran",-0.0383019331529894
"GreatGraines","RaisinBran",-0.0383019331529894
"OtmlRaisinCrisp","RaisinBran",-0.0383019331529894
"OatSquares","RaisinBran",-0.0383019331529894
"RiceChex","RaisinBran",-0.0383019331529894
"TotalRaisinBran","RaisinBran",-0.0383019331529894
"Product19","RaisinBran",-0.0383019331529894
"AppleJacks","RaisinBran",-0.0383019331529894
"CaptCrunch","RaisinBran",-0.0383019331529894
"ShreddedWheat","RaisinBran",-0.0383019331529894
"FruityPebbles","RaisinBran",-0.0383019331529894
"Clusters","RaisinBran",-0.0383019331529894
"CinnamonMiniBuns","RaisinBran",-0.0383019331529894
"DoubleDipCrunch","RaisinBran",-0.0383019331529894
"MultiGrainCheerios","RaisinBran",-0.0383019331529894
"Honeycomb","RaisinBran",-0.0383019331529894
"Popeye","RaisinBran",-0.0383019331529894
"CornFlakes","Muesli",-0.0495085249342836
"Cheerios","Muesli",-0.0495085249342836
"RiceKrispies","Muesli",-0.0495085249342836
"FrostedFlakes","Muesli",-0.0495085249342836
"RaisinBran","Muesli",-0.0495085249342836
"Total","Muesli",-0.0495085249342836
"HoneyNutCheerios","Muesli",-0.0495085249342836
"SpecialK","Muesli",-0.0495085249342836
"GrapeNuts","Muesli",-0.0495085249342836
"SpoonSizeShdWt","Muesli",-0.0495085249342836
"100%Natural","Muesli",-0.0495085249342836
"FrostedMiniWheats","Muesli",-0.0495085249342836
"NutriGrain","Muesli",-0.0495085249342836
"Mueslix","Muesli",-0.0495085249342836
"Wheaties","Muesli",-0.0495085249342836
"RaisinBran","Muesli",-0.0495085249342836
"Muesli","Muesli",3.87973948572314
"CornPops","Muesli",-0.0495085249342836
"RaisinNutBran","Muesli",-0.0495085249342836
"Basic4","Muesli",-0.0495085249342836
"CocoaPus","Muesli",-0.0495085249342836
"GoldenGrahams","Muesli",-0.0495085249342836
"Cinn.ToastCrunch","Muesli",-0.0495085249342836
"FrootLoops","Muesli",-0.0495085249342836
"LowFatGranola","Muesli",-0.0495085249342836
"Trix","Muesli",-0.0495085249342836
"Triples","Muesli",-0.0495085249342836
"Crispix","Muesli",-0.0495085249342836
"Kix","Muesli",-0.0495085249342836
"LuckyCharms","Muesli",-0.0495085249342836
"AppleCinn.Cheerios","Muesli",-0.0495085249342836
"CracklinOatBran","Muesli",-0.0495085249342836
"BigBiscuitShdWt","Muesli",-0.0495085249342836
"HoneyBunchesofOats","Muesli",-0.0495085249342836
"GreatGraines","Muesli",-0.0495085249342836
"OtmlRaisinCrisp","Muesli",-0.0495085249342836
"OatSquares","Muesli",-0.0495085249342836
"RiceChex","Muesli",-0.0495085249342836
"TotalRaisinBran","Muesli",-0.0495085249342836
"Product19","Muesli",-0.0495085249342836
"AppleJacks","Muesli",-0.0495085249342836
"CaptCrunch","Muesli",-0.0495085249342836
"ShreddedWheat","Muesli",-0.0495085249342836
"FruityPebbles","Muesli",-0.0495085249342836
"Clusters","Muesli",-0.0495085249342836
"CinnamonMiniBuns","Muesli",-0.0495085249342836
"DoubleDipCrunch","Muesli",-0.0495085249342836
"MultiGrainCheerios","Muesli",-0.0495085249342836
"Honeycomb","Muesli",-0.0495085249342836
"Popeye","Muesli",-0.0495085249342836
"CornFlakes","CornPops",-0.0602868992677097
"Cheerios","CornPops",-0.0602868992677097
"RiceKrispies","CornPops",-0.0602868992677097
"FrostedFlakes","CornPops",-0.0602868992677097
"RaisinBran","CornPops",-0.0602868992677097
"Total","CornPops",-0.0602868992677097
"HoneyNutCheerios","CornPops",-0.0602868992677097
"SpecialK","CornPops",-0.0602868992677097
"GrapeNuts","CornPops",-0.0602868992677097
"SpoonSizeShdWt","CornPops",-0.0602868992677097
"100%Natural","CornPops",-0.0602868992677097
"FrostedMiniWheats","CornPops",-0.0602868992677097
"NutriGrain","CornPops",-0.0602868992677097
"Mueslix","CornPops",-0.0602868992677097
"Wheaties","CornPops",-0.0602868992677097
"RaisinBran","CornPops",-0.0602868992677097
"Muesli","CornPops",-0.0602868992677097
"CornPops","CornPops",4.06895277660282
"RaisinNutBran","CornPops",-0.0602868992677097
"Basic4","CornPops",-0.0602868992677097
"CocoaPus","CornPops",-0.0602868992677097
"GoldenGrahams","CornPops",-0.0602868992677097
"Cinn.ToastCrunch","CornPops",-0.0602868992677097
"FrootLoops","CornPops",-0.0602868992677097
"LowFatGranola","CornPops",-0.0602868992677097
"Trix","CornPops",-0.0602868992677097
"Triples","CornPops",-0.0602868992677097
"Crispix","CornPops",-0.0602868992677097
"Kix","CornPops",-0.0602868992677097
"LuckyCharms","CornPops",-0.0602868992677097
"AppleCinn.Cheerios","CornPops",-0.0602868992677097
"CracklinOatBran","CornPops",-0.0602868992677097
"BigBiscuitShdWt","CornPops",-0.0602868992677097
"HoneyBunchesofOats","CornPops",-0.0602868992677097
"GreatGraines","CornPops",-0.0602868992677097
"OtmlRaisinCrisp","CornPops",-0.0602868992677097
"OatSquares","CornPops",-0.0602868992677097
"RiceChex","CornPops",-0.0602868992677097
"TotalRaisinBran","CornPops",-0.0602868992677097
"Product19","CornPops",-0.0602868992677097
"AppleJacks","CornPops",-0.0602868992677097
"CaptCrunch","CornPops",-0.0602868992677097
"ShreddedWheat","CornPops",-0.0602868992677097
"FruityPebbles","CornPops",-0.0602868992677097
"Clusters","CornPops",-0.0602868992677097
"CinnamonMiniBuns","CornPops",-0.0602868992677097
"DoubleDipCrunch","CornPops",-0.0602868992677097
"MultiGrainCheerios","CornPops",-0.0602868992677097
"Honeycomb","CornPops",-0.0602868992677097
"Popeye","CornPops",-0.0602868992677097
"CornFlakes","RaisinNutBran",-0.0473274393619007
"Cheerios","RaisinNutBran",-0.0473274393619007
"RiceKrispies","RaisinNutBran",-0.0473274393619007
"FrostedFlakes","RaisinNutBran",-0.0473274393619007
"RaisinBran","RaisinNutBran",-0.0473274393619007
"Total","RaisinNutBran",-0.0473274393619007
"HoneyNutCheerios","RaisinNutBran",-0.0473274393619007
"SpecialK","RaisinNutBran",-0.0473274393619007
"GrapeNuts","RaisinNutBran",-0.0473274393619007
"SpoonSizeShdWt","RaisinNutBran",-0.0473274393619007
"100%Natural","RaisinNutBran",-0.0473274393619007
"FrostedMiniWheats","RaisinNutBran",-0.0473274393619007
"NutriGrain","RaisinNutBran",-0.0473274393619007
"Mueslix","RaisinNutBran",-0.0473274393619007
"Wheaties","RaisinNutBran",-0.0473274393619007
"RaisinBran","RaisinNutBran",-0.0473274393619007
"Muesli","RaisinNutBran",-0.0473274393619007
"CornPops","RaisinNutBran",-0.0473274393619007
"RaisinNutBran","RaisinNutBran",3.45840880966778
"Basic4","RaisinNutBran",-0.0473274393619007
"CocoaPus","RaisinNutBran",-0.0473274393619007
"GoldenGrahams","RaisinNutBran",-0.0473274393619007
"Cinn.ToastCrunch","RaisinNutBran",-0.0473274393619007
"FrootLoops","RaisinNutBran",-0.0473274393619007
"LowFatGranola","RaisinNutBran",-0.0473274393619007
"Trix","RaisinNutBran",-0.0473274393619007
"Triples","RaisinNutBran",-0.0473274393619007
"Crispix","RaisinNutBran",-0.0473274393619007
"Kix","RaisinNutBran",-0.0473274393619007
"LuckyCharms","RaisinNutBran",-0.0473274393619007
"AppleCinn.Cheerios","RaisinNutBran",-0.0473274393619007
"CracklinOatBran","RaisinNutBran",-0.0473274393619007
"BigBiscuitShdWt","RaisinNutBran",-0.0473274393619007
"HoneyBunchesofOats","RaisinNutBran",-0.0473274393619007
"GreatGraines","RaisinNutBran",-0.0473274393619007
"OtmlRaisinCrisp","RaisinNutBran",-0.0473274393619007
"OatSquares","RaisinNutBran",-0.0473274393619007
"RiceChex","RaisinNutBran",-0.0473274393619007
"TotalRaisinBran","RaisinNutBran",-0.0473274393619007
"Product19","RaisinNutBran",-0.0473274393619007
"AppleJacks","RaisinNutBran",-0.0473274393619007
"CaptCrunch","RaisinNutBran",-0.0473274393619007
"ShreddedWheat","RaisinNutBran",-0.0473274393619007
"FruityPebbles","RaisinNutBran",-0.0473274393619007
"Clusters","RaisinNutBran",-0.0473274393619007
"CinnamonMiniBuns","RaisinNutBran",-0.0473274393619007
"DoubleDipCrunch","RaisinNutBran",-0.0473274393619007
"MultiGrainCheerios","RaisinNutBran",-0.0473274393619007
"Honeycomb","RaisinNutBran",-0.0473274393619007
"Popeye","RaisinNutBran",-0.0473274393619007
"CornFlakes","Basic4",-0.0503943703690216
"Cheerios","Basic4",-0.0503943703690216
"RiceKrispies","Basic4",-0.0503943703690216
"FrostedFlakes","Basic4",-0.0503943703690216
"RaisinBran","Basic4",-0.0503943703690216
"Total","Basic4",-0.0503943703690216
"HoneyNutCheerios","Basic4",-0.0503943703690216
"SpecialK","Basic4",-0.0503943703690216
"GrapeNuts","Basic4",-0.0503943703690216
"SpoonSizeShdWt","Basic4",-0.0503943703690216
"100%Natural","Basic4",-0.0503943703690216
"FrostedMiniWheats","Basic4",-0.0503943703690216
"NutriGrain","Basic4",-0.0503943703690216
"Mueslix","Basic4",-0.0503943703690216
"Wheaties","Basic4",-0.0503943703690216
"RaisinBran","Basic4",-0.0503943703690216
"Muesli","Basic4",-0.0503943703690216
"CornPops","Basic4",-0.0503943703690216
"RaisinNutBran","Basic4",-0.0503943703690216
"Basic4","Basic4",3.79650413108301
"CocoaPus","Basic4",-0.0503943703690216
"GoldenGrahams","Basic4",-0.0503943703690216
"Cinn.ToastCrunch","Basic4",-0.0503943703690216
"FrootLoops","Basic4",-0.0503943703690216
"LowFatGranola","Basic4",-0.0503943703690216
"Trix","Basic4",-0.0503943703690216
"Triples","Basic4",-0.0503943703690216
"Crispix","Basic4",-0.0503943703690216
"Kix","Basic4",-0.0503943703690216
"LuckyCharms","Basic4",-0.0503943703690216
"AppleCinn.Cheerios","Basic4",-0.0503943703690216
"CracklinOatBran","Basic4",-0.0503943703690216
"BigBiscuitShdWt","Basic4",-0.0503943703690216
"HoneyBunchesofOats","Basic4",-0.0503943703690216
"GreatGraines","Basic4",-0.0503943703690216
"OtmlRaisinCrisp","Basic4",-0.0503943703690216
"OatSquares","Basic4",-0.0503943703690216
"RiceChex","Basic4",-0.0503943703690216
"TotalRaisinBran","Basic4",-0.0503943703690216
"Product19","Basic4",-0.0503943703690216
"AppleJacks","Basic4",-0.0503943703690216
"CaptCrunch","Basic4",-0.0503943703690216
"ShreddedWheat","Basic4",-0.0503943703690216
"FruityPebbles","Basic4",-0.0503943703690216
"Clusters","Basic4",-0.0503943703690216
"CinnamonMiniBuns","Basic4",-0.0503943703690216
"DoubleDipCrunch","Basic4",-0.0503943703690216
"MultiGrainCheerios","Basic4",-0.0503943703690216
"Honeycomb","Basic4",-0.0503943703690216
"Popeye","Basic4",-0.0503943703690216
"CornFlakes","CocoaPus",-0.0521013580526935
"Cheerios","CocoaPus",-0.0521013580526935
"RiceKrispies","CocoaPus",-0.0521013580526935
"FrostedFlakes","CocoaPus",-0.0521013580526935
"RaisinBran","CocoaPus",-0.0521013580526935
"Total","CocoaPus",-0.0521013580526935
"HoneyNutCheerios","CocoaPus",-0.0521013580526935
"SpecialK","CocoaPus",-0.0521013580526935
"GrapeNuts","CocoaPus",-0.0521013580526935
"SpoonSizeShdWt","CocoaPus",-0.0521013580526935
"100%Natural","CocoaPus",-0.0521013580526935
"FrostedMiniWheats","CocoaPus",-0.0521013580526935
"NutriGrain","CocoaPus",-0.0521013580526935
"Mueslix","CocoaPus",-0.0521013580526935
"Wheaties","CocoaPus",-0.0521013580526935
"RaisinBran","CocoaPus",-0.0521013580526935
"Muesli","CocoaPus",-0.0521013580526935
"CornPops","CocoaPus",-0.0521013580526935
"RaisinNutBran","CocoaPus",-0.0521013580526935
"Basic4","CocoaPus",-0.0521013580526935
"CocoaPus","CocoaPus",4.01831723981398
"GoldenGrahams","CocoaPus",-0.0521013580526935
"Cinn.ToastCrunch","CocoaPus",-0.0521013580526935
"FrootLoops","CocoaPus",-0.0521013580526935
"LowFatGranola","CocoaPus",-0.0521013580526935
"Trix","CocoaPus",-0.0521013580526935
"Triples","CocoaPus",-0.0521013580526935
"Crispix","CocoaPus",-0.0521013580526935
"Kix","CocoaPus",-0.0521013580526935
"LuckyCharms","CocoaPus",-0.0521013580526935
"AppleCinn.Cheerios","CocoaPus",-0.0521013580526935
"CracklinOatBran","CocoaPus",-0.0521013580526935
"BigBiscuitShdWt","CocoaPus",-0.0521013580526935
"HoneyBunchesofOats","CocoaPus",-0.0521013580526935
"GreatGraines","CocoaPus",-0.0521013580526935
"OtmlRaisinCrisp","CocoaPus",-0.0521013580526935
"OatSquares","CocoaPus",-0.0521013580526935
"RiceChex","CocoaPus",-0.0521013580526935
"TotalRaisinBran","CocoaPus",-0.0521013580526935
"Product19","CocoaPus",-0.0521013580526935
"AppleJacks","CocoaPus",-0.0521013580526935
"CaptCrunch","CocoaPus",-0.0521013580526935
"ShreddedWheat","CocoaPus",-0.0521013580526935
"FruityPebbles","CocoaPus",-0.0521013580526935
"Clusters","CocoaPus",-0.0521013580526935
"CinnamonMiniBuns","CocoaPus",-0.0521013580526935
"DoubleDipCrunch","CocoaPus",-0.0521013580526935
"MultiGrainCheerios","CocoaPus",-0.0521013580526935
"Honeycomb","CocoaPus",-0.0521013580526935
"Popeye","CocoaPus",-0.0521013580526935
"CornFlakes","GoldenGrahams",-0.0472639125976565
"Cheerios","GoldenGrahams",-0.0472639125976565
"RiceKrispies","GoldenGrahams",-0.0472639125976565
"FrostedFlakes","GoldenGrahams",-0.0472639125976565
"RaisinBran","GoldenGrahams",-0.0472639125976565
"Total","GoldenGrahams",-0.0472639125976565
"HoneyNutCheerios","GoldenGrahams",-0.0472639125976565
"SpecialK","GoldenGrahams",-0.0472639125976565
"GrapeNuts","GoldenGrahams",-0.0472639125976565
"SpoonSizeShdWt","GoldenGrahams",-0.0472639125976565
"100%Natural","GoldenGrahams",-0.0472639125976565
"FrostedMiniWheats","GoldenGrahams",-0.0472639125976565
"NutriGrain","GoldenGrahams",-0.0472639125976565
"Mueslix","GoldenGrahams",-0.0472639125976565
"Wheaties","GoldenGrahams",-0.0472639125976565
"RaisinBran","GoldenGrahams",-0.0472639125976565
"Muesli","GoldenGrahams",-0.0472639125976565
"CornPops","GoldenGrahams",-0.0472639125976565
"RaisinNutBran","GoldenGrahams",-0.0472639125976565
"Basic4","GoldenGrahams",-0.0472639125976565
"CocoaPus","GoldenGrahams",-0.0472639125976565
"GoldenGrahams","GoldenGrahams",3.76434194205206
"Cinn.ToastCrunch","GoldenGrahams",-0.0472639125976565
"FrootLoops","GoldenGrahams",-0.0472639125976565
"LowFatGranola","GoldenGrahams",-0.0472639125976565
"Trix","GoldenGrahams",-0.0472639125976565
"Triples","GoldenGrahams",-0.0472639125976565
"Crispix","GoldenGrahams",-0.0472639125976565
"Kix","GoldenGrahams",-0.0472639125976565
"LuckyCharms","GoldenGrahams",-0.0472639125976565
"AppleCinn.Cheerios","GoldenGrahams",-0.0472639125976565
"CracklinOatBran","GoldenGrahams",-0.0472639125976565
"BigBiscuitShdWt","GoldenGrahams",-0.0472639125976565
"HoneyBunchesofOats","GoldenGrahams",-0.0472639125976565
"GreatGraines","GoldenGrahams",-0.0472639125976565
"OtmlRaisinCrisp","GoldenGrahams",-0.0472639125976565
"OatSquares","GoldenGrahams",-0.0472639125976565
"RiceChex","GoldenGrahams",-0.0472639125976565
"TotalRaisinBran","GoldenGrahams",-0.0472639125976565
"Product19","GoldenGrahams",-0.0472639125976565
"AppleJacks","GoldenGrahams",-0.0472639125976565
"CaptCrunch","GoldenGrahams",-0.0472639125976565
"ShreddedWheat","GoldenGrahams",-0.0472639125976565
"FruityPebbles","GoldenGrahams",-0.0472639125976565
"Clusters","GoldenGrahams",-0.0472639125976565
"CinnamonMiniBuns","GoldenGrahams",-0.0472639125976565
"DoubleDipCrunch","GoldenGrahams",-0.0472639125976565
"MultiGrainCheerios","GoldenGrahams",-0.0472639125976565
"Honeycomb","GoldenGrahams",-0.0472639125976565
"Popeye","GoldenGrahams",-0.0472639125976565
"CornFlakes","Cinn.ToastCrunch",-0.0486191502348653
"Cheerios","Cinn.ToastCrunch",-0.0486191502348653
"RiceKrispies","Cinn.ToastCrunch",-0.0486191502348653
"FrostedFlakes","Cinn.ToastCrunch",-0.0486191502348653
"RaisinBran","Cinn.ToastCrunch",-0.0486191502348653
"Total","Cinn.ToastCrunch",-0.0486191502348653
"HoneyNutCheerios","Cinn.ToastCrunch",-0.0486191502348653
"SpecialK","Cinn.ToastCrunch",-0.0486191502348653
"GrapeNuts","Cinn.ToastCrunch",-0.0486191502348653
"SpoonSizeShdWt","Cinn.ToastCrunch",-0.0486191502348653
"100%Natural","Cinn.ToastCrunch",-0.0486191502348653
"FrostedMiniWheats","Cinn.ToastCrunch",-0.0486191502348653
"NutriGrain","Cinn.ToastCrunch",-0.0486191502348653
"Mueslix","Cinn.ToastCrunch",-0.0486191502348653
"Wheaties","Cinn.ToastCrunch",-0.0486191502348653
"RaisinBran","Cinn.ToastCrunch",-0.0486191502348653
"Muesli","Cinn.ToastCrunch",-0.0486191502348653
"CornPops","Cinn.ToastCrunch",-0.0486191502348653
"RaisinNutBran","Cinn.ToastCrunch",-0.0486191502348653
"Basic4","Cinn.ToastCrunch",-0.0486191502348653
"CocoaPus","Cinn.ToastCrunch",-0.0486191502348653
"GoldenGrahams","Cinn.ToastCrunch",-0.0486191502348653
"Cinn.ToastCrunch","Cinn.ToastCrunch",3.9041572916241
"FrootLoops","Cinn.ToastCrunch",-0.0486191502348653
"LowFatGranola","Cinn.ToastCrunch",-0.0486191502348653
"Trix","Cinn.ToastCrunch",-0.0486191502348653
"Triples","Cinn.ToastCrunch",-0.0486191502348653
"Crispix","Cinn.ToastCrunch",-0.0486191502348653
"Kix","Cinn.ToastCrunch",-0.0486191502348653
"LuckyCharms","Cinn.ToastCrunch",-0.0486191502348653
"AppleCinn.Cheerios","Cinn.ToastCrunch",-0.0486191502348653
"CracklinOatBran","Cinn.ToastCrunch",-0.0486191502348653
"BigBiscuitShdWt","Cinn.ToastCrunch",-0.0486191502348653
"HoneyBunchesofOats","Cinn.ToastCrunch",-0.0486191502348653
"GreatGraines","Cinn.ToastCrunch",-0.0486191502348653
"OtmlRaisinCrisp","Cinn.ToastCrunch",-0.0486191502348653
"OatSquares","Cinn.ToastCrunch",-0.0486191502348653
"RiceChex","Cinn.ToastCrunch",-0.0486191502348653
"TotalRaisinBran","Cinn.ToastCrunch",-0.0486191502348653
"Product19","Cinn.ToastCrunch",-0.0486191502348653
"AppleJacks","Cinn.ToastCrunch",-0.0486191502348653
"CaptCrunch","Cinn.ToastCrunch",-0.0486191502348653
"ShreddedWheat","Cinn.ToastCrunch",-0.0486191502348653
"FruityPebbles","Cinn.ToastCrunch",-0.0486191502348653
"Clusters","Cinn.ToastCrunch",-0.0486191502348653
"CinnamonMiniBuns","Cinn.ToastCrunch",-0.0486191502348653
"DoubleDipCrunch","Cinn.ToastCrunch",-0.0486191502348653
"MultiGrainCheerios","Cinn.ToastCrunch",-0.0486191502348653
"Honeycomb","Cinn.ToastCrunch",-0.0486191502348653
"Popeye","Cinn.ToastCrunch",-0.0486191502348653
"CornFlakes","FrootLoops",-0.0498332172848649
"Cheerios","FrootLoops",-0.0498332172848649
"RiceKrispies","FrootLoops",-0.0498332172848649
"FrostedFlakes","FrootLoops",-0.0498332172848649
"RaisinBran","FrootLoops",-0.0498332172848649
"Total","FrootLoops",-0.0498332172848649
"HoneyNutCheerios","FrootLoops",-0.0498332172848649
"SpecialK","FrootLoops",-0.0498332172848649
"GrapeNuts","FrootLoops",-0.0498332172848649
"SpoonSizeShdWt","FrootLoops",-0.0498332172848649
"100%Natural","FrootLoops",-0.0498332172848649
"FrostedMiniWheats","FrootLoops",-0.0498332172848649
"NutriGrain","FrootLoops",-0.0498332172848649
"Mueslix","FrootLoops",-0.0498332172848649
"Wheaties","FrootLoops",-0.0498332172848649
"RaisinBran","FrootLoops",-0.0498332172848649
"Muesli","FrootLoops",-0.0498332172848649
"CornPops","FrootLoops",-0.0498332172848649
"RaisinNutBran","FrootLoops",-0.0498332172848649
"Basic4","FrootLoops",-0.0498332172848649
"CocoaPus","FrootLoops",-0.0498332172848649
"GoldenGrahams","FrootLoops",-0.0498332172848649
"Cinn.ToastCrunch","FrootLoops",-0.0498332172848649
"FrootLoops","FrootLoops",4.10293488978721
"LowFatGranola","FrootLoops",-0.0498332172848649
"Trix","FrootLoops",-0.0498332172848649
"Triples","FrootLoops",-0.0498332172848649
"Crispix","FrootLoops",-0.0498332172848649
"Kix","FrootLoops",-0.0498332172848649
"LuckyCharms","FrootLoops",-0.0498332172848649
"AppleCinn.Cheerios","FrootLoops",-0.0498332172848649
"CracklinOatBran","FrootLoops",-0.0498332172848649
"BigBiscuitShdWt","FrootLoops",-0.0498332172848649
"HoneyBunchesofOats","FrootLoops",-0.0498332172848649
"GreatGraines","FrootLoops",-0.0498332172848649
"OtmlRaisinCrisp","FrootLoops",-0.0498332172848649
"OatSquares","FrootLoops",-0.0498332172848649
"RiceChex","FrootLoops",-0.0498332172848649
"TotalRaisinBran","FrootLoops",-0.0498332172848649
"Product19","FrootLoops",-0.0498332172848649
"AppleJacks","FrootLoops",-0.0498332172848649
"CaptCrunch","FrootLoops",-0.0498332172848649
"ShreddedWheat","FrootLoops",-0.0498332172848649
"FruityPebbles","FrootLoops",-0.0498332172848649
"Clusters","FrootLoops",-0.0498332172848649
"CinnamonMiniBuns","FrootLoops",-0.0498332172848649
"DoubleDipCrunch","FrootLoops",-0.0498332172848649
"MultiGrainCheerios","FrootLoops",-0.0498332172848649
"Honeycomb","FrootLoops",-0.0498332172848649
"Popeye","FrootLoops",-0.0498332172848649
"CornFlakes","LowFatGranola",-0.0368878744377767
"Cheerios","LowFatGranola",-0.0368878744377767
"RiceKrispies","LowFatGranola",-0.0368878744377767
"FrostedFlakes","LowFatGranola",-0.0368878744377767
"RaisinBran","LowFatGranola",-0.0368878744377767
"Total","LowFatGranola",-0.0368878744377767
"HoneyNutCheerios","LowFatGranola",-0.0368878744377767
"SpecialK","LowFatGranola",-0.0368878744377767
"GrapeNuts","LowFatGranola",-0.0368878744377767
"SpoonSizeShdWt","LowFatGranola",-0.0368878744377767
"100%Natural","LowFatGranola",-0.0368878744377767
"FrostedMiniWheats","LowFatGranola",-0.0368878744377767
"NutriGrain","LowFatGranola",-0.0368878744377767
"Mueslix","LowFatGranola",-0.0368878744377767
"Wheaties","LowFatGranola",-0.0368878744377767
"RaisinBran","LowFatGranola",-0.0368878744377767
"Muesli","LowFatGranola",-0.0368878744377767
"CornPops","LowFatGranola",-0.0368878744377767
"RaisinNutBran","LowFatGranola",-0.0368878744377767
"Basic4","LowFatGranola",-0.0368878744377767
"CocoaPus","LowFatGranola",-0.0368878744377767
"GoldenGrahams","LowFatGranola",-0.0368878744377767
"Cinn.ToastCrunch","LowFatGranola",-0.0368878744377767
"FrootLoops","LowFatGranola",-0.0368878744377767
"LowFatGranola","LowFatGranola",3.11592190656878
"Trix","LowFatGranola",-0.0368878744377767
"Triples","LowFatGranola",-0.0368878744377767
"Crispix","LowFatGranola",-0.0368878744377767
"Kix","LowFatGranola",-0.0368878744377767
"LuckyCharms","LowFatGranola",-0.0368878744377767
"AppleCinn.Cheerios","LowFatGranola",-0.0368878744377767
"CracklinOatBran","LowFatGranola",-0.0368878744377767
"BigBiscuitShdWt","LowFatGranola",-0.0368878744377767
"HoneyBunchesofOats","LowFatGranola",-0.0368878744377767
"GreatGraines","LowFatGranola",-0.0368878744377767
"OtmlRaisinCrisp","LowFatGranola",-0.0368878744377767
"OatSquares","LowFatGranola",-0.0368878744377767
"RiceChex","LowFatGranola",-0.0368878744377767
"TotalRaisinBran","LowFatGranola",-0.0368878744377767
"Product19","LowFatGranola",-0.0368878744377767
"AppleJacks","LowFatGranola",-0.0368878744377767
"CaptCrunch","LowFatGranola",-0.0368878744377767
"ShreddedWheat","LowFatGranola",-0.0368878744377767
"FruityPebbles","LowFatGranola",-0.0368878744377767
"Clusters","LowFatGranola",-0.0368878744377767
"CinnamonMiniBuns","LowFatGranola",-0.0368878744377767
"DoubleDipCrunch","LowFatGranola",-0.0368878744377767
"MultiGrainCheerios","LowFatGranola",-0.0368878744377767
"Honeycomb","LowFatGranola",-0.0368878744377767
"Popeye","LowFatGranola",-0.0368878744377767
"CornFlakes","Trix",-0.0526425119703289
"Cheerios","Trix",-0.0526425119703289
"RiceKrispies","Trix",-0.0526425119703289
"FrostedFlakes","Trix",-0.0526425119703289
"RaisinBran","Trix",-0.0526425119703289
"Total","Trix",-0.0526425119703289
"HoneyNutCheerios","Trix",-0.0526425119703289
"SpecialK","Trix",-0.0526425119703289
"GrapeNuts","Trix",-0.0526425119703289
"SpoonSizeShdWt","Trix",-0.0526425119703289
"100%Natural","Trix",-0.0526425119703289
"FrostedMiniWheats","Trix",-0.0526425119703289
"NutriGrain","Trix",-0.0526425119703289
"Mueslix","Trix",-0.0526425119703289
"Wheaties","Trix",-0.0526425119703289
"RaisinBran","Trix",-0.0526425119703289
"Muesli","Trix",-0.0526425119703289
"CornPops","Trix",-0.0526425119703289
"RaisinNutBran","Trix",-0.0526425119703289
"Basic4","Trix",-0.0526425119703289
"CocoaPus","Trix",-0.0526425119703289
"GoldenGrahams","Trix",-0.0526425119703289
"Cinn.ToastCrunch","Trix",-0.0526425119703289
"FrootLoops","Trix",-0.0526425119703289
"LowFatGranola","Trix",-0.0526425119703289
"Trix","Trix",4.60598686593488
"Triples","Trix",-0.0526425119703289
"Crispix","Trix",-0.0526425119703289
"Kix","Trix",-0.0526425119703289
"LuckyCharms","Trix",-0.0526425119703289
"AppleCinn.Cheerios","Trix",-0.0526425119703289
"CracklinOatBran","Trix",-0.0526425119703289
"BigBiscuitShdWt","Trix",-0.0526425119703289
"HoneyBunchesofOats","Trix",-0.0526425119703289
"GreatGraines","Trix",-0.0526425119703289
"OtmlRaisinCrisp","Trix",-0.0526425119703289
"OatSquares","Trix",-0.0526425119703289
"RiceChex","Trix",-0.0526425119703289
"TotalRaisinBran","Trix",-0.0526425119703289
"Product19","Trix",-0.0526425119703289
"AppleJacks","Trix",-0.0526425119703289
"CaptCrunch","Trix",-0.0526425119703289
"ShreddedWheat","Trix",-0.0526425119703289
"FruityPebbles","Trix",-0.0526425119703289
"Clusters","Trix",-0.0526425119703289
"CinnamonMiniBuns","Trix",-0.0526425119703289
"DoubleDipCrunch","Trix",-0.0526425119703289
"MultiGrainCheerios","Trix",-0.0526425119703289
"Honeycomb","Trix",-0.0526425119703289
"Popeye","Trix",-0.0526425119703289
"CornFlakes","Triples",-0.0306998970317713
"Cheerios","Triples",-0.0306998970317713
"RiceKrispies","Triples",-0.0306998970317713
"FrostedFlakes","Triples",-0.0306998970317713
"RaisinBran","Triples",-0.0306998970317713
"Total","Triples",-0.0306998970317713
"HoneyNutCheerios","Triples",-0.0306998970317713
"SpecialK","Triples",-0.0306998970317713
"GrapeNuts","Triples",-0.0306998970317713
"SpoonSizeShdWt","Triples",-0.0306998970317713
"100%Natural","Triples",-0.0306998970317713
"FrostedMiniWheats","Triples",-0.0306998970317713
"NutriGrain","Triples",-0.0306998970317713
"Mueslix","Triples",-0.0306998970317713
"Wheaties","Triples",-0.0306998970317713
"RaisinBran","Triples",-0.0306998970317713
"Muesli","Triples",-0.0306998970317713
"CornPops","Triples",-0.0306998970317713
"RaisinNutBran","Triples",-0.0306998970317713
"Basic4","Triples",-0.0306998970317713
"CocoaPus","Triples",-0.0306998970317713
"GoldenGrahams","Triples",-0.0306998970317713
"Cinn.ToastCrunch","Triples",-0.0306998970317713
"FrootLoops","Triples",-0.0306998970317713
"LowFatGranola","Triples",-0.0306998970317713
"Trix","Triples",-0.0306998970317713
"Triples","Triples",2.71036233794781
"Crispix","Triples",-0.0306998970317713
"Kix","Triples",-0.0306998970317713
"LuckyCharms","Triples",-0.0306998970317713
"AppleCinn.Cheerios","Triples",-0.0306998970317713
"CracklinOatBran","Triples",-0.0306998970317713
"BigBiscuitShdWt","Triples",-0.0306998970317713
"HoneyBunchesofOats","Triples",-0.0306998970317713
"GreatGraines","Triples",-0.0306998970317713
"OtmlRaisinCrisp","Triples",-0.0306998970317713
"OatSquares","Triples",-0.0306998970317713
"RiceChex","Triples",-0.0306998970317713
"TotalRaisinBran","Triples",-0.0306998970317713
"Product19","Triples",-0.0306998970317713
"AppleJacks","Triples",-0.0306998970317713
"CaptCrunch","Triples",-0.0306998970317713
"ShreddedWheat","Triples",-0.0306998970317713
"FruityPebbles","Triples",-0.0306998970317713
"Clusters","Triples",-0.0306998970317713
"CinnamonMiniBuns","Triples",-0.0306998970317713
"DoubleDipCrunch","Triples",-0.0306998970317713
"MultiGrainCheerios","Triples",-0.0306998970317713
"Honeycomb","Triples",-0.0306998970317713
"Popeye","Triples",-0.0306998970317713
"CornFlakes","Crispix",-0.0432170224309914
"Cheerios","Crispix",-0.0432170224309914
"RiceKrispies","Crispix",-0.0432170224309914
"FrostedFlakes","Crispix",-0.0432170224309914
"RaisinBran","Crispix",-0.0432170224309914
"Total","Crispix",-0.0432170224309914
"HoneyNutCheerios","Crispix",-0.0432170224309914
"SpecialK","Crispix",-0.0432170224309914
"GrapeNuts","Crispix",-0.0432170224309914
"SpoonSizeShdWt","Crispix",-0.0432170224309914
"100%Natural","Crispix",-0.0432170224309914
"FrostedMiniWheats","Crispix",-0.0432170224309914
"NutriGrain","Crispix",-0.0432170224309914
"Mueslix","Crispix",-0.0432170224309914
"Wheaties","Crispix",-0.0432170224309914
"RaisinBran","Crispix",-0.0432170224309914
"Muesli","Crispix",-0.0432170224309914
"CornPops","Crispix",-0.0432170224309914
"RaisinNutBran","Crispix",-0.0432170224309914
"Basic4","Crispix",-0.0432170224309914
"CocoaPus","Crispix",-0.0432170224309914
"GoldenGrahams","Crispix",-0.0432170224309914
"Cinn.ToastCrunch","Crispix",-0.0432170224309914
"FrootLoops","Crispix",-0.0432170224309914
"LowFatGranola","Crispix",-0.0432170224309914
"Trix","Crispix",-0.0432170224309914
"Triples","Crispix",-0.0432170224309914
"Crispix","Crispix",3.81544569462181
"Kix","Crispix",-0.0432170224309914
"LuckyCharms","Crispix",-0.0432170224309914
"AppleCinn.Cheerios","Crispix",-0.0432170224309914
"CracklinOatBran","Crispix",-0.0432170224309914
"BigBiscuitShdWt","Crispix",-0.0432170224309914
"HoneyBunchesofOats","Crispix",-0.0432170224309914
"GreatGraines","Crispix",-0.0432170224309914
"OtmlRaisinCrisp","Crispix",-0.0432170224309914
"OatSquares","Crispix",-0.0432170224309914
"RiceChex","Crispix",-0.0432170224309914
"TotalRaisinBran","Crispix",-0.0432170224309914
"Product19","Crispix",-0.0432170224309914
"AppleJacks","Crispix",-0.0432170224309914
"CaptCrunch","Crispix",-0.0432170224309914
"ShreddedWheat","Crispix",-0.0432170224309914
"FruityPebbles","Crispix",-0.0432170224309914
"Clusters","Crispix",-0.0432170224309914
"CinnamonMiniBuns","Crispix",-0.0432170224309914
"DoubleDipCrunch","Crispix",-0.0432170224309914
"MultiGrainCheerios","Crispix",-0.0432170224309914
"Honeycomb","Crispix",-0.0432170224309914
"Popeye","Crispix",-0.0432170224309914
"CornFlakes","Kix",-0.0466286449552149
"Cheerios","Kix",-0.0466286449552149
"RiceKrispies","Kix",-0.0466286449552149
"FrostedFlakes","Kix",-0.0466286449552149
"RaisinBran","Kix",-0.0466286449552149
"Total","Kix",-0.0466286449552149
"HoneyNutCheerios","Kix",-0.0466286449552149
"SpecialK","Kix",-0.0466286449552149
"GrapeNuts","Kix",-0.0466286449552149
"SpoonSizeShdWt","Kix",-0.0466286449552149
"100%Natural","Kix",-0.0466286449552149
"FrostedMiniWheats","Kix",-0.0466286449552149
"NutriGrain","Kix",-0.0466286449552149
"Mueslix","Kix",-0.0466286449552149
"Wheaties","Kix",-0.0466286449552149
"RaisinBran","Kix",-0.0466286449552149
"Muesli","Kix",-0.0466286449552149
"CornPops","Kix",-0.0466286449552149
"RaisinNutBran","Kix",-0.0466286449552149
"Basic4","Kix",-0.0466286449552149
"CocoaPus","Kix",-0.0466286449552149
"GoldenGrahams","Kix",-0.0466286449552149
"Cinn.ToastCrunch","Kix",-0.0466286449552149
"FrootLoops","Kix",-0.0466286449552149
"LowFatGranola","Kix",-0.0466286449552149
"Trix","Kix",-0.0466286449552149
"Triples","Kix",-0.0466286449552149
"Crispix","Kix",-0.0466286449552149
"Kix","Kix",4.27083848052765
"LuckyCharms","Kix",-0.0466286449552149
"AppleCinn.Cheerios","Kix",-0.0466286449552149
"CracklinOatBran","Kix",-0.0466286449552149
"BigBiscuitShdWt","Kix",-0.0466286449552149
"HoneyBunchesofOats","Kix",-0.0466286449552149
"GreatGraines","Kix",-0.0466286449552149
"OtmlRaisinCrisp","Kix",-0.0466286449552149
"OatSquares","Kix",-0.0466286449552149
"RiceChex","Kix",-0.0466286449552149
"TotalRaisinBran","Kix",-0.0466286449552149
"Product19","Kix",-0.0466286449552149
"AppleJacks","Kix",-0.0466286449552149
"CaptCrunch","Kix",-0.0466286449552149
"ShreddedWheat","Kix",-0.0466286449552149
"FruityPebbles","Kix",-0.0466286449552149
"Clusters","Kix",-0.0466286449552149
"CinnamonMiniBuns","Kix",-0.0466286449552149
"DoubleDipCrunch","Kix",-0.0466286449552149
"MultiGrainCheerios","Kix",-0.0466286449552149
"Honeycomb","Kix",-0.0466286449552149
"Popeye","Kix",-0.0466286449552149
"CornFlakes","LuckyCharms",-0.0438334673284718
"Cheerios","LuckyCharms",-0.0438334673284718
"RiceKrispies","LuckyCharms",-0.0438334673284718
"FrostedFlakes","LuckyCharms",-0.0438334673284718
"RaisinBran","LuckyCharms",-0.0438334673284718
"Total","LuckyCharms",-0.0438334673284718
"HoneyNutCheerios","LuckyCharms",-0.0438334673284718
"SpecialK","LuckyCharms",-0.0438334673284718
"GrapeNuts","LuckyCharms",-0.0438334673284718
"SpoonSizeShdWt","LuckyCharms",-0.0438334673284718
"100%Natural","LuckyCharms",-0.0438334673284718
"FrostedMiniWheats","LuckyCharms",-0.0438334673284718
"NutriGrain","LuckyCharms",-0.0438334673284718
"Mueslix","LuckyCharms",-0.0438334673284718
"Wheaties","LuckyCharms",-0.0438334673284718
"RaisinBran","LuckyCharms",-0.0438334673284718
"Muesli","LuckyCharms",-0.0438334673284718
"CornPops","LuckyCharms",-0.0438334673284718
"RaisinNutBran","LuckyCharms",-0.0438334673284718
"Basic4","LuckyCharms",-0.0438334673284718
"CocoaPus","LuckyCharms",-0.0438334673284718
"GoldenGrahams","LuckyCharms",-0.0438334673284718
"Cinn.ToastCrunch","LuckyCharms",-0.0438334673284718
"FrootLoops","LuckyCharms",-0.0438334673284718
"LowFatGranola","LuckyCharms",-0.0438334673284718
"Trix","LuckyCharms",-0.0438334673284718
"Triples","LuckyCharms",-0.0438334673284718
"Crispix","LuckyCharms",-0.0438334673284718
"Kix","LuckyCharms",-0.0438334673284718
"LuckyCharms","LuckyCharms",4.01482091493743
"AppleCinn.Cheerios","LuckyCharms",-0.0438334673284718
"CracklinOatBran","LuckyCharms",-0.0438334673284718
"BigBiscuitShdWt","LuckyCharms",-0.0438334673284718
"HoneyBunchesofOats","LuckyCharms",-0.0438334673284718
"GreatGraines","LuckyCharms",-0.0438334673284718
"OtmlRaisinCrisp","LuckyCharms",-0.0438334673284718
"OatSquares","LuckyCharms",-0.0438334673284718
"RiceChex","LuckyCharms",-0.0438334673284718
"TotalRaisinBran","LuckyCharms",-0.0438334673284718
"Product19","LuckyCharms",-0.0438334673284718
"AppleJacks","LuckyCharms",-0.0438334673284718
"CaptCrunch","LuckyCharms",-0.0438334673284718
"ShreddedWheat","LuckyCharms",-0.0438334673284718
"FruityPebbles","LuckyCharms",-0.0438334673284718
"Clusters","LuckyCharms",-0.0438334673284718
"CinnamonMiniBuns","LuckyCharms",-0.0438334673284718
"DoubleDipCrunch","LuckyCharms",-0.0438334673284718
"MultiGrainCheerios","LuckyCharms",-0.0438334673284718
"Honeycomb","LuckyCharms",-0.0438334673284718
"Popeye","LuckyCharms",-0.0438334673284718
"CornFlakes","AppleCinn.Cheerios",-0.0376596069811873
"Cheerios","AppleCinn.Cheerios",-0.0376596069811873
"RiceKrispies","AppleCinn.Cheerios",-0.0376596069811873
"FrostedFlakes","AppleCinn.Cheerios",-0.0376596069811873
"RaisinBran","AppleCinn.Cheerios",-0.0376596069811873
"Total","AppleCinn.Cheerios",-0.0376596069811873
"HoneyNutCheerios","AppleCinn.Cheerios",-0.0376596069811873
"SpecialK","AppleCinn.Cheerios",-0.0376596069811873
"GrapeNuts","AppleCinn.Cheerios",-0.0376596069811873
"SpoonSizeShdWt","AppleCinn.Cheerios",-0.0376596069811873
"100%Natural","AppleCinn.Cheerios",-0.0376596069811873
"FrostedMiniWheats","AppleCinn.Cheerios",-0.0376596069811873
"NutriGrain","AppleCinn.Cheerios",-0.0376596069811873
"Mueslix","AppleCinn.Cheerios",-0.0376596069811873
"Wheaties","AppleCinn.Cheerios",-0.0376596069811873
"RaisinBran","AppleCinn.Cheerios",-0.0376596069811873
"Muesli","AppleCinn.Cheerios",-0.0376596069811873
"CornPops","AppleCinn.Cheerios",-0.0376596069811873
"RaisinNutBran","AppleCinn.Cheerios",-0.0376596069811873
"Basic4","AppleCinn.Cheerios",-0.0376596069811873
"CocoaPus","AppleCinn.Cheerios",-0.0376596069811873
"GoldenGrahams","AppleCinn.Cheerios",-0.0376596069811873
"Cinn.ToastCrunch","AppleCinn.Cheerios",-0.0376596069811873
"FrootLoops","AppleCinn.Cheerios",-0.0376596069811873
"LowFatGranola","AppleCinn.Cheerios",-0.0376596069811873
"Trix","AppleCinn.Cheerios",-0.0376596069811873
"Triples","AppleCinn.Cheerios",-0.0376596069811873
"Crispix","AppleCinn.Cheerios",-0.0376596069811873
"Kix","AppleCinn.Cheerios",-0.0376596069811873
"LuckyCharms","AppleCinn.Cheerios",-0.0376596069811873
"AppleCinn.Cheerios","AppleCinn.Cheerios",3.51513350445158
"CracklinOatBran","AppleCinn.Cheerios",-0.0376596069811873
"BigBiscuitShdWt","AppleCinn.Cheerios",-0.0376596069811873
"HoneyBunchesofOats","AppleCinn.Cheerios",-0.0376596069811873
"GreatGraines","AppleCinn.Cheerios",-0.0376596069811873
"OtmlRaisinCrisp","AppleCinn.Cheerios",-0.0376596069811873
"OatSquares","AppleCinn.Cheerios",-0.0376596069811873
"RiceChex","AppleCinn.Cheerios",-0.0376596069811873
"TotalRaisinBran","AppleCinn.Cheerios",-0.0376596069811873
"Product19","AppleCinn.Cheerios",-0.0376596069811873
"AppleJacks","AppleCinn.Cheerios",-0.0376596069811873
"CaptCrunch","AppleCinn.Cheerios",-0.0376596069811873
"ShreddedWheat","AppleCinn.Cheerios",-0.0376596069811873
"FruityPebbles","AppleCinn.Cheerios",-0.0376596069811873
"Clusters","AppleCinn.Cheerios",-0.0376596069811873
"CinnamonMiniBuns","AppleCinn.Cheerios",-0.0376596069811873
"DoubleDipCrunch","AppleCinn.Cheerios",-0.0376596069811873
"MultiGrainCheerios","AppleCinn.Cheerios",-0.0376596069811873
"Honeycomb","AppleCinn.Cheerios",-0.0376596069811873
"Popeye","AppleCinn.Cheerios",-0.0376596069811873
"CornFlakes","CracklinOatBran",-0.0397795186324462
"Cheerios","CracklinOatBran",-0.0397795186324462
"RiceKrispies","CracklinOatBran",-0.0397795186324462
"FrostedFlakes","CracklinOatBran",-0.0397795186324462
"RaisinBran","CracklinOatBran",-0.0397795186324462
"Total","CracklinOatBran",-0.0397795186324462
"HoneyNutCheerios","CracklinOatBran",-0.0397795186324462
"SpecialK","CracklinOatBran",-0.0397795186324462
"GrapeNuts","CracklinOatBran",-0.0397795186324462
"SpoonSizeShdWt","CracklinOatBran",-0.0397795186324462
"100%Natural","CracklinOatBran",-0.0397795186324462
"FrostedMiniWheats","CracklinOatBran",-0.0397795186324462
"NutriGrain","CracklinOatBran",-0.0397795186324462
"Mueslix","CracklinOatBran",-0.0397795186324462
"Wheaties","CracklinOatBran",-0.0397795186324462
"RaisinBran","CracklinOatBran",-0.0397795186324462
"Muesli","CracklinOatBran",-0.0397795186324462
"CornPops","CracklinOatBran",-0.0397795186324462
"RaisinNutBran","CracklinOatBran",-0.0397795186324462
"Basic4","CracklinOatBran",-0.0397795186324462
"CocoaPus","CracklinOatBran",-0.0397795186324462
"GoldenGrahams","CracklinOatBran",-0.0397795186324462
"Cinn.ToastCrunch","CracklinOatBran",-0.0397795186324462
"FrootLoops","CracklinOatBran",-0.0397795186324462
"LowFatGranola","CracklinOatBran",-0.0397795186324462
"Trix","CracklinOatBran",-0.0397795186324462
"Triples","CracklinOatBran",-0.0397795186324462
"Crispix","CracklinOatBran",-0.0397795186324462
"Kix","CracklinOatBran",-0.0397795186324462
"LuckyCharms","CracklinOatBran",-0.0397795186324462
"AppleCinn.Cheerios","CracklinOatBran",-0.0397795186324462
"CracklinOatBran","CracklinOatBran",3.71300525801342
"BigBiscuitShdWt","CracklinOatBran",-0.0397795186324462
"HoneyBunchesofOats","CracklinOatBran",-0.0397795186324462
"GreatGraines","CracklinOatBran",-0.0397795186324462
"OtmlRaisinCrisp","CracklinOatBran",-0.0397795186324462
"OatSquares","CracklinOatBran",-0.0397795186324462
"RiceChex","CracklinOatBran",-0.0397795186324462
"TotalRaisinBran","CracklinOatBran",-0.0397795186324462
"Product19","CracklinOatBran",-0.0397795186324462
"AppleJacks","CracklinOatBran",-0.0397795186324462
"CaptCrunch","CracklinOatBran",-0.0397795186324462
"ShreddedWheat","CracklinOatBran",-0.0397795186324462
"FruityPebbles","CracklinOatBran",-0.0397795186324462
"Clusters","CracklinOatBran",-0.0397795186324462
"CinnamonMiniBuns","CracklinOatBran",-0.0397795186324462
"DoubleDipCrunch","CracklinOatBran",-0.0397795186324462
"MultiGrainCheerios","CracklinOatBran",-0.0397795186324462
"Honeycomb","CracklinOatBran",-0.0397795186324462
"Popeye","CracklinOatBran",-0.0397795186324462
"CornFlakes","BigBiscuitShdWt",-0.0324939399108889
"Cheerios","BigBiscuitShdWt",-0.0324939399108889
"RiceKrispies","BigBiscuitShdWt",-0.0324939399108889
"FrostedFlakes","BigBiscuitShdWt",-0.0324939399108889
"RaisinBran","BigBiscuitShdWt",-0.0324939399108889
"Total","BigBiscuitShdWt",-0.0324939399108889
"HoneyNutCheerios","BigBiscuitShdWt",-0.0324939399108889
"SpecialK","BigBiscuitShdWt",-0.0324939399108889
"GrapeNuts","BigBiscuitShdWt",-0.0324939399108889
"SpoonSizeShdWt","BigBiscuitShdWt",-0.0324939399108889
"100%Natural","BigBiscuitShdWt",-0.0324939399108889
"FrostedMiniWheats","BigBiscuitShdWt",-0.0324939399108889
"NutriGrain","BigBiscuitShdWt",-0.0324939399108889
"Mueslix","BigBiscuitShdWt",-0.0324939399108889
"Wheaties","BigBiscuitShdWt",-0.0324939399108889
"RaisinBran","BigBiscuitShdWt",-0.0324939399108889
"Muesli","BigBiscuitShdWt",-0.0324939399108889
"CornPops","BigBiscuitShdWt",-0.0324939399108889
"RaisinNutBran","BigBiscuitShdWt",-0.0324939399108889
"Basic4","BigBiscuitShdWt",-0.0324939399108889
"CocoaPus","BigBiscuitShdWt",-0.0324939399108889
"GoldenGrahams","BigBiscuitShdWt",-0.0324939399108889
"Cinn.ToastCrunch","BigBiscuitShdWt",-0.0324939399108889
"FrootLoops","BigBiscuitShdWt",-0.0324939399108889
"LowFatGranola","BigBiscuitShdWt",-0.0324939399108889
"Trix","BigBiscuitShdWt",-0.0324939399108889
"Triples","BigBiscuitShdWt",-0.0324939399108889
"Crispix","BigBiscuitShdWt",-0.0324939399108889
"Kix","BigBiscuitShdWt",-0.0324939399108889
"LuckyCharms","BigBiscuitShdWt",-0.0324939399108889
"AppleCinn.Cheerios","BigBiscuitShdWt",-0.0324939399108889
"CracklinOatBran","BigBiscuitShdWt",-0.0324939399108889
"BigBiscuitShdWt","BigBiscuitShdWt",3.24972221270415
"HoneyBunchesofOats","BigBiscuitShdWt",-0.0324939399108889
"GreatGraines","BigBiscuitShdWt",-0.0324939399108889
"OtmlRaisinCrisp","BigBiscuitShdWt",-0.0324939399108889
"OatSquares","BigBiscuitShdWt",-0.0324939399108889
"RiceChex","BigBiscuitShdWt",-0.0324939399108889
"TotalRaisinBran","BigBiscuitShdWt",-0.0324939399108889
"Product19","BigBiscuitShdWt",-0.0324939399108889
"AppleJacks","BigBiscuitShdWt",-0.0324939399108889
"CaptCrunch","BigBiscuitShdWt",-0.0324939399108889
"ShreddedWheat","BigBiscuitShdWt",-0.0324939399108889
"FruityPebbles","BigBiscuitShdWt",-0.0324939399108889
"Clusters","BigBiscuitShdWt",-0.0324939399108889
"CinnamonMiniBuns","BigBiscuitShdWt",-0.0324939399108889
"DoubleDipCrunch","BigBiscuitShdWt",-0.0324939399108889
"MultiGrainCheerios","BigBiscuitShdWt",-0.0324939399108889
"Honeycomb","BigBiscuitShdWt",-0.0324939399108889
"Popeye","BigBiscuitShdWt",-0.0324939399108889
"CornFlakes","HoneyBunchesofOats",-0.0318516137390868
"Cheerios","HoneyBunchesofOats",-0.0318516137390868
"RiceKrispies","HoneyBunchesofOats",-0.0318516137390868
"FrostedFlakes","HoneyBunchesofOats",-0.0318516137390868
"RaisinBran","HoneyBunchesofOats",-0.0318516137390868
"Total","HoneyBunchesofOats",-0.0318516137390868
"HoneyNutCheerios","HoneyBunchesofOats",-0.0318516137390868
"SpecialK","HoneyBunchesofOats",-0.0318516137390868
"GrapeNuts","HoneyBunchesofOats",-0.0318516137390868
"SpoonSizeShdWt","HoneyBunchesofOats",-0.0318516137390868
"100%Natural","HoneyBunchesofOats",-0.0318516137390868
"FrostedMiniWheats","HoneyBunchesofOats",-0.0318516137390868
"NutriGrain","HoneyBunchesofOats",-0.0318516137390868
"Mueslix","HoneyBunchesofOats",-0.0318516137390868
"Wheaties","HoneyBunchesofOats",-0.0318516137390868
"RaisinBran","HoneyBunchesofOats",-0.0318516137390868
"Muesli","HoneyBunchesofOats",-0.0318516137390868
"CornPops","HoneyBunchesofOats",-0.0318516137390868
"RaisinNutBran","HoneyBunchesofOats",-0.0318516137390868
"Basic4","HoneyBunchesofOats",-0.0318516137390868
"CocoaPus","HoneyBunchesofOats",-0.0318516137390868
"GoldenGrahams","HoneyBunchesofOats",-0.0318516137390868
"Cinn.ToastCrunch","HoneyBunchesofOats",-0.0318516137390868
"FrootLoops","HoneyBunchesofOats",-0.0318516137390868
"LowFatGranola","HoneyBunchesofOats",-0.0318516137390868
"Trix","HoneyBunchesofOats",-0.0318516137390868
"Triples","HoneyBunchesofOats",-0.0318516137390868
"Crispix","HoneyBunchesofOats",-0.0318516137390868
"Kix","HoneyBunchesofOats",-0.0318516137390868
"LuckyCharms","HoneyBunchesofOats",-0.0318516137390868
"AppleCinn.Cheerios","HoneyBunchesofOats",-0.0318516137390868
"CracklinOatBran","HoneyBunchesofOats",-0.0318516137390868
"BigBiscuitShdWt","HoneyBunchesofOats",-0.0318516137390868
"HoneyBunchesofOats","HoneyBunchesofOats",3.32094983248057
"GreatGraines","HoneyBunchesofOats",-0.0318516137390868
"OtmlRaisinCrisp","HoneyBunchesofOats",-0.0318516137390868
"OatSquares","HoneyBunchesofOats",-0.0318516137390868
"RiceChex","HoneyBunchesofOats",-0.0318516137390868
"TotalRaisinBran","HoneyBunchesofOats",-0.0318516137390868
"Product19","HoneyBunchesofOats",-0.0318516137390868
"AppleJacks","HoneyBunchesofOats",-0.0318516137390868
"CaptCrunch","HoneyBunchesofOats",-0.0318516137390868
"ShreddedWheat","HoneyBunchesofOats",-0.0318516137390868
"FruityPebbles","HoneyBunchesofOats",-0.0318516137390868
"Clusters","HoneyBunchesofOats",-0.0318516137390868
"CinnamonMiniBuns","HoneyBunchesofOats",-0.0318516137390868
"DoubleDipCrunch","HoneyBunchesofOats",-0.0318516137390868
"MultiGrainCheerios","HoneyBunchesofOats",-0.0318516137390868
"Honeycomb","HoneyBunchesofOats",-0.0318516137390868
"Popeye","HoneyBunchesofOats",-0.0318516137390868
"CornFlakes","GreatGraines",-0.0303634404655893
"Cheerios","GreatGraines",-0.0303634404655893
"RiceKrispies","GreatGraines",-0.0303634404655893
"FrostedFlakes","GreatGraines",-0.0303634404655893
"RaisinBran","GreatGraines",-0.0303634404655893
"Total","GreatGraines",-0.0303634404655893
"HoneyNutCheerios","GreatGraines",-0.0303634404655893
"SpecialK","GreatGraines",-0.0303634404655893
"GrapeNuts","GreatGraines",-0.0303634404655893
"SpoonSizeShdWt","GreatGraines",-0.0303634404655893
"100%Natural","GreatGraines",-0.0303634404655893
"FrostedMiniWheats","GreatGraines",-0.0303634404655893
"NutriGrain","GreatGraines",-0.0303634404655893
"Mueslix","GreatGraines",-0.0303634404655893
"Wheaties","GreatGraines",-0.0303634404655893
"RaisinBran","GreatGraines",-0.0303634404655893
"Muesli","GreatGraines",-0.0303634404655893
"CornPops","GreatGraines",-0.0303634404655893
"RaisinNutBran","GreatGraines",-0.0303634404655893
"Basic4","GreatGraines",-0.0303634404655893
"CocoaPus","GreatGraines",-0.0303634404655893
"GoldenGrahams","GreatGraines",-0.0303634404655893
"Cinn.ToastCrunch","GreatGraines",-0.0303634404655893
"FrootLoops","GreatGraines",-0.0303634404655893
"LowFatGranola","GreatGraines",-0.0303634404655893
"Trix","GreatGraines",-0.0303634404655893
"Triples","GreatGraines",-0.0303634404655893
"Crispix","GreatGraines",-0.0303634404655893
"Kix","GreatGraines",-0.0303634404655893
"LuckyCharms","GreatGraines",-0.0303634404655893
"AppleCinn.Cheerios","GreatGraines",-0.0303634404655893
"CracklinOatBran","GreatGraines",-0.0303634404655893
"BigBiscuitShdWt","GreatGraines",-0.0303634404655893
"HoneyBunchesofOats","GreatGraines",-0.0303634404655893
"GreatGraines","GreatGraines",3.38125908375793
"OtmlRaisinCrisp","GreatGraines",-0.0303634404655893
"OatSquares","GreatGraines",-0.0303634404655893
"RiceChex","GreatGraines",-0.0303634404655893
"TotalRaisinBran","GreatGraines",-0.0303634404655893
"Product19","GreatGraines",-0.0303634404655893
"AppleJacks","GreatGraines",-0.0303634404655893
"CaptCrunch","GreatGraines",-0.0303634404655893
"ShreddedWheat","GreatGraines",-0.0303634404655893
"FruityPebbles","GreatGraines",-0.0303634404655893
"Clusters","GreatGraines",-0.0303634404655893
"CinnamonMiniBuns","GreatGraines",-0.0303634404655893
"DoubleDipCrunch","GreatGraines",-0.0303634404655893
"MultiGrainCheerios","GreatGraines",-0.0303634404655893
"Honeycomb","GreatGraines",-0.0303634404655893
"Popeye","GreatGraines",-0.0303634404655893
"CornFlakes","OtmlRaisinCrisp",-0.030924593549746
"Cheerios","OtmlRaisinCrisp",-0.030924593549746
"RiceKrispies","OtmlRaisinCrisp",-0.030924593549746
"FrostedFlakes","OtmlRaisinCrisp",-0.030924593549746
"RaisinBran","OtmlRaisinCrisp",-0.030924593549746
"Total","OtmlRaisinCrisp",-0.030924593549746
"HoneyNutCheerios","OtmlRaisinCrisp",-0.030924593549746
"SpecialK","OtmlRaisinCrisp",-0.030924593549746
"GrapeNuts","OtmlRaisinCrisp",-0.030924593549746
"SpoonSizeShdWt","OtmlRaisinCrisp",-0.030924593549746
"100%Natural","OtmlRaisinCrisp",-0.030924593549746
"FrostedMiniWheats","OtmlRaisinCrisp",-0.030924593549746
"NutriGrain","OtmlRaisinCrisp",-0.030924593549746
"Mueslix","OtmlRaisinCrisp",-0.030924593549746
"Wheaties","OtmlRaisinCrisp",-0.030924593549746
"RaisinBran","OtmlRaisinCrisp",-0.030924593549746
"Muesli","OtmlRaisinCrisp",-0.030924593549746
"CornPops","OtmlRaisinCrisp",-0.030924593549746
"RaisinNutBran","OtmlRaisinCrisp",-0.030924593549746
"Basic4","OtmlRaisinCrisp",-0.030924593549746
"CocoaPus","OtmlRaisinCrisp",-0.030924593549746
"GoldenGrahams","OtmlRaisinCrisp",-0.030924593549746
"Cinn.ToastCrunch","OtmlRaisinCrisp",-0.030924593549746
"FrootLoops","OtmlRaisinCrisp",-0.030924593549746
"LowFatGranola","OtmlRaisinCrisp",-0.030924593549746
"Trix","OtmlRaisinCrisp",-0.030924593549746
"Triples","OtmlRaisinCrisp",-0.030924593549746
"Crispix","OtmlRaisinCrisp",-0.030924593549746
"Kix","OtmlRaisinCrisp",-0.030924593549746
"LuckyCharms","OtmlRaisinCrisp",-0.030924593549746
"AppleCinn.Cheerios","OtmlRaisinCrisp",-0.030924593549746
"CracklinOatBran","OtmlRaisinCrisp",-0.030924593549746
"BigBiscuitShdWt","OtmlRaisinCrisp",-0.030924593549746
"HoneyBunchesofOats","OtmlRaisinCrisp",-0.030924593549746
"GreatGraines","OtmlRaisinCrisp",-0.030924593549746
"OtmlRaisinCrisp","OtmlRaisinCrisp",3.15717783425912
"OatSquares","OtmlRaisinCrisp",-0.030924593549746
"RiceChex","OtmlRaisinCrisp",-0.030924593549746
"TotalRaisinBran","OtmlRaisinCrisp",-0.030924593549746
"Product19","OtmlRaisinCrisp",-0.030924593549746
"AppleJacks","OtmlRaisinCrisp",-0.030924593549746
"CaptCrunch","OtmlRaisinCrisp",-0.030924593549746
"ShreddedWheat","OtmlRaisinCrisp",-0.030924593549746
"FruityPebbles","OtmlRaisinCrisp",-0.030924593549746
"Clusters","OtmlRaisinCrisp",-0.030924593549746
"CinnamonMiniBuns","OtmlRaisinCrisp",-0.030924593549746
"DoubleDipCrunch","OtmlRaisinCrisp",-0.030924593549746
"MultiGrainCheerios","OtmlRaisinCrisp",-0.030924593549746
"Honeycomb","OtmlRaisinCrisp",-0.030924593549746
"Popeye","OtmlRaisinCrisp",-0.030924593549746
"CornFlakes","OatSquares",-0.0268718212752805
"Cheerios","OatSquares",-0.0268718212752805
"RiceKrispies","OatSquares",-0.0268718212752805
"FrostedFlakes","OatSquares",-0.0268718212752805
"RaisinBran","OatSquares",-0.0268718212752805
"Total","OatSquares",-0.0268718212752805
"HoneyNutCheerios","OatSquares",-0.0268718212752805
"SpecialK","OatSquares",-0.0268718212752805
"GrapeNuts","OatSquares",-0.0268718212752805
"SpoonSizeShdWt","OatSquares",-0.0268718212752805
"100%Natural","OatSquares",-0.0268718212752805
"FrostedMiniWheats","OatSquares",-0.0268718212752805
"NutriGrain","OatSquares",-0.0268718212752805
"Mueslix","OatSquares",-0.0268718212752805
"Wheaties","OatSquares",-0.0268718212752805
"RaisinBran","OatSquares",-0.0268718212752805
"Muesli","OatSquares",-0.0268718212752805
"CornPops","OatSquares",-0.0268718212752805
"RaisinNutBran","OatSquares",-0.0268718212752805
"Basic4","OatSquares",-0.0268718212752805
"CocoaPus","OatSquares",-0.0268718212752805
"GoldenGrahams","OatSquares",-0.0268718212752805
"Cinn.ToastCrunch","OatSquares",-0.0268718212752805
"FrootLoops","OatSquares",-0.0268718212752805
"LowFatGranola","OatSquares",-0.0268718212752805
"Trix","OatSquares",-0.0268718212752805
"Triples","OatSquares",-0.0268718212752805
"Crispix","OatSquares",-0.0268718212752805
"Kix","OatSquares",-0.0268718212752805
"LuckyCharms","OatSquares",-0.0268718212752805
"AppleCinn.Cheerios","OatSquares",-0.0268718212752805
"CracklinOatBran","OatSquares",-0.0268718212752805
"BigBiscuitShdWt","OatSquares",-0.0268718212752805
"HoneyBunchesofOats","OatSquares",-0.0268718212752805
"GreatGraines","OatSquares",-0.0268718212752805
"OtmlRaisinCrisp","OatSquares",-0.0268718212752805
"OatSquares","OatSquares",2.83183256971201
"RiceChex","OatSquares",-0.0268718212752805
"TotalRaisinBran","OatSquares",-0.0268718212752805
"Product19","OatSquares",-0.0268718212752805
"AppleJacks","OatSquares",-0.0268718212752805
"CaptCrunch","OatSquares",-0.0268718212752805
"ShreddedWheat","OatSquares",-0.0268718212752805
"FruityPebbles","OatSquares",-0.0268718212752805
"Clusters","OatSquares",-0.0268718212752805
"CinnamonMiniBuns","OatSquares",-0.0268718212752805
"DoubleDipCrunch","OatSquares",-0.0268718212752805
"MultiGrainCheerios","OatSquares",-0.0268718212752805
"Honeycomb","OatSquares",-0.0268718212752805
"Popeye","OatSquares",-0.0268718212752805
"CornFlakes","RiceChex",-0.0355985164079323
"Cheerios","RiceChex",-0.0355985164079323
"RiceKrispies","RiceChex",-0.0355985164079323
"FrostedFlakes","RiceChex",-0.0355985164079323
"RaisinBran","RiceChex",-0.0355985164079323
"Total","RiceChex",-0.0355985164079323
"HoneyNutCheerios","RiceChex",-0.0355985164079323
"SpecialK","RiceChex",-0.0355985164079323
"GrapeNuts","RiceChex",-0.0355985164079323
"SpoonSizeShdWt","RiceChex",-0.0355985164079323
"100%Natural","RiceChex",-0.0355985164079323
"FrostedMiniWheats","RiceChex",-0.0355985164079323
"NutriGrain","RiceChex",-0.0355985164079323
"Mueslix","RiceChex",-0.0355985164079323
"Wheaties","RiceChex",-0.0355985164079323
"RaisinBran","RiceChex",-0.0355985164079323
"Muesli","RiceChex",-0.0355985164079323
"CornPops","RiceChex",-0.0355985164079323
"RaisinNutBran","RiceChex",-0.0355985164079323
"Basic4","RiceChex",-0.0355985164079323
"CocoaPus","RiceChex",-0.0355985164079323
"GoldenGrahams","RiceChex",-0.0355985164079323
"Cinn.ToastCrunch","RiceChex",-0.0355985164079323
"FrootLoops","RiceChex",-0.0355985164079323
"LowFatGranola","RiceChex",-0.0355985164079323
"Trix","RiceChex",-0.0355985164079323
"Triples","RiceChex",-0.0355985164079323
"Crispix","RiceChex",-0.0355985164079323
"Kix","RiceChex",-0.0355985164079323
"LuckyCharms","RiceChex",-0.0355985164079323
"AppleCinn.Cheerios","RiceChex",-0.0355985164079323
"CracklinOatBran","RiceChex",-0.0355985164079323
"BigBiscuitShdWt","RiceChex",-0.0355985164079323
"HoneyBunchesofOats","RiceChex",-0.0355985164079323
"GreatGraines","RiceChex",-0.0355985164079323
"OtmlRaisinCrisp","RiceChex",-0.0355985164079323
"OatSquares","RiceChex",-0.0355985164079323
"RiceChex","RiceChex",3.96423478785412
"TotalRaisinBran","RiceChex",-0.0355985164079323
"Product19","RiceChex",-0.0355985164079323
"AppleJacks","RiceChex",-0.0355985164079323
"CaptCrunch","RiceChex",-0.0355985164079323
"ShreddedWheat","RiceChex",-0.0355985164079323
"FruityPebbles","RiceChex",-0.0355985164079323
"Clusters","RiceChex",-0.0355985164079323
"CinnamonMiniBuns","RiceChex",-0.0355985164079323
"DoubleDipCrunch","RiceChex",-0.0355985164079323
"MultiGrainCheerios","RiceChex",-0.0355985164079323
"Honeycomb","RiceChex",-0.0355985164079323
"Popeye","RiceChex",-0.0355985164079323
"CornFlakes","TotalRaisinBran",-0.0314104556540579
"Cheerios","TotalRaisinBran",-0.0314104556540579
"RiceKrispies","TotalRaisinBran",-0.0314104556540579
"FrostedFlakes","TotalRaisinBran",-0.0314104556540579
"RaisinBran","TotalRaisinBran",-0.0314104556540579
"Total","TotalRaisinBran",-0.0314104556540579
"HoneyNutCheerios","TotalRaisinBran",-0.0314104556540579
"SpecialK","TotalRaisinBran",-0.0314104556540579
"GrapeNuts","TotalRaisinBran",-0.0314104556540579
"SpoonSizeShdWt","TotalRaisinBran",-0.0314104556540579
"100%Natural","TotalRaisinBran",-0.0314104556540579
"FrostedMiniWheats","TotalRaisinBran",-0.0314104556540579
"NutriGrain","TotalRaisinBran",-0.0314104556540579
"Mueslix","TotalRaisinBran",-0.0314104556540579
"Wheaties","TotalRaisinBran",-0.0314104556540579
"RaisinBran","TotalRaisinBran",-0.0314104556540579
"Muesli","TotalRaisinBran",-0.0314104556540579
"CornPops","TotalRaisinBran",-0.0314104556540579
"RaisinNutBran","TotalRaisinBran",-0.0314104556540579
"Basic4","TotalRaisinBran",-0.0314104556540579
"CocoaPus","TotalRaisinBran",-0.0314104556540579
"GoldenGrahams","TotalRaisinBran",-0.0314104556540579
"Cinn.ToastCrunch","TotalRaisinBran",-0.0314104556540579
"FrootLoops","TotalRaisinBran",-0.0314104556540579
"LowFatGranola","TotalRaisinBran",-0.0314104556540579
"Trix","TotalRaisinBran",-0.0314104556540579
"Triples","TotalRaisinBran",-0.0314104556540579
"Crispix","TotalRaisinBran",-0.0314104556540579
"Kix","TotalRaisinBran",-0.0314104556540579
"LuckyCharms","TotalRaisinBran",-0.0314104556540579
"AppleCinn.Cheerios","TotalRaisinBran",-0.0314104556540579
"CracklinOatBran","TotalRaisinBran",-0.0314104556540579
"BigBiscuitShdWt","TotalRaisinBran",-0.0314104556540579
"HoneyBunchesofOats","TotalRaisinBran",-0.0314104556540579
"GreatGraines","TotalRaisinBran",-0.0314104556540579
"OtmlRaisinCrisp","TotalRaisinBran",-0.0314104556540579
"OatSquares","TotalRaisinBran",-0.0314104556540579
"RiceChex","TotalRaisinBran",-0.0314104556540579
"TotalRaisinBran","TotalRaisinBran",3.49785422457716
"Product19","TotalRaisinBran",-0.0314104556540579
"AppleJacks","TotalRaisinBran",-0.0314104556540579
"CaptCrunch","TotalRaisinBran",-0.0314104556540579
"ShreddedWheat","TotalRaisinBran",-0.0314104556540579
"FruityPebbles","TotalRaisinBran",-0.0314104556540579
"Clusters","TotalRaisinBran",-0.0314104556540579
"CinnamonMiniBuns","TotalRaisinBran",-0.0314104556540579
"DoubleDipCrunch","TotalRaisinBran",-0.0314104556540579
"MultiGrainCheerios","TotalRaisinBran",-0.0314104556540579
"Honeycomb","TotalRaisinBran",-0.0314104556540579
"Popeye","TotalRaisinBran",-0.0314104556540579
"CornFlakes","Product19",-0.0353891133702385
"Cheerios","Product19",-0.0353891133702385
"RiceKrispies","Product19",-0.0353891133702385
"FrostedFlakes","Product19",-0.0353891133702385
"RaisinBran","Product19",-0.0353891133702385
"Total","Product19",-0.0353891133702385
"HoneyNutCheerios","Product19",-0.0353891133702385
"SpecialK","Product19",-0.0353891133702385
"GrapeNuts","Product19",-0.0353891133702385
"SpoonSizeShdWt","Product19",-0.0353891133702385
"100%Natural","Product19",-0.0353891133702385
"FrostedMiniWheats","Product19",-0.0353891133702385
"NutriGrain","Product19",-0.0353891133702385
"Mueslix","Product19",-0.0353891133702385
"Wheaties","Product19",-0.0353891133702385
"RaisinBran","Product19",-0.0353891133702385
"Muesli","Product19",-0.0353891133702385
"CornPops","Product19",-0.0353891133702385
"RaisinNutBran","Product19",-0.0353891133702385
"Basic4","Product19",-0.0353891133702385
"CocoaPus","Product19",-0.0353891133702385
"GoldenGrahams","Product19",-0.0353891133702385
"Cinn.ToastCrunch","Product19",-0.0353891133702385
"FrootLoops","Product19",-0.0353891133702385
"LowFatGranola","Product19",-0.0353891133702385
"Trix","Product19",-0.0353891133702385
"Triples","Product19",-0.0353891133702385
"Crispix","Product19",-0.0353891133702385
"Kix","Product19",-0.0353891133702385
"LuckyCharms","Product19",-0.0353891133702385
"AppleCinn.Cheerios","Product19",-0.0353891133702385
"CracklinOatBran","Product19",-0.0353891133702385
"BigBiscuitShdWt","Product19",-0.0353891133702385
"HoneyBunchesofOats","Product19",-0.0353891133702385
"GreatGraines","Product19",-0.0353891133702385
"OtmlRaisinCrisp","Product19",-0.0353891133702385
"OatSquares","Product19",-0.0353891133702385
"RiceChex","Product19",-0.0353891133702385
"TotalRaisinBran","Product19",-0.0353891133702385
"Product19","Product19",3.94091575969027
"AppleJacks","Product19",-0.0353891133702385
"CaptCrunch","Product19",-0.0353891133702385
"ShreddedWheat","Product19",-0.0353891133702385
"FruityPebbles","Product19",-0.0353891133702385
"Clusters","Product19",-0.0353891133702385
"CinnamonMiniBuns","Product19",-0.0353891133702385
"DoubleDipCrunch","Product19",-0.0353891133702385
"MultiGrainCheerios","Product19",-0.0353891133702385
"Honeycomb","Product19",-0.0353891133702385
"Popeye","Product19",-0.0353891133702385
"CornFlakes","AppleJacks",-0.0359702656209166
"Cheerios","AppleJacks",-0.0359702656209166
"RiceKrispies","AppleJacks",-0.0359702656209166
"FrostedFlakes","AppleJacks",-0.0359702656209166
"RaisinBran","AppleJacks",-0.0359702656209166
"Total","AppleJacks",-0.0359702656209166
"HoneyNutCheerios","AppleJacks",-0.0359702656209166
"SpecialK","AppleJacks",-0.0359702656209166
"GrapeNuts","AppleJacks",-0.0359702656209166
"SpoonSizeShdWt","AppleJacks",-0.0359702656209166
"100%Natural","AppleJacks",-0.0359702656209166
"FrostedMiniWheats","AppleJacks",-0.0359702656209166
"NutriGrain","AppleJacks",-0.0359702656209166
"Mueslix","AppleJacks",-0.0359702656209166
"Wheaties","AppleJacks",-0.0359702656209166
"RaisinBran","AppleJacks",-0.0359702656209166
"Muesli","AppleJacks",-0.0359702656209166
"CornPops","AppleJacks",-0.0359702656209166
"RaisinNutBran","AppleJacks",-0.0359702656209166
"Basic4","AppleJacks",-0.0359702656209166
"CocoaPus","AppleJacks",-0.0359702656209166
"GoldenGrahams","AppleJacks",-0.0359702656209166
"Cinn.ToastCrunch","AppleJacks",-0.0359702656209166
"FrootLoops","AppleJacks",-0.0359702656209166
"LowFatGranola","AppleJacks",-0.0359702656209166
"Trix","AppleJacks",-0.0359702656209166
"Triples","AppleJacks",-0.0359702656209166
"Crispix","AppleJacks",-0.0359702656209166
"Kix","AppleJacks",-0.0359702656209166
"LuckyCharms","AppleJacks",-0.0359702656209166
"AppleCinn.Cheerios","AppleJacks",-0.0359702656209166
"CracklinOatBran","AppleJacks",-0.0359702656209166
"BigBiscuitShdWt","AppleJacks",-0.0359702656209166
"HoneyBunchesofOats","AppleJacks",-0.0359702656209166
"GreatGraines","AppleJacks",-0.0359702656209166
"OtmlRaisinCrisp","AppleJacks",-0.0359702656209166
"OatSquares","AppleJacks",-0.0359702656209166
"RiceChex","AppleJacks",-0.0359702656209166
"TotalRaisinBran","AppleJacks",-0.0359702656209166
"Product19","AppleJacks",-0.0359702656209166
"AppleJacks","AppleJacks",4.24620421305963
"CaptCrunch","AppleJacks",-0.0359702656209166
"ShreddedWheat","AppleJacks",-0.0359702656209166
"FruityPebbles","AppleJacks",-0.0359702656209166
"Clusters","AppleJacks",-0.0359702656209166
"CinnamonMiniBuns","AppleJacks",-0.0359702656209166
"DoubleDipCrunch","AppleJacks",-0.0359702656209166
"MultiGrainCheerios","AppleJacks",-0.0359702656209166
"Honeycomb","AppleJacks",-0.0359702656209166
"Popeye","AppleJacks",-0.0359702656209166
"CornFlakes","CaptCrunch",-0.0248989623190313
"Cheerios","CaptCrunch",-0.0248989623190313
"RiceKrispies","CaptCrunch",-0.0248989623190313
"FrostedFlakes","CaptCrunch",-0.0248989623190313
"RaisinBran","CaptCrunch",-0.0248989623190313
"Total","CaptCrunch",-0.0248989623190313
"HoneyNutCheerios","CaptCrunch",-0.0248989623190313
"SpecialK","CaptCrunch",-0.0248989623190313
"GrapeNuts","CaptCrunch",-0.0248989623190313
"SpoonSizeShdWt","CaptCrunch",-0.0248989623190313
"100%Natural","CaptCrunch",-0.0248989623190313
"FrostedMiniWheats","CaptCrunch",-0.0248989623190313
"NutriGrain","CaptCrunch",-0.0248989623190313
"Mueslix","CaptCrunch",-0.0248989623190313
"Wheaties","CaptCrunch",-0.0248989623190313
"RaisinBran","CaptCrunch",-0.0248989623190313
"Muesli","CaptCrunch",-0.0248989623190313
"CornPops","CaptCrunch",-0.0248989623190313
"RaisinNutBran","CaptCrunch",-0.0248989623190313
"Basic4","CaptCrunch",-0.0248989623190313
"CocoaPus","CaptCrunch",-0.0248989623190313
"GoldenGrahams","CaptCrunch",-0.0248989623190313
"Cinn.ToastCrunch","CaptCrunch",-0.0248989623190313
"FrootLoops","CaptCrunch",-0.0248989623190313
"LowFatGranola","CaptCrunch",-0.0248989623190313
"Trix","CaptCrunch",-0.0248989623190313
"Triples","CaptCrunch",-0.0248989623190313
"Crispix","CaptCrunch",-0.0248989623190313
"Kix","CaptCrunch",-0.0248989623190313
"LuckyCharms","CaptCrunch",-0.0248989623190313
"AppleCinn.Cheerios","CaptCrunch",-0.0248989623190313
"CracklinOatBran","CaptCrunch",-0.0248989623190313
"BigBiscuitShdWt","CaptCrunch",-0.0248989623190313
"HoneyBunchesofOats","CaptCrunch",-0.0248989623190313
"GreatGraines","CaptCrunch",-0.0248989623190313
"OtmlRaisinCrisp","CaptCrunch",-0.0248989623190313
"OatSquares","CaptCrunch",-0.0248989623190313
"RiceChex","CaptCrunch",-0.0248989623190313
"TotalRaisinBran","CaptCrunch",-0.0248989623190313
"Product19","CaptCrunch",-0.0248989623190313
"AppleJacks","CaptCrunch",-0.0248989623190313
"CaptCrunch","CaptCrunch",2.97497601587751
"ShreddedWheat","CaptCrunch",-0.0248989623190313
"FruityPebbles","CaptCrunch",-0.0248989623190313
"Clusters","CaptCrunch",-0.0248989623190313
"CinnamonMiniBuns","CaptCrunch",-0.0248989623190313
"DoubleDipCrunch","CaptCrunch",-0.0248989623190313
"MultiGrainCheerios","CaptCrunch",-0.0248989623190313
"Honeycomb","CaptCrunch",-0.0248989623190313
"Popeye","CaptCrunch",-0.0248989623190313
"CornFlakes","ShreddedWheat",-0.0265400703953388
"Cheerios","ShreddedWheat",-0.0265400703953388
"RiceKrispies","ShreddedWheat",-0.0265400703953388
"FrostedFlakes","ShreddedWheat",-0.0265400703953388
"RaisinBran","ShreddedWheat",-0.0265400703953388
"Total","ShreddedWheat",-0.0265400703953388
"HoneyNutCheerios","ShreddedWheat",-0.0265400703953388
"SpecialK","ShreddedWheat",-0.0265400703953388
"GrapeNuts","ShreddedWheat",-0.0265400703953388
"SpoonSizeShdWt","ShreddedWheat",-0.0265400703953388
"100%Natural","ShreddedWheat",-0.0265400703953388
"FrostedMiniWheats","ShreddedWheat",-0.0265400703953388
"NutriGrain","ShreddedWheat",-0.0265400703953388
"Mueslix","ShreddedWheat",-0.0265400703953388
"Wheaties","ShreddedWheat",-0.0265400703953388
"RaisinBran","ShreddedWheat",-0.0265400703953388
"Muesli","ShreddedWheat",-0.0265400703953388
"CornPops","ShreddedWheat",-0.0265400703953388
"RaisinNutBran","ShreddedWheat",-0.0265400703953388
"Basic4","ShreddedWheat",-0.0265400703953388
"CocoaPus","ShreddedWheat",-0.0265400703953388
"GoldenGrahams","ShreddedWheat",-0.0265400703953388
"Cinn.ToastCrunch","ShreddedWheat",-0.0265400703953388
"FrootLoops","ShreddedWheat",-0.0265400703953388
"LowFatGranola","ShreddedWheat",-0.0265400703953388
"Trix","ShreddedWheat",-0.0265400703953388
"Triples","ShreddedWheat",-0.0265400703953388
"Crispix","ShreddedWheat",-0.0265400703953388
"Kix","ShreddedWheat",-0.0265400703953388
"LuckyCharms","ShreddedWheat",-0.0265400703953388
"AppleCinn.Cheerios","ShreddedWheat",-0.0265400703953388
"CracklinOatBran","ShreddedWheat",-0.0265400703953388
"BigBiscuitShdWt","ShreddedWheat",-0.0265400703953388
"HoneyBunchesofOats","ShreddedWheat",-0.0265400703953388
"GreatGraines","ShreddedWheat",-0.0265400703953388
"OtmlRaisinCrisp","ShreddedWheat",-0.0265400703953388
"OatSquares","ShreddedWheat",-0.0265400703953388
"RiceChex","ShreddedWheat",-0.0265400703953388
"TotalRaisinBran","ShreddedWheat",-0.0265400703953388
"Product19","ShreddedWheat",-0.0265400703953388
"AppleJacks","ShreddedWheat",-0.0265400703953388
"CaptCrunch","ShreddedWheat",-0.0265400703953388
"ShreddedWheat","ShreddedWheat",3.29096872902201
"FruityPebbles","ShreddedWheat",-0.0265400703953388
"Clusters","ShreddedWheat",-0.0265400703953388
"CinnamonMiniBuns","ShreddedWheat",-0.0265400703953388
"DoubleDipCrunch","ShreddedWheat",-0.0265400703953388
"MultiGrainCheerios","ShreddedWheat",-0.0265400703953388
"Honeycomb","ShreddedWheat",-0.0265400703953388
"Popeye","ShreddedWheat",-0.0265400703953388
"CornFlakes","FruityPebbles",-0.0313433996251335
"Cheerios","FruityPebbles",-0.0313433996251335
"RiceKrispies","FruityPebbles",-0.0313433996251335
"FrostedFlakes","FruityPebbles",-0.0313433996251335
"RaisinBran","FruityPebbles",-0.0313433996251335
"Total","FruityPebbles",-0.0313433996251335
"HoneyNutCheerios","FruityPebbles",-0.0313433996251335
"SpecialK","FruityPebbles",-0.0313433996251335
"GrapeNuts","FruityPebbles",-0.0313433996251335
"SpoonSizeShdWt","FruityPebbles",-0.0313433996251335
"100%Natural","FruityPebbles",-0.0313433996251335
"FrostedMiniWheats","FruityPebbles",-0.0313433996251335
"NutriGrain","FruityPebbles",-0.0313433996251335
"Mueslix","FruityPebbles",-0.0313433996251335
"Wheaties","FruityPebbles",-0.0313433996251335
"RaisinBran","FruityPebbles",-0.0313433996251335
"Muesli","FruityPebbles",-0.0313433996251335
"CornPops","FruityPebbles",-0.0313433996251335
"RaisinNutBran","FruityPebbles",-0.0313433996251335
"Basic4","FruityPebbles",-0.0313433996251335
"CocoaPus","FruityPebbles",-0.0313433996251335
"GoldenGrahams","FruityPebbles",-0.0313433996251335
"Cinn.ToastCrunch","FruityPebbles",-0.0313433996251335
"FrootLoops","FruityPebbles",-0.0313433996251335
"LowFatGranola","FruityPebbles",-0.0313433996251335
"Trix","FruityPebbles",-0.0313433996251335
"Triples","FruityPebbles",-0.0313433996251335
"Crispix","FruityPebbles",-0.0313433996251335
"Kix","FruityPebbles",-0.0313433996251335
"LuckyCharms","FruityPebbles",-0.0313433996251335
"AppleCinn.Cheerios","FruityPebbles",-0.0313433996251335
"CracklinOatBran","FruityPebbles",-0.0313433996251335
"BigBiscuitShdWt","FruityPebbles",-0.0313433996251335
"HoneyBunchesofOats","FruityPebbles",-0.0313433996251335
"GreatGraines","FruityPebbles",-0.0313433996251335
"OtmlRaisinCrisp","FruityPebbles",-0.0313433996251335
"OatSquares","FruityPebbles",-0.0313433996251335
"RiceChex","FruityPebbles",-0.0313433996251335
"TotalRaisinBran","FruityPebbles",-0.0313433996251335
"Product19","FruityPebbles",-0.0313433996251335
"AppleJacks","FruityPebbles",-0.0313433996251335
"CaptCrunch","FruityPebbles",-0.0313433996251335
"ShreddedWheat","FruityPebbles",-0.0313433996251335
"FruityPebbles","FruityPebbles",3.74496980822227
"Clusters","FruityPebbles",-0.0313433996251335
"CinnamonMiniBuns","FruityPebbles",-0.0313433996251335
"DoubleDipCrunch","FruityPebbles",-0.0313433996251335
"MultiGrainCheerios","FruityPebbles",-0.0313433996251335
"Honeycomb","FruityPebbles",-0.0313433996251335
"Popeye","FruityPebbles",-0.0313433996251335
"CornFlakes","Clusters",-0.0288129168494077
"Cheerios","Clusters",-0.0288129168494077
"RiceKrispies","Clusters",-0.0288129168494077
"FrostedFlakes","Clusters",-0.0288129168494077
"RaisinBran","Clusters",-0.0288129168494077
"Total","Clusters",-0.0288129168494077
"HoneyNutCheerios","Clusters",-0.0288129168494077
"SpecialK","Clusters",-0.0288129168494077
"GrapeNuts","Clusters",-0.0288129168494077
"SpoonSizeShdWt","Clusters",-0.0288129168494077
"100%Natural","Clusters",-0.0288129168494077
"FrostedMiniWheats","Clusters",-0.0288129168494077
"NutriGrain","Clusters",-0.0288129168494077
"Mueslix","Clusters",-0.0288129168494077
"Wheaties","Clusters",-0.0288129168494077
"RaisinBran","Clusters",-0.0288129168494077
"Muesli","Clusters",-0.0288129168494077
"CornPops","Clusters",-0.0288129168494077
"RaisinNutBran","Clusters",-0.0288129168494077
"Basic4","Clusters",-0.0288129168494077
"CocoaPus","Clusters",-0.0288129168494077
"GoldenGrahams","Clusters",-0.0288129168494077
"Cinn.ToastCrunch","Clusters",-0.0288129168494077
"FrootLoops","Clusters",-0.0288129168494077
"LowFatGranola","Clusters",-0.0288129168494077
"Trix","Clusters",-0.0288129168494077
"Triples","Clusters",-0.0288129168494077
"Crispix","Clusters",-0.0288129168494077
"Kix","Clusters",-0.0288129168494077
"LuckyCharms","Clusters",-0.0288129168494077
"AppleCinn.Cheerios","Clusters",-0.0288129168494077
"CracklinOatBran","Clusters",-0.0288129168494077
"BigBiscuitShdWt","Clusters",-0.0288129168494077
"HoneyBunchesofOats","Clusters",-0.0288129168494077
"GreatGraines","Clusters",-0.0288129168494077
"OtmlRaisinCrisp","Clusters",-0.0288129168494077
"OatSquares","Clusters",-0.0288129168494077
"RiceChex","Clusters",-0.0288129168494077
"TotalRaisinBran","Clusters",-0.0288129168494077
"Product19","Clusters",-0.0288129168494077
"AppleJacks","Clusters",-0.0288129168494077
"CaptCrunch","Clusters",-0.0288129168494077
"ShreddedWheat","Clusters",-0.0288129168494077
"FruityPebbles","Clusters",-0.0288129168494077
"Clusters","Clusters",3.6651507817926
"CinnamonMiniBuns","Clusters",-0.0288129168494077
"DoubleDipCrunch","Clusters",-0.0288129168494077
"MultiGrainCheerios","Clusters",-0.0288129168494077
"Honeycomb","Clusters",-0.0288129168494077
"Popeye","Clusters",-0.0288129168494077
"CornFlakes","CinnamonMiniBuns",-0.0245872106056108
"Cheerios","CinnamonMiniBuns",-0.0245872106056108
"RiceKrispies","CinnamonMiniBuns",-0.0245872106056108
"FrostedFlakes","CinnamonMiniBuns",-0.0245872106056108
"RaisinBran","CinnamonMiniBuns",-0.0245872106056108
"Total","CinnamonMiniBuns",-0.0245872106056108
"HoneyNutCheerios","CinnamonMiniBuns",-0.0245872106056108
"SpecialK","CinnamonMiniBuns",-0.0245872106056108
"GrapeNuts","CinnamonMiniBuns",-0.0245872106056108
"SpoonSizeShdWt","CinnamonMiniBuns",-0.0245872106056108
"100%Natural","CinnamonMiniBuns",-0.0245872106056108
"FrostedMiniWheats","CinnamonMiniBuns",-0.0245872106056108
"NutriGrain","CinnamonMiniBuns",-0.0245872106056108
"Mueslix","CinnamonMiniBuns",-0.0245872106056108
"Wheaties","CinnamonMiniBuns",-0.0245872106056108
"RaisinBran","CinnamonMiniBuns",-0.0245872106056108
"Muesli","CinnamonMiniBuns",-0.0245872106056108
"CornPops","CinnamonMiniBuns",-0.0245872106056108
"RaisinNutBran","CinnamonMiniBuns",-0.0245872106056108
"Basic4","CinnamonMiniBuns",-0.0245872106056108
"CocoaPus","CinnamonMiniBuns",-0.0245872106056108
"GoldenGrahams","CinnamonMiniBuns",-0.0245872106056108
"Cinn.ToastCrunch","CinnamonMiniBuns",-0.0245872106056108
"FrootLoops","CinnamonMiniBuns",-0.0245872106056108
"LowFatGranola","CinnamonMiniBuns",-0.0245872106056108
"Trix","CinnamonMiniBuns",-0.0245872106056108
"Triples","CinnamonMiniBuns",-0.0245872106056108
"Crispix","CinnamonMiniBuns",-0.0245872106056108
"Kix","CinnamonMiniBuns",-0.0245872106056108
"LuckyCharms","CinnamonMiniBuns",-0.0245872106056108
"AppleCinn.Cheerios","CinnamonMiniBuns",-0.0245872106056108
"CracklinOatBran","CinnamonMiniBuns",-0.0245872106056108
"BigBiscuitShdWt","CinnamonMiniBuns",-0.0245872106056108
"HoneyBunchesofOats","CinnamonMiniBuns",-0.0245872106056108
"GreatGraines","CinnamonMiniBuns",-0.0245872106056108
"OtmlRaisinCrisp","CinnamonMiniBuns",-0.0245872106056108
"OatSquares","CinnamonMiniBuns",-0.0245872106056108
"RiceChex","CinnamonMiniBuns",-0.0245872106056108
"TotalRaisinBran","CinnamonMiniBuns",-0.0245872106056108
"Product19","CinnamonMiniBuns",-0.0245872106056108
"AppleJacks","CinnamonMiniBuns",-0.0245872106056108
"CaptCrunch","CinnamonMiniBuns",-0.0245872106056108
"ShreddedWheat","CinnamonMiniBuns",-0.0245872106056108
"FruityPebbles","CinnamonMiniBuns",-0.0245872106056108
"Clusters","CinnamonMiniBuns",-0.0245872106056108
"CinnamonMiniBuns","CinnamonMiniBuns",3.21057207960634
"DoubleDipCrunch","CinnamonMiniBuns",-0.0245872106056108
"MultiGrainCheerios","CinnamonMiniBuns",-0.0245872106056108
"Honeycomb","CinnamonMiniBuns",-0.0245872106056108
"Popeye","CinnamonMiniBuns",-0.0245872106056108
"CornFlakes","DoubleDipCrunch",-0.0258495109395735
"Cheerios","DoubleDipCrunch",-0.0258495109395735
"RiceKrispies","DoubleDipCrunch",-0.0258495109395735
"FrostedFlakes","DoubleDipCrunch",-0.0258495109395735
"RaisinBran","DoubleDipCrunch",-0.0258495109395735
"Total","DoubleDipCrunch",-0.0258495109395735
"HoneyNutCheerios","DoubleDipCrunch",-0.0258495109395735
"SpecialK","DoubleDipCrunch",-0.0258495109395735
"GrapeNuts","DoubleDipCrunch",-0.0258495109395735
"SpoonSizeShdWt","DoubleDipCrunch",-0.0258495109395735
"100%Natural","DoubleDipCrunch",-0.0258495109395735
"FrostedMiniWheats","DoubleDipCrunch",-0.0258495109395735
"NutriGrain","DoubleDipCrunch",-0.0258495109395735
"Mueslix","DoubleDipCrunch",-0.0258495109395735
"Wheaties","DoubleDipCrunch",-0.0258495109395735
"RaisinBran","DoubleDipCrunch",-0.0258495109395735
"Muesli","DoubleDipCrunch",-0.0258495109395735
"CornPops","DoubleDipCrunch",-0.0258495109395735
"RaisinNutBran","DoubleDipCrunch",-0.0258495109395735
"Basic4","DoubleDipCrunch",-0.0258495109395735
"CocoaPus","DoubleDipCrunch",-0.0258495109395735
"GoldenGrahams","DoubleDipCrunch",-0.0258495109395735
"Cinn.ToastCrunch","DoubleDipCrunch",-0.0258495109395735
"FrootLoops","DoubleDipCrunch",-0.0258495109395735
"LowFatGranola","DoubleDipCrunch",-0.0258495109395735
"Trix","DoubleDipCrunch",-0.0258495109395735
"Triples","DoubleDipCrunch",-0.0258495109395735
"Crispix","DoubleDipCrunch",-0.0258495109395735
"Kix","DoubleDipCrunch",-0.0258495109395735
"LuckyCharms","DoubleDipCrunch",-0.0258495109395735
"AppleCinn.Cheerios","DoubleDipCrunch",-0.0258495109395735
"CracklinOatBran","DoubleDipCrunch",-0.0258495109395735
"BigBiscuitShdWt","DoubleDipCrunch",-0.0258495109395735
"HoneyBunchesofOats","DoubleDipCrunch",-0.0258495109395735
"GreatGraines","DoubleDipCrunch",-0.0258495109395735
"OtmlRaisinCrisp","DoubleDipCrunch",-0.0258495109395735
"OatSquares","DoubleDipCrunch",-0.0258495109395735
"RiceChex","DoubleDipCrunch",-0.0258495109395735
"TotalRaisinBran","DoubleDipCrunch",-0.0258495109395735
"Product19","DoubleDipCrunch",-0.0258495109395735
"AppleJacks","DoubleDipCrunch",-0.0258495109395735
"CaptCrunch","DoubleDipCrunch",-0.0258495109395735
"ShreddedWheat","DoubleDipCrunch",-0.0258495109395735
"FruityPebbles","DoubleDipCrunch",-0.0258495109395735
"Clusters","DoubleDipCrunch",-0.0258495109395735
"CinnamonMiniBuns","DoubleDipCrunch",-0.0258495109395735
"DoubleDipCrunch","DoubleDipCrunch",3.51517938489242
"MultiGrainCheerios","DoubleDipCrunch",-0.0258495109395735
"Honeycomb","DoubleDipCrunch",-0.0258495109395735
"Popeye","DoubleDipCrunch",-0.0258495109395735
"CornFlakes","MultiGrainCheerios",-0.0294693600799307
"Cheerios","MultiGrainCheerios",-0.0294693600799307
"RiceKrispies","MultiGrainCheerios",-0.0294693600799307
"FrostedFlakes","MultiGrainCheerios",-0.0294693600799307
"RaisinBran","MultiGrainCheerios",-0.0294693600799307
"Total","MultiGrainCheerios",-0.0294693600799307
"HoneyNutCheerios","MultiGrainCheerios",-0.0294693600799307
"SpecialK","MultiGrainCheerios",-0.0294693600799307
"GrapeNuts","MultiGrainCheerios",-0.0294693600799307
"SpoonSizeShdWt","MultiGrainCheerios",-0.0294693600799307
"100%Natural","MultiGrainCheerios",-0.0294693600799307
"FrostedMiniWheats","MultiGrainCheerios",-0.0294693600799307
"NutriGrain","MultiGrainCheerios",-0.0294693600799307
"Mueslix","MultiGrainCheerios",-0.0294693600799307
"Wheaties","MultiGrainCheerios",-0.0294693600799307
"RaisinBran","MultiGrainCheerios",-0.0294693600799307
"Muesli","MultiGrainCheerios",-0.0294693600799307
"CornPops","MultiGrainCheerios",-0.0294693600799307
"RaisinNutBran","MultiGrainCheerios",-0.0294693600799307
"Basic4","MultiGrainCheerios",-0.0294693600799307
"CocoaPus","MultiGrainCheerios",-0.0294693600799307
"GoldenGrahams","MultiGrainCheerios",-0.0294693600799307
"Cinn.ToastCrunch","MultiGrainCheerios",-0.0294693600799307
"FrootLoops","MultiGrainCheerios",-0.0294693600799307
"LowFatGranola","MultiGrainCheerios",-0.0294693600799307
"Trix","MultiGrainCheerios",-0.0294693600799307
"Triples","MultiGrainCheerios",-0.0294693600799307
"Crispix","MultiGrainCheerios",-0.0294693600799307
"Kix","MultiGrainCheerios",-0.0294693600799307
"LuckyCharms","MultiGrainCheerios",-0.0294693600799307
"AppleCinn.Cheerios","MultiGrainCheerios",-0.0294693600799307
"CracklinOatBran","MultiGrainCheerios",-0.0294693600799307
"BigBiscuitShdWt","MultiGrainCheerios",-0.0294693600799307
"HoneyBunchesofOats","MultiGrainCheerios",-0.0294693600799307
"GreatGraines","MultiGrainCheerios",-0.0294693600799307
"OtmlRaisinCrisp","MultiGrainCheerios",-0.0294693600799307
"OatSquares","MultiGrainCheerios",-0.0294693600799307
"RiceChex","MultiGrainCheerios",-0.0294693600799307
"TotalRaisinBran","MultiGrainCheerios",-0.0294693600799307
"Product19","MultiGrainCheerios",-0.0294693600799307
"AppleJacks","MultiGrainCheerios",-0.0294693600799307
"CaptCrunch","MultiGrainCheerios",-0.0294693600799307
"ShreddedWheat","MultiGrainCheerios",-0.0294693600799307
"FruityPebbles","MultiGrainCheerios",-0.0294693600799307
"Clusters","MultiGrainCheerios",-0.0294693600799307
"CinnamonMiniBuns","MultiGrainCheerios",-0.0294693600799307
"DoubleDipCrunch","MultiGrainCheerios",-0.0294693600799307
"MultiGrainCheerios","MultiGrainCheerios",3.8997786505775
"Honeycomb","MultiGrainCheerios",-0.0294693600799307
"Popeye","MultiGrainCheerios",-0.0294693600799307
"CornFlakes","Honeycomb",-0.0295987664515392
"Cheerios","Honeycomb",-0.0295987664515392
"RiceKrispies","Honeycomb",-0.0295987664515392
"FrostedFlakes","Honeycomb",-0.0295987664515392
"RaisinBran","Honeycomb",-0.0295987664515392
"Total","Honeycomb",-0.0295987664515392
"HoneyNutCheerios","Honeycomb",-0.0295987664515392
"SpecialK","Honeycomb",-0.0295987664515392
"GrapeNuts","Honeycomb",-0.0295987664515392
"SpoonSizeShdWt","Honeycomb",-0.0295987664515392
"100%Natural","Honeycomb",-0.0295987664515392
"FrostedMiniWheats","Honeycomb",-0.0295987664515392
"NutriGrain","Honeycomb",-0.0295987664515392
"Mueslix","Honeycomb",-0.0295987664515392
"Wheaties","Honeycomb",-0.0295987664515392
"RaisinBran","Honeycomb",-0.0295987664515392
"Muesli","Honeycomb",-0.0295987664515392
"CornPops","Honeycomb",-0.0295987664515392
"RaisinNutBran","Honeycomb",-0.0295987664515392
"Basic4","Honeycomb",-0.0295987664515392
"CocoaPus","Honeycomb",-0.0295987664515392
"GoldenGrahams","Honeycomb",-0.0295987664515392
"Cinn.ToastCrunch","Honeycomb",-0.0295987664515392
"FrootLoops","Honeycomb",-0.0295987664515392
"LowFatGranola","Honeycomb",-0.0295987664515392
"Trix","Honeycomb",-0.0295987664515392
"Triples","Honeycomb",-0.0295987664515392
"Crispix","Honeycomb",-0.0295987664515392
"Kix","Honeycomb",-0.0295987664515392
"LuckyCharms","Honeycomb",-0.0295987664515392
"AppleCinn.Cheerios","Honeycomb",-0.0295987664515392
"CracklinOatBran","Honeycomb",-0.0295987664515392
"BigBiscuitShdWt","Honeycomb",-0.0295987664515392
"HoneyBunchesofOats","Honeycomb",-0.0295987664515392
"GreatGraines","Honeycomb",-0.0295987664515392
"OtmlRaisinCrisp","Honeycomb",-0.0295987664515392
"OatSquares","Honeycomb",-0.0295987664515392
"RiceChex","Honeycomb",-0.0295987664515392
"TotalRaisinBran","Honeycomb",-0.0295987664515392
"Product19","Honeycomb",-0.0295987664515392
"AppleJacks","Honeycomb",-0.0295987664515392
"CaptCrunch","Honeycomb",-0.0295987664515392
"ShreddedWheat","Honeycomb",-0.0295987664515392
"FruityPebbles","Honeycomb",-0.0295987664515392
"Clusters","Honeycomb",-0.0295987664515392
"CinnamonMiniBuns","Honeycomb",-0.0295987664515392
"DoubleDipCrunch","Honeycomb",-0.0295987664515392
"MultiGrainCheerios","Honeycomb",-0.0295987664515392
"Honeycomb","Honeycomb",3.97023453781051
"Popeye","Honeycomb",-0.0295987664515392
"CornFlakes","Popeye",-0.013951183280954
"Cheerios","Popeye",-0.013951183280954
"RiceKrispies","Popeye",-0.013951183280954
"FrostedFlakes","Popeye",-0.013951183280954
"RaisinBran","Popeye",-0.013951183280954
"Total","Popeye",-0.013951183280954
"HoneyNutCheerios","Popeye",-0.013951183280954
"SpecialK","Popeye",-0.013951183280954
"GrapeNuts","Popeye",-0.013951183280954
"SpoonSizeShdWt","Popeye",-0.013951183280954
"100%Natural","Popeye",-0.013951183280954
"FrostedMiniWheats","Popeye",-0.013951183280954
"NutriGrain","Popeye",-0.013951183280954
"Mueslix","Popeye",-0.013951183280954
"Wheaties","Popeye",-0.013951183280954
"RaisinBran","Popeye",-0.013951183280954
"Muesli","Popeye",-0.013951183280954
"CornPops","Popeye",-0.013951183280954
"RaisinNutBran","Popeye",-0.013951183280954
"Basic4","Popeye",-0.013951183280954
"CocoaPus","Popeye",-0.013951183280954
"GoldenGrahams","Popeye",-0.013951183280954
"Cinn.ToastCrunch","Popeye",-0.013951183280954
"FrootLoops","Popeye",-0.013951183280954
"LowFatGranola","Popeye",-0.013951183280954
"Trix","Popeye",-0.013951183280954
"Triples","Popeye",-0.013951183280954
"Crispix","Popeye",-0.013951183280954
"Kix","Popeye",-0.013951183280954
"LuckyCharms","Popeye",-0.013951183280954
"AppleCinn.Cheerios","Popeye",-0.013951183280954
"CracklinOatBran","Popeye",-0.013951183280954
"BigBiscuitShdWt","Popeye",-0.013951183280954
"HoneyBunchesofOats","Popeye",-0.013951183280954
"GreatGraines","Popeye",-0.013951183280954
"OtmlRaisinCrisp","Popeye",-0.013951183280954
"OatSquares","Popeye",-0.013951183280954
"RiceChex","Popeye",-0.013951183280954
"TotalRaisinBran","Popeye",-0.013951183280954
"Product19","Popeye",-0.013951183280954
"AppleJacks","Popeye",-0.013951183280954
"CaptCrunch","Popeye",-0.013951183280954
"ShreddedWheat","Popeye",-0.013951183280954
"FruityPebbles","Popeye",-0.013951183280954
"Clusters","Popeye",-0.013951183280954
"CinnamonMiniBuns","Popeye",-0.013951183280954
"DoubleDipCrunch","Popeye",-0.013951183280954
"MultiGrainCheerios","Popeye",-0.013951183280954
"Honeycomb","Popeye",-0.013951183280954
"Popeye","Popeye",2.06831497805547
