row_product,column_product,elasticity
CornFlakes,CornFlakes,8.844664061900513
CornFlakes,Cheerios,-0.7169916962957281
CornFlakes,RiceKrispies,-0.619478173297991
CornFlakes,FrostedFlakes,-0.49867412759531216
CornFlakes,RaisinBran,-0.33092641713458537
CornFlakes,Total,-0.4413388283741608
CornFlakes,HoneyNutCheerios,-0.3676131346159907
CornFlakes,SpecialK,-0.389391016611448
CornFlakes,GrapeNuts,-0.2350187798215753
CornFlakes,SpoonSizeShdWt,-0.3027767951642442
CornFlakes,100%Natural,-0.22743485516854262
CornFlakes,FrostedMiniWheats,-0.24973076480423428
CornFlakes,NutriGrain,-0.2304445957583049
CornFlakes,Mueslix,-0.2623447378439437
CornFlakes,Wheaties,-0.20078751335488135
CornFlakes,RaisinBran,-0.16865943910753942
CornFlakes,Muesli,-0.2180067521162752
CornFlakes,CornPops,-0.26546844451455753
CornFlakes,RaisinNutBran,-0.2084025196663281
CornFlakes,Basic4,-0.2219075002472408
CornFlakes,CocoaPus,-0.229424081307043
CornFlakes,GoldenGrahams,-0.20812278474060147
CornFlakes,Cinn.ToastCrunch,-0.2140904631561026
CornFlakes,FrootLoops,-0.21943650840332232
CornFlakes,LowFatGranola,-0.16243274687192102
CornFlakes,Trix,-0.23180700845212152
CornFlakes,Triples,-0.13518449299558785
CornFlakes,Crispix,-0.19030263391653565
CornFlakes,Kix,-0.20532543548333532
CornFlakes,LuckyCharms,-0.1930170987513643
CornFlakes,AppleCinn.Cheerios,-0.1658310081918592
CornFlakes,CracklinOatBran,-0.1751658662688844
CornFlakes,BigBiscuitShdWt,-0.1430844145091635
CornFlakes,HoneyBunchesofOats,-0.1402559835934833
CornFlakes,GreatGraines,-0.13370293394451724
CornFlakes,OtmlRaisinCrisp,-0.13617392578843565
CornFlakes,OatSquares,-0.11832787358235809
CornFlakes,RiceChex,-0.15675516393495123
CornFlakes,TotalRaisinBran,-0.13831337994260404
CornFlakes,Product19,-0.15583307473533387
CornFlakes,AppleJacks,-0.15839213127809215
CornFlakes,CaptCrunch,-0.10964055005562601
CornFlakes,ShreddedWheat,-0.11686703563689689
CornFlakes,FruityPebbles,-0.1380181041876704
CornFlakes,Clusters,-0.12687532964622691
CornFlakes,CinnamonMiniBuns,-0.10826777680900466
CornFlakes,DoubleDipCrunch,-0.11382621338872052
CornFlakes,MultiGrainCheerios,-0.12976592387873523
CornFlakes,Honeycomb,-0.13033575428299315
CornFlakes,Popeye,-0.06143289785540604
Cheerios,CornFlakes,-0.5316362263434317
Cheerios,Cheerios,15.65268173511359
Cheerios,RiceKrispies,-0.619478173297991
Cheerios,FrostedFlakes,-0.49867412759531216
Cheerios,RaisinBran,-0.33092641713458537
Cheerios,Total,-0.4413388283741608
Cheerios,HoneyNutCheerios,-0.3676131346159907
Cheerios,SpecialK,-0.389391016611448
Cheerios,GrapeNuts,-0.2350187798215753
Cheerios,SpoonSizeShdWt,-0.3027767951642442
Cheerios,100%Natural,-0.22743485516854262
Cheerios,FrostedMiniWheats,-0.24973076480423428
Cheerios,NutriGrain,-0.2304445957583049
Cheerios,Mueslix,-0.2623447378439437
Cheerios,Wheaties,-0.20078751335488135
Cheerios,RaisinBran,-0.16865943910753942
Cheerios,Muesli,-0.2180067521162752
Cheerios,CornPops,-0.26546844451455753
Cheerios,RaisinNutBran,-0.2084025196663281
Cheerios,Basic4,-0.2219075002472408
Cheerios,CocoaPus,-0.229424081307043
Cheerios,GoldenGrahams,-0.20812278474060147
Cheerios,Cinn.ToastCrunch,-0.2140904631561026
Cheerios,FrootLoops,-0.21943650840332232
Cheerios,LowFatGranola,-0.16243274687192102
Cheerios,Trix,-0.23180700845212152
Cheerios,Triples,-0.13518449299558785
Cheerios,Crispix,-0.19030263391653565
Cheerios,Kix,-0.20532543548333532
Cheerios,LuckyCharms,-0.1930170987513643
Cheerios,AppleCinn.Cheerios,-0.1658310081918592
Cheerios,CracklinOatBran,-0.1751658662688844
Cheerios,BigBiscuitShdWt,-0.1430844145091635
Cheerios,HoneyBunchesofOats,-0.1402559835934833
Cheerios,GreatGraines,-0.13370293394451724
Cheerios,OtmlRaisinCrisp,-0.13617392578843565
Cheerios,OatSquares,-0.11832787358235809
Cheerios,RiceChex,-0.15675516393495123
Cheerios,TotalRaisinBran,-0.13831337994260404
Cheerios,Product19,-0.15583307473533387
Cheerios,AppleJacks,-0.15839213127809215
Cheerios,CaptCrunch,-0.10964055005562601
Cheerios,ShreddedWheat,-0.11686703563689689
Cheerios,FruityPebbles,-0.1380181041876704
Cheerios,Clusters,-0.12687532964622691
Cheerios,CinnamonMiniBuns,-0.10826777680900466
Cheerios,DoubleDipCrunch,-0.11382621338872052
Cheerios,MultiGrainCheerios,-0.12976592387873523
Cheerios,Honeycomb,-0.13033575428299315
Cheerios,Popeye,-0.06143289785540604
RiceKrispies,CornFlakes,-0.5316362263434317
RiceKrispies,Cheerios,-0.7169916962957281
RiceKrispies,RiceKrispies,14.714139977642382
RiceKrispies,FrostedFlakes,-0.49867412759531216
RiceKrispies,RaisinBran,-0.33092641713458537
RiceKrispies,Total,-0.4413388283741608
RiceKrispies,HoneyNutCheerios,-0.3676131346159907
RiceKrispies,SpecialK,-0.389391016611448
RiceKrispies,GrapeNuts,-0.2350187798215753
RiceKrispies,SpoonSizeShdWt,-0.3027767951642442
RiceKrispies,100%Natural,-0.22743485516854262
RiceKrispies,FrostedMiniWheats,-0.24973076480423428
RiceKrispies,NutriGrain,-0.2304445957583049
RiceKrispies,Mueslix,-0.2623447378439437
RiceKrispies,Wheaties,-0.20078751335488135
RiceKrispies,RaisinBran,-0.16865943910753942
RiceKrispies,Muesli,-0.2180067521162752
RiceKrispies,CornPops,-0.26546844451455753
RiceKrispies,RaisinNutBran,-0.2084025196663281
RiceKrispies,Basic4,-0.2219075002472408
RiceKrispies,CocoaPus,-0.229424081307043
RiceKrispies,GoldenGrahams,-0.20812278474060147
RiceKrispies,Cinn.ToastCrunch,-0.2140904631561026
RiceKrispies,FrootLoops,-0.21943650840332232
RiceKrispies,LowFatGranola,-0.16243274687192102
RiceKrispies,Trix,-0.23180700845212152
RiceKrispies,Triples,-0.13518449299558785
RiceKrispies,Crispix,-0.19030263391653565
RiceKrispies,Kix,-0.20532543548333532
RiceKrispies,LuckyCharms,-0.1930170987513643
RiceKrispies,AppleCinn.Cheerios,-0.1658310081918592
RiceKrispies,CracklinOatBran,-0.1751658662688844
RiceKrispies,BigBiscuitShdWt,-0.1430844145091635
RiceKrispies,HoneyBunchesofOats,-0.1402559835934833
RiceKrispies,GreatGraines,-0.13370293394451724
RiceKrispies,OtmlRaisinCrisp,-0.13617392578843565
RiceKrispies,OatSquares,-0.11832787358235809
RiceKrispies,RiceChex,-0.15675516393495123
RiceKrispies,TotalRaisinBran,-0.13831337994260404
RiceKrispies,Product19,-0.15583307473533387
RiceKrispies,AppleJacks,-0.15839213127809215
RiceKrispies,CaptCrunch,-0.10964055005562601
RiceKrispies,ShreddedWheat,-0.11686703563689689
RiceKrispies,FruityPebbles,-0.1380181041876704
RiceKrispies,Clusters,-0.12687532964622691
RiceKrispies,CinnamonMiniBuns,-0.10826777680900466
RiceKrispies,DoubleDipCrunch,-0.11382621338872052
RiceKrispies,MultiGrainCheerios,-0.12976592387873523
RiceKrispies,Honeycomb,-0.13033575428299315
RiceKrispies,Popeye,-0.06143289785540604
FrostedFlakes,CornFlakes,-0.5316362263434317
FrostedFlakes,Cheerios,-0.7169916962957281
FrostedFlakes,RiceKrispies,-0.619478173297991
FrostedFlakes,FrostedFlakes,12.555622406313384
FrostedFlakes,RaisinBran,-0.33092641713458537
FrostedFlakes,Total,-0.4413388283741608
FrostedFlakes,HoneyNutCheerios,-0.3676131346159907
FrostedFlakes,SpecialK,-0.389391016611448
FrostedFlakes,GrapeNuts,-0.2350187798215753
FrostedFlakes,SpoonSizeShdWt,-0.3027767951642442
FrostedFlakes,100%Natural,-0.22743485516854262
FrostedFlakes,FrostedMiniWheats,-0.24973076480423428
FrostedFlakes,NutriGrain,-0.2304445957583049
FrostedFlakes,Mueslix,-0.2623447378439437
FrostedFlakes,Wheaties,-0.20078751335488135
FrostedFlakes,RaisinBran,-0.16865943910753942
FrostedFlakes,Muesli,-0.2180067521162752
FrostedFlakes,CornPops,-0.26546844451455753
FrostedFlakes,RaisinNutBran,-0.2084025196663281
FrostedFlakes,Basic4,-0.2219075002472408
FrostedFlakes,CocoaPus,-0.229424081307043
FrostedFlakes,GoldenGrahams,-0.20812278474060147
FrostedFlakes,Cinn.ToastCrunch,-0.2140904631561026
FrostedFlakes,FrootLoops,-0.21943650840332232
FrostedFlakes,LowFatGranola,-0.16243274687192102
FrostedFlakes,Trix,-0.23180700845212152
FrostedFlakes,Triples,-0.13518449299558785
FrostedFlakes,Crispix,-0.19030263391653565
FrostedFlakes,Kix,-0.20532543548333532
FrostedFlakes,LuckyCharms,-0.1930170987513643
FrostedFlakes,AppleCinn.Cheerios,-0.1658310081918592
FrostedFlakes,CracklinOatBran,-0.1751658662688844
FrostedFlakes,BigBiscuitShdWt,-0.1430844145091635
FrostedFlakes,HoneyBunchesofOats,-0.1402559835934833
FrostedFlakes,GreatGraines,-0.13370293394451724
FrostedFlakes,OtmlRaisinCrisp,-0.13617392578843565
FrostedFlakes,OatSquares,-0.11832787358235809
FrostedFlakes,RiceChex,-0.15675516393495123
FrostedFlakes,TotalRaisinBran,-0.13831337994260404
FrostedFlakes,Product19,-0.15583307473533387
FrostedFlakes,AppleJacks,-0.15839213127809215
FrostedFlakes,CaptCrunch,-0.10964055005562601
FrostedFlakes,ShreddedWheat,-0.11686703563689689
FrostedFlakes,FruityPebbles,-0.1380181041876704
FrostedFlakes,Clusters,-0.12687532964622691
FrostedFlakes,CinnamonMiniBuns,-0.10826777680900466
FrostedFlakes,DoubleDipCrunch,-0.11382621338872052
FrostedFlakes,MultiGrainCheerios,-0.12976592387873523
FrostedFlakes,Honeycomb,-0.13033575428299315
FrostedFlakes,Popeye,-0.06143289785540604
RaisinBran,CornFlakes,-0.5316362263434317
RaisinBran,Cheerios,-0.7169916962957281
RaisinBran,RiceKrispies,-0.619478173297991
RaisinBran,FrostedFlakes,-0.49867412759531216
RaisinBran,RaisinBran,11.79092036435206
RaisinBran,Total,-0.4413388283741608
RaisinBran,HoneyNutCheerios,-0.3676131346159907
RaisinBran,SpecialK,-0.389391016611448
RaisinBran,GrapeNuts,-0.2350187798215753
RaisinBran,SpoonSizeShdWt,-0.3027767951642442
RaisinBran,100%Natural,-0.22743485516854262
RaisinBran,FrostedMiniWheats,-0.24973076480423428
RaisinBran,NutriGrain,-0.2304445957583049
RaisinBran,Mueslix,-0.2623447378439437
RaisinBran,Wheaties,-0.20078751335488135
RaisinBran,RaisinBran,-0.16865943910753942
RaisinBran,Muesli,-0.2180067521162752
RaisinBran,CornPops,-0.26546844451455753
RaisinBran,RaisinNutBran,-0.2084025196663281
RaisinBran,Basic4,-0.2219075002472408
RaisinBran,CocoaPus,-0.229424081307043
RaisinBran,GoldenGrahams,-0.20812278474060147
RaisinBran,Cinn.ToastCrunch,-0.2140904631561026
RaisinBran,FrootLoops,-0.21943650840332232
RaisinBran,LowFatGranola,-0.16243274687192102
RaisinBran,Trix,-0.23180700845212152
RaisinBran,Triples,-0.13518449299558785
RaisinBran,Crispix,-0.19030263391653565
RaisinBran,Kix,-0.20532543548333532
RaisinBran,LuckyCharms,-0.1930170987513643
RaisinBran,AppleCinn.Cheerios,-0.1658310081918592
RaisinBran,CracklinOatBran,-0.1751658662688844
RaisinBran,BigBiscuitShdWt,-0.1430844145091635
RaisinBran,HoneyBunchesofOats,-0.1402559835934833
RaisinBran,GreatGraines,-0.13370293394451724
RaisinBran,OtmlRaisinCrisp,-0.13617392578843565
RaisinBran,OatSquares,-0.11832787358235809
RaisinBran,RiceChex,-0.15675516393495123
RaisinBran,TotalRaisinBran,-0.13831337994260404
RaisinBran,Product19,-0.15583307473533387
RaisinBran,AppleJacks,-0.15839213127809215
RaisinBran,CaptCrunch,-0.10964055005562601
RaisinBran,ShreddedWheat,-0.11686703563689689
RaisinBran,FruityPebbles,-0.1380181041876704
RaisinBran,Clusters,-0.12687532964622691
RaisinBran,CinnamonMiniBuns,-0.10826777680900466
RaisinBran,DoubleDipCrunch,-0.11382621338872052
RaisinBran,MultiGrainCheerios,-0.12976592387873523
RaisinBran,Honeycomb,-0.13033575428299315
RaisinBran,Popeye,-0.06143289785540604
Total,CornFlakes,-0.5316362263434317
Total,Cheerios,-0.7169916962957281
Total,RiceKrispies,-0.619478173297991
Total,FrostedFlakes,-0.49867412759531216
Total,RaisinBran,-0.33092641713458537
Total,Total,18.25945898409028
Total,HoneyNutCheerios,-0.3676131346159907
Total,SpecialK,-0.389391016611448
Total,GrapeNuts,-0.2350187798215753
Total,SpoonSizeShdWt,-0.3027767951642442
Total,100%Natural,-0.22743485516854262
Total,FrostedMiniWheats,-0.24973076480423428
Total,NutriGrain,-0.2304445957583049
Total,Mueslix,-0.2623447378439437
Total,Wheaties,-0.20078751335488135
Total,RaisinBran,-0.16865943910753942
Total,Muesli,-0.2180067521162752
Total,CornPops,-0.26546844451455753
Total,RaisinNutBran,-0.2084025196663281
Total,Basic4,-0.2219075002472408
Total,CocoaPus,-0.229424081307043
Total,GoldenGrahams,-0.20812278474060147
Total,Cinn.ToastCrunch,-0.2140904631561026
Total,FrootLoops,-0.21943650840332232
Total,LowFatGranola,-0.16243274687192102
Total,Trix,-0.23180700845212152
Total,Triples,-0.13518449299558785
Total,Crispix,-0.19030263391653565
Total,Kix,-0.20532543548333532
Total,LuckyCharms,-0.1930170987513643
Total,AppleCinn.Cheerios,-0.1658310081918592
Total,CracklinOatBran,-0.1751658662688844
Total,BigBiscuitShdWt,-0.1430844145091635
Total,HoneyBunchesofOats,-0.1402559835934833
Total,GreatGraines,-0.13370293394451724
Total,OtmlRaisinCrisp,-0.13617392578843565
Total,OatSquares,-0.11832787358235809
Total,RiceChex,-0.15675516393495123
Total,TotalRaisinBran,-0.13831337994260404
Total,Product19,-0.15583307473533387
Total,AppleJacks,-0.15839213127809215
Total,CaptCrunch,-0.10964055005562601
Total,ShreddedWheat,-0.11686703563689689
Total,FruityPebbles,-0.1380181041876704
Total,Clusters,-0.12687532964622691
Total,CinnamonMiniBuns,-0.10826777680900466
Total,DoubleDipCrunch,-0.11382621338872052
Total,MultiGrainCheerios,-0.12976592387873523
Total,Honeycomb,-0.13033575428299315
Total,Popeye,-0.06143289785540604
HoneyNutCheerios,CornFlakes,-0.5316362263434317
HoneyNutCheerios,Cheerios,-0.7169916962957281
HoneyNutCheerios,RiceKrispies,-0.619478173297991
HoneyNutCheerios,FrostedFlakes,-0.49867412759531216
HoneyNutCheerios,RaisinBran,-0.33092641713458537
HoneyNutCheerios,Total,-0.4413388283741608
HoneyNutCheerios,HoneyNutCheerios,15.898454768746433
HoneyNutCheerios,SpecialK,-0.389391016611448
HoneyNutCheerios,GrapeNuts,-0.2350187798215753
HoneyNutCheerios,SpoonSizeShdWt,-0.3027767951642442
HoneyNutCheerios,100%Natural,-0.22743485516854262
HoneyNutCheerios,FrostedMiniWheats,-0.24973076480423428
HoneyNutCheerios,NutriGrain,-0.2304445957583049
HoneyNutCheerios,Mueslix,-0.2623447378439437
HoneyNutCheerios,Wheaties,-0.20078751335488135
HoneyNutCheerios,RaisinBran,-0.16865943910753942
HoneyNutCheerios,Muesli,-0.2180067521162752
HoneyNutCheerios,CornPops,-0.26546844451455753
HoneyNutCheerios,RaisinNutBran,-0.2084025196663281
HoneyNutCheerios,Basic4,-0.2219075002472408
HoneyNutCheerios,CocoaPus,-0.229424081307043
HoneyNutCheerios,GoldenGrahams,-0.20812278474060147
HoneyNutCheerios,Cinn.ToastCrunch,-0.2140904631561026
HoneyNutCheerios,FrootLoops,-0.21943650840332232
HoneyNutCheerios,LowFatGranola,-0.16243274687192102
HoneyNutCheerios,Trix,-0.23180700845212152
HoneyNutCheerios,Triples,-0.13518449299558785
HoneyNutCheerios,Crispix,-0.19030263391653565
HoneyNutCheerios,Kix,-0.20532543548333532
HoneyNutCheerios,LuckyCharms,-0.1930170987513643
HoneyNutCheerios,AppleCinn.Cheerios,-0.1658310081918592
HoneyNutCheerios,CracklinOatBran,-0.1751658662688844
HoneyNutCheerios,BigBiscuitShdWt,-0.1430844145091635
HoneyNutCheerios,HoneyBunchesofOats,-0.1402559835934833
HoneyNutCheerios,GreatGraines,-0.13370293394451724
HoneyNutCheerios,OtmlRaisinCrisp,-0.13617392578843565
HoneyNutCheerios,OatSquares,-0.11832787358235809
HoneyNutCheerios,RiceChex,-0.15675516393495123
HoneyNutCheerios,TotalRaisinBran,-0.13831337994260404
HoneyNutCheerios,Product19,-0.15583307473533387
HoneyNutCheerios,AppleJacks,-0.15839213127809215
HoneyNutCheerios,CaptCrunch,-0.10964055005562601
HoneyNutCheerios,ShreddedWheat,-0.11686703563689689
HoneyNutCheerios,FruityPebbles,-0.1380181041876704
HoneyNutCheerios,Clusters,-0.12687532964622691
HoneyNutCheerios,CinnamonMiniBuns,-0.10826777680900466
HoneyNutCheerios,DoubleDipCrunch,-0.11382621338872052
HoneyNutCheerios,MultiGrainCheerios,-0.12976592387873523
HoneyNutCheerios,Honeycomb,-0.13033575428299315
HoneyNutCheerios,Popeye,-0.06143289785540604
SpecialK,CornFlakes,-0.5316362263434317
SpecialK,Cheerios,-0.7169916962957281
SpecialK,RiceKrispies,-0.619478173297991
SpecialK,FrostedFlakes,-0.49867412759531216
SpecialK,RaisinBran,-0.33092641713458537
SpecialK,Total,-0.4413388283741608
SpecialK,HoneyNutCheerios,-0.3676131346159907
SpecialK,SpecialK,17.63797086354818
SpecialK,GrapeNuts,-0.2350187798215753
SpecialK,SpoonSizeShdWt,-0.3027767951642442
SpecialK,100%Natural,-0.22743485516854262
SpecialK,FrostedMiniWheats,-0.24973076480423428
SpecialK,NutriGrain,-0.2304445957583049
SpecialK,Mueslix,-0.2623447378439437
SpecialK,Wheaties,-0.20078751335488135
SpecialK,RaisinBran,-0.16865943910753942
SpecialK,Muesli,-0.2180067521162752
SpecialK,CornPops,-0.26546844451455753
SpecialK,RaisinNutBran,-0.2084025196663281
SpecialK,Basic4,-0.2219075002472408
SpecialK,CocoaPus,-0.229424081307043
SpecialK,GoldenGrahams,-0.20812278474060147
SpecialK,Cinn.ToastCrunch,-0.2140904631561026
SpecialK,FrootLoops,-0.21943650840332232
SpecialK,LowFatGranola,-0.16243274687192102
SpecialK,Trix,-0.23180700845212152
SpecialK,Triples,-0.13518449299558785
SpecialK,Crispix,-0.19030263391653565
SpecialK,Kix,-0.20532543548333532
SpecialK,LuckyCharms,-0.1930170987513643
SpecialK,AppleCinn.Cheerios,-0.1658310081918592
SpecialK,CracklinOatBran,-0.1751658662688844
SpecialK,BigBiscuitShdWt,-0.1430844145091635
SpecialK,HoneyBunchesofOats,-0.1402559835934833
SpecialK,GreatGraines,-0.13370293394451724
SpecialK,OtmlRaisinCrisp,-0.13617392578843565
SpecialK,OatSquares,-0.11832787358235809
SpecialK,RiceChex,-0.15675516393495123
SpecialK,TotalRaisinBran,-0.13831337994260404
SpecialK,Product19,-0.15583307473533387
SpecialK,AppleJacks,-0.15839213127809215
SpecialK,CaptCrunch,-0.10964055005562601
SpecialK,ShreddedWheat,-0.11686703563689689
SpecialK,FruityPebbles,-0.1380181041876704
SpecialK,Clusters,-0.12687532964622691
SpecialK,CinnamonMiniBuns,-0.10826777680900466
SpecialK,DoubleDipCrunch,-0.11382621338872052
SpecialK,MultiGrainCheerios,-0.12976592387873523
SpecialK,Honeycomb,-0.13033575428299315
SpecialK,Popeye,-0.06143289785540604
GrapeNuts,CornFlakes,-0.5316362263434317
GrapeNuts,Cheerios,-0.7169916962957281
GrapeNuts,RiceKrispies,-0.619478173297991
GrapeNuts,FrostedFlakes,-0.49867412759531216
GrapeNuts,RaisinBran,-0.33092641713458537
GrapeNuts,Total,-0.4413388283741608
GrapeNuts,HoneyNutCheerios,-0.3676131346159907
GrapeNuts,SpecialK,-0.389391016611448
GrapeNuts,GrapeNuts,10.850772721196128
GrapeNuts,SpoonSizeShdWt,-0.3027767951642442
GrapeNuts,100%Natural,-0.22743485516854262
GrapeNuts,FrostedMiniWheats,-0.24973076480423428
GrapeNuts,NutriGrain,-0.2304445957583049
GrapeNuts,Mueslix,-0.2623447378439437
GrapeNuts,Wheaties,-0.20078751335488135
GrapeNuts,RaisinBran,-0.16865943910753942
GrapeNuts,Muesli,-0.2180067521162752
GrapeNuts,CornPops,-0.26546844451455753
GrapeNuts,RaisinNutBran,-0.2084025196663281
GrapeNuts,Basic4,-0.2219075002472408
GrapeNuts,CocoaPus,-0.229424081307043
GrapeNuts,GoldenGrahams,-0.20812278474060147
GrapeNuts,Cinn.ToastCrunch,-0.2140904631561026
GrapeNuts,FrootLoops,-0.21943650840332232
GrapeNuts,LowFatGranola,-0.16243274687192102
GrapeNuts,Trix,-0.23180700845212152
GrapeNuts,Triples,-0.13518449299558785
GrapeNuts,Crispix,-0.19030263391653565
GrapeNuts,Kix,-0.20532543548333532
GrapeNuts,LuckyCharms,-0.1930170987513643
GrapeNuts,AppleCinn.Cheerios,-0.1658310081918592
GrapeNuts,CracklinOatBran,-0.1751658662688844
GrapeNuts,BigBiscuitShdWt,-0.1430844145091635
GrapeNuts,HoneyBunchesofOats,-0.1402559835934833
GrapeNuts,GreatGraines,-0.13370293394451724
GrapeNuts,OtmlRaisinCrisp,-0.13617392578843565
GrapeNuts,OatSquares,-0.11832787358235809
GrapeNuts,RiceChex,-0.15675516393495123
GrapeNuts,TotalRaisinBran,-0.13831337994260404
GrapeNuts,Product19,-0.15583307473533387
GrapeNuts,AppleJacks,-0.15839213127809215
GrapeNuts,CaptCrunch,-0.10964055005562601
GrapeNuts,ShreddedWheat,-0.11686703563689689
GrapeNuts,FruityPebbles,-0.1380181041876704
GrapeNuts,Clusters,-0.12687532964622691
GrapeNuts,CinnamonMiniBuns,-0.10826777680900466
GrapeNuts,DoubleDipCrunch,-0.11382621338872052
GrapeNuts,MultiGrainCheerios,-0.12976592387873523
GrapeNuts,Honeycomb,-0.13033575428299315
GrapeNuts,Popeye,-0.06143289785540604
SpoonSizeShdWt,CornFlakes,-0.5316362263434317
SpoonSizeShdWt,Cheerios,-0.7169916962957281
SpoonSizeShdWt,RiceKrispies,-0.619478173297991
SpoonSizeShdWt,FrostedFlakes,-0.49867412759531216
SpoonSizeShdWt,RaisinBran,-0.33092641713458537
SpoonSizeShdWt,Total,-0.4413388283741608
SpoonSizeShdWt,HoneyNutCheerios,-0.3676131346159907
SpoonSizeShdWt,SpecialK,-0.389391016611448
SpoonSizeShdWt,GrapeNuts,-0.2350187798215753
SpoonSizeShdWt,SpoonSizeShdWt,14.25379989542442
SpoonSizeShdWt,100%Natural,-0.22743485516854262
SpoonSizeShdWt,FrostedMiniWheats,-0.24973076480423428
SpoonSizeShdWt,NutriGrain,-0.2304445957583049
SpoonSizeShdWt,Mueslix,-0.2623447378439437
SpoonSizeShdWt,Wheaties,-0.20078751335488135
SpoonSizeShdWt,RaisinBran,-0.16865943910753942
SpoonSizeShdWt,Muesli,-0.2180067521162752
SpoonSizeShdWt,CornPops,-0.26546844451455753
SpoonSizeShdWt,RaisinNutBran,-0.2084025196663281
SpoonSizeShdWt,Basic4,-0.2219075002472408
SpoonSizeShdWt,CocoaPus,-0.229424081307043
SpoonSizeShdWt,GoldenGrahams,-0.20812278474060147
SpoonSizeShdWt,Cinn.ToastCrunch,-0.2140904631561026
SpoonSizeShdWt,FrootLoops,-0.21943650840332232
SpoonSizeShdWt,LowFatGranola,-0.16243274687192102
SpoonSizeShdWt,Trix,-0.23180700845212152
SpoonSizeShdWt,Triples,-0.13518449299558785
SpoonSizeShdWt,Crispix,-0.19030263391653565
SpoonSizeShdWt,Kix,-0.20532543548333532
SpoonSizeShdWt,LuckyCharms,-0.1930170987513643
SpoonSizeShdWt,AppleCinn.Cheerios,-0.1658310081918592
SpoonSizeShdWt,CracklinOatBran,-0.1751658662688844
SpoonSizeShdWt,BigBiscuitShdWt,-0.1430844145091635
SpoonSizeShdWt,HoneyBunchesofOats,-0.1402559835934833
SpoonSizeShdWt,GreatGraines,-0.13370293394451724
SpoonSizeShdWt,OtmlRaisinCrisp,-0.13617392578843565
SpoonSizeShdWt,OatSquares,-0.11832787358235809
SpoonSizeShdWt,RiceChex,-0.15675516393495123
SpoonSizeShdWt,TotalRaisinBran,-0.13831337994260404
SpoonSizeShdWt,Product19,-0.15583307473533387
SpoonSizeShdWt,AppleJacks,-0.15839213127809215
SpoonSizeShdWt,CaptCrunch,-0.10964055005562601
SpoonSizeShdWt,ShreddedWheat,-0.11686703563689689
SpoonSizeShdWt,FruityPebbles,-0.1380181041876704
SpoonSizeShdWt,Clusters,-0.12687532964622691
SpoonSizeShdWt,CinnamonMiniBuns,-0.10826777680900466
SpoonSizeShdWt,DoubleDipCrunch,-0.11382621338872052
SpoonSizeShdWt,MultiGrainCheerios,-0.12976592387873523
SpoonSizeShdWt,Honeycomb,-0.13033575428299315
SpoonSizeShdWt,Popeye,-0.06143289785540604
100%Natural,CornFlakes,-0.5316362263434317
100%Natural,Cheerios,-0.7169916962957281
100%Natural,RiceKrispies,-0.619478173297991
100%Natural,FrostedFlakes,-0.49867412759531216
100%Natural,RaisinBran,-0.33092641713458537
100%Natural,Total,-0.4413388283741608
100%Natural,HoneyNutCheerios,-0.3676131346159907
100%Natural,SpecialK,-0.389391016611448
100%Natural,GrapeNuts,-0.2350187798215753
100%Natural,SpoonSizeShdWt,-0.3027767951642442
100%Natural,100%Natural,11.376384286083631
100%Natural,FrostedMiniWheats,-0.24973076480423428
100%Natural,NutriGrain,-0.2304445957583049
100%Natural,Mueslix,-0.2623447378439437
100%Natural,Wheaties,-0.20078751335488135
100%Natural,RaisinBran,-0.16865943910753942
100%Natural,Muesli,-0.2180067521162752
100%Natural,CornPops,-0.26546844451455753
100%Natural,RaisinNutBran,-0.2084025196663281
100%Natural,Basic4,-0.2219075002472408
100%Natural,CocoaPus,-0.229424081307043
100%Natural,GoldenGrahams,-0.20812278474060147
100%Natural,Cinn.ToastCrunch,-0.2140904631561026
100%Natural,FrootLoops,-0.21943650840332232
100%Natural,LowFatGranola,-0.16243274687192102
100%Natural,Trix,-0.23180700845212152
100%Natural,Triples,-0.13518449299558785
100%Natural,Crispix,-0.19030263391653565
100%Natural,Kix,-0.20532543548333532
100%Natural,LuckyCharms,-0.1930170987513643
100%Natural,AppleCinn.Cheerios,-0.1658310081918592
100%Natural,CracklinOatBran,-0.1751658662688844
100%Natural,BigBiscuitShdWt,-0.1430844145091635
100%Natural,HoneyBunchesofOats,-0.1402559835934833
100%Natural,GreatGraines,-0.13370293394451724
100%Natural,OtmlRaisinCrisp,-0.13617392578843565
100%Natural,OatSquares,-0.11832787358235809
100%Natural,RiceChex,-0.15675516393495123
100%Natural,TotalRaisinBran,-0.13831337994260404
100%Natural,Product19,-0.15583307473533387
100%Natural,AppleJacks,-0.15839213127809215
100%Natural,CaptCrunch,-0.10964055005562601
100%Natural,ShreddedWheat,-0.11686703563689689
100%Natural,FruityPebbles,-0.1380181041876704
100%Natural,Clusters,-0.12687532964622691
100%Natural,CinnamonMiniBuns,-0.10826777680900466
100%Natural,DoubleDipCrunch,-0.11382621338872052
100%Natural,MultiGrainCheerios,-0.12976592387873523
100%Natural,Honeycomb,-0.13033575428299315
100%Natural,Popeye,-0.06143289785540604
FrostedMiniWheats,CornFlakes,-0.5316362263434317
FrostedMiniWheats,Cheerios,-0.7169916962957281
FrostedMiniWheats,RiceKrispies,-0.619478173297991
FrostedMiniWheats,FrostedFlakes,-0.49867412759531216
FrostedMiniWheats,RaisinBran,-0.33092641713458537
FrostedMiniWheats,Total,-0.4413388283741608
FrostedMiniWheats,HoneyNutCheerios,-0.3676131346159907
FrostedMiniWheats,SpecialK,-0.389391016611448
FrostedMiniWheats,GrapeNuts,-0.2350187798215753
FrostedMiniWheats,SpoonSizeShdWt,-0.3027767951642442
FrostedMiniWheats,100%Natural,-0.22743485516854262
FrostedMiniWheats,FrostedMiniWheats,13.322593409338934
FrostedMiniWheats,NutriGrain,-0.2304445957583049
FrostedMiniWheats,Mueslix,-0.2623447378439437
FrostedMiniWheats,Wheaties,-0.20078751335488135
FrostedMiniWheats,RaisinBran,-0.16865943910753942
FrostedMiniWheats,Muesli,-0.2180067521162752
FrostedMiniWheats,CornPops,-0.26546844451455753
FrostedMiniWheats,RaisinNutBran,-0.2084025196663281
FrostedMiniWheats,Basic4,-0.2219075002472408
FrostedMiniWheats,CocoaPus,-0.229424081307043
FrostedMiniWheats,GoldenGrahams,-0.20812278474060147
FrostedMiniWheats,Cinn.ToastCrunch,-0.2140904631561026
FrostedMiniWheats,FrootLoops,-0.21943650840332232
FrostedMiniWheats,LowFatGranola,-0.16243274687192102
FrostedMiniWheats,Trix,-0.23180700845212152
FrostedMiniWheats,Triples,-0.13518449299558785
FrostedMiniWheats,Crispix,-0.19030263391653565
FrostedMiniWheats,Kix,-0.20532543548333532
FrostedMiniWheats,LuckyCharms,-0.1930170987513643
FrostedMiniWheats,AppleCinn.Cheerios,-0.1658310081918592
FrostedMiniWheats,CracklinOatBran,-0.1751658662688844
FrostedMiniWheats,BigBiscuitShdWt,-0.1430844145091635
FrostedMiniWheats,HoneyBunchesofOats,-0.1402559835934833
FrostedMiniWheats,GreatGraines,-0.13370293394451724
FrostedMiniWheats,OtmlRaisinCrisp,-0.13617392578843565
FrostedMiniWheats,OatSquares,-0.11832787358235809
FrostedMiniWheats,RiceChex,-0.15675516393495123
FrostedMiniWheats,TotalRaisinBran,-0.13831337994260404
FrostedMiniWheats,Product19,-0.15583307473533387
FrostedMiniWheats,AppleJacks,-0.15839213127809215
FrostedMiniWheats,CaptCrunch,-0.10964055005562601
FrostedMiniWheats,ShreddedWheat,-0.11686703563689689
FrostedMiniWheats,FruityPebbles,-0.1380181041876704
FrostedMiniWheats,Clusters,-0.12687532964622691
FrostedMiniWheats,CinnamonMiniBuns,-0.10826777680900466
FrostedMiniWheats,DoubleDipCrunch,-0.11382621338872052
FrostedMiniWheats,MultiGrainCheerios,-0.12976592387873523
FrostedMiniWheats,Honeycomb,-0.13033575428299315
FrostedMiniWheats,Popeye,-0.06143289785540604
NutriGrain,CornFlakes,-0.5316362263434317
NutriGrain,Cheerios,-0.7169916962957281
NutriGrain,RiceKrispies,-0.619478173297991
NutriGrain,FrostedFlakes,-0.49867412759531216
NutriGrain,RaisinBran,-0.33092641713458537
NutriGrain,Total,-0.4413388283741608
NutriGrain,HoneyNutCheerios,-0.3676131346159907
NutriGrain,SpecialK,-0.389391016611448
NutriGrain,GrapeNuts,-0.2350187798215753
NutriGrain,SpoonSizeShdWt,-0.3027767951642442
NutriGrain,100%Natural,-0.22743485516854262
NutriGrain,FrostedMiniWheats,-0.24973076480423428
NutriGrain,NutriGrain,14.636948678971045
NutriGrain,Mueslix,-0.2623447378439437
NutriGrain,Wheaties,-0.20078751335488135
NutriGrain,RaisinBran,-0.16865943910753942
NutriGrain,Muesli,-0.2180067521162752
NutriGrain,CornPops,-0.26546844451455753
NutriGrain,RaisinNutBran,-0.2084025196663281
NutriGrain,Basic4,-0.2219075002472408
NutriGrain,CocoaPus,-0.229424081307043
NutriGrain,GoldenGrahams,-0.20812278474060147
NutriGrain,Cinn.ToastCrunch,-0.2140904631561026
NutriGrain,FrootLoops,-0.21943650840332232
NutriGrain,LowFatGranola,-0.16243274687192102
NutriGrain,Trix,-0.23180700845212152
NutriGrain,Triples,-0.13518449299558785
NutriGrain,Crispix,-0.19030263391653565
NutriGrain,Kix,-0.20532543548333532
NutriGrain,LuckyCharms,-0.1930170987513643
NutriGrain,AppleCinn.Cheerios,-0.1658310081918592
NutriGrain,CracklinOatBran,-0.1751658662688844
NutriGrain,BigBiscuitShdWt,-0.1430844145091635
NutriGrain,HoneyBunchesofOats,-0.1402559835934833
NutriGrain,GreatGraines,-0.13370293394451724
NutriGrain,OtmlRaisinCrisp,-0.13617392578843565
NutriGrain,OatSquares,-0.11832787358235809
NutriGrain,RiceChex,-0.15675516393495123
NutriGrain,TotalRaisinBran,-0.13831337994260404
NutriGrain,Product19,-0.15583307473533387
NutriGrain,AppleJacks,-0.15839213127809215
NutriGrain,CaptCrunch,-0.10964055005562601
NutriGrain,ShreddedWheat,-0.11686703563689689
NutriGrain,FruityPebbles,-0.1380181041876704
NutriGrain,Clusters,-0.12687532964622691
NutriGrain,CinnamonMiniBuns,-0.10826777680900466
NutriGrain,DoubleDipCrunch,-0.11382621338872052
NutriGrain,MultiGrainCheerios,-0.12976592387873523
NutriGrain,Honeycomb,-0.13033575428299315
NutriGrain,Popeye,-0.06143289785540604
Mueslix,CornFlakes,-0.5316362263434317
Mueslix,Cheerios,-0.7169916962957281
Mueslix,RiceKrispies,-0.619478173297991
Mueslix,FrostedFlakes,-0.49867412759531216
Mueslix,RaisinBran,-0.33092641713458537
Mueslix,Total,-0.4413388283741608
Mueslix,HoneyNutCheerios,-0.3676131346159907
Mueslix,SpecialK,-0.389391016611448
Mueslix,GrapeNuts,-0.2350187798215753
Mueslix,SpoonSizeShdWt,-0.3027767951642442
Mueslix,100%Natural,-0.22743485516854262
Mueslix,FrostedMiniWheats,-0.24973076480423428
Mueslix,NutriGrain,-0.2304445957583049
Mueslix,Mueslix,16.884370153917082
Mueslix,Wheaties,-0.20078751335488135
Mueslix,RaisinBran,-0.16865943910753942
Mueslix,Muesli,-0.2180067521162752
Mueslix,CornPops,-0.26546844451455753
Mueslix,RaisinNutBran,-0.2084025196663281
Mueslix,Basic4,-0.2219075002472408
Mueslix,CocoaPus,-0.229424081307043
Mueslix,GoldenGrahams,-0.20812278474060147
Mueslix,Cinn.ToastCrunch,-0.2140904631561026
Mueslix,FrootLoops,-0.21943650840332232
Mueslix,LowFatGranola,-0.16243274687192102
Mueslix,Trix,-0.23180700845212152
Mueslix,Triples,-0.13518449299558785
Mueslix,Crispix,-0.19030263391653565
Mueslix,Kix,-0.20532543548333532
Mueslix,LuckyCharms,-0.1930170987513643
Mueslix,AppleCinn.Cheerios,-0.1658310081918592
Mueslix,CracklinOatBran,-0.1751658662688844
Mueslix,BigBiscuitShdWt,-0.1430844145091635
Mueslix,HoneyBunchesofOats,-0.1402559835934833
Mueslix,GreatGraines,-0.13370293394451724
Mueslix,OtmlRaisinCrisp,-0.13617392578843565
Mueslix,OatSquares,-0.11832787358235809
Mueslix,RiceChex,-0.15675516393495123
Mueslix,TotalRaisinBran,-0.13831337994260404
Mueslix,Product19,-0.15583307473533387
Mueslix,AppleJacks,-0.15839213127809215
Mueslix,CaptCrunch,-0.10964055005562601
Mueslix,ShreddedWheat,-0.11686703563689689
Mueslix,FruityPebbles,-0.1380181041876704
Mueslix,Clusters,-0.12687532964622691
Mueslix,CinnamonMiniBuns,-0.10826777680900466
Mueslix,DoubleDipCrunch,-0.11382621338872052
Mueslix,MultiGrainCheerios,-0.12976592387873523
Mueslix,Honeycomb,-0.13033575428299315
Mueslix,Popeye,-0.06143289785540604
Wheaties,CornFlakes,-0.5316362263434317
Wheaties,Cheerios,-0.7169916962957281
Wheaties,RiceKrispies,-0.619478173297991
Wheaties,FrostedFlakes,-0.49867412759531216
Wheaties,RaisinBran,-0.33092641713458537
Wheaties,Total,-0.4413388283741608
Wheaties,HoneyNutCheerios,-0.3676131346159907
Wheaties,SpecialK,-0.389391016611448
Wheaties,GrapeNuts,-0.2350187798215753
Wheaties,SpoonSizeShdWt,-0.3027767951642442
Wheaties,100%Natural,-0.22743485516854262
Wheaties,FrostedMiniWheats,-0.24973076480423428
Wheaties,NutriGrain,-0.2304445957583049
Wheaties,Mueslix,-0.2623447378439437
Wheaties,Wheaties,13.008917312624156
Wheaties,RaisinBran,-0.16865943910753942
Wheaties,Muesli,-0.2180067521162752
Wheaties,CornPops,-0.26546844451455753
Wheaties,RaisinNutBran,-0.2084025196663281
Wheaties,Basic4,-0.2219075002472408
Wheaties,CocoaPus,-0.229424081307043
Wheaties,GoldenGrahams,-0.20812278474060147
Wheaties,Cinn.ToastCrunch,-0.2140904631561026
Wheaties,FrootLoops,-0.21943650840332232
Wheaties,LowFatGranola,-0.16243274687192102
Wheaties,Trix,-0.23180700845212152
Wheaties,Triples,-0.13518449299558785
Wheaties,Crispix,-0.19030263391653565
Wheaties,Kix,-0.20532543548333532
Wheaties,LuckyCharms,-0.1930170987513643
Wheaties,AppleCinn.Cheerios,-0.1658310081918592
Wheaties,CracklinOatBran,-0.1751658662688844
Wheaties,BigBiscuitShdWt,-0.1430844145091635
Wheaties,HoneyBunchesofOats,-0.1402559835934833
Wheaties,GreatGraines,-0.13370293394451724
Wheaties,OtmlRaisinCrisp,-0.13617392578843565
Wheaties,OatSquares,-0.11832787358235809
Wheaties,RiceChex,-0.15675516393495123
Wheaties,TotalRaisinBran,-0.13831337994260404
Wheaties,Product19,-0.15583307473533387
Wheaties,AppleJacks,-0.15839213127809215
Wheaties,CaptCrunch,-0.10964055005562601
Wheaties,ShreddedWheat,-0.11686703563689689
Wheaties,FruityPebbles,-0.1380181041876704
Wheaties,Clusters,-0.12687532964622691
Wheaties,CinnamonMiniBuns,-0.10826777680900466
Wheaties,DoubleDipCrunch,-0.11382621338872052
Wheaties,MultiGrainCheerios,-0.12976592387873523
Wheaties,Honeycomb,-0.13033575428299315
Wheaties,Popeye,-0.06143289785540604
RaisinBran,CornFlakes,-0.5316362263434317
RaisinBran,Cheerios,-0.7169916962957281
RaisinBran,RiceKrispies,-0.619478173297991
RaisinBran,FrostedFlakes,-0.49867412759531216
RaisinBran,RaisinBran,-0.33092641713458537
RaisinBran,Total,-0.4413388283741608
RaisinBran,HoneyNutCheerios,-0.3676131346159907
RaisinBran,SpecialK,-0.389391016611448
RaisinBran,GrapeNuts,-0.2350187798215753
RaisinBran,SpoonSizeShdWt,-0.3027767951642442
RaisinBran,100%Natural,-0.22743485516854262
RaisinBran,FrostedMiniWheats,-0.24973076480423428
RaisinBran,NutriGrain,-0.2304445957583049
RaisinBran,Mueslix,-0.2623447378439437
RaisinBran,Wheaties,-0.20078751335488135
RaisinBran,RaisinBran,11.383356938121187
RaisinBran,Muesli,-0.2180067521162752
RaisinBran,CornPops,-0.26546844451455753
RaisinBran,RaisinNutBran,-0.2084025196663281
RaisinBran,Basic4,-0.2219075002472408
RaisinBran,CocoaPus,-0.229424081307043
RaisinBran,GoldenGrahams,-0.20812278474060147
RaisinBran,Cinn.ToastCrunch,-0.2140904631561026
RaisinBran,FrootLoops,-0.21943650840332232
RaisinBran,LowFatGranola,-0.16243274687192102
RaisinBran,Trix,-0.23180700845212152
RaisinBran,Triples,-0.13518449299558785
RaisinBran,Crispix,-0.19030263391653565
RaisinBran,Kix,-0.20532543548333532
RaisinBran,LuckyCharms,-0.1930170987513643
RaisinBran,AppleCinn.Cheerios,-0.1658310081918592
RaisinBran,CracklinOatBran,-0.1751658662688844
RaisinBran,BigBiscuitShdWt,-0.1430844145091635
RaisinBran,HoneyBunchesofOats,-0.1402559835934833
RaisinBran,GreatGraines,-0.13370293394451724
RaisinBran,OtmlRaisinCrisp,-0.13617392578843565
RaisinBran,OatSquares,-0.11832787358235809
RaisinBran,RiceChex,-0.15675516393495123
RaisinBran,TotalRaisinBran,-0.13831337994260404
RaisinBran,Product19,-0.15583307473533387
RaisinBran,AppleJacks,-0.15839213127809215
RaisinBran,CaptCrunch,-0.10964055005562601
RaisinBran,ShreddedWheat,-0.11686703563689689
RaisinBran,FruityPebbles,-0.1380181041876704
RaisinBran,Clusters,-0.12687532964622691
RaisinBran,CinnamonMiniBuns,-0.10826777680900466
RaisinBran,DoubleDipCrunch,-0.11382621338872052
RaisinBran,MultiGrainCheerios,-0.12976592387873523
RaisinBran,Honeycomb,-0.13033575428299315
RaisinBran,Popeye,-0.06143289785540604
Muesli,CornFlakes,-0.5316362263434317
Muesli,Cheerios,-0.7169916962957281
Muesli,RiceKrispies,-0.619478173297991
Muesli,FrostedFlakes,-0.49867412759531216
Muesli,RaisinBran,-0.33092641713458537
Muesli,Total,-0.4413388283741608
Muesli,HoneyNutCheerios,-0.3676131346159907
Muesli,SpecialK,-0.389391016611448
Muesli,GrapeNuts,-0.2350187798215753
Muesli,SpoonSizeShdWt,-0.3027767951642442
Muesli,100%Natural,-0.22743485516854262
Muesli,FrostedMiniWheats,-0.24973076480423428
Muesli,NutriGrain,-0.2304445957583049
Muesli,Mueslix,-0.2623447378439437
Muesli,Wheaties,-0.20078751335488135
Muesli,RaisinBran,-0.16865943910753942
Muesli,Muesli,17.084116431715092
Muesli,CornPops,-0.26546844451455753
Muesli,RaisinNutBran,-0.2084025196663281
Muesli,Basic4,-0.2219075002472408
Muesli,CocoaPus,-0.229424081307043
Muesli,GoldenGrahams,-0.20812278474060147
Muesli,Cinn.ToastCrunch,-0.2140904631561026
Muesli,FrootLoops,-0.21943650840332232
Muesli,LowFatGranola,-0.16243274687192102
Muesli,Trix,-0.23180700845212152
Muesli,Triples,-0.13518449299558785
Muesli,Crispix,-0.19030263391653565
Muesli,Kix,-0.20532543548333532
Muesli,LuckyCharms,-0.1930170987513643
Muesli,AppleCinn.Cheerios,-0.1658310081918592
Muesli,CracklinOatBran,-0.1751658662688844
Muesli,BigBiscuitShdWt,-0.1430844145091635
Muesli,HoneyBunchesofOats,-0.1402559835934833
Muesli,GreatGraines,-0.13370293394451724
Muesli,OtmlRaisinCrisp,-0.13617392578843565
Muesli,OatSquares,-0.11832787358235809
Muesli,RiceChex,-0.15675516393495123
Muesli,TotalRaisinBran,-0.13831337994260404
Muesli,Product19,-0.15583307473533387
Muesli,AppleJacks,-0.15839213127809215
Muesli,CaptCrunch,-0.10964055005562601
Muesli,ShreddedWheat,-0.11686703563689689
Muesli,FruityPebbles,-0.1380181041876704
Muesli,Clusters,-0.12687532964622691
Muesli,CinnamonMiniBuns,-0.10826777680900466
Muesli,DoubleDipCrunch,-0.11382621338872052
Muesli,MultiGrainCheerios,-0.12976592387873523
Muesli,Honeycomb,-0.13033575428299315
Muesli,Popeye,-0.06143289785540604
CornPops,CornFlakes,-0.5316362263434317
CornPops,Cheerios,-0.7169916962957281
CornPops,RiceKrispies,-0.619478173297991
CornPops,FrostedFlakes,-0.49867412759531216
CornPops,RaisinBran,-0.33092641713458537
CornPops,Total,-0.4413388283741608
CornPops,HoneyNutCheerios,-0.3676131346159907
CornPops,SpecialK,-0.389391016611448
CornPops,GrapeNuts,-0.2350187798215753
CornPops,SpoonSizeShdWt,-0.3027767951642442
CornPops,100%Natural,-0.22743485516854262
CornPops,FrostedMiniWheats,-0.24973076480423428
CornPops,NutriGrain,-0.2304445957583049
CornPops,Mueslix,-0.2623447378439437
CornPops,Wheaties,-0.20078751335488135
CornPops,RaisinBran,-0.16865943910753942
CornPops,Muesli,-0.2180067521162752
CornPops,CornPops,17.91730172771541
CornPops,RaisinNutBran,-0.2084025196663281
CornPops,Basic4,-0.2219075002472408
CornPops,CocoaPus,-0.229424081307043
CornPops,GoldenGrahams,-0.20812278474060147
CornPops,Cinn.ToastCrunch,-0.2140904631561026
CornPops,FrootLoops,-0.21943650840332232
CornPops,LowFatGranola,-0.16243274687192102
CornPops,Trix,-0.23180700845212152
CornPops,Triples,-0.13518449299558785
CornPops,Crispix,-0.19030263391653565
CornPops,Kix,-0.20532543548333532
CornPops,LuckyCharms,-0.1930170987513643
CornPops,AppleCinn.Cheerios,-0.1658310081918592
CornPops,CracklinOatBran,-0.1751658662688844
CornPops,BigBiscuitShdWt,-0.1430844145091635
CornPops,HoneyBunchesofOats,-0.1402559835934833
CornPops,GreatGraines,-0.13370293394451724
CornPops,OtmlRaisinCrisp,-0.13617392578843565
CornPops,OatSquares,-0.11832787358235809
CornPops,RiceChex,-0.15675516393495123
CornPops,TotalRaisinBran,-0.13831337994260404
CornPops,Product19,-0.15583307473533387
CornPops,AppleJacks,-0.15839213127809215
CornPops,CaptCrunch,-0.10964055005562601
CornPops,ShreddedWheat,-0.11686703563689689
CornPops,FruityPebbles,-0.1380181041876704
CornPops,Clusters,-0.12687532964622691
CornPops,CinnamonMiniBuns,-0.10826777680900466
CornPops,DoubleDipCrunch,-0.11382621338872052
CornPops,MultiGrainCheerios,-0.12976592387873523
CornPops,Honeycomb,-0.13033575428299315
CornPops,Popeye,-0.06143289785540604
RaisinNutBran,CornFlakes,-0.5316362263434317
RaisinNutBran,Cheerios,-0.7169916962957281
RaisinNutBran,RiceKrispies,-0.619478173297991
RaisinNutBran,FrostedFlakes,-0.49867412759531216
RaisinNutBran,RaisinBran,-0.33092641713458537
RaisinNutBran,Total,-0.4413388283741608
RaisinNutBran,HoneyNutCheerios,-0.3676131346159907
RaisinNutBran,SpecialK,-0.389391016611448
RaisinNutBran,GrapeNuts,-0.2350187798215753
RaisinNutBran,SpoonSizeShdWt,-0.3027767951642442
RaisinNutBran,100%Natural,-0.22743485516854262
RaisinNutBran,FrostedMiniWheats,-0.24973076480423428
RaisinNutBran,NutriGrain,-0.2304445957583049
RaisinNutBran,Mueslix,-0.2623447378439437
RaisinNutBran,Wheaties,-0.20078751335488135
RaisinNutBran,RaisinBran,-0.16865943910753942
RaisinNutBran,Muesli,-0.2180067521162752
RaisinNutBran,CornPops,-0.26546844451455753
RaisinNutBran,RaisinNutBran,15.228821159320939
RaisinNutBran,Basic4,-0.2219075002472408
RaisinNutBran,CocoaPus,-0.229424081307043
RaisinNutBran,GoldenGrahams,-0.20812278474060147
RaisinNutBran,Cinn.ToastCrunch,-0.2140904631561026
RaisinNutBran,FrootLoops,-0.21943650840332232
RaisinNutBran,LowFatGranola,-0.16243274687192102
RaisinNutBran,Trix,-0.23180700845212152
RaisinNutBran,Triples,-0.13518449299558785
RaisinNutBran,Crispix,-0.19030263391653565
RaisinNutBran,Kix,-0.20532543548333532
RaisinNutBran,LuckyCharms,-0.1930170987513643
RaisinNutBran,AppleCinn.Cheerios,-0.1658310081918592
RaisinNutBran,CracklinOatBran,-0.1751658662688844
RaisinNutBran,BigBiscuitShdWt,-0.1430844145091635
RaisinNutBran,HoneyBunchesofOats,-0.1402559835934833
RaisinNutBran,GreatGraines,-0.13370293394451724
RaisinNutBran,OtmlRaisinCrisp,-0.13617392578843565
RaisinNutBran,OatSquares,-0.11832787358235809
RaisinNutBran,RiceChex,-0.15675516393495123
RaisinNutBran,TotalRaisinBran,-0.13831337994260404
RaisinNutBran,Product19,-0.15583307473533387
RaisinNutBran,AppleJacks,-0.15839213127809215
RaisinNutBran,CaptCrunch,-0.10964055005562601
RaisinNutBran,ShreddedWheat,-0.11686703563689689
RaisinNutBran,FruityPebbles,-0.1380181041876704
RaisinNutBran,Clusters,-0.12687532964622691
RaisinNutBran,CinnamonMiniBuns,-0.10826777680900466
RaisinNutBran,DoubleDipCrunch,-0.11382621338872052
RaisinNutBran,MultiGrainCheerios,-0.12976592387873523
RaisinNutBran,Honeycomb,-0.13033575428299315
RaisinNutBran,Popeye,-0.06143289785540604
Basic4,CornFlakes,-0.5316362263434317
Basic4,Cheerios,-0.7169916962957281
Basic4,RiceKrispies,-0.619478173297991
Basic4,FrostedFlakes,-0.49867412759531216
Basic4,RaisinBran,-0.33092641713458537
Basic4,Total,-0.4413388283741608
Basic4,HoneyNutCheerios,-0.3676131346159907
Basic4,SpecialK,-0.389391016611448
Basic4,GrapeNuts,-0.2350187798215753
Basic4,SpoonSizeShdWt,-0.3027767951642442
Basic4,100%Natural,-0.22743485516854262
Basic4,FrostedMiniWheats,-0.24973076480423428
Basic4,NutriGrain,-0.2304445957583049
Basic4,Mueslix,-0.2623447378439437
Basic4,Wheaties,-0.20078751335488135
Basic4,RaisinBran,-0.16865943910753942
Basic4,Muesli,-0.2180067521162752
Basic4,CornPops,-0.26546844451455753
Basic4,RaisinNutBran,-0.2084025196663281
Basic4,Basic4,16.717596335419994
Basic4,CocoaPus,-0.229424081307043
Basic4,GoldenGrahams,-0.20812278474060147
Basic4,Cinn.ToastCrunch,-0.2140904631561026
Basic4,FrootLoops,-0.21943650840332232
Basic4,LowFatGranola,-0.16243274687192102
Basic4,Trix,-0.23180700845212152
Basic4,Triples,-0.13518449299558785
Basic4,Crispix,-0.19030263391653565
Basic4,Kix,-0.20532543548333532
Basic4,LuckyCharms,-0.1930170987513643
Basic4,AppleCinn.Cheerios,-0.1658310081918592
Basic4,CracklinOatBran,-0.1751658662688844
Basic4,BigBiscuitShdWt,-0.1430844145091635
Basic4,HoneyBunchesofOats,-0.1402559835934833
Basic4,GreatGraines,-0.13370293394451724
Basic4,OtmlRaisinCrisp,-0.13617392578843565
Basic4,OatSquares,-0.11832787358235809
Basic4,RiceChex,-0.15675516393495123
Basic4,TotalRaisinBran,-0.13831337994260404
Basic4,Product19,-0.15583307473533387
Basic4,AppleJacks,-0.15839213127809215
Basic4,CaptCrunch,-0.10964055005562601
Basic4,ShreddedWheat,-0.11686703563689689
Basic4,FruityPebbles,-0.1380181041876704
Basic4,Clusters,-0.12687532964622691
Basic4,CinnamonMiniBuns,-0.10826777680900466
Basic4,DoubleDipCrunch,-0.11382621338872052
Basic4,MultiGrainCheerios,-0.12976592387873523
Basic4,Honeycomb,-0.13033575428299315
Basic4,Popeye,-0.06143289785540604
CocoaPus,CornFlakes,-0.5316362263434317
CocoaPus,Cheerios,-0.7169916962957281
CocoaPus,RiceKrispies,-0.619478173297991
CocoaPus,FrostedFlakes,-0.49867412759531216
CocoaPus,RaisinBran,-0.33092641713458537
CocoaPus,Total,-0.4413388283741608
CocoaPus,HoneyNutCheerios,-0.3676131346159907
CocoaPus,SpecialK,-0.389391016611448
CocoaPus,GrapeNuts,-0.2350187798215753
CocoaPus,SpoonSizeShdWt,-0.3027767951642442
CocoaPus,100%Natural,-0.22743485516854262
CocoaPus,FrostedMiniWheats,-0.24973076480423428
CocoaPus,NutriGrain,-0.2304445957583049
CocoaPus,Mueslix,-0.2623447378439437
CocoaPus,Wheaties,-0.20078751335488135
CocoaPus,RaisinBran,-0.16865943910753942
CocoaPus,Muesli,-0.2180067521162752
CocoaPus,CornPops,-0.26546844451455753
CocoaPus,RaisinNutBran,-0.2084025196663281
CocoaPus,Basic4,-0.2219075002472408
CocoaPus,CocoaPus,17.69433227080569
CocoaPus,GoldenGrahams,-0.20812278474060147
CocoaPus,Cinn.ToastCrunch,-0.2140904631561026
CocoaPus,FrootLoops,-0.21943650840332232
CocoaPus,LowFatGranola,-0.16243274687192102
CocoaPus,Trix,-0.23180700845212152
CocoaPus,Triples,-0.13518449299558785
CocoaPus,Crispix,-0.19030263391653565
CocoaPus,Kix,-0.20532543548333532
CocoaPus,LuckyCharms,-0.1930170987513643
CocoaPus,AppleCinn.Cheerios,-0.1658310081918592
CocoaPus,CracklinOatBran,-0.1751658662688844
CocoaPus,BigBiscuitShdWt,-0.1430844145091635
CocoaPus,HoneyBunchesofOats,-0.1402559835934833
CocoaPus,GreatGraines,-0.13370293394451724
CocoaPus,OtmlRaisinCrisp,-0.13617392578843565
CocoaPus,OatSquares,-0.11832787358235809
CocoaPus,RiceChex,-0.15675516393495123
CocoaPus,TotalRaisinBran,-0.13831337994260404
CocoaPus,Product19,-0.15583307473533387
CocoaPus,AppleJacks,-0.15839213127809215
CocoaPus,CaptCrunch,-0.10964055005562601
CocoaPus,ShreddedWheat,-0.11686703563689689
CocoaPus,FruityPebbles,-0.1380181041876704
CocoaPus,Clusters,-0.12687532964622691
CocoaPus,CinnamonMiniBuns,-0.10826777680900466
CocoaPus,DoubleDipCrunch,-0.11382621338872052
CocoaPus,MultiGrainCheerios,-0.12976592387873523
CocoaPus,Honeycomb,-0.13033575428299315
CocoaPus,Popeye,-0.06143289785540604
GoldenGrahams,CornFlakes,-0.5316362263434317
GoldenGrahams,Cheerios,-0.7169916962957281
GoldenGrahams,RiceKrispies,-0.619478173297991
GoldenGrahams,FrostedFlakes,-0.49867412759531216
GoldenGrahams,RaisinBran,-0.33092641713458537
GoldenGrahams,Total,-0.4413388283741608
GoldenGrahams,HoneyNutCheerios,-0.3676131346159907
GoldenGrahams,SpecialK,-0.389391016611448
GoldenGrahams,GrapeNuts,-0.2350187798215753
GoldenGrahams,SpoonSizeShdWt,-0.3027767951642442
GoldenGrahams,100%Natural,-0.22743485516854262
GoldenGrahams,FrostedMiniWheats,-0.24973076480423428
GoldenGrahams,NutriGrain,-0.2304445957583049
GoldenGrahams,Mueslix,-0.2623447378439437
GoldenGrahams,Wheaties,-0.20078751335488135
GoldenGrahams,RaisinBran,-0.16865943910753942
GoldenGrahams,Muesli,-0.2180067521162752
GoldenGrahams,CornPops,-0.26546844451455753
GoldenGrahams,RaisinNutBran,-0.2084025196663281
GoldenGrahams,Basic4,-0.2219075002472408
GoldenGrahams,CocoaPus,-0.229424081307043
GoldenGrahams,GoldenGrahams,16.57597275885629
GoldenGrahams,Cinn.ToastCrunch,-0.2140904631561026
GoldenGrahams,FrootLoops,-0.21943650840332232
GoldenGrahams,LowFatGranola,-0.16243274687192102
GoldenGrahams,Trix,-0.23180700845212152
GoldenGrahams,Triples,-0.13518449299558785
GoldenGrahams,Crispix,-0.19030263391653565
GoldenGrahams,Kix,-0.20532543548333532
GoldenGrahams,LuckyCharms,-0.1930170987513643
GoldenGrahams,AppleCinn.Cheerios,-0.1658310081918592
GoldenGrahams,CracklinOatBran,-0.1751658662688844
GoldenGrahams,BigBiscuitShdWt,-0.1430844145091635
GoldenGrahams,HoneyBunchesofOats,-0.1402559835934833
GoldenGrahams,GreatGraines,-0.13370293394451724
GoldenGrahams,OtmlRaisinCrisp,-0.13617392578843565
GoldenGrahams,OatSquares,-0.11832787358235809
GoldenGrahams,RiceChex,-0.15675516393495123
GoldenGrahams,TotalRaisinBran,-0.13831337994260404
GoldenGrahams,Product19,-0.15583307473533387
GoldenGrahams,AppleJacks,-0.15839213127809215
GoldenGrahams,CaptCrunch,-0.10964055005562601
GoldenGrahams,ShreddedWheat,-0.11686703563689689
GoldenGrahams,FruityPebbles,-0.1380181041876704
GoldenGrahams,Clusters,-0.12687532964622691
GoldenGrahams,CinnamonMiniBuns,-0.10826777680900466
GoldenGrahams,DoubleDipCrunch,-0.11382621338872052
GoldenGrahams,MultiGrainCheerios,-0.12976592387873523
GoldenGrahams,Honeycomb,-0.13033575428299315
GoldenGrahams,Popeye,-0.06143289785540604
Cinn.ToastCrunch,CornFlakes,-0.5316362263434317
Cinn.ToastCrunch,Cheerios,-0.7169916962957281
Cinn.ToastCrunch,RiceKrispies,-0.619478173297991
Cinn.ToastCrunch,FrostedFlakes,-0.49867412759531216
Cinn.ToastCrunch,RaisinBran,-0.33092641713458537
Cinn.ToastCrunch,Total,-0.4413388283741608
Cinn.ToastCrunch,HoneyNutCheerios,-0.3676131346159907
Cinn.ToastCrunch,SpecialK,-0.389391016611448
Cinn.ToastCrunch,GrapeNuts,-0.2350187798215753
Cinn.ToastCrunch,SpoonSizeShdWt,-0.3027767951642442
Cinn.ToastCrunch,100%Natural,-0.22743485516854262
Cinn.ToastCrunch,FrostedMiniWheats,-0.24973076480423428
Cinn.ToastCrunch,NutriGrain,-0.2304445957583049
Cinn.ToastCrunch,Mueslix,-0.2623447378439437
Cinn.ToastCrunch,Wheaties,-0.20078751335488135
Cinn.ToastCrunch,RaisinBran,-0.16865943910753942
Cinn.ToastCrunch,Muesli,-0.2180067521162752
Cinn.ToastCrunch,CornPops,-0.26546844451455753
Cinn.ToastCrunch,RaisinNutBran,-0.2084025196663281
Cinn.ToastCrunch,Basic4,-0.2219075002472408
Cinn.ToastCrunch,CocoaPus,-0.229424081307043
Cinn.ToastCrunch,GoldenGrahams,-0.20812278474060147
Cinn.ToastCrunch,Cinn.ToastCrunch,17.19163824872216
Cinn.ToastCrunch,FrootLoops,-0.21943650840332232
Cinn.ToastCrunch,LowFatGranola,-0.16243274687192102
Cinn.ToastCrunch,Trix,-0.23180700845212152
Cinn.ToastCrunch,Triples,-0.13518449299558785
Cinn.ToastCrunch,Crispix,-0.19030263391653565
Cinn.ToastCrunch,Kix,-0.20532543548333532
Cinn.ToastCrunch,LuckyCharms,-0.1930170987513643
Cinn.ToastCrunch,AppleCinn.Cheerios,-0.1658310081918592
Cinn.ToastCrunch,CracklinOatBran,-0.1751658662688844
Cinn.ToastCrunch,BigBiscuitShdWt,-0.1430844145091635
Cinn.ToastCrunch,HoneyBunchesofOats,-0.1402559835934833
Cinn.ToastCrunch,GreatGraines,-0.13370293394451724
Cinn.ToastCrunch,OtmlRaisinCrisp,-0.13617392578843565
Cinn.ToastCrunch,OatSquares,-0.11832787358235809
Cinn.ToastCrunch,RiceChex,-0.15675516393495123
Cinn.ToastCrunch,TotalRaisinBran,-0.13831337994260404
Cinn.ToastCrunch,Product19,-0.15583307473533387
Cinn.ToastCrunch,AppleJacks,-0.15839213127809215
Cinn.ToastCrunch,CaptCrunch,-0.10964055005562601
Cinn.ToastCrunch,ShreddedWheat,-0.11686703563689689
Cinn.ToastCrunch,FruityPebbles,-0.1380181041876704
Cinn.ToastCrunch,Clusters,-0.12687532964622691
Cinn.ToastCrunch,CinnamonMiniBuns,-0.10826777680900466
Cinn.ToastCrunch,DoubleDipCrunch,-0.11382621338872052
Cinn.ToastCrunch,MultiGrainCheerios,-0.12976592387873523
Cinn.ToastCrunch,Honeycomb,-0.13033575428299315
Cinn.ToastCrunch,Popeye,-0.06143289785540604
FrootLoops,CornFlakes,-0.5316362263434317
FrootLoops,Cheerios,-0.7169916962957281
FrootLoops,RiceKrispies,-0.619478173297991
FrootLoops,FrostedFlakes,-0.49867412759531216
FrootLoops,RaisinBran,-0.33092641713458537
FrootLoops,Total,-0.4413388283741608
FrootLoops,HoneyNutCheerios,-0.3676131346159907
FrootLoops,SpecialK,-0.389391016611448
FrootLoops,GrapeNuts,-0.2350187798215753
FrootLoops,SpoonSizeShdWt,-0.3027767951642442
FrootLoops,100%Natural,-0.22743485516854262
FrootLoops,FrostedMiniWheats,-0.24973076480423428
FrootLoops,NutriGrain,-0.2304445957583049
FrootLoops,Mueslix,-0.2623447378439437
FrootLoops,Wheaties,-0.20078751335488135
FrootLoops,RaisinBran,-0.16865943910753942
FrootLoops,Muesli,-0.2180067521162752
FrootLoops,CornPops,-0.26546844451455753
FrootLoops,RaisinNutBran,-0.2084025196663281
FrootLoops,Basic4,-0.2219075002472408
FrootLoops,CocoaPus,-0.229424081307043
FrootLoops,GoldenGrahams,-0.20812278474060147
FrootLoops,Cinn.ToastCrunch,-0.2140904631561026
FrootLoops,FrootLoops,18.066939191873537
FrootLoops,LowFatGranola,-0.16243274687192102
FrootLoops,Trix,-0.23180700845212152
FrootLoops,Triples,-0.13518449299558785
FrootLoops,Crispix,-0.19030263391653565
FrootLoops,Kix,-0.20532543548333532
FrootLoops,LuckyCharms,-0.1930170987513643
FrootLoops,AppleCinn.Cheerios,-0.1658310081918592
FrootLoops,CracklinOatBran,-0.1751658662688844
FrootLoops,BigBiscuitShdWt,-0.1430844145091635
FrootLoops,HoneyBunchesofOats,-0.1402559835934833
FrootLoops,GreatGraines,-0.13370293394451724
FrootLoops,OtmlRaisinCrisp,-0.13617392578843565
FrootLoops,OatSquares,-0.11832787358235809
FrootLoops,RiceChex,-0.15675516393495123
FrootLoops,TotalRaisinBran,-0.13831337994260404
FrootLoops,Product19,-0.15583307473533387
FrootLoops,AppleJacks,-0.15839213127809215
FrootLoops,CaptCrunch,-0.10964055005562601
FrootLoops,ShreddedWheat,-0.11686703563689689
FrootLoops,FruityPebbles,-0.1380181041876704
FrootLoops,Clusters,-0.12687532964622691
FrootLoops,CinnamonMiniBuns,-0.10826777680900466
FrootLoops,DoubleDipCrunch,-0.11382621338872052
FrootLoops,MultiGrainCheerios,-0.12976592387873523
FrootLoops,Honeycomb,-0.13033575428299315
FrootLoops,Popeye,-0.06143289785540604
LowFatGranola,CornFlakes,-0.5316362263434317
LowFatGranola,Cheerios,-0.7169916962957281
LowFatGranola,RiceKrispies,-0.619478173297991
LowFatGranola,FrostedFlakes,-0.49867412759531216
LowFatGranola,RaisinBran,-0.33092641713458537
LowFatGranola,Total,-0.4413388283741608
LowFatGranola,HoneyNutCheerios,-0.3676131346159907
LowFatGranola,SpecialK,-0.389391016611448
LowFatGranola,GrapeNuts,-0.2350187798215753
LowFatGranola,SpoonSizeShdWt,-0.3027767951642442
LowFatGranola,100%Natural,-0.22743485516854262
LowFatGranola,FrostedMiniWheats,-0.24973076480423428
LowFatGranola,NutriGrain,-0.2304445957583049
LowFatGranola,Mueslix,-0.2623447378439437
LowFatGranola,Wheaties,-0.20078751335488135
LowFatGranola,RaisinBran,-0.16865943910753942
LowFatGranola,Muesli,-0.2180067521162752
LowFatGranola,CornPops,-0.26546844451455753
LowFatGranola,RaisinNutBran,-0.2084025196663281
LowFatGranola,Basic4,-0.2219075002472408
LowFatGranola,CocoaPus,-0.229424081307043
LowFatGranola,GoldenGrahams,-0.20812278474060147
LowFatGranola,Cinn.ToastCrunch,-0.2140904631561026
LowFatGranola,FrootLoops,-0.21943650840332232
LowFatGranola,LowFatGranola,13.72070801141193
LowFatGranola,Trix,-0.23180700845212152
LowFatGranola,Triples,-0.13518449299558785
LowFatGranola,Crispix,-0.19030263391653565
LowFatGranola,Kix,-0.20532543548333532
LowFatGranola,LuckyCharms,-0.1930170987513643
LowFatGranola,AppleCinn.Cheerios,-0.1658310081918592
LowFatGranola,CracklinOatBran,-0.1751658662688844
LowFatGranola,BigBiscuitShdWt,-0.1430844145091635
LowFatGranola,HoneyBunchesofOats,-0.1402559835934833
LowFatGranola,GreatGraines,-0.13370293394451724
LowFatGranola,OtmlRaisinCrisp,-0.13617392578843565
LowFatGranola,OatSquares,-0.11832787358235809
LowFatGranola,RiceChex,-0.15675516393495123
LowFatGranola,TotalRaisinBran,-0.13831337994260404
LowFatGranola,Product19,-0.15583307473533387
LowFatGranola,AppleJacks,-0.15839213127809215
LowFatGranola,CaptCrunch,-0.10964055005562601
LowFatGranola,ShreddedWheat,-0.11686703563689689
LowFatGranola,FruityPebbles,-0.1380181041876704
LowFatGranola,Clusters,-0.12687532964622691
LowFatGranola,CinnamonMiniBuns,-0.10826777680900466
LowFatGranola,DoubleDipCrunch,-0.11382621338872052
LowFatGranola,MultiGrainCheerios,-0.12976592387873523
LowFatGranola,Honeycomb,-0.13033575428299315
LowFatGranola,Popeye,-0.06143289785540604
Trix,CornFlakes,-0.5316362263434317
Trix,Cheerios,-0.7169916962957281
Trix,RiceKrispies,-0.619478173297991
Trix,FrostedFlakes,-0.49867412759531216
Trix,RaisinBran,-0.33092641713458537
Trix,Total,-0.4413388283741608
Trix,HoneyNutCheerios,-0.3676131346159907
Trix,SpecialK,-0.389391016611448
Trix,GrapeNuts,-0.2350187798215753
Trix,SpoonSizeShdWt,-0.3027767951642442
Trix,100%Natural,-0.22743485516854262
Trix,FrostedMiniWheats,-0.24973076480423428
Trix,NutriGrain,-0.2304445957583049
Trix,Mueslix,-0.2623447378439437
Trix,Wheaties,-0.20078751335488135
Trix,RaisinBran,-0.16865943910753942
Trix,Muesli,-0.2180067521162752
Trix,CornPops,-0.26546844451455753
Trix,RaisinNutBran,-0.2084025196663281
Trix,Basic4,-0.2219075002472408
Trix,CocoaPus,-0.229424081307043
Trix,GoldenGrahams,-0.20812278474060147
Trix,Cinn.ToastCrunch,-0.2140904631561026
Trix,FrootLoops,-0.21943650840332232
Trix,LowFatGranola,-0.16243274687192102
Trix,Trix,20.28208754483297
Trix,Triples,-0.13518449299558785
Trix,Crispix,-0.19030263391653565
Trix,Kix,-0.20532543548333532
Trix,LuckyCharms,-0.1930170987513643
Trix,AppleCinn.Cheerios,-0.1658310081918592
Trix,CracklinOatBran,-0.1751658662688844
Trix,BigBiscuitShdWt,-0.1430844145091635
Trix,HoneyBunchesofOats,-0.1402559835934833
Trix,GreatGraines,-0.13370293394451724
Trix,OtmlRaisinCrisp,-0.13617392578843565
Trix,OatSquares,-0.11832787358235809
Trix,RiceChex,-0.15675516393495123
Trix,TotalRaisinBran,-0.13831337994260404
Trix,Product19,-0.15583307473533387
Trix,AppleJacks,-0.15839213127809215
Trix,CaptCrunch,-0.10964055005562601
Trix,ShreddedWheat,-0.11686703563689689
Trix,FruityPebbles,-0.1380181041876704
Trix,Clusters,-0.12687532964622691
Trix,CinnamonMiniBuns,-0.10826777680900466
Trix,DoubleDipCrunch,-0.11382621338872052
Trix,MultiGrainCheerios,-0.12976592387873523
Trix,Honeycomb,-0.13033575428299315
Trix,Popeye,-0.06143289785540604
Triples,CornFlakes,-0.5316362263434317
Triples,Cheerios,-0.7169916962957281
Triples,RiceKrispies,-0.619478173297991
Triples,FrostedFlakes,-0.49867412759531216
Triples,RaisinBran,-0.33092641713458537
Triples,Total,-0.4413388283741608
Triples,HoneyNutCheerios,-0.3676131346159907
Triples,SpecialK,-0.389391016611448
Triples,GrapeNuts,-0.2350187798215753
Triples,SpoonSizeShdWt,-0.3027767951642442
Triples,100%Natural,-0.22743485516854262
Triples,FrostedMiniWheats,-0.24973076480423428
Triples,NutriGrain,-0.2304445957583049
Triples,Mueslix,-0.2623447378439437
Triples,Wheaties,-0.20078751335488135
Triples,RaisinBran,-0.16865943910753942
Triples,Muesli,-0.2180067521162752
Triples,CornPops,-0.26546844451455753
Triples,RaisinNutBran,-0.2084025196663281
Triples,Basic4,-0.2219075002472408
Triples,CocoaPus,-0.229424081307043
Triples,GoldenGrahams,-0.20812278474060147
Triples,Cinn.ToastCrunch,-0.2140904631561026
Triples,FrootLoops,-0.21943650840332232
Triples,LowFatGranola,-0.16243274687192102
Triples,Trix,-0.23180700845212152
Triples,Triples,11.93485952446761
Triples,Crispix,-0.19030263391653565
Triples,Kix,-0.20532543548333532
Triples,LuckyCharms,-0.1930170987513643
Triples,AppleCinn.Cheerios,-0.1658310081918592
Triples,CracklinOatBran,-0.1751658662688844
Triples,BigBiscuitShdWt,-0.1430844145091635
Triples,HoneyBunchesofOats,-0.1402559835934833
Triples,GreatGraines,-0.13370293394451724
Triples,OtmlRaisinCrisp,-0.13617392578843565
Triples,OatSquares,-0.11832787358235809
Triples,RiceChex,-0.15675516393495123
Triples,TotalRaisinBran,-0.13831337994260404
Triples,Product19,-0.15583307473533387
Triples,AppleJacks,-0.15839213127809215
Triples,CaptCrunch,-0.10964055005562601
Triples,ShreddedWheat,-0.11686703563689689
Triples,FruityPebbles,-0.1380181041876704
Triples,Clusters,-0.12687532964622691
Triples,CinnamonMiniBuns,-0.10826777680900466
Triples,DoubleDipCrunch,-0.11382621338872052
Triples,MultiGrainCheerios,-0.12976592387873523
Triples,Honeycomb,-0.13033575428299315
Triples,Popeye,-0.06143289785540604
Crispix,CornFlakes,-0.5316362263434317
Crispix,Cheerios,-0.7169916962957281
Crispix,RiceKrispies,-0.619478173297991
Crispix,FrostedFlakes,-0.49867412759531216
Crispix,RaisinBran,-0.33092641713458537
Crispix,Total,-0.4413388283741608
Crispix,HoneyNutCheerios,-0.3676131346159907
Crispix,SpecialK,-0.389391016611448
Crispix,GrapeNuts,-0.2350187798215753
Crispix,SpoonSizeShdWt,-0.3027767951642442
Crispix,100%Natural,-0.22743485516854262
Crispix,FrostedMiniWheats,-0.24973076480423428
Crispix,NutriGrain,-0.2304445957583049
Crispix,Mueslix,-0.2623447378439437
Crispix,Wheaties,-0.20078751335488135
Crispix,RaisinBran,-0.16865943910753942
Crispix,Muesli,-0.2180067521162752
Crispix,CornPops,-0.26546844451455753
Crispix,RaisinNutBran,-0.2084025196663281
Crispix,Basic4,-0.2219075002472408
Crispix,CocoaPus,-0.229424081307043
Crispix,GoldenGrahams,-0.20812278474060147
Crispix,Cinn.ToastCrunch,-0.2140904631561026
Crispix,FrootLoops,-0.21943650840332232
Crispix,LowFatGranola,-0.16243274687192102
Crispix,Trix,-0.23180700845212152
Crispix,Triples,-0.13518449299558785
Crispix,Crispix,16.801003965774147
Crispix,Kix,-0.20532543548333532
Crispix,LuckyCharms,-0.1930170987513643
Crispix,AppleCinn.Cheerios,-0.1658310081918592
Crispix,CracklinOatBran,-0.1751658662688844
Crispix,BigBiscuitShdWt,-0.1430844145091635
Crispix,HoneyBunchesofOats,-0.1402559835934833
Crispix,GreatGraines,-0.13370293394451724
Crispix,OtmlRaisinCrisp,-0.13617392578843565
Crispix,OatSquares,-0.11832787358235809
Crispix,RiceChex,-0.15675516393495123
Crispix,TotalRaisinBran,-0.13831337994260404
Crispix,Product19,-0.15583307473533387
Crispix,AppleJacks,-0.15839213127809215
Crispix,CaptCrunch,-0.10964055005562601
Crispix,ShreddedWheat,-0.11686703563689689
Crispix,FruityPebbles,-0.1380181041876704
Crispix,Clusters,-0.12687532964622691
Crispix,CinnamonMiniBuns,-0.10826777680900466
Crispix,DoubleDipCrunch,-0.11382621338872052
Crispix,MultiGrainCheerios,-0.12976592387873523
Crispix,Honeycomb,-0.13033575428299315
Crispix,Popeye,-0.06143289785540604
Kix,CornFlakes,-0.5316362263434317
Kix,Cheerios,-0.7169916962957281
Kix,RiceKrispies,-0.619478173297991
Kix,FrostedFlakes,-0.49867412759531216
Kix,RaisinBran,-0.33092641713458537
Kix,Total,-0.4413388283741608
Kix,HoneyNutCheerios,-0.3676131346159907
Kix,SpecialK,-0.389391016611448
Kix,GrapeNuts,-0.2350187798215753
Kix,SpoonSizeShdWt,-0.3027767951642442
Kix,100%Natural,-0.22743485516854262
Kix,FrostedMiniWheats,-0.24973076480423428
Kix,NutriGrain,-0.2304445957583049
Kix,Mueslix,-0.2623447378439437
Kix,Wheaties,-0.20078751335488135
Kix,RaisinBran,-0.16865943910753942
Kix,Muesli,-0.2180067521162752
Kix,CornPops,-0.26546844451455753
Kix,RaisinNutBran,-0.2084025196663281
Kix,Basic4,-0.2219075002472408
Kix,CocoaPus,-0.229424081307043
Kix,GoldenGrahams,-0.20812278474060147
Kix,Cinn.ToastCrunch,-0.2140904631561026
Kix,FrootLoops,-0.21943650840332232
Kix,LowFatGranola,-0.16243274687192102
Kix,Trix,-0.23180700845212152
Kix,Triples,-0.13518449299558785
Kix,Crispix,-0.19030263391653565
Kix,Kix,18.806288961121787
Kix,LuckyCharms,-0.1930170987513643
Kix,AppleCinn.Cheerios,-0.1658310081918592
Kix,CracklinOatBran,-0.1751658662688844
Kix,BigBiscuitShdWt,-0.1430844145091635
Kix,HoneyBunchesofOats,-0.1402559835934833
Kix,GreatGraines,-0.13370293394451724
Kix,OtmlRaisinCrisp,-0.13617392578843565
Kix,OatSquares,-0.11832787358235809
Kix,RiceChex,-0.15675516393495123
Kix,TotalRaisinBran,-0.13831337994260404
Kix,Product19,-0.15583307473533387
Kix,AppleJacks,-0.15839213127809215
Kix,CaptCrunch,-0.10964055005562601
Kix,ShreddedWheat,-0.11686703563689689
Kix,FruityPebbles,-0.1380181041876704
Kix,Clusters,-0.12687532964622691
Kix,CinnamonMiniBuns,-0.10826777680900466
Kix,DoubleDipCrunch,-0.11382621338872052
Kix,MultiGrainCheerios,-0.12976592387873523
Kix,Honeycomb,-0.13033575428299315
Kix,Popeye,-0.06143289785540604
LuckyCharms,CornFlakes,-0.5316362263434317
LuckyCharms,Cheerios,-0.7169916962957281
LuckyCharms,RiceKrispies,-0.619478173297991
LuckyCharms,FrostedFlakes,-0.49867412759531216
LuckyCharms,RaisinBran,-0.33092641713458537
LuckyCharms,Total,-0.4413388283741608
LuckyCharms,HoneyNutCheerios,-0.3676131346159907
LuckyCharms,SpecialK,-0.389391016611448
LuckyCharms,GrapeNuts,-0.2350187798215753
LuckyCharms,SpoonSizeShdWt,-0.3027767951642442
LuckyCharms,100%Natural,-0.22743485516854262
LuckyCharms,FrostedMiniWheats,-0.24973076480423428
LuckyCharms,NutriGrain,-0.2304445957583049
LuckyCharms,Mueslix,-0.2623447378439437
LuckyCharms,Wheaties,-0.20078751335488135
LuckyCharms,RaisinBran,-0.16865943910753942
LuckyCharms,Muesli,-0.2180067521162752
LuckyCharms,CornPops,-0.26546844451455753
LuckyCharms,RaisinNutBran,-0.2084025196663281
LuckyCharms,Basic4,-0.2219075002472408
LuckyCharms,CocoaPus,-0.229424081307043
LuckyCharms,GoldenGrahams,-0.20812278474060147
LuckyCharms,Cinn.ToastCrunch,-0.2140904631561026
LuckyCharms,FrootLoops,-0.21943650840332232
LuckyCharms,LowFatGranola,-0.16243274687192102
LuckyCharms,Trix,-0.23180700845212152
LuckyCharms,Triples,-0.13518449299558785
LuckyCharms,Crispix,-0.19030263391653565
LuckyCharms,Kix,-0.20532543548333532
LuckyCharms,LuckyCharms,17.67893648933792
LuckyCharms,AppleCinn.Cheerios,-0.1658310081918592
LuckyCharms,CracklinOatBran,-0.1751658662688844
LuckyCharms,BigBiscuitShdWt,-0.1430844145091635
LuckyCharms,HoneyBunchesofOats,-0.1402559835934833
LuckyCharms,GreatGraines,-0.13370293394451724
LuckyCharms,OtmlRaisinCrisp,-0.13617392578843565
LuckyCharms,OatSquares,-0.11832787358235809
LuckyCharms,RiceChex,-0.15675516393495123
LuckyCharms,TotalRaisinBran,-0.13831337994260404
LuckyCharms,Product19,-0.15583307473533387
LuckyCharms,AppleJacks,-0.15839213127809215
LuckyCharms,CaptCrunch,-0.10964055005562601
LuckyCharms,ShreddedWheat,-0.11686703563689689
LuckyCharms,FruityPebbles,-0.1380181041876704
LuckyCharms,Clusters,-0.12687532964622691
LuckyCharms,CinnamonMiniBuns,-0.10826777680900466
LuckyCharms,DoubleDipCrunch,-0.11382621338872052
LuckyCharms,MultiGrainCheerios,-0.12976592387873523
LuckyCharms,Honeycomb,-0.13033575428299315
LuckyCharms,Popeye,-0.06143289785540604
AppleCinn.Cheerios,CornFlakes,-0.5316362263434317
AppleCinn.Cheerios,Cheerios,-0.7169916962957281
AppleCinn.Cheerios,RiceKrispies,-0.619478173297991
AppleCinn.Cheerios,FrostedFlakes,-0.49867412759531216
AppleCinn.Cheerios,RaisinBran,-0.33092641713458537
AppleCinn.Cheerios,Total,-0.4413388283741608
AppleCinn.Cheerios,HoneyNutCheerios,-0.3676131346159907
AppleCinn.Cheerios,SpecialK,-0.389391016611448
AppleCinn.Cheerios,GrapeNuts,-0.2350187798215753
AppleCinn.Cheerios,SpoonSizeShdWt,-0.3027767951642442
AppleCinn.Cheerios,100%Natural,-0.22743485516854262
AppleCinn.Cheerios,FrostedMiniWheats,-0.24973076480423428
AppleCinn.Cheerios,NutriGrain,-0.2304445957583049
AppleCinn.Cheerios,Mueslix,-0.2623447378439437
AppleCinn.Cheerios,Wheaties,-0.20078751335488135
AppleCinn.Cheerios,RaisinBran,-0.16865943910753942
AppleCinn.Cheerios,Muesli,-0.2180067521162752
AppleCinn.Cheerios,CornPops,-0.26546844451455753
AppleCinn.Cheerios,RaisinNutBran,-0.2084025196663281
AppleCinn.Cheerios,Basic4,-0.2219075002472408
AppleCinn.Cheerios,CocoaPus,-0.229424081307043
AppleCinn.Cheerios,GoldenGrahams,-0.20812278474060147
AppleCinn.Cheerios,Cinn.ToastCrunch,-0.2140904631561026
AppleCinn.Cheerios,FrootLoops,-0.21943650840332232
AppleCinn.Cheerios,LowFatGranola,-0.16243274687192102
AppleCinn.Cheerios,Trix,-0.23180700845212152
AppleCinn.Cheerios,Triples,-0.13518449299558785
AppleCinn.Cheerios,Crispix,-0.19030263391653565
AppleCinn.Cheerios,Kix,-0.20532543548333532
AppleCinn.Cheerios,LuckyCharms,-0.1930170987513643
AppleCinn.Cheerios,AppleCinn.Cheerios,15.478603726889196
AppleCinn.Cheerios,CracklinOatBran,-0.1751658662688844
AppleCinn.Cheerios,BigBiscuitShdWt,-0.1430844145091635
AppleCinn.Cheerios,HoneyBunchesofOats,-0.1402559835934833
AppleCinn.Cheerios,GreatGraines,-0.13370293394451724
AppleCinn.Cheerios,OtmlRaisinCrisp,-0.13617392578843565
AppleCinn.Cheerios,OatSquares,-0.11832787358235809
AppleCinn.Cheerios,RiceChex,-0.15675516393495123
AppleCinn.Cheerios,TotalRaisinBran,-0.13831337994260404
AppleCinn.Cheerios,Product19,-0.15583307473533387
AppleCinn.Cheerios,AppleJacks,-0.15839213127809215
AppleCinn.Cheerios,CaptCrunch,-0.10964055005562601
AppleCinn.Cheerios,ShreddedWheat,-0.11686703563689689
AppleCinn.Cheerios,FruityPebbles,-0.1380181041876704
AppleCinn.Cheerios,Clusters,-0.12687532964622691
AppleCinn.Cheerios,CinnamonMiniBuns,-0.10826777680900466
AppleCinn.Cheerios,DoubleDipCrunch,-0.11382621338872052
AppleCinn.Cheerios,MultiGrainCheerios,-0.12976592387873523
AppleCinn.Cheerios,Honeycomb,-0.13033575428299315
AppleCinn.Cheerios,Popeye,-0.06143289785540604
CracklinOatBran,CornFlakes,-0.5316362263434317
CracklinOatBran,Cheerios,-0.7169916962957281
CracklinOatBran,RiceKrispies,-0.619478173297991
CracklinOatBran,FrostedFlakes,-0.49867412759531216
CracklinOatBran,RaisinBran,-0.33092641713458537
CracklinOatBran,Total,-0.4413388283741608
CracklinOatBran,HoneyNutCheerios,-0.3676131346159907
CracklinOatBran,SpecialK,-0.389391016611448
CracklinOatBran,GrapeNuts,-0.2350187798215753
CracklinOatBran,SpoonSizeShdWt,-0.3027767951642442
CracklinOatBran,100%Natural,-0.22743485516854262
CracklinOatBran,FrostedMiniWheats,-0.24973076480423428
CracklinOatBran,NutriGrain,-0.2304445957583049
CracklinOatBran,Mueslix,-0.2623447378439437
CracklinOatBran,Wheaties,-0.20078751335488135
CracklinOatBran,RaisinBran,-0.16865943910753942
CracklinOatBran,Muesli,-0.2180067521162752
CracklinOatBran,CornPops,-0.26546844451455753
CracklinOatBran,RaisinNutBran,-0.2084025196663281
CracklinOatBran,Basic4,-0.2219075002472408
CracklinOatBran,CocoaPus,-0.229424081307043
CracklinOatBran,GoldenGrahams,-0.20812278474060147
CracklinOatBran,Cinn.ToastCrunch,-0.2140904631561026
CracklinOatBran,FrootLoops,-0.21943650840332232
CracklinOatBran,LowFatGranola,-0.16243274687192102
CracklinOatBran,Trix,-0.23180700845212152
CracklinOatBran,Triples,-0.13518449299558785
CracklinOatBran,Crispix,-0.19030263391653565
CracklinOatBran,Kix,-0.20532543548333532
CracklinOatBran,LuckyCharms,-0.1930170987513643
CracklinOatBran,AppleCinn.Cheerios,-0.1658310081918592
CracklinOatBran,CracklinOatBran,16.349915857210775
CracklinOatBran,BigBiscuitShdWt,-0.1430844145091635
CracklinOatBran,HoneyBunchesofOats,-0.1402559835934833
CracklinOatBran,GreatGraines,-0.13370293394451724
CracklinOatBran,OtmlRaisinCrisp,-0.13617392578843565
CracklinOatBran,OatSquares,-0.11832787358235809
CracklinOatBran,RiceChex,-0.15675516393495123
CracklinOatBran,TotalRaisinBran,-0.13831337994260404
CracklinOatBran,Product19,-0.15583307473533387
CracklinOatBran,AppleJacks,-0.15839213127809215
CracklinOatBran,CaptCrunch,-0.10964055005562601
CracklinOatBran,ShreddedWheat,-0.11686703563689689
CracklinOatBran,FruityPebbles,-0.1380181041876704
CracklinOatBran,Clusters,-0.12687532964622691
CracklinOatBran,CinnamonMiniBuns,-0.10826777680900466
CracklinOatBran,DoubleDipCrunch,-0.11382621338872052
CracklinOatBran,MultiGrainCheerios,-0.12976592387873523
CracklinOatBran,Honeycomb,-0.13033575428299315
CracklinOatBran,Popeye,-0.06143289785540604
BigBiscuitShdWt,CornFlakes,-0.5316362263434317
BigBiscuitShdWt,Cheerios,-0.7169916962957281
BigBiscuitShdWt,RiceKrispies,-0.619478173297991
BigBiscuitShdWt,FrostedFlakes,-0.49867412759531216
BigBiscuitShdWt,RaisinBran,-0.33092641713458537
BigBiscuitShdWt,Total,-0.4413388283741608
BigBiscuitShdWt,HoneyNutCheerios,-0.3676131346159907
BigBiscuitShdWt,SpecialK,-0.389391016611448
BigBiscuitShdWt,GrapeNuts,-0.2350187798215753
BigBiscuitShdWt,SpoonSizeShdWt,-0.3027767951642442
BigBiscuitShdWt,100%Natural,-0.22743485516854262
BigBiscuitShdWt,FrostedMiniWheats,-0.24973076480423428
BigBiscuitShdWt,NutriGrain,-0.2304445957583049
BigBiscuitShdWt,Mueslix,-0.2623447378439437
BigBiscuitShdWt,Wheaties,-0.20078751335488135
BigBiscuitShdWt,RaisinBran,-0.16865943910753942
BigBiscuitShdWt,Muesli,-0.2180067521162752
BigBiscuitShdWt,CornPops,-0.26546844451455753
BigBiscuitShdWt,RaisinNutBran,-0.2084025196663281
BigBiscuitShdWt,Basic4,-0.2219075002472408
BigBiscuitShdWt,CocoaPus,-0.229424081307043
BigBiscuitShdWt,GoldenGrahams,-0.20812278474060147
BigBiscuitShdWt,Cinn.ToastCrunch,-0.2140904631561026
BigBiscuitShdWt,FrootLoops,-0.21943650840332232
BigBiscuitShdWt,LowFatGranola,-0.16243274687192102
BigBiscuitShdWt,Trix,-0.23180700845212152
BigBiscuitShdWt,Triples,-0.13518449299558785
BigBiscuitShdWt,Crispix,-0.19030263391653565
BigBiscuitShdWt,Kix,-0.20532543548333532
BigBiscuitShdWt,LuckyCharms,-0.1930170987513643
BigBiscuitShdWt,AppleCinn.Cheerios,-0.1658310081918592
BigBiscuitShdWt,CracklinOatBran,-0.1751658662688844
BigBiscuitShdWt,BigBiscuitShdWt,14.309886748032607
BigBiscuitShdWt,HoneyBunchesofOats,-0.1402559835934833
BigBiscuitShdWt,GreatGraines,-0.13370293394451724
BigBiscuitShdWt,OtmlRaisinCrisp,-0.13617392578843565
BigBiscuitShdWt,OatSquares,-0.11832787358235809
BigBiscuitShdWt,RiceChex,-0.15675516393495123
BigBiscuitShdWt,TotalRaisinBran,-0.13831337994260404
BigBiscuitShdWt,Product19,-0.15583307473533387
BigBiscuitShdWt,AppleJacks,-0.15839213127809215
BigBiscuitShdWt,CaptCrunch,-0.10964055005562601
BigBiscuitShdWt,ShreddedWheat,-0.11686703563689689
BigBiscuitShdWt,FruityPebbles,-0.1380181041876704
BigBiscuitShdWt,Clusters,-0.12687532964622691
BigBiscuitShdWt,CinnamonMiniBuns,-0.10826777680900466
BigBiscuitShdWt,DoubleDipCrunch,-0.11382621338872052
BigBiscuitShdWt,MultiGrainCheerios,-0.12976592387873523
BigBiscuitShdWt,Honeycomb,-0.13033575428299315
BigBiscuitShdWt,Popeye,-0.06143289785540604
HoneyBunchesofOats,CornFlakes,-0.5316362263434317
HoneyBunchesofOats,Cheerios,-0.7169916962957281
HoneyBunchesofOats,RiceKrispies,-0.619478173297991
HoneyBunchesofOats,FrostedFlakes,-0.49867412759531216
HoneyBunchesofOats,RaisinBran,-0.33092641713458537
HoneyBunchesofOats,Total,-0.4413388283741608
HoneyBunchesofOats,HoneyNutCheerios,-0.3676131346159907
HoneyBunchesofOats,SpecialK,-0.389391016611448
HoneyBunchesofOats,GrapeNuts,-0.2350187798215753
HoneyBunchesofOats,SpoonSizeShdWt,-0.3027767951642442
HoneyBunchesofOats,100%Natural,-0.22743485516854262
HoneyBunchesofOats,FrostedMiniWheats,-0.24973076480423428
HoneyBunchesofOats,NutriGrain,-0.2304445957583049
HoneyBunchesofOats,Mueslix,-0.2623447378439437
HoneyBunchesofOats,Wheaties,-0.20078751335488135
HoneyBunchesofOats,RaisinBran,-0.16865943910753942
HoneyBunchesofOats,Muesli,-0.2180067521162752
HoneyBunchesofOats,CornPops,-0.26546844451455753
HoneyBunchesofOats,RaisinNutBran,-0.2084025196663281
HoneyBunchesofOats,Basic4,-0.2219075002472408
HoneyBunchesofOats,CocoaPus,-0.229424081307043
HoneyBunchesofOats,GoldenGrahams,-0.20812278474060147
HoneyBunchesofOats,Cinn.ToastCrunch,-0.2140904631561026
HoneyBunchesofOats,FrootLoops,-0.21943650840332232
HoneyBunchesofOats,LowFatGranola,-0.16243274687192102
HoneyBunchesofOats,Trix,-0.23180700845212152
HoneyBunchesofOats,Triples,-0.13518449299558785
HoneyBunchesofOats,Crispix,-0.19030263391653565
HoneyBunchesofOats,Kix,-0.20532543548333532
HoneyBunchesofOats,LuckyCharms,-0.1930170987513643
HoneyBunchesofOats,AppleCinn.Cheerios,-0.1658310081918592
HoneyBunchesofOats,CracklinOatBran,-0.1751658662688844
HoneyBunchesofOats,BigBiscuitShdWt,-0.1430844145091635
HoneyBunchesofOats,HoneyBunchesofOats,14.623531763088971
HoneyBunchesofOats,GreatGraines,-0.13370293394451724
HoneyBunchesofOats,OtmlRaisinCrisp,-0.13617392578843565
HoneyBunchesofOats,OatSquares,-0.11832787358235809
HoneyBunchesofOats,RiceChex,-0.15675516393495123
HoneyBunchesofOats,TotalRaisinBran,-0.13831337994260404
HoneyBunchesofOats,Product19,-0.15583307473533387
HoneyBunchesofOats,AppleJacks,-0.15839213127809215
HoneyBunchesofOats,CaptCrunch,-0.10964055005562601
HoneyBunchesofOats,ShreddedWheat,-0.11686703563689689
HoneyBunchesofOats,FruityPebbles,-0.1380181041876704
HoneyBunchesofOats,Clusters,-0.12687532964622691
HoneyBunchesofOats,CinnamonMiniBuns,-0.10826777680900466
HoneyBunchesofOats,DoubleDipCrunch,-0.11382621338872052
HoneyBunchesofOats,MultiGrainCheerios,-0.12976592387873523
HoneyBunchesofOats,Honeycomb,-0.13033575428299315
HoneyBunchesofOats,Popeye,-0.06143289785540604
GreatGraines,CornFlakes,-0.5316362263434317
GreatGraines,Cheerios,-0.7169916962957281
GreatGraines,RiceKrispies,-0.619478173297991
GreatGraines,FrostedFlakes,-0.49867412759531216
GreatGraines,RaisinBran,-0.33092641713458537
GreatGraines,Total,-0.4413388283741608
GreatGraines,HoneyNutCheerios,-0.3676131346159907
GreatGraines,SpecialK,-0.389391016611448
GreatGraines,GrapeNuts,-0.2350187798215753
GreatGraines,SpoonSizeShdWt,-0.3027767951642442
GreatGraines,100%Natural,-0.22743485516854262
GreatGraines,FrostedMiniWheats,-0.24973076480423428
GreatGraines,NutriGrain,-0.2304445957583049
GreatGraines,Mueslix,-0.2623447378439437
GreatGraines,Wheaties,-0.20078751335488135
GreatGraines,RaisinBran,-0.16865943910753942
GreatGraines,Muesli,-0.2180067521162752
GreatGraines,CornPops,-0.26546844451455753
GreatGraines,RaisinNutBran,-0.2084025196663281
GreatGraines,Basic4,-0.2219075002472408
GreatGraines,CocoaPus,-0.229424081307043
GreatGraines,GoldenGrahams,-0.20812278474060147
GreatGraines,Cinn.ToastCrunch,-0.2140904631561026
GreatGraines,FrootLoops,-0.21943650840332232
GreatGraines,LowFatGranola,-0.16243274687192102
GreatGraines,Trix,-0.23180700845212152
GreatGraines,Triples,-0.13518449299558785
GreatGraines,Crispix,-0.19030263391653565
GreatGraines,Kix,-0.20532543548333532
GreatGraines,LuckyCharms,-0.1930170987513643
GreatGraines,AppleCinn.Cheerios,-0.1658310081918592
GreatGraines,CracklinOatBran,-0.1751658662688844
GreatGraines,BigBiscuitShdWt,-0.1430844145091635
GreatGraines,HoneyBunchesofOats,-0.1402559835934833
GreatGraines,GreatGraines,14.889098632855172
GreatGraines,OtmlRaisinCrisp,-0.13617392578843565
GreatGraines,OatSquares,-0.11832787358235809
GreatGraines,RiceChex,-0.15675516393495123
GreatGraines,TotalRaisinBran,-0.13831337994260404
GreatGraines,Product19,-0.15583307473533387
GreatGraines,AppleJacks,-0.15839213127809215
GreatGraines,CaptCrunch,-0.10964055005562601
GreatGraines,ShreddedWheat,-0.11686703563689689
GreatGraines,FruityPebbles,-0.1380181041876704
GreatGraines,Clusters,-0.12687532964622691
GreatGraines,CinnamonMiniBuns,-0.10826777680900466
GreatGraines,DoubleDipCrunch,-0.11382621338872052
GreatGraines,MultiGrainCheerios,-0.12976592387873523
GreatGraines,Honeycomb,-0.13033575428299315
GreatGraines,Popeye,-0.06143289785540604
OtmlRaisinCrisp,CornFlakes,-0.5316362263434317
OtmlRaisinCrisp,Cheerios,-0.7169916962957281
OtmlRaisinCrisp,RiceKrispies,-0.619478173297991
OtmlRaisinCrisp,FrostedFlakes,-0.49867412759531216
OtmlRaisinCrisp,RaisinBran,-0.33092641713458537
OtmlRaisinCrisp,Total,-0.4413388283741608
OtmlRaisinCrisp,HoneyNutCheerios,-0.3676131346159907
OtmlRaisinCrisp,SpecialK,-0.389391016611448
OtmlRaisinCrisp,GrapeNuts,-0.2350187798215753
OtmlRaisinCrisp,SpoonSizeShdWt,-0.3027767951642442
OtmlRaisinCrisp,100%Natural,-0.22743485516854262
OtmlRaisinCrisp,FrostedMiniWheats,-0.24973076480423428
OtmlRaisinCrisp,NutriGrain,-0.2304445957583049
OtmlRaisinCrisp,Mueslix,-0.2623447378439437
OtmlRaisinCrisp,Wheaties,-0.20078751335488135
OtmlRaisinCrisp,RaisinBran,-0.16865943910753942
OtmlRaisinCrisp,Muesli,-0.2180067521162752
OtmlRaisinCrisp,CornPops,-0.26546844451455753
OtmlRaisinCrisp,RaisinNutBran,-0.2084025196663281
OtmlRaisinCrisp,Basic4,-0.2219075002472408
OtmlRaisinCrisp,CocoaPus,-0.229424081307043
OtmlRaisinCrisp,GoldenGrahams,-0.20812278474060147
OtmlRaisinCrisp,Cinn.ToastCrunch,-0.2140904631561026
OtmlRaisinCrisp,FrootLoops,-0.21943650840332232
OtmlRaisinCrisp,LowFatGranola,-0.16243274687192102
OtmlRaisinCrisp,Trix,-0.23180700845212152
OtmlRaisinCrisp,Triples,-0.13518449299558785
OtmlRaisinCrisp,Crispix,-0.19030263391653565
OtmlRaisinCrisp,Kix,-0.20532543548333532
OtmlRaisinCrisp,LuckyCharms,-0.1930170987513643
OtmlRaisinCrisp,AppleCinn.Cheerios,-0.1658310081918592
OtmlRaisinCrisp,CracklinOatBran,-0.1751658662688844
OtmlRaisinCrisp,BigBiscuitShdWt,-0.1430844145091635
OtmlRaisinCrisp,HoneyBunchesofOats,-0.1402559835934833
OtmlRaisinCrisp,GreatGraines,-0.13370293394451724
OtmlRaisinCrisp,OtmlRaisinCrisp,13.902375124565756
OtmlRaisinCrisp,OatSquares,-0.11832787358235809
OtmlRaisinCrisp,RiceChex,-0.15675516393495123
OtmlRaisinCrisp,TotalRaisinBran,-0.13831337994260404
OtmlRaisinCrisp,Product19,-0.15583307473533387
OtmlRaisinCrisp,AppleJacks,-0.15839213127809215
OtmlRaisinCrisp,CaptCrunch,-0.10964055005562601
OtmlRaisinCrisp,ShreddedWheat,-0.11686703563689689
OtmlRaisinCrisp,FruityPebbles,-0.1380181041876704
OtmlRaisinCrisp,Clusters,-0.12687532964622691
OtmlRaisinCrisp,CinnamonMiniBuns,-0.10826777680900466
OtmlRaisinCrisp,DoubleDipCrunch,-0.11382621338872052
OtmlRaisinCrisp,MultiGrainCheerios,-0.12976592387873523
OtmlRaisinCrisp,Honeycomb,-0.13033575428299315
OtmlRaisinCrisp,Popeye,-0.06143289785540604
OatSquares,CornFlakes,-0.5316362263434317
OatSquares,Cheerios,-0.7169916962957281
OatSquares,RiceKrispies,-0.619478173297991
OatSquares,FrostedFlakes,-0.49867412759531216
OatSquares,RaisinBran,-0.33092641713458537
OatSquares,Total,-0.4413388283741608
OatSquares,HoneyNutCheerios,-0.3676131346159907
OatSquares,SpecialK,-0.389391016611448
OatSquares,GrapeNuts,-0.2350187798215753
OatSquares,SpoonSizeShdWt,-0.3027767951642442
OatSquares,100%Natural,-0.22743485516854262
OatSquares,FrostedMiniWheats,-0.24973076480423428
OatSquares,NutriGrain,-0.2304445957583049
OatSquares,Mueslix,-0.2623447378439437
OatSquares,Wheaties,-0.20078751335488135
OatSquares,RaisinBran,-0.16865943910753942
OatSquares,Muesli,-0.2180067521162752
OatSquares,CornPops,-0.26546844451455753
OatSquares,RaisinNutBran,-0.2084025196663281
OatSquares,Basic4,-0.2219075002472408
OatSquares,CocoaPus,-0.229424081307043
OatSquares,GoldenGrahams,-0.20812278474060147
OatSquares,Cinn.ToastCrunch,-0.2140904631561026
OatSquares,FrootLoops,-0.21943650840332232
OatSquares,LowFatGranola,-0.16243274687192102
OatSquares,Trix,-0.23180700845212152
OatSquares,Triples,-0.13518449299558785
OatSquares,Crispix,-0.19030263391653565
OatSquares,Kix,-0.20532543548333532
OatSquares,LuckyCharms,-0.1930170987513643
OatSquares,AppleCinn.Cheerios,-0.1658310081918592
OatSquares,CracklinOatBran,-0.1751658662688844
OatSquares,BigBiscuitShdWt,-0.1430844145091635
OatSquares,HoneyBunchesofOats,-0.1402559835934833
OatSquares,GreatGraines,-0.13370293394451724
OatSquares,OtmlRaisinCrisp,-0.13617392578843565
OatSquares,OatSquares,12.469743784115314
OatSquares,RiceChex,-0.15675516393495123
OatSquares,TotalRaisinBran,-0.13831337994260404
OatSquares,Product19,-0.15583307473533387
OatSquares,AppleJacks,-0.15839213127809215
OatSquares,CaptCrunch,-0.10964055005562601
OatSquares,ShreddedWheat,-0.11686703563689689
OatSquares,FruityPebbles,-0.1380181041876704
OatSquares,Clusters,-0.12687532964622691
OatSquares,CinnamonMiniBuns,-0.10826777680900466
OatSquares,DoubleDipCrunch,-0.11382621338872052
OatSquares,MultiGrainCheerios,-0.12976592387873523
OatSquares,Honeycomb,-0.13033575428299315
OatSquares,Popeye,-0.06143289785540604
RiceChex,CornFlakes,-0.5316362263434317
RiceChex,Cheerios,-0.7169916962957281
RiceChex,RiceKrispies,-0.619478173297991
RiceChex,FrostedFlakes,-0.49867412759531216
RiceChex,RaisinBran,-0.33092641713458537
RiceChex,Total,-0.4413388283741608
RiceChex,HoneyNutCheerios,-0.3676131346159907
RiceChex,SpecialK,-0.389391016611448
RiceChex,GrapeNuts,-0.2350187798215753
RiceChex,SpoonSizeShdWt,-0.3027767951642442
RiceChex,100%Natural,-0.22743485516854262
RiceChex,FrostedMiniWheats,-0.24973076480423428
RiceChex,NutriGrain,-0.2304445957583049
RiceChex,Mueslix,-0.2623447378439437
RiceChex,Wheaties,-0.20078751335488135
RiceChex,RaisinBran,-0.16865943910753942
RiceChex,Muesli,-0.2180067521162752
RiceChex,CornPops,-0.26546844451455753
RiceChex,RaisinNutBran,-0.2084025196663281
RiceChex,Basic4,-0.2219075002472408
RiceChex,CocoaPus,-0.229424081307043
RiceChex,GoldenGrahams,-0.20812278474060147
RiceChex,Cinn.ToastCrunch,-0.2140904631561026
RiceChex,FrootLoops,-0.21943650840332232
RiceChex,LowFatGranola,-0.16243274687192102
RiceChex,Trix,-0.23180700845212152
RiceChex,Triples,-0.13518449299558785
RiceChex,Crispix,-0.19030263391653565
RiceChex,Kix,-0.20532543548333532
RiceChex,LuckyCharms,-0.1930170987513643
RiceChex,AppleCinn.Cheerios,-0.1658310081918592
RiceChex,CracklinOatBran,-0.1751658662688844
RiceChex,BigBiscuitShdWt,-0.1430844145091635
RiceChex,HoneyBunchesofOats,-0.1402559835934833
RiceChex,GreatGraines,-0.13370293394451724
RiceChex,OtmlRaisinCrisp,-0.13617392578843565
RiceChex,OatSquares,-0.11832787358235809
RiceChex,RiceChex,17.456184604037094
RiceChex,TotalRaisinBran,-0.13831337994260404
RiceChex,Product19,-0.15583307473533387
RiceChex,AppleJacks,-0.15839213127809215
RiceChex,CaptCrunch,-0.10964055005562601
RiceChex,ShreddedWheat,-0.11686703563689689
RiceChex,FruityPebbles,-0.1380181041876704
RiceChex,Clusters,-0.12687532964622691
RiceChex,CinnamonMiniBuns,-0.10826777680900466
RiceChex,DoubleDipCrunch,-0.11382621338872052
RiceChex,MultiGrainCheerios,-0.12976592387873523
RiceChex,Honeycomb,-0.13033575428299315
RiceChex,Popeye,-0.06143289785540604
TotalRaisinBran,CornFlakes,-0.5316362263434317
TotalRaisinBran,Cheerios,-0.7169916962957281
TotalRaisinBran,RiceKrispies,-0.619478173297991
TotalRaisinBran,FrostedFlakes,-0.49867412759531216
TotalRaisinBran,RaisinBran,-0.33092641713458537
TotalRaisinBran,Total,-0.4413388283741608
TotalRaisinBran,HoneyNutCheerios,-0.3676131346159907
TotalRaisinBran,SpecialK,-0.389391016611448
TotalRaisinBran,GrapeNuts,-0.2350187798215753
TotalRaisinBran,SpoonSizeShdWt,-0.3027767951642442
TotalRaisinBran,100%Natural,-0.22743485516854262
TotalRaisinBran,FrostedMiniWheats,-0.24973076480423428
TotalRaisinBran,NutriGrain,-0.2304445957583049
TotalRaisinBran,Mueslix,-0.2623447378439437
TotalRaisinBran,Wheaties,-0.20078751335488135
TotalRaisinBran,RaisinBran,-0.16865943910753942
TotalRaisinBran,Muesli,-0.2180067521162752
TotalRaisinBran,CornPops,-0.26546844451455753
TotalRaisinBran,RaisinNutBran,-0.2084025196663281
TotalRaisinBran,Basic4,-0.2219075002472408
TotalRaisinBran,CocoaPus,-0.229424081307043
TotalRaisinBran,GoldenGrahams,-0.20812278474060147
TotalRaisinBran,Cinn.ToastCrunch,-0.2140904631561026
TotalRaisinBran,FrootLoops,-0.21943650840332232
TotalRaisinBran,LowFatGranola,-0.16243274687192102
TotalRaisinBran,Trix,-0.23180700845212152
TotalRaisinBran,Triples,-0.13518449299558785
TotalRaisinBran,Crispix,-0.19030263391653565
TotalRaisinBran,Kix,-0.20532543548333532
TotalRaisinBran,LuckyCharms,-0.1930170987513643
TotalRaisinBran,AppleCinn.Cheerios,-0.1658310081918592
TotalRaisinBran,CracklinOatBran,-0.1751658662688844
TotalRaisinBran,BigBiscuitShdWt,-0.1430844145091635
TotalRaisinBran,HoneyBunchesofOats,-0.1402559835934833
TotalRaisinBran,GreatGraines,-0.13370293394451724
TotalRaisinBran,OtmlRaisinCrisp,-0.13617392578843565
TotalRaisinBran,OatSquares,-0.11832787358235809
TotalRaisinBran,RiceChex,-0.15675516393495123
TotalRaisinBran,TotalRaisinBran,15.402515827091557
TotalRaisinBran,Product19,-0.15583307473533387
TotalRaisinBran,AppleJacks,-0.15839213127809215
TotalRaisinBran,CaptCrunch,-0.10964055005562601
TotalRaisinBran,ShreddedWheat,-0.11686703563689689
TotalRaisinBran,FruityPebbles,-0.1380181041876704
TotalRaisinBran,Clusters,-0.12687532964622691
TotalRaisinBran,CinnamonMiniBuns,-0.10826777680900466
TotalRaisinBran,DoubleDipCrunch,-0.11382621338872052
TotalRaisinBran,MultiGrainCheerios,-0.12976592387873523
TotalRaisinBran,Honeycomb,-0.13033575428299315
TotalRaisinBran,Popeye,-0.06143289785540604
Product19,CornFlakes,-0.5316362263434317
Product19,Cheerios,-0.7169916962957281
Product19,RiceKrispies,-0.619478173297991
Product19,FrostedFlakes,-0.49867412759531216
Product19,RaisinBran,-0.33092641713458537
Product19,Total,-0.4413388283741608
Product19,HoneyNutCheerios,-0.3676131346159907
Product19,SpecialK,-0.389391016611448
Product19,GrapeNuts,-0.2350187798215753
Product19,SpoonSizeShdWt,-0.3027767951642442
Product19,100%Natural,-0.22743485516854262
Product19,FrostedMiniWheats,-0.24973076480423428
Product19,NutriGrain,-0.2304445957583049
Product19,Mueslix,-0.2623447378439437
Product19,Wheaties,-0.20078751335488135
Product19,RaisinBran,-0.16865943910753942
Product19,Muesli,-0.2180067521162752
Product19,CornPops,-0.26546844451455753
Product19,RaisinNutBran,-0.2084025196663281
Product19,Basic4,-0.2219075002472408
Product19,CocoaPus,-0.229424081307043
Product19,GoldenGrahams,-0.20812278474060147
Product19,Cinn.ToastCrunch,-0.2140904631561026
Product19,FrootLoops,-0.21943650840332232
Product19,LowFatGranola,-0.16243274687192102
Product19,Trix,-0.23180700845212152
Product19,Triples,-0.13518449299558785
Product19,Crispix,-0.19030263391653565
Product19,Kix,-0.20532543548333532
Product19,LuckyCharms,-0.1930170987513643
Product19,AppleCinn.Cheerios,-0.1658310081918592
Product19,CracklinOatBran,-0.1751658662688844
Product19,BigBiscuitShdWt,-0.1430844145091635
Product19,HoneyBunchesofOats,-0.1402559835934833
Product19,GreatGraines,-0.13370293394451724
Product19,OtmlRaisinCrisp,-0.13617392578843565
Product19,OatSquares,-0.11832787358235809
Product19,RiceChex,-0.15675516393495123
Product19,TotalRaisinBran,-0.13831337994260404
Product19,Product19,17.35350116518982
Product19,AppleJacks,-0.15839213127809215
Product19,CaptCrunch,-0.10964055005562601
Product19,ShreddedWheat,-0.11686703563689689
Product19,FruityPebbles,-0.1380181041876704
Product19,Clusters,-0.12687532964622691
Product19,CinnamonMiniBuns,-0.10826777680900466
Product19,DoubleDipCrunch,-0.11382621338872052
Product19,MultiGrainCheerios,-0.12976592387873523
Product19,Honeycomb,-0.13033575428299315
Product19,Popeye,-0.06143289785540604
AppleJacks,CornFlakes,-0.5316362263434317
AppleJacks,Cheerios,-0.7169916962957281
AppleJacks,RiceKrispies,-0.619478173297991
AppleJacks,FrostedFlakes,-0.49867412759531216
AppleJacks,RaisinBran,-0.33092641713458537
AppleJacks,Total,-0.4413388283741608
AppleJacks,HoneyNutCheerios,-0.3676131346159907
AppleJacks,SpecialK,-0.389391016611448
AppleJacks,GrapeNuts,-0.2350187798215753
AppleJacks,SpoonSizeShdWt,-0.3027767951642442
AppleJacks,100%Natural,-0.22743485516854262
AppleJacks,FrostedMiniWheats,-0.24973076480423428
AppleJacks,NutriGrain,-0.2304445957583049
AppleJacks,Mueslix,-0.2623447378439437
AppleJacks,Wheaties,-0.20078751335488135
AppleJacks,RaisinBran,-0.16865943910753942
AppleJacks,Muesli,-0.2180067521162752
AppleJacks,CornPops,-0.26546844451455753
AppleJacks,RaisinNutBran,-0.2084025196663281
AppleJacks,Basic4,-0.2219075002472408
AppleJacks,CocoaPus,-0.229424081307043
AppleJacks,GoldenGrahams,-0.20812278474060147
AppleJacks,Cinn.ToastCrunch,-0.2140904631561026
AppleJacks,FrootLoops,-0.21943650840332232
AppleJacks,LowFatGranola,-0.16243274687192102
AppleJacks,Trix,-0.23180700845212152
AppleJacks,Triples,-0.13518449299558785
AppleJacks,Crispix,-0.19030263391653565
AppleJacks,Kix,-0.20532543548333532
AppleJacks,LuckyCharms,-0.1930170987513643
AppleJacks,AppleCinn.Cheerios,-0.1658310081918592
AppleJacks,CracklinOatBran,-0.1751658662688844
AppleJacks,BigBiscuitShdWt,-0.1430844145091635
AppleJacks,HoneyBunchesofOats,-0.1402559835934833
AppleJacks,GreatGraines,-0.13370293394451724
AppleJacks,OtmlRaisinCrisp,-0.13617392578843565
AppleJacks,OatSquares,-0.11832787358235809
AppleJacks,RiceChex,-0.15675516393495123
AppleJacks,TotalRaisinBran,-0.13831337994260404
AppleJacks,Product19,-0.15583307473533387
AppleJacks,AppleJacks,18.69781397325669
AppleJacks,CaptCrunch,-0.10964055005562601
AppleJacks,ShreddedWheat,-0.11686703563689689
AppleJacks,FruityPebbles,-0.1380181041876704
AppleJacks,Clusters,-0.12687532964622691
AppleJacks,CinnamonMiniBuns,-0.10826777680900466
AppleJacks,DoubleDipCrunch,-0.11382621338872052
AppleJacks,MultiGrainCheerios,-0.12976592387873523
AppleJacks,Honeycomb,-0.13033575428299315
AppleJacks,Popeye,-0.06143289785540604
CaptCrunch,CornFlakes,-0.5316362263434317
CaptCrunch,Cheerios,-0.7169916962957281
CaptCrunch,RiceKrispies,-0.619478173297991
CaptCrunch,FrostedFlakes,-0.49867412759531216
CaptCrunch,RaisinBran,-0.33092641713458537
CaptCrunch,Total,-0.4413388283741608
CaptCrunch,HoneyNutCheerios,-0.3676131346159907
CaptCrunch,SpecialK,-0.389391016611448
CaptCrunch,GrapeNuts,-0.2350187798215753
CaptCrunch,SpoonSizeShdWt,-0.3027767951642442
CaptCrunch,100%Natural,-0.22743485516854262
CaptCrunch,FrostedMiniWheats,-0.24973076480423428
CaptCrunch,NutriGrain,-0.2304445957583049
CaptCrunch,Mueslix,-0.2623447378439437
CaptCrunch,Wheaties,-0.20078751335488135
CaptCrunch,RaisinBran,-0.16865943910753942
CaptCrunch,Muesli,-0.2180067521162752
CaptCrunch,CornPops,-0.26546844451455753
CaptCrunch,RaisinNutBran,-0.2084025196663281
CaptCrunch,Basic4,-0.2219075002472408
CaptCrunch,CocoaPus,-0.229424081307043
CaptCrunch,GoldenGrahams,-0.20812278474060147
CaptCrunch,Cinn.ToastCrunch,-0.2140904631561026
CaptCrunch,FrootLoops,-0.21943650840332232
CaptCrunch,LowFatGranola,-0.16243274687192102
CaptCrunch,Trix,-0.23180700845212152
CaptCrunch,Triples,-0.13518449299558785
CaptCrunch,Crispix,-0.19030263391653565
CaptCrunch,Kix,-0.20532543548333532
CaptCrunch,LuckyCharms,-0.1930170987513643
CaptCrunch,AppleCinn.Cheerios,-0.1658310081918592
CaptCrunch,CracklinOatBran,-0.1751658662688844
CaptCrunch,BigBiscuitShdWt,-0.1430844145091635
CaptCrunch,HoneyBunchesofOats,-0.1402559835934833
CaptCrunch,GreatGraines,-0.13370293394451724
CaptCrunch,OtmlRaisinCrisp,-0.13617392578843565
CaptCrunch,OatSquares,-0.11832787358235809
CaptCrunch,RiceChex,-0.15675516393495123
CaptCrunch,TotalRaisinBran,-0.13831337994260404
CaptCrunch,Product19,-0.15583307473533387
CaptCrunch,AppleJacks,-0.15839213127809215
CaptCrunch,CaptCrunch,13.100064275923412
CaptCrunch,ShreddedWheat,-0.11686703563689689
CaptCrunch,FruityPebbles,-0.1380181041876704
CaptCrunch,Clusters,-0.12687532964622691
CaptCrunch,CinnamonMiniBuns,-0.10826777680900466
CaptCrunch,DoubleDipCrunch,-0.11382621338872052
CaptCrunch,MultiGrainCheerios,-0.12976592387873523
CaptCrunch,Honeycomb,-0.13033575428299315
CaptCrunch,Popeye,-0.06143289785540604
ShreddedWheat,CornFlakes,-0.5316362263434317
ShreddedWheat,Cheerios,-0.7169916962957281
ShreddedWheat,RiceKrispies,-0.619478173297991
ShreddedWheat,FrostedFlakes,-0.49867412759531216
ShreddedWheat,RaisinBran,-0.33092641713458537
ShreddedWheat,Total,-0.4413388283741608
ShreddedWheat,HoneyNutCheerios,-0.3676131346159907
ShreddedWheat,SpecialK,-0.389391016611448
ShreddedWheat,GrapeNuts,-0.2350187798215753
ShreddedWheat,SpoonSizeShdWt,-0.3027767951642442
ShreddedWheat,100%Natural,-0.22743485516854262
ShreddedWheat,FrostedMiniWheats,-0.24973076480423428
ShreddedWheat,NutriGrain,-0.2304445957583049
ShreddedWheat,Mueslix,-0.2623447378439437
ShreddedWheat,Wheaties,-0.20078751335488135
ShreddedWheat,RaisinBran,-0.16865943910753942
ShreddedWheat,Muesli,-0.2180067521162752
ShreddedWheat,CornPops,-0.26546844451455753
ShreddedWheat,RaisinNutBran,-0.2084025196663281
ShreddedWheat,Basic4,-0.2219075002472408
ShreddedWheat,CocoaPus,-0.229424081307043
ShreddedWheat,GoldenGrahams,-0.20812278474060147
ShreddedWheat,Cinn.ToastCrunch,-0.2140904631561026
ShreddedWheat,FrootLoops,-0.21943650840332232
ShreddedWheat,LowFatGranola,-0.16243274687192102
ShreddedWheat,Trix,-0.23180700845212152
ShreddedWheat,Triples,-0.13518449299558785
ShreddedWheat,Crispix,-0.19030263391653565
ShreddedWheat,Kix,-0.20532543548333532
ShreddedWheat,LuckyCharms,-0.1930170987513643
ShreddedWheat,AppleCinn.Cheerios,-0.1658310081918592
ShreddedWheat,CracklinOatBran,-0.1751658662688844
ShreddedWheat,BigBiscuitShdWt,-0.1430844145091635
ShreddedWheat,HoneyBunchesofOats,-0.1402559835934833
ShreddedWheat,GreatGraines,-0.13370293394451724
ShreddedWheat,OtmlRaisinCrisp,-0.13617392578843565
ShreddedWheat,OatSquares,-0.11832787358235809
ShreddedWheat,RiceChex,-0.15675516393495123
ShreddedWheat,TotalRaisinBran,-0.13831337994260404
ShreddedWheat,Product19,-0.15583307473533387
ShreddedWheat,AppleJacks,-0.15839213127809215
ShreddedWheat,CaptCrunch,-0.10964055005562601
ShreddedWheat,ShreddedWheat,14.491512418975214
ShreddedWheat,FruityPebbles,-0.1380181041876704
ShreddedWheat,Clusters,-0.12687532964622691
ShreddedWheat,CinnamonMiniBuns,-0.10826777680900466
ShreddedWheat,DoubleDipCrunch,-0.11382621338872052
ShreddedWheat,MultiGrainCheerios,-0.12976592387873523
ShreddedWheat,Honeycomb,-0.13033575428299315
ShreddedWheat,Popeye,-0.06143289785540604
FruityPebbles,CornFlakes,-0.5316362263434317
FruityPebbles,Cheerios,-0.7169916962957281
FruityPebbles,RiceKrispies,-0.619478173297991
FruityPebbles,FrostedFlakes,-0.49867412759531216
FruityPebbles,RaisinBran,-0.33092641713458537
FruityPebbles,Total,-0.4413388283741608
FruityPebbles,HoneyNutCheerios,-0.3676131346159907
FruityPebbles,SpecialK,-0.389391016611448
FruityPebbles,GrapeNuts,-0.2350187798215753
FruityPebbles,SpoonSizeShdWt,-0.3027767951642442
FruityPebbles,100%Natural,-0.22743485516854262
FruityPebbles,FrostedMiniWheats,-0.24973076480423428
FruityPebbles,NutriGrain,-0.2304445957583049
FruityPebbles,Mueslix,-0.2623447378439437
FruityPebbles,Wheaties,-0.20078751335488135
FruityPebbles,RaisinBran,-0.16865943910753942
FruityPebbles,Muesli,-0.2180067521162752
FruityPebbles,CornPops,-0.26546844451455753
FruityPebbles,RaisinNutBran,-0.2084025196663281
FruityPebbles,Basic4,-0.2219075002472408
FruityPebbles,CocoaPus,-0.229424081307043
FruityPebbles,GoldenGrahams,-0.20812278474060147
FruityPebbles,Cinn.ToastCrunch,-0.2140904631561026
FruityPebbles,FrootLoops,-0.21943650840332232
FruityPebbles,LowFatGranola,-0.16243274687192102
FruityPebbles,Trix,-0.23180700845212152
FruityPebbles,Triples,-0.13518449299558785
FruityPebbles,Crispix,-0.19030263391653565
FruityPebbles,Kix,-0.20532543548333532
FruityPebbles,LuckyCharms,-0.1930170987513643
FruityPebbles,AppleCinn.Cheerios,-0.1658310081918592
FruityPebbles,CracklinOatBran,-0.1751658662688844
FruityPebbles,BigBiscuitShdWt,-0.1430844145091635
FruityPebbles,HoneyBunchesofOats,-0.1402559835934833
FruityPebbles,GreatGraines,-0.13370293394451724
FruityPebbles,OtmlRaisinCrisp,-0.13617392578843565
FruityPebbles,OatSquares,-0.11832787358235809
FruityPebbles,RiceChex,-0.15675516393495123
FruityPebbles,TotalRaisinBran,-0.13831337994260404
FruityPebbles,Product19,-0.15583307473533387
FruityPebbles,AppleJacks,-0.15839213127809215
FruityPebbles,CaptCrunch,-0.10964055005562601
FruityPebbles,ShreddedWheat,-0.11686703563689689
FruityPebbles,FruityPebbles,16.490669147338885
FruityPebbles,Clusters,-0.12687532964622691
FruityPebbles,CinnamonMiniBuns,-0.10826777680900466
FruityPebbles,DoubleDipCrunch,-0.11382621338872052
FruityPebbles,MultiGrainCheerios,-0.12976592387873523
FruityPebbles,Honeycomb,-0.13033575428299315
FruityPebbles,Popeye,-0.06143289785540604
Clusters,CornFlakes,-0.5316362263434317
Clusters,Cheerios,-0.7169916962957281
Clusters,RiceKrispies,-0.619478173297991
Clusters,FrostedFlakes,-0.49867412759531216
Clusters,RaisinBran,-0.33092641713458537
Clusters,Total,-0.4413388283741608
Clusters,HoneyNutCheerios,-0.3676131346159907
Clusters,SpecialK,-0.389391016611448
Clusters,GrapeNuts,-0.2350187798215753
Clusters,SpoonSizeShdWt,-0.3027767951642442
Clusters,100%Natural,-0.22743485516854262
Clusters,FrostedMiniWheats,-0.24973076480423428
Clusters,NutriGrain,-0.2304445957583049
Clusters,Mueslix,-0.2623447378439437
Clusters,Wheaties,-0.20078751335488135
Clusters,RaisinBran,-0.16865943910753942
Clusters,Muesli,-0.2180067521162752
Clusters,CornPops,-0.26546844451455753
Clusters,RaisinNutBran,-0.2084025196663281
Clusters,Basic4,-0.2219075002472408
Clusters,CocoaPus,-0.229424081307043
Clusters,GoldenGrahams,-0.20812278474060147
Clusters,Cinn.ToastCrunch,-0.2140904631561026
Clusters,FrootLoops,-0.21943650840332232
Clusters,LowFatGranola,-0.16243274687192102
Clusters,Trix,-0.23180700845212152
Clusters,Triples,-0.13518449299558785
Clusters,Crispix,-0.19030263391653565
Clusters,Kix,-0.20532543548333532
Clusters,LuckyCharms,-0.1930170987513643
Clusters,AppleCinn.Cheerios,-0.1658310081918592
Clusters,CracklinOatBran,-0.1751658662688844
Clusters,BigBiscuitShdWt,-0.1430844145091635
Clusters,HoneyBunchesofOats,-0.1402559835934833
Clusters,GreatGraines,-0.13370293394451724
Clusters,OtmlRaisinCrisp,-0.13617392578843565
Clusters,OatSquares,-0.11832787358235809
Clusters,RiceChex,-0.15675516393495123
Clusters,TotalRaisinBran,-0.13831337994260404
Clusters,Product19,-0.15583307473533387
Clusters,AppleJacks,-0.15839213127809215
Clusters,CaptCrunch,-0.10964055005562601
Clusters,ShreddedWheat,-0.11686703563689689
Clusters,FruityPebbles,-0.1380181041876704
Clusters,Clusters,16.139192573716194
Clusters,CinnamonMiniBuns,-0.10826777680900466
Clusters,DoubleDipCrunch,-0.11382621338872052
Clusters,MultiGrainCheerios,-0.12976592387873523
Clusters,Honeycomb,-0.13033575428299315
Clusters,Popeye,-0.06143289785540604
CinnamonMiniBuns,CornFlakes,-0.5316362263434317
CinnamonMiniBuns,Cheerios,-0.7169916962957281
CinnamonMiniBuns,RiceKrispies,-0.619478173297991
CinnamonMiniBuns,FrostedFlakes,-0.49867412759531216
CinnamonMiniBuns,RaisinBran,-0.33092641713458537
CinnamonMiniBuns,Total,-0.4413388283741608
CinnamonMiniBuns,HoneyNutCheerios,-0.3676131346159907
CinnamonMiniBuns,SpecialK,-0.389391016611448
CinnamonMiniBuns,GrapeNuts,-0.2350187798215753
CinnamonMiniBuns,SpoonSizeShdWt,-0.3027767951642442
CinnamonMiniBuns,100%Natural,-0.22743485516854262
CinnamonMiniBuns,FrostedMiniWheats,-0.24973076480423428
CinnamonMiniBuns,NutriGrain,-0.2304445957583049
CinnamonMiniBuns,Mueslix,-0.2623447378439437
CinnamonMiniBuns,Wheaties,-0.20078751335488135
CinnamonMiniBuns,RaisinBran,-0.16865943910753942
CinnamonMiniBuns,Muesli,-0.2180067521162752
CinnamonMiniBuns,CornPops,-0.26546844451455753
CinnamonMiniBuns,RaisinNutBran,-0.2084025196663281
CinnamonMiniBuns,Basic4,-0.2219075002472408
CinnamonMiniBuns,CocoaPus,-0.229424081307043
CinnamonMiniBuns,GoldenGrahams,-0.20812278474060147
CinnamonMiniBuns,Cinn.ToastCrunch,-0.2140904631561026
CinnamonMiniBuns,FrootLoops,-0.21943650840332232
CinnamonMiniBuns,LowFatGranola,-0.16243274687192102
CinnamonMiniBuns,Trix,-0.23180700845212152
CinnamonMiniBuns,Triples,-0.13518449299558785
CinnamonMiniBuns,Crispix,-0.19030263391653565
CinnamonMiniBuns,Kix,-0.20532543548333532
CinnamonMiniBuns,LuckyCharms,-0.1930170987513643
CinnamonMiniBuns,AppleCinn.Cheerios,-0.1658310081918592
CinnamonMiniBuns,CracklinOatBran,-0.1751658662688844
CinnamonMiniBuns,BigBiscuitShdWt,-0.1430844145091635
CinnamonMiniBuns,HoneyBunchesofOats,-0.1402559835934833
CinnamonMiniBuns,GreatGraines,-0.13370293394451724
CinnamonMiniBuns,OtmlRaisinCrisp,-0.13617392578843565
CinnamonMiniBuns,OatSquares,-0.11832787358235809
CinnamonMiniBuns,RiceChex,-0.15675516393495123
CinnamonMiniBuns,TotalRaisinBran,-0.13831337994260404
CinnamonMiniBuns,Product19,-0.15583307473533387
CinnamonMiniBuns,AppleJacks,-0.15839213127809215
CinnamonMiniBuns,CaptCrunch,-0.10964055005562601
CinnamonMiniBuns,ShreddedWheat,-0.11686703563689689
CinnamonMiniBuns,FruityPebbles,-0.1380181041876704
CinnamonMiniBuns,Clusters,-0.12687532964622691
CinnamonMiniBuns,CinnamonMiniBuns,14.137492329638976
CinnamonMiniBuns,DoubleDipCrunch,-0.11382621338872052
CinnamonMiniBuns,MultiGrainCheerios,-0.12976592387873523
CinnamonMiniBuns,Honeycomb,-0.13033575428299315
CinnamonMiniBuns,Popeye,-0.06143289785540604
DoubleDipCrunch,CornFlakes,-0.5316362263434317
DoubleDipCrunch,Cheerios,-0.7169916962957281
DoubleDipCrunch,RiceKrispies,-0.619478173297991
DoubleDipCrunch,FrostedFlakes,-0.49867412759531216
DoubleDipCrunch,RaisinBran,-0.33092641713458537
DoubleDipCrunch,Total,-0.4413388283741608
DoubleDipCrunch,HoneyNutCheerios,-0.3676131346159907
DoubleDipCrunch,SpecialK,-0.389391016611448
DoubleDipCrunch,GrapeNuts,-0.2350187798215753
DoubleDipCrunch,SpoonSizeShdWt,-0.3027767951642442
DoubleDipCrunch,100%Natural,-0.22743485516854262
DoubleDipCrunch,FrostedMiniWheats,-0.24973076480423428
DoubleDipCrunch,NutriGrain,-0.2304445957583049
DoubleDipCrunch,Mueslix,-0.2623447378439437
DoubleDipCrunch,Wheaties,-0.20078751335488135
DoubleDipCrunch,RaisinBran,-0.16865943910753942
DoubleDipCrunch,Muesli,-0.2180067521162752
DoubleDipCrunch,CornPops,-0.26546844451455753
DoubleDipCrunch,RaisinNutBran,-0.2084025196663281
DoubleDipCrunch,Basic4,-0.2219075002472408
DoubleDipCrunch,CocoaPus,-0.229424081307043
DoubleDipCrunch,GoldenGrahams,-0.20812278474060147
DoubleDipCrunch,Cinn.ToastCrunch,-0.2140904631561026
DoubleDipCrunch,FrootLoops,-0.21943650840332232
DoubleDipCrunch,LowFatGranola,-0.16243274687192102
DoubleDipCrunch,Trix,-0.23180700845212152
DoubleDipCrunch,Triples,-0.13518449299558785
DoubleDipCrunch,Crispix,-0.19030263391653565
DoubleDipCrunch,Kix,-0.20532543548333532
DoubleDipCrunch,LuckyCharms,-0.1930170987513643
DoubleDipCrunch,AppleCinn.Cheerios,-0.1658310081918592
DoubleDipCrunch,CracklinOatBran,-0.1751658662688844
DoubleDipCrunch,BigBiscuitShdWt,-0.1430844145091635
DoubleDipCrunch,HoneyBunchesofOats,-0.1402559835934833
DoubleDipCrunch,GreatGraines,-0.13370293394451724
DoubleDipCrunch,OtmlRaisinCrisp,-0.13617392578843565
DoubleDipCrunch,OatSquares,-0.11832787358235809
DoubleDipCrunch,RiceChex,-0.15675516393495123
DoubleDipCrunch,TotalRaisinBran,-0.13831337994260404
DoubleDipCrunch,Product19,-0.15583307473533387
DoubleDipCrunch,AppleJacks,-0.15839213127809215
DoubleDipCrunch,CaptCrunch,-0.10964055005562601
DoubleDipCrunch,ShreddedWheat,-0.11686703563689689
DoubleDipCrunch,FruityPebbles,-0.1380181041876704
DoubleDipCrunch,Clusters,-0.12687532964622691
DoubleDipCrunch,CinnamonMiniBuns,-0.10826777680900466
DoubleDipCrunch,DoubleDipCrunch,15.478805757668887
DoubleDipCrunch,MultiGrainCheerios,-0.12976592387873523
DoubleDipCrunch,Honeycomb,-0.13033575428299315
DoubleDipCrunch,Popeye,-0.06143289785540604
MultiGrainCheerios,CornFlakes,-0.5316362263434317
MultiGrainCheerios,Cheerios,-0.7169916962957281
MultiGrainCheerios,RiceKrispies,-0.619478173297991
MultiGrainCheerios,FrostedFlakes,-0.49867412759531216
MultiGrainCheerios,RaisinBran,-0.33092641713458537
MultiGrainCheerios,Total,-0.4413388283741608
MultiGrainCheerios,HoneyNutCheerios,-0.3676131346159907
MultiGrainCheerios,SpecialK,-0.389391016611448
MultiGrainCheerios,GrapeNuts,-0.2350187798215753
MultiGrainCheerios,SpoonSizeShdWt,-0.3027767951642442
MultiGrainCheerios,100%Natural,-0.22743485516854262
MultiGrainCheerios,FrostedMiniWheats,-0.24973076480423428
MultiGrainCheerios,NutriGrain,-0.2304445957583049
MultiGrainCheerios,Mueslix,-0.2623447378439437
MultiGrainCheerios,Wheaties,-0.20078751335488135
MultiGrainCheerios,RaisinBran,-0.16865943910753942
MultiGrainCheerios,Muesli,-0.2180067521162752
MultiGrainCheerios,CornPops,-0.26546844451455753
MultiGrainCheerios,RaisinNutBran,-0.2084025196663281
MultiGrainCheerios,Basic4,-0.2219075002472408
MultiGrainCheerios,CocoaPus,-0.229424081307043
MultiGrainCheerios,GoldenGrahams,-0.20812278474060147
MultiGrainCheerios,Cinn.ToastCrunch,-0.2140904631561026
MultiGrainCheerios,FrootLoops,-0.21943650840332232
MultiGrainCheerios,LowFatGranola,-0.16243274687192102
MultiGrainCheerios,Trix,-0.23180700845212152
MultiGrainCheerios,Triples,-0.13518449299558785
MultiGrainCheerios,Crispix,-0.19030263391653565
MultiGrainCheerios,Kix,-0.20532543548333532
MultiGrainCheerios,LuckyCharms,-0.1930170987513643
MultiGrainCheerios,AppleCinn.Cheerios,-0.1658310081918592
MultiGrainCheerios,CracklinOatBran,-0.1751658662688844
MultiGrainCheerios,BigBiscuitShdWt,-0.1430844145091635
MultiGrainCheerios,HoneyBunchesofOats,-0.1402559835934833
MultiGrainCheerios,GreatGraines,-0.13370293394451724
MultiGrainCheerios,OtmlRaisinCrisp,-0.13617392578843565
MultiGrainCheerios,OatSquares,-0.11832787358235809
MultiGrainCheerios,RiceChex,-0.15675516393495123
MultiGrainCheerios,TotalRaisinBran,-0.13831337994260404
MultiGrainCheerios,Product19,-0.15583307473533387
MultiGrainCheerios,AppleJacks,-0.15839213127809215
MultiGrainCheerios,CaptCrunch,-0.10964055005562601
MultiGrainCheerios,ShreddedWheat,-0.11686703563689689
MultiGrainCheerios,FruityPebbles,-0.1380181041876704
MultiGrainCheerios,Clusters,-0.12687532964622691
MultiGrainCheerios,CinnamonMiniBuns,-0.10826777680900466
MultiGrainCheerios,DoubleDipCrunch,-0.11382621338872052
MultiGrainCheerios,MultiGrainCheerios,17.17235725995263
MultiGrainCheerios,Honeycomb,-0.13033575428299315
MultiGrainCheerios,Popeye,-0.06143289785540604
Honeycomb,CornFlakes,-0.5316362263434317
Honeycomb,Cheerios,-0.7169916962957281
Honeycomb,RiceKrispies,-0.619478173297991
Honeycomb,FrostedFlakes,-0.49867412759531216
Honeycomb,RaisinBran,-0.33092641713458537
Honeycomb,Total,-0.4413388283741608
Honeycomb,HoneyNutCheerios,-0.3676131346159907
Honeycomb,SpecialK,-0.389391016611448
Honeycomb,GrapeNuts,-0.2350187798215753
Honeycomb,SpoonSizeShdWt,-0.3027767951642442
Honeycomb,100%Natural,-0.22743485516854262
Honeycomb,FrostedMiniWheats,-0.24973076480423428
Honeycomb,NutriGrain,-0.2304445957583049
Honeycomb,Mueslix,-0.2623447378439437
Honeycomb,Wheaties,-0.20078751335488135
Honeycomb,RaisinBran,-0.16865943910753942
Honeycomb,Muesli,-0.2180067521162752
Honeycomb,CornPops,-0.26546844451455753
Honeycomb,RaisinNutBran,-0.2084025196663281
Honeycomb,Basic4,-0.2219075002472408
Honeycomb,CocoaPus,-0.229424081307043
Honeycomb,GoldenGrahams,-0.20812278474060147
Honeycomb,Cinn.ToastCrunch,-0.2140904631561026
Honeycomb,FrootLoops,-0.21943650840332232
Honeycomb,LowFatGranola,-0.16243274687192102
Honeycomb,Trix,-0.23180700845212152
Honeycomb,Triples,-0.13518449299558785
Honeycomb,Crispix,-0.19030263391653565
Honeycomb,Kix,-0.20532543548333532
Honeycomb,LuckyCharms,-0.1930170987513643
Honeycomb,AppleCinn.Cheerios,-0.1658310081918592
Honeycomb,CracklinOatBran,-0.1751658662688844
Honeycomb,BigBiscuitShdWt,-0.1430844145091635
Honeycomb,HoneyBunchesofOats,-0.1402559835934833
Honeycomb,GreatGraines,-0.13370293394451724
Honeycomb,OtmlRaisinCrisp,-0.13617392578843565
Honeycomb,OatSquares,-0.11832787358235809
Honeycomb,RiceChex,-0.15675516393495123
Honeycomb,TotalRaisinBran,-0.13831337994260404
Honeycomb,Product19,-0.15583307473533387
Honeycomb,AppleJacks,-0.15839213127809215
Honeycomb,CaptCrunch,-0.10964055005562601
Honeycomb,ShreddedWheat,-0.11686703563689689
Honeycomb,FruityPebbles,-0.1380181041876704
Honeycomb,Clusters,-0.12687532964622691
Honeycomb,CinnamonMiniBuns,-0.10826777680900466
Honeycomb,DoubleDipCrunch,-0.11382621338872052
Honeycomb,MultiGrainCheerios,-0.12976592387873523
Honeycomb,Honeycomb,17.482604013689055
Honeycomb,Popeye,-0.06143289785540604
Popeye,CornFlakes,-0.5316362263434317
Popeye,Cheerios,-0.7169916962957281
Popeye,RiceKrispies,-0.619478173297991
Popeye,FrostedFlakes,-0.49867412759531216
Popeye,RaisinBran,-0.33092641713458537
Popeye,Total,-0.4413388283741608
Popeye,HoneyNutCheerios,-0.3676131346159907
Popeye,SpecialK,-0.389391016611448
Popeye,GrapeNuts,-0.2350187798215753
Popeye,SpoonSizeShdWt,-0.3027767951642442
Popeye,100%Natural,-0.22743485516854262
Popeye,FrostedMiniWheats,-0.24973076480423428
Popeye,NutriGrain,-0.2304445957583049
Popeye,Mueslix,-0.2623447378439437
Popeye,Wheaties,-0.20078751335488135
Popeye,RaisinBran,-0.16865943910753942
Popeye,Muesli,-0.2180067521162752
Popeye,CornPops,-0.26546844451455753
Popeye,RaisinNutBran,-0.2084025196663281
Popeye,Basic4,-0.2219075002472408
Popeye,CocoaPus,-0.229424081307043
Popeye,GoldenGrahams,-0.20812278474060147
Popeye,Cinn.ToastCrunch,-0.2140904631561026
Popeye,FrootLoops,-0.21943650840332232
Popeye,LowFatGranola,-0.16243274687192102
Popeye,Trix,-0.23180700845212152
Popeye,Triples,-0.13518449299558785
Popeye,Crispix,-0.19030263391653565
Popeye,Kix,-0.20532543548333532
Popeye,LuckyCharms,-0.1930170987513643
Popeye,AppleCinn.Cheerios,-0.1658310081918592
Popeye,CracklinOatBran,-0.1751658662688844
Popeye,BigBiscuitShdWt,-0.1430844145091635
Popeye,HoneyBunchesofOats,-0.1402559835934833
Popeye,GreatGraines,-0.13370293394451724
Popeye,OtmlRaisinCrisp,-0.13617392578843565
Popeye,OatSquares,-0.11832787358235809
Popeye,RiceChex,-0.15675516393495123
Popeye,TotalRaisinBran,-0.13831337994260404
Popeye,Product19,-0.15583307473533387
Popeye,AppleJacks,-0.15839213127809215
Popeye,CaptCrunch,-0.10964055005562601
Popeye,ShreddedWheat,-0.11686703563689689
Popeye,FruityPebbles,-0.1380181041876704
Popeye,Clusters,-0.12687532964622691
Popeye,CinnamonMiniBuns,-0.10826777680900466
Popeye,DoubleDipCrunch,-0.11382621338872052
Popeye,MultiGrainCheerios,-0.12976592387873523
Popeye,Honeycomb,-0.13033575428299315
Popeye,Popeye,9.107656334294749
