row_product,column_product,elasticity
CornFlakes,CornFlakes,-0.7278121566426278
CornFlakes,Cheerios,0.10035767062729649
CornFlakes,RiceKrispies,0.11118193835022097
CornFlakes,FrostedFlakes,0.046662278169321204
CornFlakes,RaisinBran,0.07342021509671878
CornFlakes,Total,0.004192456419494865
CornFlakes,HoneyNutCheerios,0.04754534698277305
CornFlakes,SpecialK,0.005496810864562962
CornFlakes,GrapeNuts,0.012473286119356742
CornFlakes,SpoonSizeShdWt,0.016192113974852956
CornFlakes,100%Natural,0.005566518090861691
CornFlakes,FrostedMiniWheats,0.006422664160756121
CornFlakes,NutriGrain,0.006492451246278593
CornFlakes,Mueslix,0.005371917766550251
CornFlakes,Wheaties,0.0870770444494496
CornFlakes,RaisinBran,0.05598261740385618
CornFlakes,Muesli,0.006032983088309858
CornFlakes,CornPops,0.03778072974164698
CornFlakes,RaisinNutBran,0.004692161900776839
CornFlakes,Basic4,0.007167942989084647
CornFlakes,CocoaPus,0.0067242801673135354
CornFlakes,GoldenGrahams,0.009141463877317839
CornFlakes,Cinn.ToastCrunch,0.009746210470861653
CornFlakes,FrootLoops,0.006067892653193168
CornFlakes,LowFatGranola,0.0059896208533717485
CornFlakes,Trix,0.006488704826971576
CornFlakes,Triples,0.0050205854376479415
CornFlakes,Crispix,0.005675902035864839
CornFlakes,Kix,0.013580073897486219
CornFlakes,LuckyCharms,0.007375754556371669
CornFlakes,AppleCinn.Cheerios,0.038960208474352595
CornFlakes,CracklinOatBran,0.0035226984485012586
CornFlakes,BigBiscuitShdWt,0.005437225145976542
CornFlakes,HoneyBunchesofOats,0.004759951860805742
CornFlakes,GreatGraines,0.007771221337284669
CornFlakes,OtmlRaisinCrisp,0.0041994711456211945
CornFlakes,OatSquares,0.011626529776928619
CornFlakes,RiceChex,0.006911034384628393
CornFlakes,TotalRaisinBran,0.0030942683948028435
CornFlakes,Product19,0.004503832390054146
CornFlakes,AppleJacks,0.005434156882506512
CornFlakes,CaptCrunch,0.007554022680758458
CornFlakes,ShreddedWheat,0.014276451571235258
CornFlakes,FruityPebbles,0.007400130767635146
CornFlakes,Clusters,0.09752670735451041
CornFlakes,CinnamonMiniBuns,0.0485613829493871
CornFlakes,DoubleDipCrunch,0.002849297480256897
CornFlakes,MultiGrainCheerios,0.02929377094210742
CornFlakes,Honeycomb,0.008412791359823413
CornFlakes,Popeye,0.007925332111334133
Cheerios,CornFlakes,0.09800261157789476
Cheerios,Cheerios,-1.3413962576214415
Cheerios,RiceKrispies,0.11118193823187292
Cheerios,FrostedFlakes,0.04666227800593753
Cheerios,RaisinBran,0.07342021475044368
Cheerios,Total,0.004192456153778355
Cheerios,HoneyNutCheerios,0.04754534701315647
Cheerios,SpecialK,0.00549681113491115
Cheerios,GrapeNuts,0.012473286108106272
Cheerios,SpoonSizeShdWt,0.01619211394353694
Cheerios,100%Natural,0.005566517843439247
Cheerios,FrostedMiniWheats,0.006422664017011468
Cheerios,NutriGrain,0.006492451346610034
Cheerios,Mueslix,0.005371918147375122
Cheerios,Wheaties,0.08707704454845391
Cheerios,RaisinBran,0.055982617468300404
Cheerios,Muesli,0.006032983248867125
Cheerios,CornPops,0.03778072985298023
Cheerios,RaisinNutBran,0.004692162239149899
Cheerios,Basic4,0.007167943179385522
Cheerios,CocoaPus,0.006724279867588755
Cheerios,GoldenGrahams,0.009141463737326452
Cheerios,Cinn.ToastCrunch,0.00974621028772304
Cheerios,FrootLoops,0.006067892820558747
Cheerios,LowFatGranola,0.005989620813498278
Cheerios,Trix,0.0064887047634774805
Cheerios,Triples,0.005020585246108474
Cheerios,Crispix,0.005675902294713394
Cheerios,Kix,0.013580073617003847
Cheerios,LuckyCharms,0.007375754862932781
Cheerios,AppleCinn.Cheerios,0.03896020834334267
Cheerios,CracklinOatBran,0.0035226985652505125
Cheerios,BigBiscuitShdWt,0.0054372252307416
Cheerios,HoneyBunchesofOats,0.004759951506477893
Cheerios,GreatGraines,0.007771221075421516
Cheerios,OtmlRaisinCrisp,0.004199471337881392
Cheerios,OatSquares,0.011626529726058366
Cheerios,RiceChex,0.006911034370977199
Cheerios,TotalRaisinBran,0.0030942680333971135
Cheerios,Product19,0.004503832372633204
Cheerios,AppleJacks,0.005434156724801369
Cheerios,CaptCrunch,0.007554022860933482
Cheerios,ShreddedWheat,0.014276451515180357
Cheerios,FruityPebbles,0.007400130499338491
Cheerios,Clusters,0.09752670712235446
Cheerios,CinnamonMiniBuns,0.048561382892737204
Cheerios,DoubleDipCrunch,0.0028492973102067364
Cheerios,MultiGrainCheerios,0.029293770771620903
Cheerios,Honeycomb,0.008412791302404425
Cheerios,Popeye,0.007925332262607472
RiceKrispies,CornFlakes,0.09800261157371963
RiceKrispies,Cheerios,0.1003576707286516
RiceKrispies,RiceKrispies,-1.2393217476349523
RiceKrispies,FrostedFlakes,0.04666227856698431
RiceKrispies,RaisinBran,0.07342021494338621
RiceKrispies,Total,0.004192456459216657
RiceKrispies,HoneyNutCheerios,0.04754534680874852
RiceKrispies,SpecialK,0.005496810994160335
RiceKrispies,GrapeNuts,0.012473286023797565
RiceKrispies,SpoonSizeShdWt,0.01619211429193541
RiceKrispies,100%Natural,0.005566517965863788
RiceKrispies,FrostedMiniWheats,0.00642266404103692
RiceKrispies,NutriGrain,0.006492451495931731
RiceKrispies,Mueslix,0.005371918114094907
RiceKrispies,Wheaties,0.08707704438011081
RiceKrispies,RaisinBran,0.05598261736728302
RiceKrispies,Muesli,0.006032983359068653
RiceKrispies,CornPops,0.037780730043810884
RiceKrispies,RaisinNutBran,0.00469216215825229
RiceKrispies,Basic4,0.007167943215305188
RiceKrispies,CocoaPus,0.00672428022604276
RiceKrispies,GoldenGrahams,0.009141463880559123
RiceKrispies,Cinn.ToastCrunch,0.009746210651924566
RiceKrispies,FrootLoops,0.0060678929503633515
RiceKrispies,LowFatGranola,0.005989621045378709
RiceKrispies,Trix,0.006488704698235949
RiceKrispies,Triples,0.005020585519044592
RiceKrispies,Crispix,0.005675902292986791
RiceKrispies,Kix,0.013580073988261606
RiceKrispies,LuckyCharms,0.0073757549270109714
RiceKrispies,AppleCinn.Cheerios,0.03896020863557735
RiceKrispies,CracklinOatBran,0.0035226985084213917
RiceKrispies,BigBiscuitShdWt,0.00543722545025933
RiceKrispies,HoneyBunchesofOats,0.004759951708259362
RiceKrispies,GreatGraines,0.007771221298396887
RiceKrispies,OtmlRaisinCrisp,0.004199471286283488
RiceKrispies,OatSquares,0.011626529730258062
RiceKrispies,RiceChex,0.006911034916822766
RiceKrispies,TotalRaisinBran,0.0030942680636949107
RiceKrispies,Product19,0.004503832407294243
RiceKrispies,AppleJacks,0.005434156728636687
RiceKrispies,CaptCrunch,0.007554022801377003
RiceKrispies,ShreddedWheat,0.014276451605423198
RiceKrispies,FruityPebbles,0.007400130547242509
RiceKrispies,Clusters,0.09752670766003059
RiceKrispies,CinnamonMiniBuns,0.04856138290159217
RiceKrispies,DoubleDipCrunch,0.0028492974697199797
RiceKrispies,MultiGrainCheerios,0.029293770686188332
RiceKrispies,Honeycomb,0.008412791443633707
RiceKrispies,Popeye,0.007925332107151097
FrostedFlakes,CornFlakes,0.09800261176684603
FrostedFlakes,Cheerios,0.10035767100782624
FrostedFlakes,RiceKrispies,0.11118193839266298
FrostedFlakes,FrostedFlakes,-1.103090838987083
FrostedFlakes,RaisinBran,0.07342021486192196
FrostedFlakes,Total,0.004192456360909897
FrostedFlakes,HoneyNutCheerios,0.04754534690012422
FrostedFlakes,SpecialK,0.005496811629864908
FrostedFlakes,GrapeNuts,0.012473286305950822
FrostedFlakes,SpoonSizeShdWt,0.01619211454495307
FrostedFlakes,100%Natural,0.005566518117033994
FrostedFlakes,FrostedMiniWheats,0.006422664252692105
FrostedFlakes,NutriGrain,0.006492451763827749
FrostedFlakes,Mueslix,0.005371918199166526
FrostedFlakes,Wheaties,0.08707704465451782
FrostedFlakes,RaisinBran,0.055982617620310905
FrostedFlakes,Muesli,0.006032983527825754
FrostedFlakes,CornPops,0.03778073055430692
FrostedFlakes,RaisinNutBran,0.004692162330941902
FrostedFlakes,Basic4,0.007167943380706262
FrostedFlakes,CocoaPus,0.006724280748191744
FrostedFlakes,GoldenGrahams,0.009141464086611432
FrostedFlakes,Cinn.ToastCrunch,0.009746210889520459
FrostedFlakes,FrootLoops,0.006067893281818441
FrostedFlakes,LowFatGranola,0.005989621148234185
FrostedFlakes,Trix,0.006488704849215882
FrostedFlakes,Triples,0.005020585578569356
FrostedFlakes,Crispix,0.005675902661550874
FrostedFlakes,Kix,0.01358007437748261
FrostedFlakes,LuckyCharms,0.007375754874062942
FrostedFlakes,AppleCinn.Cheerios,0.03896020870852829
FrostedFlakes,CracklinOatBran,0.003522698855613399
FrostedFlakes,BigBiscuitShdWt,0.005437225475999501
FrostedFlakes,HoneyBunchesofOats,0.004759951842258184
FrostedFlakes,GreatGraines,0.007771221507822579
FrostedFlakes,OtmlRaisinCrisp,0.004199471654303819
FrostedFlakes,OatSquares,0.011626529954100025
FrostedFlakes,RiceChex,0.006911035093571541
FrostedFlakes,TotalRaisinBran,0.0030942686197186326
FrostedFlakes,Product19,0.004503832951446067
FrostedFlakes,AppleJacks,0.005434157395392812
FrostedFlakes,CaptCrunch,0.007554023198260223
FrostedFlakes,ShreddedWheat,0.014276451666912408
FrostedFlakes,FruityPebbles,0.0074001308825180695
FrostedFlakes,Clusters,0.09752670753084408
FrostedFlakes,CinnamonMiniBuns,0.04856138301860053
FrostedFlakes,DoubleDipCrunch,0.00284929801604153
FrostedFlakes,MultiGrainCheerios,0.02929377111225886
FrostedFlakes,Honeycomb,0.00841279181322914
FrostedFlakes,Popeye,0.007925332381905998
RaisinBran,CornFlakes,0.09800261195013497
RaisinBran,Cheerios,0.10035767058135783
RaisinBran,RiceKrispies,0.11118193846017213
RaisinBran,FrostedFlakes,0.04666227887165248
RaisinBran,RaisinBran,-0.9942076912850936
RaisinBran,Total,0.004192456728957187
RaisinBran,HoneyNutCheerios,0.04754534742827817
RaisinBran,SpecialK,0.0054968114758697775
RaisinBran,GrapeNuts,0.012473286197276178
RaisinBran,SpoonSizeShdWt,0.01619211423061876
RaisinBran,100%Natural,0.005566518041890691
RaisinBran,FrostedMiniWheats,0.00642266420902178
RaisinBran,NutriGrain,0.006492451560624422
RaisinBran,Mueslix,0.005371918353795822
RaisinBran,Wheaties,0.08707704492249485
RaisinBran,RaisinBran,0.055982617762496675
RaisinBran,Muesli,0.006032983835101337
RaisinBran,CornPops,0.03778073041127442
RaisinBran,RaisinNutBran,0.004692162472610965
RaisinBran,Basic4,0.0071679434313096126
RaisinBran,CocoaPus,0.006724280484112824
RaisinBran,GoldenGrahams,0.009141463880702045
RaisinBran,Cinn.ToastCrunch,0.00974621075623807
RaisinBran,FrootLoops,0.006067893394089032
RaisinBran,LowFatGranola,0.005989621312233222
RaisinBran,Trix,0.006488705006447819
RaisinBran,Triples,0.0050205857662313945
RaisinBran,Crispix,0.005675902550385088
RaisinBran,Kix,0.013580074070243817
RaisinBran,LuckyCharms,0.007375755112989555
RaisinBran,AppleCinn.Cheerios,0.03896020888426259
RaisinBran,CracklinOatBran,0.003522698946847246
RaisinBran,BigBiscuitShdWt,0.005437225719434073
RaisinBran,HoneyBunchesofOats,0.0047599518691325325
RaisinBran,GreatGraines,0.007771221421369485
RaisinBran,OtmlRaisinCrisp,0.004199471479240637
RaisinBran,OatSquares,0.01162653013957771
RaisinBran,RiceChex,0.006911034724302184
RaisinBran,TotalRaisinBran,0.0030942685095999172
RaisinBran,Product19,0.004503832658349358
RaisinBran,AppleJacks,0.005434156943427105
RaisinBran,CaptCrunch,0.007554022982718305
RaisinBran,ShreddedWheat,0.014276451778398456
RaisinBran,FruityPebbles,0.00740013080910498
RaisinBran,Clusters,0.09752670792043294
RaisinBran,CinnamonMiniBuns,0.0485613833960126
RaisinBran,DoubleDipCrunch,0.002849297972754785
RaisinBran,MultiGrainCheerios,0.02929377128481078
RaisinBran,Honeycomb,0.008412791950386822
RaisinBran,Popeye,0.007925332463037671
Total,CornFlakes,0.011802898279704809
Total,Cheerios,0.0120865292353118
Total,RiceKrispies,0.01339014417735722
Total,FrostedFlakes,0.005619749981422203
Total,RaisinBran,0.008842329021309924
Total,Total,-1.6223139804372104
Total,HoneyNutCheerios,0.0057261015114066244
Total,SpecialK,0.03245409411194449
Total,GrapeNuts,0.0736443772206663
Total,SpoonSizeShdWt,0.09560096361202358
Total,100%Natural,0.032865657116516525
Total,FrostedMiniWheats,0.03792048798680196
Total,NutriGrain,0.03833252286225653
Total,Mueslix,0.031716707245656776
Total,Wheaties,0.010487083102923601
Total,RaisinBran,0.006742240075104189
Total,Muesli,0.03561974663778991
Total,CornPops,0.0045501044064155905
Total,RaisinNutBran,0.027703312281684996
Total,Basic4,0.04232073760965038
Total,CocoaPus,0.0067242802309418195
Total,GoldenGrahams,0.009141463845260276
Total,Cinn.ToastCrunch,0.009746210423040573
Total,FrootLoops,0.006067893133198422
Total,LowFatGranola,0.03536372863042747
Total,Trix,0.006488704979893564
Total,Triples,0.02964237925074519
Total,Crispix,0.03351147832237644
Total,Kix,0.013580073907151824
Total,LuckyCharms,0.007375754655070683
Total,AppleCinn.Cheerios,0.004692155007904374
Total,CracklinOatBran,0.020798601768726607
Total,BigBiscuitShdWt,0.0321022923169356
Total,HoneyBunchesofOats,0.028103553332835273
Total,GreatGraines,0.04588259366453374
Total,OtmlRaisinCrisp,0.024794381368595103
Total,OatSquares,0.06864498474238975
Total,RiceChex,0.040803908807380836
Total,TotalRaisinBran,0.01826907892403647
Total,Product19,0.02659138096985178
Total,AppleJacks,0.005434156623386905
Total,CaptCrunch,0.007554022889254918
Total,ShreddedWheat,0.08429056713769806
Total,FruityPebbles,0.007400130497536755
Total,Clusters,0.011745583781218864
Total,CinnamonMiniBuns,0.00584846762145716
Total,DoubleDipCrunch,0.016822729034050948
Total,MultiGrainCheerios,0.0035279821063434495
Total,Honeycomb,0.008412791896393955
Total,Popeye,0.00792533229893733
HoneyNutCheerios,CornFlakes,0.09800261157544846
HoneyNutCheerios,Cheerios,0.10035767048540394
HoneyNutCheerios,RiceKrispies,0.11118193767642935
HoneyNutCheerios,FrostedFlakes,0.04666227830101781
HoneyNutCheerios,RaisinBran,0.07342021498481233
HoneyNutCheerios,Total,0.0041924559383772885
HoneyNutCheerios,HoneyNutCheerios,-1.3850835341024272
HoneyNutCheerios,SpecialK,0.005496810870317878
HoneyNutCheerios,GrapeNuts,0.01247328594549055
HoneyNutCheerios,SpoonSizeShdWt,0.016192114167121446
HoneyNutCheerios,100%Natural,0.005566518117331609
HoneyNutCheerios,FrostedMiniWheats,0.006422664120982098
HoneyNutCheerios,NutriGrain,0.006492451580262475
HoneyNutCheerios,Mueslix,0.005371918022196515
HoneyNutCheerios,Wheaties,0.087077044378787
HoneyNutCheerios,RaisinBran,0.05598261731078833
HoneyNutCheerios,Muesli,0.00603298325427692
HoneyNutCheerios,CornPops,0.03778072978905076
HoneyNutCheerios,RaisinNutBran,0.00469216195501445
HoneyNutCheerios,Basic4,0.007167943161216298
HoneyNutCheerios,CocoaPus,0.006724280101339999
HoneyNutCheerios,GoldenGrahams,0.009141464043123652
HoneyNutCheerios,Cinn.ToastCrunch,0.009746210502914297
HoneyNutCheerios,FrootLoops,0.006067893170102942
HoneyNutCheerios,LowFatGranola,0.005989621079446616
HoneyNutCheerios,Trix,0.006488704829632276
HoneyNutCheerios,Triples,0.005020585346581984
HoneyNutCheerios,Crispix,0.005675902358468048
HoneyNutCheerios,Kix,0.013580073959174864
HoneyNutCheerios,LuckyCharms,0.007375754933742212
HoneyNutCheerios,AppleCinn.Cheerios,0.038960208391784656
HoneyNutCheerios,CracklinOatBran,0.003522698277424779
HoneyNutCheerios,BigBiscuitShdWt,0.00543722538696292
HoneyNutCheerios,HoneyBunchesofOats,0.0047599517770680645
HoneyNutCheerios,GreatGraines,0.007771221348211338
HoneyNutCheerios,OtmlRaisinCrisp,0.004199471472679516
HoneyNutCheerios,OatSquares,0.011626529767176014
HoneyNutCheerios,RiceChex,0.0069110347999271765
HoneyNutCheerios,TotalRaisinBran,0.003094268112237796
HoneyNutCheerios,Product19,0.004503832469110832
HoneyNutCheerios,AppleJacks,0.005434157048988567
HoneyNutCheerios,CaptCrunch,0.0075540227298210505
HoneyNutCheerios,ShreddedWheat,0.014276451238864328
HoneyNutCheerios,FruityPebbles,0.0074001304719769345
HoneyNutCheerios,Clusters,0.09752670754876658
HoneyNutCheerios,CinnamonMiniBuns,0.048561382876312155
HoneyNutCheerios,DoubleDipCrunch,0.002849297667709675
HoneyNutCheerios,MultiGrainCheerios,0.02929377103921532
HoneyNutCheerios,Honeycomb,0.008412791551505
HoneyNutCheerios,Popeye,0.007925332182695333
SpecialK,CornFlakes,0.011802898071708711
SpecialK,Cheerios,0.012086528878912322
SpecialK,RiceKrispies,0.013390144039661229
SpecialK,FrostedFlakes,0.005619749851425143
SpecialK,RaisinBran,0.008842329120622048
SpecialK,Total,0.024752964172510605
SpecialK,HoneyNutCheerios,0.005726101059880031
SpecialK,SpecialK,-1.5553001943332554
SpecialK,GrapeNuts,0.07364437728144285
SpecialK,SpoonSizeShdWt,0.09560096364932187
SpecialK,100%Natural,0.03286565688953637
SpecialK,FrostedMiniWheats,0.03792048845455529
SpecialK,NutriGrain,0.03833252304314855
SpecialK,Mueslix,0.03171670738555681
SpecialK,Wheaties,0.010487083044381392
SpecialK,RaisinBran,0.006742240065632399
SpecialK,Muesli,0.03561974677469019
SpecialK,CornPops,0.0045501041485472874
SpecialK,RaisinNutBran,0.02770331261569904
SpecialK,Basic4,0.04232073820269408
SpecialK,CocoaPus,0.006724280024249779
SpecialK,GoldenGrahams,0.00914146360535477
SpecialK,Cinn.ToastCrunch,0.009746210245922085
SpecialK,FrootLoops,0.006067893174408535
SpecialK,LowFatGranola,0.035363728642115
SpecialK,Trix,0.0064887048400839595
SpecialK,Triples,0.029642379849895466
SpecialK,Crispix,0.03351147866896607
SpecialK,Kix,0.013580073627772709
SpecialK,LuckyCharms,0.0073757545369405025
SpecialK,AppleCinn.Cheerios,0.004692154472800903
SpecialK,CracklinOatBran,0.02079860142177387
SpecialK,BigBiscuitShdWt,0.032102292637150934
SpecialK,HoneyBunchesofOats,0.028103553432128798
SpecialK,GreatGraines,0.04588259389831708
SpecialK,OtmlRaisinCrisp,0.02479438182392308
SpecialK,OatSquares,0.06864498509981098
SpecialK,RiceChex,0.04080390925455723
SpecialK,TotalRaisinBran,0.018269079023341028
SpecialK,Product19,0.026591381378855198
SpecialK,AppleJacks,0.005434156749657875
SpecialK,CaptCrunch,0.007554022813884486
SpecialK,ShreddedWheat,0.08429056695655367
SpecialK,FruityPebbles,0.007400130394810039
SpecialK,Clusters,0.011745583571555099
SpecialK,CinnamonMiniBuns,0.005848467527206035
SpecialK,DoubleDipCrunch,0.0168227292155066
SpecialK,MultiGrainCheerios,0.0035279820757456747
SpecialK,Honeycomb,0.008412791832308184
SpecialK,Popeye,0.007925332040883061
GrapeNuts,CornFlakes,0.011802898440097628
GrapeNuts,Cheerios,0.012086529175860934
GrapeNuts,RiceKrispies,0.013390144468085136
GrapeNuts,FrostedFlakes,0.005619750370565361
GrapeNuts,RaisinBran,0.008842329057085522
GrapeNuts,Total,0.024752964786858865
GrapeNuts,HoneyNutCheerios,0.0057261018660599095
GrapeNuts,SpecialK,0.03245409471596455
GrapeNuts,GrapeNuts,-0.9027332852847026
GrapeNuts,SpoonSizeShdWt,0.09560096418063349
GrapeNuts,100%Natural,0.03286565713680525
GrapeNuts,FrostedMiniWheats,0.03792048805118393
GrapeNuts,NutriGrain,0.03833252319056684
GrapeNuts,Mueslix,0.03171670724060312
GrapeNuts,Wheaties,0.010487083465993212
GrapeNuts,RaisinBran,0.006742240375366045
GrapeNuts,Muesli,0.0356197473959254
GrapeNuts,CornPops,0.004550104834478729
GrapeNuts,RaisinNutBran,0.027703312514386152
GrapeNuts,Basic4,0.0423207380766906
GrapeNuts,CocoaPus,0.006724280366200239
GrapeNuts,GoldenGrahams,0.009141464441872905
GrapeNuts,Cinn.ToastCrunch,0.009746210784065273
GrapeNuts,FrootLoops,0.006067893726047609
GrapeNuts,LowFatGranola,0.035363728579653794
GrapeNuts,Trix,0.0064887048648734754
GrapeNuts,Triples,0.02964237937406826
GrapeNuts,Crispix,0.03351147879560428
GrapeNuts,Kix,0.01358007445786401
GrapeNuts,LuckyCharms,0.0073757553002204755
GrapeNuts,AppleCinn.Cheerios,0.0046921551444736405
GrapeNuts,CracklinOatBran,0.02079860160600171
GrapeNuts,BigBiscuitShdWt,0.0321022923391236
GrapeNuts,HoneyBunchesofOats,0.028103553573199165
GrapeNuts,GreatGraines,0.04588259404652954
GrapeNuts,OtmlRaisinCrisp,0.024794381859131357
GrapeNuts,OatSquares,0.06864498528809147
GrapeNuts,RiceChex,0.04080390929267195
GrapeNuts,TotalRaisinBran,0.018269079169002826
GrapeNuts,Product19,0.026591381086896137
GrapeNuts,AppleJacks,0.005434156977231145
GrapeNuts,CaptCrunch,0.00755402304486167
GrapeNuts,ShreddedWheat,0.08429056773084394
GrapeNuts,FruityPebbles,0.0074001304590042925
GrapeNuts,Clusters,0.011745584096510064
GrapeNuts,CinnamonMiniBuns,0.005848468093988166
GrapeNuts,DoubleDipCrunch,0.016822729834828628
GrapeNuts,MultiGrainCheerios,0.0035279821584999187
GrapeNuts,Honeycomb,0.008412792220963859
GrapeNuts,Popeye,0.007925332428603703
SpoonSizeShdWt,CornFlakes,0.011802898215018842
SpoonSizeShdWt,Cheerios,0.012086528932273657
SpoonSizeShdWt,RiceKrispies,0.013390143981121866
SpoonSizeShdWt,FrostedFlakes,0.005619750003888208
SpoonSizeShdWt,RaisinBran,0.008842328969795822
SpoonSizeShdWt,Total,0.0247529640537482
SpoonSizeShdWt,HoneyNutCheerios,0.005726101117145392
SpoonSizeShdWt,SpecialK,0.03245409416487246
SpoonSizeShdWt,GrapeNuts,0.07364437677946603
SpoonSizeShdWt,SpoonSizeShdWt,-1.1864650318410035
SpoonSizeShdWt,100%Natural,0.03286565685484184
SpoonSizeShdWt,FrostedMiniWheats,0.03792048778784587
SpoonSizeShdWt,NutriGrain,0.038332522766420934
SpoonSizeShdWt,Mueslix,0.03171670700178418
SpoonSizeShdWt,Wheaties,0.010487083064102638
SpoonSizeShdWt,RaisinBran,0.006742239833228167
SpoonSizeShdWt,Muesli,0.035619746408722196
SpoonSizeShdWt,CornPops,0.004550104292393379
SpoonSizeShdWt,RaisinNutBran,0.027703311813420062
SpoonSizeShdWt,Basic4,0.04232073750560204
SpoonSizeShdWt,CocoaPus,0.006724280308788559
SpoonSizeShdWt,GoldenGrahams,0.00914146363000405
SpoonSizeShdWt,Cinn.ToastCrunch,0.009746210602742859
SpoonSizeShdWt,FrootLoops,0.006067893017955561
SpoonSizeShdWt,LowFatGranola,0.03536372839259055
SpoonSizeShdWt,Trix,0.006488704905894767
SpoonSizeShdWt,Triples,0.02964237930332979
SpoonSizeShdWt,Crispix,0.03351147836033488
SpoonSizeShdWt,Kix,0.013580073782165214
SpoonSizeShdWt,LuckyCharms,0.007375754922761871
SpoonSizeShdWt,AppleCinn.Cheerios,0.0046921549288091195
SpoonSizeShdWt,CracklinOatBran,0.02079860167206277
SpoonSizeShdWt,BigBiscuitShdWt,0.0321022920110245
SpoonSizeShdWt,HoneyBunchesofOats,0.028103553294320568
SpoonSizeShdWt,GreatGraines,0.04588259374922911
SpoonSizeShdWt,OtmlRaisinCrisp,0.024794380992424255
SpoonSizeShdWt,OatSquares,0.06864498454396854
SpoonSizeShdWt,RiceChex,0.04080390841168424
SpoonSizeShdWt,TotalRaisinBran,0.018269078605042177
SpoonSizeShdWt,Product19,0.026591380678476523
SpoonSizeShdWt,AppleJacks,0.005434156557085611
SpoonSizeShdWt,CaptCrunch,0.007554022570429462
SpoonSizeShdWt,ShreddedWheat,0.08429056698573095
SpoonSizeShdWt,FruityPebbles,0.007400130215108382
SpoonSizeShdWt,Clusters,0.011745583692535488
SpoonSizeShdWt,CinnamonMiniBuns,0.005848467644099117
SpoonSizeShdWt,DoubleDipCrunch,0.01682272926395739
SpoonSizeShdWt,MultiGrainCheerios,0.0035279818432890305
SpoonSizeShdWt,Honeycomb,0.008412791604451028
SpoonSizeShdWt,Popeye,0.007925332295984445
100%Natural,CornFlakes,0.011802898158973962
100%Natural,Cheerios,0.01208652900032384
100%Natural,RiceKrispies,0.013390144304348026
100%Natural,FrostedFlakes,0.005619749993184106
100%Natural,RaisinBran,0.008842328868283681
100%Natural,Total,0.02475296425557531
100%Natural,HoneyNutCheerios,0.0057261014355840245
100%Natural,SpecialK,0.03245409414276404
100%Natural,GrapeNuts,0.07364437716919958
100%Natural,SpoonSizeShdWt,0.09560096373928842
100%Natural,100%Natural,-0.9891371096208879
100%Natural,FrostedMiniWheats,0.03792048798017907
100%Natural,NutriGrain,0.03833252316113574
100%Natural,Mueslix,0.03171670719101928
100%Natural,Wheaties,0.010487083084614303
100%Natural,RaisinBran,0.0067422399366106655
100%Natural,Muesli,0.035619746993103926
100%Natural,CornPops,0.004550104271167738
100%Natural,RaisinNutBran,0.027703312266812444
100%Natural,Basic4,0.04232073799835629
100%Natural,CocoaPus,0.006724280309789455
100%Natural,GoldenGrahams,0.009141463922226261
100%Natural,Cinn.ToastCrunch,0.009746210319371845
100%Natural,FrootLoops,0.006067893013268387
100%Natural,LowFatGranola,0.0353637287806663
100%Natural,Trix,0.006488704455797685
100%Natural,Triples,0.02964237937740711
100%Natural,Crispix,0.03351147855658778
100%Natural,Kix,0.013580074002633872
100%Natural,LuckyCharms,0.007375754772083693
100%Natural,AppleCinn.Cheerios,0.004692154851163193
100%Natural,CracklinOatBran,0.020798601492523425
100%Natural,BigBiscuitShdWt,0.03210229267698261
100%Natural,HoneyBunchesofOats,0.028103553254346953
100%Natural,GreatGraines,0.04588259394070928
100%Natural,OtmlRaisinCrisp,0.024794381354591128
100%Natural,OatSquares,0.06864498447965484
100%Natural,RiceChex,0.04080390900604163
100%Natural,TotalRaisinBran,0.018269079459528062
100%Natural,Product19,0.026591380874024583
100%Natural,AppleJacks,0.005434156678338382
100%Natural,CaptCrunch,0.007554022809266171
100%Natural,ShreddedWheat,0.08429056712414047
100%Natural,FruityPebbles,0.007400130518567187
100%Natural,Clusters,0.011745583517186136
100%Natural,CinnamonMiniBuns,0.005848467690110447
100%Natural,DoubleDipCrunch,0.016822729264187514
100%Natural,MultiGrainCheerios,0.0035279817953925833
100%Natural,Honeycomb,0.008412791746643033
100%Natural,Popeye,0.007925332210484875
FrostedMiniWheats,CornFlakes,0.0118028983340722
FrostedMiniWheats,Cheerios,0.012086529389745597
FrostedMiniWheats,RiceKrispies,0.01339014442187236
FrostedMiniWheats,FrostedFlakes,0.0056197502300772495
FrostedMiniWheats,RaisinBran,0.008842329098177443
FrostedMiniWheats,Total,0.02475296423165367
FrostedMiniWheats,HoneyNutCheerios,0.0057261016177127515
FrostedMiniWheats,SpecialK,0.03245409473786752
FrostedMiniWheats,GrapeNuts,0.07364437720163357
FrostedMiniWheats,SpoonSizeShdWt,0.09560096428326298
FrostedMiniWheats,100%Natural,0.032865657351332546
FrostedMiniWheats,FrostedMiniWheats,-1.1574577466373293
FrostedMiniWheats,NutriGrain,0.038332523166900556
FrostedMiniWheats,Mueslix,0.03171670772674569
FrostedMiniWheats,Wheaties,0.010487083106079334
FrostedMiniWheats,RaisinBran,0.00674224025904066
FrostedMiniWheats,Muesli,0.035619747303569836
FrostedMiniWheats,CornPops,0.004550104623169797
FrostedMiniWheats,RaisinNutBran,0.027703312763121282
FrostedMiniWheats,Basic4,0.042320738475700385
FrostedMiniWheats,CocoaPus,0.006724280366205139
FrostedMiniWheats,GoldenGrahams,0.009141464146071376
FrostedMiniWheats,Cinn.ToastCrunch,0.009746210590033957
FrostedMiniWheats,FrootLoops,0.006067893154789861
FrostedMiniWheats,LowFatGranola,0.035363728905308194
FrostedMiniWheats,Trix,0.006488705071022641
FrostedMiniWheats,Triples,0.029642379722994234
FrostedMiniWheats,Crispix,0.033511478833092
FrostedMiniWheats,Kix,0.01358007421353269
FrostedMiniWheats,LuckyCharms,0.007375755154938375
FrostedMiniWheats,AppleCinn.Cheerios,0.0046921551101024115
FrostedMiniWheats,CracklinOatBran,0.020798602083834265
FrostedMiniWheats,BigBiscuitShdWt,0.03210229276809837
FrostedMiniWheats,HoneyBunchesofOats,0.028103553834792853
FrostedMiniWheats,GreatGraines,0.045882594293211725
FrostedMiniWheats,OtmlRaisinCrisp,0.02479438182068561
FrostedMiniWheats,OatSquares,0.06864498500992107
FrostedMiniWheats,RiceChex,0.04080390907974081
FrostedMiniWheats,TotalRaisinBran,0.018269079655665005
FrostedMiniWheats,Product19,0.02659138150378677
FrostedMiniWheats,AppleJacks,0.005434156928618258
FrostedMiniWheats,CaptCrunch,0.007554023000297218
FrostedMiniWheats,ShreddedWheat,0.08429056785230654
FrostedMiniWheats,FruityPebbles,0.007400130488919602
FrostedMiniWheats,Clusters,0.011745583830885665
FrostedMiniWheats,CinnamonMiniBuns,0.005848467794547159
FrostedMiniWheats,DoubleDipCrunch,0.01682272971938684
FrostedMiniWheats,MultiGrainCheerios,0.003527982174604803
FrostedMiniWheats,Honeycomb,0.008412791817621827
FrostedMiniWheats,Popeye,0.007925332328184912
NutriGrain,CornFlakes,0.011802898315957907
NutriGrain,Cheerios,0.012086529230748618
NutriGrain,RiceKrispies,0.013390144532901648
NutriGrain,FrostedFlakes,0.00561975019731235
NutriGrain,RaisinBran,0.008842329259270988
NutriGrain,Total,0.024752964688493688
NutriGrain,HoneyNutCheerios,0.005726101415833268
NutriGrain,SpecialK,0.03245409478117288
NutriGrain,GrapeNuts,0.07364437728674789
NutriGrain,SpoonSizeShdWt,0.09560096412382722
NutriGrain,100%Natural,0.03286565706206897
NutriGrain,FrostedMiniWheats,0.03792048829746049
NutriGrain,NutriGrain,-1.2711085185628774
NutriGrain,Mueslix,0.03171670750359309
NutriGrain,Wheaties,0.010487083219528237
NutriGrain,RaisinBran,0.006742240072532224
NutriGrain,Muesli,0.03561974710141797
NutriGrain,CornPops,0.004550104443287039
NutriGrain,RaisinNutBran,0.027703312694577025
NutriGrain,Basic4,0.0423207381229031
NutriGrain,CocoaPus,0.006724280275579987
NutriGrain,GoldenGrahams,0.009141463994682306
NutriGrain,Cinn.ToastCrunch,0.009746210718447914
NutriGrain,FrootLoops,0.00606789317133673
NutriGrain,LowFatGranola,0.035363728911039664
NutriGrain,Trix,0.0064887051747942095
NutriGrain,Triples,0.029642379635429233
NutriGrain,Crispix,0.033511479115349685
NutriGrain,Kix,0.013580074211219881
NutriGrain,LuckyCharms,0.007375754875354156
NutriGrain,AppleCinn.Cheerios,0.004692154868819821
NutriGrain,CracklinOatBran,0.02079860182441953
NutriGrain,BigBiscuitShdWt,0.03210229289676019
NutriGrain,HoneyBunchesofOats,0.028103553694475033
NutriGrain,GreatGraines,0.045882593846553604
NutriGrain,OtmlRaisinCrisp,0.024794381420655428
NutriGrain,OatSquares,0.06864498489155867
NutriGrain,RiceChex,0.04080390936670616
NutriGrain,TotalRaisinBran,0.018269079250775748
NutriGrain,Product19,0.02659138122304397
NutriGrain,AppleJacks,0.005434157030365281
NutriGrain,CaptCrunch,0.007554023114471452
NutriGrain,ShreddedWheat,0.08429056765692274
NutriGrain,FruityPebbles,0.007400130713211804
NutriGrain,Clusters,0.011745583709803529
NutriGrain,CinnamonMiniBuns,0.005848467871427952
NutriGrain,DoubleDipCrunch,0.016822729601382133
NutriGrain,MultiGrainCheerios,0.0035279821117907774
NutriGrain,Honeycomb,0.008412791935706342
NutriGrain,Popeye,0.007925332380716623
Mueslix,CornFlakes,0.01180289825210434
Mueslix,Cheerios,0.012086529146292949
Mueslix,RiceKrispies,0.013390144400111778
Mueslix,FrostedFlakes,0.005619750353787186
Mueslix,RaisinBran,0.008842329129203696
Mueslix,Total,0.024752964143952644
Mueslix,HoneyNutCheerios,0.005726101362833687
Mueslix,SpecialK,0.03245409483868573
Mueslix,GrapeNuts,0.07364437732072185
Mueslix,SpoonSizeShdWt,0.09560096358207933
Mueslix,100%Natural,0.03286565675280986
Mueslix,FrostedMiniWheats,0.037920488241800755
Mueslix,NutriGrain,0.03833252304645975
Mueslix,Mueslix,-1.4784748729077422
Mueslix,Wheaties,0.010487083310132572
Mueslix,RaisinBran,0.0067422400488874115
Mueslix,Muesli,0.03561974698627012
Mueslix,CornPops,0.004550104509167561
Mueslix,RaisinNutBran,0.027703312297619898
Mueslix,Basic4,0.04232073803807644
Mueslix,CocoaPus,0.006724280327093357
Mueslix,GoldenGrahams,0.0091414638117106
Mueslix,Cinn.ToastCrunch,0.009746210578532687
Mueslix,FrootLoops,0.006067893470575014
Mueslix,LowFatGranola,0.03536372838220597
Mueslix,Trix,0.006488705203367397
Mueslix,Triples,0.029642379634563152
Mueslix,Crispix,0.03351147840302515
Mueslix,Kix,0.013580074463976442
Mueslix,LuckyCharms,0.007375755038266732
Mueslix,AppleCinn.Cheerios,0.004692154904272223
Mueslix,CracklinOatBran,0.020798601674464453
Mueslix,BigBiscuitShdWt,0.0321022922378664
Mueslix,HoneyBunchesofOats,0.028103553707950868
Mueslix,GreatGraines,0.045882593825581325
Mueslix,OtmlRaisinCrisp,0.024794381701129214
Mueslix,OatSquares,0.06864498509080559
Mueslix,RiceChex,0.040803909057589245
Mueslix,TotalRaisinBran,0.01826907919824609
Mueslix,Product19,0.026591381184486278
Mueslix,AppleJacks,0.005434156805057677
Mueslix,CaptCrunch,0.007554022731182047
Mueslix,ShreddedWheat,0.08429056706476978
Mueslix,FruityPebbles,0.007400130290709451
Mueslix,Clusters,0.011745583857888306
Mueslix,CinnamonMiniBuns,0.005848467774191461
Mueslix,DoubleDipCrunch,0.016822729772180457
Mueslix,MultiGrainCheerios,0.003527981989692361
Mueslix,Honeycomb,0.008412791535630213
Mueslix,Popeye,0.00792533230748233
Wheaties,CornFlakes,0.09800261187138858
Wheaties,Cheerios,0.10035767062887455
Wheaties,RiceKrispies,0.11118193838156151
Wheaties,FrostedFlakes,0.04666227832716668
Wheaties,RaisinBran,0.07342021506784946
Wheaties,Total,0.004192456267256768
Wheaties,HoneyNutCheerios,0.04754534681335285
Wheaties,SpecialK,0.005496810984920554
Wheaties,GrapeNuts,0.012473285980564214
Wheaties,SpoonSizeShdWt,0.01619211426667639
Wheaties,100%Natural,0.005566517935706132
Wheaties,FrostedMiniWheats,0.006422664128259532
Wheaties,NutriGrain,0.006492451213219
Wheaties,Mueslix,0.005371917826935483
Wheaties,Wheaties,-1.0763636273790742
Wheaties,RaisinBran,0.05598261763029488
Wheaties,Muesli,0.006032983100040966
Wheaties,CornPops,0.03778072992170358
Wheaties,RaisinNutBran,0.004692162045815784
Wheaties,Basic4,0.007167942988381144
Wheaties,CocoaPus,0.0067242801867519655
Wheaties,GoldenGrahams,0.009141463706929023
Wheaties,Cinn.ToastCrunch,0.00974621066318743
Wheaties,FrootLoops,0.00606789301471526
Wheaties,LowFatGranola,0.005989620846963015
Wheaties,Trix,0.006488704487762677
Wheaties,Triples,0.005020585462994291
Wheaties,Crispix,0.0056759022577402085
Wheaties,Kix,0.013580073820757996
Wheaties,LuckyCharms,0.00737575455250784
Wheaties,AppleCinn.Cheerios,0.03896020844373081
Wheaties,CracklinOatBran,0.003522698629290646
Wheaties,BigBiscuitShdWt,0.005437225195513354
Wheaties,HoneyBunchesofOats,0.0047599517174049975
Wheaties,GreatGraines,0.007771221292307167
Wheaties,OtmlRaisinCrisp,0.004199471469520871
Wheaties,OatSquares,0.011626529871182449
Wheaties,RiceChex,0.006911034655098822
Wheaties,TotalRaisinBran,0.0030942682912779313
Wheaties,Product19,0.004503832429813874
Wheaties,AppleJacks,0.005434156709062214
Wheaties,CaptCrunch,0.007554022694372328
Wheaties,ShreddedWheat,0.014276451454094521
Wheaties,FruityPebbles,0.007400130765656642
Wheaties,Clusters,0.09752670753687655
Wheaties,CinnamonMiniBuns,0.04856138286499991
Wheaties,DoubleDipCrunch,0.002849297478019368
Wheaties,MultiGrainCheerios,0.029293770997122083
Wheaties,Honeycomb,0.008412791497278202
Wheaties,Popeye,0.007925332299127315
RaisinBran,CornFlakes,0.09800261190300798
RaisinBran,Cheerios,0.10035767121780752
RaisinBran,RiceKrispies,0.11118193882602452
RaisinBran,FrostedFlakes,0.046662278571817414
RaisinBran,RaisinBran,0.07342021525291673
RaisinBran,Total,0.004192456807322542
RaisinBran,HoneyNutCheerios,0.0475453475898199
RaisinBran,SpecialK,0.005496811749211269
RaisinBran,GrapeNuts,0.012473286421299006
RaisinBran,SpoonSizeShdWt,0.01619211445600348
RaisinBran,100%Natural,0.005566518370526217
RaisinBran,FrostedMiniWheats,0.006422664434694418
RaisinBran,NutriGrain,0.006492451787017073
RaisinBran,Mueslix,0.005371918146339438
RaisinBran,Wheaties,0.08707704499085522
RaisinBran,RaisinBran,-0.9614576476136281
RaisinBran,Muesli,0.006032983991452885
RaisinBran,CornPops,0.03778073102387328
RaisinBran,RaisinNutBran,0.004692162657197634
RaisinBran,Basic4,0.0071679437926696335
RaisinBran,CocoaPus,0.006724280832433657
RaisinBran,GoldenGrahams,0.009141464027512087
RaisinBran,Cinn.ToastCrunch,0.009746210683612751
RaisinBran,FrootLoops,0.0060678931938396245
RaisinBran,LowFatGranola,0.005989621201895104
RaisinBran,Trix,0.006488704912622593
RaisinBran,Triples,0.005020585859040695
RaisinBran,Crispix,0.005675902804991957
RaisinBran,Kix,0.013580074739066646
RaisinBran,LuckyCharms,0.007375755424601288
RaisinBran,AppleCinn.Cheerios,0.03896020912868468
RaisinBran,CracklinOatBran,0.003522698985020542
RaisinBran,BigBiscuitShdWt,0.005437225575299036
RaisinBran,HoneyBunchesofOats,0.004759952000419965
RaisinBran,GreatGraines,0.007771221289269943
RaisinBran,OtmlRaisinCrisp,0.004199471722261859
RaisinBran,OatSquares,0.011626530182974567
RaisinBran,RiceChex,0.006911035333435897
RaisinBran,TotalRaisinBran,0.0030942684780728017
RaisinBran,Product19,0.004503833091131317
RaisinBran,AppleJacks,0.005434157490466676
RaisinBran,CaptCrunch,0.007554023209176584
RaisinBran,ShreddedWheat,0.01427645191848725
RaisinBran,FruityPebbles,0.007400131079298594
RaisinBran,Clusters,0.09752670814561316
RaisinBran,CinnamonMiniBuns,0.04856138331912841
RaisinBran,DoubleDipCrunch,0.002849297990635163
RaisinBran,MultiGrainCheerios,0.02929377126779423
RaisinBran,Honeycomb,0.008412792013767316
RaisinBran,Popeye,0.007925332305590088
Muesli,CornFlakes,0.0118028984843596
Muesli,Cheerios,0.012086529223208551
Muesli,RiceKrispies,0.013390144348050559
Muesli,FrostedFlakes,0.005619750126474546
Muesli,RaisinBran,0.008842329371596392
Muesli,Total,0.024752964688223345
Muesli,HoneyNutCheerios,0.005726101564958187
Muesli,SpecialK,0.03245409509136965
Muesli,GrapeNuts,0.07364437736674824
Muesli,SpoonSizeShdWt,0.09560096387977769
Muesli,100%Natural,0.032865657075901715
Muesli,FrostedMiniWheats,0.03792048829825817
Muesli,NutriGrain,0.03833252362832181
Muesli,Mueslix,0.031716707882500986
Muesli,Wheaties,0.010487083245947356
Muesli,RaisinBran,0.006742240239780561
Muesli,Muesli,-1.4882593726335218
Muesli,CornPops,0.004550104800375098
Muesli,RaisinNutBran,0.02770331279695805
Muesli,Basic4,0.04232073864864618
Muesli,CocoaPus,0.006724280576346109
Muesli,GoldenGrahams,0.009141464182496289
Muesli,Cinn.ToastCrunch,0.009746210381052695
Muesli,FrootLoops,0.0060678936611144665
Muesli,LowFatGranola,0.035363729056235166
Muesli,Trix,0.00648870509902432
Muesli,Triples,0.02964237972917849
Muesli,Crispix,0.033511478964662424
Muesli,Kix,0.01358007415440908
Muesli,LuckyCharms,0.007375754989187381
Muesli,AppleCinn.Cheerios,0.004692155145334106
Muesli,CracklinOatBran,0.020798602248124937
Muesli,BigBiscuitShdWt,0.03210229299302724
Muesli,HoneyBunchesofOats,0.02810355351623221
Muesli,GreatGraines,0.045882594104741097
Muesli,OtmlRaisinCrisp,0.024794381981293346
Muesli,OatSquares,0.06864498521010555
Muesli,RiceChex,0.04080390933206942
Muesli,TotalRaisinBran,0.01826907951592203
Muesli,Product19,0.026591381578604464
Muesli,AppleJacks,0.005434157194138778
Muesli,CaptCrunch,0.0075540231732878615
Muesli,ShreddedWheat,0.08429056770047358
Muesli,FruityPebbles,0.007400130584427441
Muesli,Clusters,0.011745583824978255
Muesli,CinnamonMiniBuns,0.005848467865938449
Muesli,DoubleDipCrunch,0.016822729794952893
Muesli,MultiGrainCheerios,0.003527982465801228
Muesli,Honeycomb,0.008412791900977018
Muesli,Popeye,0.007925332538992157
CornPops,CornFlakes,0.09800261178744396
CornPops,Cheerios,0.1003576705458353
CornPops,RiceKrispies,0.11118193820624889
CornPops,FrostedFlakes,0.04666227861718816
CornPops,RaisinBran,0.07342021521251772
CornPops,Total,0.00419245631312225
CornPops,HoneyNutCheerios,0.04754534690897001
CornPops,SpecialK,0.005496811179645281
CornPops,GrapeNuts,0.012473286224098658
CornPops,SpoonSizeShdWt,0.016192114055013793
CornPops,100%Natural,0.00556651813240613
CornPops,FrostedMiniWheats,0.00642266426399865
CornPops,NutriGrain,0.006492451561852546
CornPops,Mueslix,0.005371918246336665
CornPops,Wheaties,0.08707704458844022
CornPops,RaisinBran,0.05598261748645263
CornPops,Muesli,0.006032983306043642
CornPops,CornPops,-1.5636610980765182
CornPops,RaisinNutBran,0.0046921620289460085
CornPops,Basic4,0.0071679433084043155
CornPops,CocoaPus,0.006724280487287646
CornPops,GoldenGrahams,0.00914146376112364
CornPops,Cinn.ToastCrunch,0.009746210649533649
CornPops,FrootLoops,0.006067893080849525
CornPops,LowFatGranola,0.005989621006933844
CornPops,Trix,0.006488704648447783
CornPops,Triples,0.005020585427216301
CornPops,Crispix,0.005675902269891693
CornPops,Kix,0.013580073948991765
CornPops,LuckyCharms,0.007375754627575076
CornPops,AppleCinn.Cheerios,0.03896020852427904
CornPops,CracklinOatBran,0.0035226985752231247
CornPops,BigBiscuitShdWt,0.005437225514626513
CornPops,HoneyBunchesofOats,0.00475995196094616
CornPops,GreatGraines,0.007771221161695002
CornPops,OtmlRaisinCrisp,0.004199471253104914
CornPops,OatSquares,0.011626529821324583
CornPops,RiceChex,0.006911034606822119
CornPops,TotalRaisinBran,0.0030942682355548927
CornPops,Product19,0.004503832494095811
CornPops,AppleJacks,0.005434156940444065
CornPops,CaptCrunch,0.007554022809265067
CornPops,ShreddedWheat,0.014276451418288243
CornPops,FruityPebbles,0.007400130756627784
CornPops,Clusters,0.09752670774604841
CornPops,CinnamonMiniBuns,0.04856138307340304
CornPops,DoubleDipCrunch,0.002849297562755318
CornPops,MultiGrainCheerios,0.029293771415391162
CornPops,Honeycomb,0.008412791648534982
CornPops,Popeye,0.007925332202550595
RaisinNutBran,CornFlakes,0.011802898264022286
RaisinNutBran,Cheerios,0.012086529010241782
RaisinNutBran,RiceKrispies,0.013390144297477048
RaisinNutBran,FrostedFlakes,0.005619749979323719
RaisinNutBran,RaisinBran,0.008842329106802943
RaisinNutBran,Total,0.02475296453073453
RaisinNutBran,HoneyNutCheerios,0.0057261016276032055
RaisinNutBran,SpecialK,0.03245409433279679
RaisinNutBran,GrapeNuts,0.0736443772040366
RaisinNutBran,SpoonSizeShdWt,0.09560096378605817
RaisinNutBran,100%Natural,0.03286565690558643
RaisinNutBran,FrostedMiniWheats,0.037920487968653466
RaisinNutBran,NutriGrain,0.03833252337709118
RaisinNutBran,Mueslix,0.03171670715064981
RaisinNutBran,Wheaties,0.010487083013979097
RaisinNutBran,RaisinBran,0.006742239983242757
RaisinNutBran,Muesli,0.03561974687579157
RaisinNutBran,CornPops,0.004550104278586022
RaisinNutBran,RaisinNutBran,-1.3319253605528365
RaisinNutBran,Basic4,0.04232073799396774
RaisinNutBran,CocoaPus,0.006724280412160992
RaisinNutBran,GoldenGrahams,0.009141464253815934
RaisinNutBran,Cinn.ToastCrunch,0.009746210618244702
RaisinNutBran,FrootLoops,0.00606789324626972
RaisinNutBran,LowFatGranola,0.03536372857222242
RaisinNutBran,Trix,0.006488705156677818
RaisinNutBran,Triples,0.029642379518802425
RaisinNutBran,Crispix,0.0335114782738308
RaisinNutBran,Kix,0.013580074418910204
RaisinNutBran,LuckyCharms,0.007375754974998589
RaisinNutBran,AppleCinn.Cheerios,0.004692154768135605
RaisinNutBran,CracklinOatBran,0.020798601617292238
RaisinNutBran,BigBiscuitShdWt,0.03210229271882344
RaisinNutBran,HoneyBunchesofOats,0.02810355371498919
RaisinNutBran,GreatGraines,0.0458825938459471
RaisinNutBran,OtmlRaisinCrisp,0.024794381383808628
RaisinNutBran,OatSquares,0.06864498456180522
RaisinNutBran,RiceChex,0.04080390913328796
RaisinNutBran,TotalRaisinBran,0.018269079609182122
RaisinNutBran,Product19,0.02659138124930207
RaisinNutBran,AppleJacks,0.005434157162673166
RaisinNutBran,CaptCrunch,0.00755402291524154
RaisinNutBran,ShreddedWheat,0.08429056724124927
RaisinNutBran,FruityPebbles,0.007400130898123272
RaisinNutBran,Clusters,0.011745583867044693
RaisinNutBran,CinnamonMiniBuns,0.005848467982992316
RaisinNutBran,DoubleDipCrunch,0.01682272950848011
RaisinNutBran,MultiGrainCheerios,0.0035279823735822444
RaisinNutBran,Honeycomb,0.00841279195884538
RaisinNutBran,Popeye,0.007925332263735398
Basic4,CornFlakes,0.011802898415311881
Basic4,Cheerios,0.012086529119106062
Basic4,RiceKrispies,0.013390144296926145
Basic4,FrostedFlakes,0.0056197503346684784
Basic4,RaisinBran,0.008842329179971322
Basic4,Total,0.024752964247471174
Basic4,HoneyNutCheerios,0.005726101518962714
Basic4,SpecialK,0.03245409512480771
Basic4,GrapeNuts,0.0736443772927695
Basic4,SpoonSizeShdWt,0.09560096431314832
Basic4,100%Natural,0.03286565744091727
Basic4,FrostedMiniWheats,0.03792048847981289
Basic4,NutriGrain,0.038332523739116595
Basic4,Mueslix,0.03171670769937629
Basic4,Wheaties,0.010487083119025539
Basic4,RaisinBran,0.006742240275438338
Basic4,Muesli,0.035619747294503415
Basic4,CornPops,0.00455010463460362
Basic4,RaisinNutBran,0.02770331260997073
Basic4,Basic4,-1.4496207983854166
Basic4,CocoaPus,0.00672428026860685
Basic4,GoldenGrahams,0.009141463919003648
Basic4,Cinn.ToastCrunch,0.00974621046264071
Basic4,FrootLoops,0.006067893328617527
Basic4,LowFatGranola,0.035363729313063176
Basic4,Trix,0.006488704899596683
Basic4,Triples,0.029642379816984626
Basic4,Crispix,0.03351147903252514
Basic4,Kix,0.013580074151053854
Basic4,LuckyCharms,0.007375755091002863
Basic4,AppleCinn.Cheerios,0.0046921550681298585
Basic4,CracklinOatBran,0.020798602294395074
Basic4,BigBiscuitShdWt,0.03210229311758402
Basic4,HoneyBunchesofOats,0.028103553939867656
Basic4,GreatGraines,0.04588259431303772
Basic4,OtmlRaisinCrisp,0.024794381511623914
Basic4,OatSquares,0.06864498521985286
Basic4,RiceChex,0.04080390991295642
Basic4,TotalRaisinBran,0.01826907980950275
Basic4,Product19,0.026591381110023064
Basic4,AppleJacks,0.0054341567537115245
Basic4,CaptCrunch,0.007554022798424588
Basic4,ShreddedWheat,0.08429056781033673
Basic4,FruityPebbles,0.007400130465742873
Basic4,Clusters,0.01174558368497019
Basic4,CinnamonMiniBuns,0.005848467738006983
Basic4,DoubleDipCrunch,0.01682272972747597
Basic4,MultiGrainCheerios,0.0035279821494331822
Basic4,Honeycomb,0.008412791645337536
Basic4,Popeye,0.007925332372647134
CocoaPus,CornFlakes,0.011802898180795565
CocoaPus,Cheerios,0.012086529183998359
CocoaPus,RiceKrispies,0.013390143931186087
CocoaPus,FrostedFlakes,0.005619750196908638
CocoaPus,RaisinBran,0.008842328649598259
CocoaPus,Total,0.004192455661183434
CocoaPus,HoneyNutCheerios,0.005726101289294074
CocoaPus,SpecialK,0.005496810924040405
CocoaPus,GrapeNuts,0.012473285922747497
CocoaPus,SpoonSizeShdWt,0.01619211388154413
CocoaPus,100%Natural,0.005566518246824888
CocoaPus,FrostedMiniWheats,0.006422664530467218
CocoaPus,NutriGrain,0.006492451679779471
CocoaPus,Mueslix,0.005371918079277255
CocoaPus,Wheaties,0.010487083181667179
CocoaPus,RaisinBran,0.006742240093526678
CocoaPus,Muesli,0.006032983385284993
CocoaPus,CornPops,0.004550104370794599
CocoaPus,RaisinNutBran,0.004692162278132344
CocoaPus,Basic4,0.007167943118452442
CocoaPus,CocoaPus,-1.5082787967715754
CocoaPus,GoldenGrahams,0.0956394438893946
CocoaPus,Cinn.ToastCrunch,0.10196639932356923
CocoaPus,FrootLoops,0.06348325342296723
CocoaPus,LowFatGranola,0.005989621096784278
CocoaPus,Trix,0.06788585966347568
CocoaPus,Triples,0.005020585429635386
CocoaPus,Crispix,0.005675902416424801
CocoaPus,Kix,0.14207688783722583
CocoaPus,LuckyCharms,0.07716631588661199
CocoaPus,AppleCinn.Cheerios,0.00469215443929101
CocoaPus,CracklinOatBran,0.003522698148662322
CocoaPus,BigBiscuitShdWt,0.005437225698864584
CocoaPus,HoneyBunchesofOats,0.004759951546722578
CocoaPus,GreatGraines,0.007771221223828654
CocoaPus,OtmlRaisinCrisp,0.004199471433119362
CocoaPus,OatSquares,0.011626529819925667
CocoaPus,RiceChex,0.006911034852031894
CocoaPus,TotalRaisinBran,0.0030942684617629116
CocoaPus,Product19,0.00450383253538303
CocoaPus,AppleJacks,0.05685300648301656
CocoaPus,CaptCrunch,0.07903138652518
CocoaPus,ShreddedWheat,0.014276451396770487
CocoaPus,FruityPebbles,0.07742133912331052
CocoaPus,Clusters,0.011745583689121436
CocoaPus,CinnamonMiniBuns,0.005848467644199395
CocoaPus,DoubleDipCrunch,0.002849297400506388
CocoaPus,MultiGrainCheerios,0.003527981156643474
CocoaPus,Honeycomb,0.08801595827399741
CocoaPus,Popeye,0.08291608315054887
GoldenGrahams,CornFlakes,0.011802897726655067
GoldenGrahams,Cheerios,0.012086528437742449
GoldenGrahams,RiceKrispies,0.013390143507748678
GoldenGrahams,FrostedFlakes,0.005619749849306716
GoldenGrahams,RaisinBran,0.008842328336111305
GoldenGrahams,Total,0.00419245522523109
GoldenGrahams,HoneyNutCheerios,0.005726100637348035
GoldenGrahams,SpecialK,0.005496810529224985
GoldenGrahams,GrapeNuts,0.012473285543917289
GoldenGrahams,SpoonSizeShdWt,0.016192113808708244
GoldenGrahams,100%Natural,0.005566517935396885
GoldenGrahams,FrostedMiniWheats,0.006422664270883728
GoldenGrahams,NutriGrain,0.006492451080006357
GoldenGrahams,Mueslix,0.005371917735597779
GoldenGrahams,Wheaties,0.010487082973044307
GoldenGrahams,RaisinBran,0.00674223962978166
GoldenGrahams,Muesli,0.006032982698765897
GoldenGrahams,CornPops,0.004550103726209785
GoldenGrahams,RaisinNutBran,0.004692161696405967
GoldenGrahams,Basic4,0.00716794271922295
GoldenGrahams,CocoaPus,0.07035048351712109
GoldenGrahams,GoldenGrahams,-1.3826145803401293
GoldenGrahams,Cinn.ToastCrunch,0.10196639909655095
GoldenGrahams,FrootLoops,0.0634832529219701
GoldenGrahams,LowFatGranola,0.005989620840989427
GoldenGrahams,Trix,0.06788585949989652
GoldenGrahams,Triples,0.005020585310677333
GoldenGrahams,Crispix,0.0056759020081318555
GoldenGrahams,Kix,0.14207688702327828
GoldenGrahams,LuckyCharms,0.07716631456372529
GoldenGrahams,AppleCinn.Cheerios,0.004692153952380469
GoldenGrahams,CracklinOatBran,0.0035226976365550946
GoldenGrahams,BigBiscuitShdWt,0.005437225402014798
GoldenGrahams,HoneyBunchesofOats,0.004759951479025296
GoldenGrahams,GreatGraines,0.0077712208648983904
GoldenGrahams,OtmlRaisinCrisp,0.004199471168620233
GoldenGrahams,OatSquares,0.011626529512740274
GoldenGrahams,RiceChex,0.006911034591206143
GoldenGrahams,TotalRaisinBran,0.003094268073237356
GoldenGrahams,Product19,0.004503832005685808
GoldenGrahams,AppleJacks,0.05685300591897152
GoldenGrahams,CaptCrunch,0.07903138581863713
GoldenGrahams,ShreddedWheat,0.01427645096250587
GoldenGrahams,FruityPebbles,0.07742133829646436
GoldenGrahams,Clusters,0.011745583286505651
GoldenGrahams,CinnamonMiniBuns,0.005848467131535195
GoldenGrahams,DoubleDipCrunch,0.002849297362578721
GoldenGrahams,MultiGrainCheerios,0.0035279811888827947
GoldenGrahams,Honeycomb,0.08801595722809491
GoldenGrahams,Popeye,0.08291608267369864
Cinn.ToastCrunch,CornFlakes,0.011802897991658208
Cinn.ToastCrunch,Cheerios,0.012086528924927393
Cinn.ToastCrunch,RiceKrispies,0.013390144243609878
Cinn.ToastCrunch,FrostedFlakes,0.0056197499064594815
Cinn.ToastCrunch,RaisinBran,0.008842328530527981
Cinn.ToastCrunch,Total,0.004192455924098205
Cinn.ToastCrunch,HoneyNutCheerios,0.005726101157940303
Cinn.ToastCrunch,SpecialK,0.00549681121622165
Cinn.ToastCrunch,GrapeNuts,0.012473285953757086
Cinn.ToastCrunch,SpoonSizeShdWt,0.016192113760326962
Cinn.ToastCrunch,100%Natural,0.005566517996408093
Cinn.ToastCrunch,FrostedMiniWheats,0.006422664104412585
Cinn.ToastCrunch,NutriGrain,0.006492451400019797
Cinn.ToastCrunch,Mueslix,0.005371918129419151
Cinn.ToastCrunch,Wheaties,0.010487083271731196
Cinn.ToastCrunch,RaisinBran,0.006742240069824502
Cinn.ToastCrunch,Muesli,0.0060329827436785555
Cinn.ToastCrunch,CornPops,0.004550104372753807
Cinn.ToastCrunch,RaisinNutBran,0.004692162139503017
Cinn.ToastCrunch,Basic4,0.00716794327176471
Cinn.ToastCrunch,CocoaPus,0.07035048370777977
Cinn.ToastCrunch,GoldenGrahams,0.09563944406026328
Cinn.ToastCrunch,Cinn.ToastCrunch,-1.4310377769616074
Cinn.ToastCrunch,FrootLoops,0.06348325278998747
Cinn.ToastCrunch,LowFatGranola,0.0059896211547371785
Cinn.ToastCrunch,Trix,0.06788585911045535
Cinn.ToastCrunch,Triples,0.005020585507348791
Cinn.ToastCrunch,Crispix,0.005675902553887631
Cinn.ToastCrunch,Kix,0.14207688699394325
Cinn.ToastCrunch,LuckyCharms,0.07716631524362176
Cinn.ToastCrunch,AppleCinn.Cheerios,0.004692154091755164
Cinn.ToastCrunch,CracklinOatBran,0.0035226984581120443
Cinn.ToastCrunch,BigBiscuitShdWt,0.005437225780978574
Cinn.ToastCrunch,HoneyBunchesofOats,0.004759951718497375
Cinn.ToastCrunch,GreatGraines,0.00777122132611616
Cinn.ToastCrunch,OtmlRaisinCrisp,0.004199471307655719
Cinn.ToastCrunch,OatSquares,0.011626529894045178
Cinn.ToastCrunch,RiceChex,0.006911034541765524
Cinn.ToastCrunch,TotalRaisinBran,0.0030942681879470163
Cinn.ToastCrunch,Product19,0.004503832314802783
Cinn.ToastCrunch,AppleJacks,0.05685300640342664
Cinn.ToastCrunch,CaptCrunch,0.0790313858409762
Cinn.ToastCrunch,ShreddedWheat,0.014276451293639397
Cinn.ToastCrunch,FruityPebbles,0.07742133830042963
Cinn.ToastCrunch,Clusters,0.011745583674792465
Cinn.ToastCrunch,CinnamonMiniBuns,0.00584846740767971
Cinn.ToastCrunch,DoubleDipCrunch,0.002849297455162145
Cinn.ToastCrunch,MultiGrainCheerios,0.003527981489058131
Cinn.ToastCrunch,Honeycomb,0.08801595755397061
Cinn.ToastCrunch,Popeye,0.08291608278910287
FrootLoops,CornFlakes,0.011802897916358633
FrootLoops,Cheerios,0.01208652859790586
FrootLoops,RiceKrispies,0.013390143942008275
FrootLoops,FrostedFlakes,0.005619749905119986
FrootLoops,RaisinBran,0.008842328838533815
FrootLoops,Total,0.004192455605687234
FrootLoops,HoneyNutCheerios,0.005726101279852247
FrootLoops,SpecialK,0.0054968109620872055
FrootLoops,GrapeNuts,0.01247328591147703
FrootLoops,SpoonSizeShdWt,0.016192113980642894
FrootLoops,100%Natural,0.005566518117514651
FrootLoops,FrostedMiniWheats,0.006422664471201057
FrootLoops,NutriGrain,0.006492451687748945
FrootLoops,Mueslix,0.005371918087621242
FrootLoops,Wheaties,0.010487082984180373
FrootLoops,RaisinBran,0.006742239940433741
FrootLoops,Muesli,0.00603298286863539
FrootLoops,CornPops,0.004550104140156768
FrootLoops,RaisinNutBran,0.004692162093909229
FrootLoops,Basic4,0.007167942752433712
FrootLoops,CocoaPus,0.07035048452962316
FrootLoops,GoldenGrahams,0.09563944397078686
FrootLoops,Cinn.ToastCrunch,0.10196639941540234
FrootLoops,FrootLoops,-1.5470836093879177
FrootLoops,LowFatGranola,0.00598962100625325
FrootLoops,Trix,0.06788586002943414
FrootLoops,Triples,0.005020585409604765
FrootLoops,Crispix,0.005675902274952451
FrootLoops,Kix,0.14207688761015053
FrootLoops,LuckyCharms,0.07716631478948578
FrootLoops,AppleCinn.Cheerios,0.004692154562431897
FrootLoops,CracklinOatBran,0.0035226979177163816
FrootLoops,BigBiscuitShdWt,0.005437225578082335
FrootLoops,HoneyBunchesofOats,0.004759951752056919
FrootLoops,GreatGraines,0.007771221289640719
FrootLoops,OtmlRaisinCrisp,0.00419947109931675
FrootLoops,OatSquares,0.011626529571212612
FrootLoops,RiceChex,0.006911034734753369
FrootLoops,TotalRaisinBran,0.0030942680352796705
FrootLoops,Product19,0.004503832249725128
FrootLoops,AppleJacks,0.05685300641406211
FrootLoops,CaptCrunch,0.07903138623058543
FrootLoops,ShreddedWheat,0.014276451483338193
FrootLoops,FruityPebbles,0.07742133818385824
FrootLoops,Clusters,0.011745583599638813
FrootLoops,CinnamonMiniBuns,0.005848467586298137
FrootLoops,DoubleDipCrunch,0.0028492975843993694
FrootLoops,MultiGrainCheerios,0.0035279811344918898
FrootLoops,Honeycomb,0.08801595738063162
FrootLoops,Popeye,0.08291608267031542
LowFatGranola,CornFlakes,0.01180289822221758
LowFatGranola,Cheerios,0.012086529276165162
LowFatGranola,RiceKrispies,0.013390144334499218
LowFatGranola,FrostedFlakes,0.005619749982595255
LowFatGranola,RaisinBran,0.008842329130856457
LowFatGranola,Total,0.024752964634710738
LowFatGranola,HoneyNutCheerios,0.005726101284281074
LowFatGranola,SpecialK,0.03245409472867001
LowFatGranola,GrapeNuts,0.07364437722738668
LowFatGranola,SpoonSizeShdWt,0.09560096388009418
LowFatGranola,100%Natural,0.03286565691062902
LowFatGranola,FrostedMiniWheats,0.03792048824562755
LowFatGranola,NutriGrain,0.03833252342695646
LowFatGranola,Mueslix,0.031716707651856975
LowFatGranola,Wheaties,0.01048708318135744
LowFatGranola,RaisinBran,0.006742240128555575
LowFatGranola,Muesli,0.035619747406152084
LowFatGranola,CornPops,0.0045501045251546525
LowFatGranola,RaisinNutBran,0.0277033123524575
LowFatGranola,Basic4,0.04232073866489284
LowFatGranola,CocoaPus,0.006724280043244268
LowFatGranola,GoldenGrahams,0.009141463723161351
LowFatGranola,Cinn.ToastCrunch,0.00974621046578519
LowFatGranola,FrootLoops,0.006067892868027368
LowFatGranola,LowFatGranola,-1.187389577507053
LowFatGranola,Trix,0.006488704790676161
LowFatGranola,Triples,0.029642379421654187
LowFatGranola,Crispix,0.03351147846305247
LowFatGranola,Kix,0.013580074177891097
LowFatGranola,LuckyCharms,0.007375754830818316
LowFatGranola,AppleCinn.Cheerios,0.0046921547550489665
LowFatGranola,CracklinOatBran,0.02079860202739332
LowFatGranola,BigBiscuitShdWt,0.03210229296272823
LowFatGranola,HoneyBunchesofOats,0.0281035532804957
LowFatGranola,GreatGraines,0.04588259415866542
LowFatGranola,OtmlRaisinCrisp,0.02479438158396532
LowFatGranola,OatSquares,0.06864498474070822
LowFatGranola,RiceChex,0.04080390901538982
LowFatGranola,TotalRaisinBran,0.018269079419366993
LowFatGranola,Product19,0.0265913812422343
LowFatGranola,AppleJacks,0.00543415697648238
LowFatGranola,CaptCrunch,0.007554022754271971
LowFatGranola,ShreddedWheat,0.08429056730068671
LowFatGranola,FruityPebbles,0.0074001305651447
LowFatGranola,Clusters,0.01174558355442519
LowFatGranola,CinnamonMiniBuns,0.005848467795922089
LowFatGranola,DoubleDipCrunch,0.01682272972004696
LowFatGranola,MultiGrainCheerios,0.0035279818009017073
LowFatGranola,Honeycomb,0.008412791827266154
LowFatGranola,Popeye,0.007925332164624285
Trix,CornFlakes,0.011802898023758843
Trix,Cheerios,0.01208652869650818
Trix,RiceKrispies,0.013390143946651238
Trix,FrostedFlakes,0.0056197499729325005
Trix,RaisinBran,0.00884232837681913
Trix,Total,0.004192455787669648
Trix,HoneyNutCheerios,0.005726101053708106
Trix,SpecialK,0.005496810853339854
Trix,GrapeNuts,0.012473285754161751
Trix,SpoonSizeShdWt,0.016192113911952365
Trix,100%Natural,0.005566518005112835
Trix,FrostedMiniWheats,0.006422664349829439
Trix,NutriGrain,0.006492451688511137
Trix,Mueslix,0.005371917977224043
Trix,Wheaties,0.010487083125374766
Trix,RaisinBran,0.006742239874666256
Trix,Muesli,0.006032982960492925
Trix,CornPops,0.004550104387652069
Trix,RaisinNutBran,0.004692162176036944
Trix,Basic4,0.007167942831520575
Trix,CocoaPus,0.07035048432796524
Trix,GoldenGrahams,0.09563944371651022
Trix,Cinn.ToastCrunch,0.10196639937879706
Trix,FrootLoops,0.06348325293346317
Trix,LowFatGranola,0.005989620957218342
Trix,Trix,-1.7388690335564672
Trix,Triples,0.005020585200141374
Trix,Crispix,0.005675901970205778
Trix,Kix,0.1420768868823273
Trix,LuckyCharms,0.07716631484814333
Trix,AppleCinn.Cheerios,0.0046921540205373015
Trix,CracklinOatBran,0.0035226980775681944
Trix,BigBiscuitShdWt,0.005437225325317144
Trix,HoneyBunchesofOats,0.004759951666531281
Trix,GreatGraines,0.007771221019862034
Trix,OtmlRaisinCrisp,0.004199471302593752
Trix,OatSquares,0.011626529686025183
Trix,RiceChex,0.006911034418704383
Trix,TotalRaisinBran,0.0030942681507082595
Trix,Product19,0.004503832461804446
Trix,AppleJacks,0.05685300628886031
Trix,CaptCrunch,0.07903138580094494
Trix,ShreddedWheat,0.014276451064788498
Trix,FruityPebbles,0.07742133824996035
Trix,Clusters,0.011745583289795828
Trix,CinnamonMiniBuns,0.005848467653337161
Trix,DoubleDipCrunch,0.002849297513994015
Trix,MultiGrainCheerios,0.0035279811780677137
Trix,Honeycomb,0.08801595732082387
Trix,Popeye,0.08291608288784567
Triples,CornFlakes,0.011802898353834482
Triples,Cheerios,0.012086529292026235
Triples,RiceKrispies,0.01339014452786173
Triples,FrostedFlakes,0.005619750384741552
Triples,RaisinBran,0.008842329288660699
Triples,Total,0.02475296425799342
Triples,HoneyNutCheerios,0.005726101544615231
Triples,SpecialK,0.03245409488000509
Triples,GrapeNuts,0.07364437741258988
Triples,SpoonSizeShdWt,0.09560096406082928
Triples,100%Natural,0.0328656570026168
Triples,FrostedMiniWheats,0.03792048833004939
Triples,NutriGrain,0.03833252340878461
Triples,Mueslix,0.031716707802457555
Triples,Wheaties,0.010487083244961684
Triples,RaisinBran,0.006742240195830901
Triples,Muesli,0.03561974701007106
Triples,CornPops,0.004550104536843346
Triples,RaisinNutBran,0.02770331302805187
Triples,Basic4,0.042320738436066534
Triples,CocoaPus,0.006724280427951887
Triples,GoldenGrahams,0.00914146423883528
Triples,Cinn.ToastCrunch,0.00974621085749979
Triples,FrootLoops,0.006067893354514024
Triples,LowFatGranola,0.03536372901656789
Triples,Trix,0.006488705099997465
Triples,Triples,-1.0334229965315864
Triples,Crispix,0.03351147919883199
Triples,Kix,0.013580074236947404
Triples,LuckyCharms,0.0073757553296354625
Triples,AppleCinn.Cheerios,0.004692155123753625
Triples,CracklinOatBran,0.02079860229804335
Triples,BigBiscuitShdWt,0.03210229269126606
Triples,HoneyBunchesofOats,0.028103553569987994
Triples,GreatGraines,0.04588259410629009
Triples,OtmlRaisinCrisp,0.024794381693124378
Triples,OatSquares,0.06864498503201313
Triples,RiceChex,0.04080390967479596
Triples,TotalRaisinBran,0.01826907979397444
Triples,Product19,0.026591381749948517
Triples,AppleJacks,0.005434156859270112
Triples,CaptCrunch,0.007554023131415609
Triples,ShreddedWheat,0.08429056747475598
Triples,FruityPebbles,0.007400130912501871
Triples,Clusters,0.011745583969970481
Triples,CinnamonMiniBuns,0.00584846814797127
Triples,DoubleDipCrunch,0.016822729960362163
Triples,MultiGrainCheerios,0.0035279821212225414
Triples,Honeycomb,0.008412791897801903
Triples,Popeye,0.007925332509188051
Crispix,CornFlakes,0.011802898348440012
Crispix,Cheerios,0.012086529169580642
Crispix,RiceKrispies,0.013390144691825267
Crispix,FrostedFlakes,0.005619750282330678
Crispix,RaisinBran,0.008842329220968257
Crispix,Total,0.024752964657176364
Crispix,HoneyNutCheerios,0.005726101563807524
Crispix,SpecialK,0.03245409508305294
Crispix,GrapeNuts,0.07364437760795293
Crispix,SpoonSizeShdWt,0.09560096430828875
Crispix,100%Natural,0.032865657320810766
Crispix,FrostedMiniWheats,0.037920488563198566
Crispix,NutriGrain,0.03833252347585507
Crispix,Mueslix,0.03171670797959496
Crispix,Wheaties,0.010487083470586097
Crispix,RaisinBran,0.006742240159228882
Crispix,Muesli,0.035619747133271186
Crispix,CornPops,0.004550104531882057
Crispix,RaisinNutBran,0.027703312881825207
Crispix,Basic4,0.04232073865966441
Crispix,CocoaPus,0.006724280560000467
Crispix,GoldenGrahams,0.009141464280892577
Crispix,Cinn.ToastCrunch,0.009746210794155413
Crispix,FrootLoops,0.006067893408171748
Crispix,LowFatGranola,0.03536372881097484
Crispix,Trix,0.006488704930405146
Crispix,Triples,0.029642379724102576
Crispix,Crispix,-1.4629925645191313
Crispix,Kix,0.013580074279764784
Crispix,LuckyCharms,0.007375754846944039
Crispix,AppleCinn.Cheerios,0.004692155169409018
Crispix,CracklinOatBran,0.0207986020608131
Crispix,BigBiscuitShdWt,0.0321022927487083
Crispix,HoneyBunchesofOats,0.028103554037334257
Crispix,GreatGraines,0.045882593956615335
Crispix,OtmlRaisinCrisp,0.024794382014607166
Crispix,OatSquares,0.06864498528916954
Crispix,RiceChex,0.04080390938128715
Crispix,TotalRaisinBran,0.018269079735386762
Crispix,Product19,0.026591381775362462
Crispix,AppleJacks,0.0054341572980873935
Crispix,CaptCrunch,0.007554023193741899
Crispix,ShreddedWheat,0.08429056753491246
Crispix,FruityPebbles,0.007400130636990804
Crispix,Clusters,0.01174558387045324
Crispix,CinnamonMiniBuns,0.005848468163436148
Crispix,DoubleDipCrunch,0.016822729661071595
Crispix,MultiGrainCheerios,0.0035279821348451227
Crispix,Honeycomb,0.008412792118264019
Crispix,Popeye,0.007925332359133529
Kix,CornFlakes,0.011802898084601698
Kix,Cheerios,0.012086528917598132
Kix,RiceKrispies,0.013390143765559371
Kix,FrostedFlakes,0.005619749870753806
Kix,RaisinBran,0.008842328597180406
Kix,Total,0.00419245542675384
Kix,HoneyNutCheerios,0.005726101062051118
Kix,SpecialK,0.005496810893351823
Kix,GrapeNuts,0.012473285933001206
Kix,SpoonSizeShdWt,0.01619211366659862
Kix,100%Natural,0.00556651813302749
Kix,FrostedMiniWheats,0.0064226644450263905
Kix,NutriGrain,0.00649245145516808
Kix,Mueslix,0.0053719178541809
Kix,Wheaties,0.010487083018713173
Kix,RaisinBran,0.006742240096095837
Kix,Muesli,0.006032982803703201
Kix,CornPops,0.0045501041133206
Kix,RaisinNutBran,0.0046921617881124115
Kix,Basic4,0.007167942838211323
Kix,CocoaPus,0.07035048392061315
Kix,GoldenGrahams,0.09563944416763102
Kix,Cinn.ToastCrunch,0.10196639935380622
Kix,FrootLoops,0.06348325310652189
Kix,LowFatGranola,0.005989621079294321
Kix,Trix,0.06788585911254391
Kix,Triples,0.005020585307892537
Kix,Crispix,0.005675901948291364
Kix,Kix,-1.5323651836931131
Kix,LuckyCharms,0.07716631466200467
Kix,AppleCinn.Cheerios,0.004692154339863318
Kix,CracklinOatBran,0.0035226979729231474
Kix,BigBiscuitShdWt,0.005437225633214204
Kix,HoneyBunchesofOats,0.004759951444907042
Kix,GreatGraines,0.007771221251574728
Kix,OtmlRaisinCrisp,0.004199471376840559
Kix,OatSquares,0.011626529516551375
Kix,RiceChex,0.006911034594745079
Kix,TotalRaisinBran,0.003094268011666025
Kix,Product19,0.00450383221178083
Kix,AppleJacks,0.05685300597959513
Kix,CaptCrunch,0.07903138582151263
Kix,ShreddedWheat,0.014276451090701126
Kix,FruityPebbles,0.07742133792550789
Kix,Clusters,0.0117455835432678
Kix,CinnamonMiniBuns,0.00584846737116289
Kix,DoubleDipCrunch,0.0028492975128345927
Kix,MultiGrainCheerios,0.0035279811750518076
Kix,Honeycomb,0.08801595729001892
Kix,Popeye,0.08291608280793446
LuckyCharms,CornFlakes,0.011802898063425132
LuckyCharms,Cheerios,0.012086528929664556
LuckyCharms,RiceKrispies,0.013390144128188093
LuckyCharms,FrostedFlakes,0.005619750110574182
LuckyCharms,RaisinBran,0.008842328705457756
LuckyCharms,Total,0.004192456078099257
LuckyCharms,HoneyNutCheerios,0.00572610149320355
LuckyCharms,SpecialK,0.005496810846224004
LuckyCharms,GrapeNuts,0.01247328590986956
LuckyCharms,SpoonSizeShdWt,0.016192113928421528
LuckyCharms,100%Natural,0.0055665181091088855
LuckyCharms,FrostedMiniWheats,0.0064226642961316156
LuckyCharms,NutriGrain,0.006492451643088901
LuckyCharms,Mueslix,0.0053719181712881
LuckyCharms,Wheaties,0.010487083147356246
LuckyCharms,RaisinBran,0.00674224008984288
LuckyCharms,Muesli,0.00603298321973128
LuckyCharms,CornPops,0.004550104334303414
LuckyCharms,RaisinNutBran,0.0046921622197001155
LuckyCharms,Basic4,0.007167943294950516
LuckyCharms,CocoaPus,0.07035048455850139
LuckyCharms,GoldenGrahams,0.09563944412708861
LuckyCharms,Cinn.ToastCrunch,0.1019663993393439
LuckyCharms,FrootLoops,0.06348325349548538
LuckyCharms,LowFatGranola,0.005989620870657071
LuckyCharms,Trix,0.06788585947835014
LuckyCharms,Triples,0.005020585312656072
LuckyCharms,Crispix,0.005675902566756564
LuckyCharms,Kix,0.14207688751889264
LuckyCharms,LuckyCharms,-1.4969004605308769
LuckyCharms,AppleCinn.Cheerios,0.004692154649543699
LuckyCharms,CracklinOatBran,0.0035226982710633964
LuckyCharms,BigBiscuitShdWt,0.005437225544925258
LuckyCharms,HoneyBunchesofOats,0.0047599515655744554
LuckyCharms,GreatGraines,0.007771221248217525
LuckyCharms,OtmlRaisinCrisp,0.004199471559347563
LuckyCharms,OatSquares,0.01162652971750137
LuckyCharms,RiceChex,0.006911034846497615
LuckyCharms,TotalRaisinBran,0.0030942685158912276
LuckyCharms,Product19,0.004503832380437453
LuckyCharms,AppleJacks,0.05685300633625498
LuckyCharms,CaptCrunch,0.07903138623248265
LuckyCharms,ShreddedWheat,0.014276451633696957
LuckyCharms,FruityPebbles,0.07742133840276122
LuckyCharms,Clusters,0.011745583593651588
LuckyCharms,CinnamonMiniBuns,0.005848467770680478
LuckyCharms,DoubleDipCrunch,0.002849297708281872
LuckyCharms,MultiGrainCheerios,0.003527981507340872
LuckyCharms,Honeycomb,0.08801595782750155
LuckyCharms,Popeye,0.08291608294580023
AppleCinn.Cheerios,CornFlakes,0.09800261171428527
AppleCinn.Cheerios,Cheerios,0.10035767117785425
AppleCinn.Cheerios,RiceKrispies,0.11118193871731827
AppleCinn.Cheerios,FrostedFlakes,0.04666227866994734
AppleCinn.Cheerios,RaisinBran,0.07342021501094095
AppleCinn.Cheerios,Total,0.004192456471261228
AppleCinn.Cheerios,HoneyNutCheerios,0.04754534726229614
AppleCinn.Cheerios,SpecialK,0.005496811471583764
AppleCinn.Cheerios,GrapeNuts,0.012473286205487604
AppleCinn.Cheerios,SpoonSizeShdWt,0.016192114156862024
AppleCinn.Cheerios,100%Natural,0.005566518356868697
AppleCinn.Cheerios,FrostedMiniWheats,0.006422664469593674
AppleCinn.Cheerios,NutriGrain,0.006492451865589159
AppleCinn.Cheerios,Mueslix,0.005371918108715128
AppleCinn.Cheerios,Wheaties,0.08707704473758694
AppleCinn.Cheerios,RaisinBran,0.05598261735633371
AppleCinn.Cheerios,Muesli,0.006032983518770725
AppleCinn.Cheerios,CornPops,0.03778072973317862
AppleCinn.Cheerios,RaisinNutBran,0.0046921622164291564
AppleCinn.Cheerios,Basic4,0.007167943635502298
AppleCinn.Cheerios,CocoaPus,0.006724280497451445
AppleCinn.Cheerios,GoldenGrahams,0.009141464297627466
AppleCinn.Cheerios,Cinn.ToastCrunch,0.009746210625779331
AppleCinn.Cheerios,FrootLoops,0.006067893147412884
AppleCinn.Cheerios,LowFatGranola,0.005989621329924674
AppleCinn.Cheerios,Trix,0.006488704916879544
AppleCinn.Cheerios,Triples,0.00502058564523037
AppleCinn.Cheerios,Crispix,0.005675902702398814
AppleCinn.Cheerios,Kix,0.013580074437161608
AppleCinn.Cheerios,LuckyCharms,0.007375754783438283
AppleCinn.Cheerios,AppleCinn.Cheerios,-1.3389185206751277
AppleCinn.Cheerios,CracklinOatBran,0.003522698939229447
AppleCinn.Cheerios,BigBiscuitShdWt,0.0054372254891112606
AppleCinn.Cheerios,HoneyBunchesofOats,0.0047599520669452
AppleCinn.Cheerios,GreatGraines,0.007771221678697101
AppleCinn.Cheerios,OtmlRaisinCrisp,0.00419947164778263
AppleCinn.Cheerios,OatSquares,0.011626529927006267
AppleCinn.Cheerios,RiceChex,0.006911035143699065
AppleCinn.Cheerios,TotalRaisinBran,0.0030942681946020288
AppleCinn.Cheerios,Product19,0.004503832923100771
AppleCinn.Cheerios,AppleJacks,0.0054341570262864064
AppleCinn.Cheerios,CaptCrunch,0.007554023224244347
AppleCinn.Cheerios,ShreddedWheat,0.014276451498142103
AppleCinn.Cheerios,FruityPebbles,0.007400130732961448
AppleCinn.Cheerios,Clusters,0.09752670773877124
AppleCinn.Cheerios,CinnamonMiniBuns,0.048561383237569956
AppleCinn.Cheerios,DoubleDipCrunch,0.002849297899558654
AppleCinn.Cheerios,MultiGrainCheerios,0.029293771222881744
AppleCinn.Cheerios,Honeycomb,0.008412791529242482
AppleCinn.Cheerios,Popeye,0.00792533236537664
CracklinOatBran,CornFlakes,0.011802898336616567
CracklinOatBran,Cheerios,0.012086529021738058
CracklinOatBran,RiceKrispies,0.013390144438344473
CracklinOatBran,FrostedFlakes,0.005619749984784355
CracklinOatBran,RaisinBran,0.008842329137049762
CracklinOatBran,Total,0.024752964274519885
CracklinOatBran,HoneyNutCheerios,0.005726101413759351
CracklinOatBran,SpecialK,0.03245409432499053
CracklinOatBran,GrapeNuts,0.07364437738431187
CracklinOatBran,SpoonSizeShdWt,0.09560096416920119
CracklinOatBran,100%Natural,0.03286565706888916
CracklinOatBran,FrostedMiniWheats,0.037920488355240756
CracklinOatBran,NutriGrain,0.03833252339631036
CracklinOatBran,Mueslix,0.03171670744173412
CracklinOatBran,Wheaties,0.010487083217838887
CracklinOatBran,RaisinBran,0.0067422400375779295
CracklinOatBran,Muesli,0.03561974708520304
CracklinOatBran,CornPops,0.004550104611349487
CracklinOatBran,RaisinNutBran,0.027703312713834086
CracklinOatBran,Basic4,0.04232073867727558
CracklinOatBran,CocoaPus,0.006724280389471298
CracklinOatBran,GoldenGrahams,0.00914146391813375
CracklinOatBran,Cinn.ToastCrunch,0.009746210631205328
CracklinOatBran,FrootLoops,0.006067892933291169
CracklinOatBran,LowFatGranola,0.035363729231974964
CracklinOatBran,Trix,0.006488704707181701
CracklinOatBran,Triples,0.02964237967519491
CracklinOatBran,Crispix,0.033511478915849005
CracklinOatBran,Kix,0.013580074291169036
CracklinOatBran,LuckyCharms,0.007375754800554194
CracklinOatBran,AppleCinn.Cheerios,0.004692154758354385
CracklinOatBran,CracklinOatBran,-1.4346428285944808
CracklinOatBran,BigBiscuitShdWt,0.03210229284459731
CracklinOatBran,HoneyBunchesofOats,0.028103553544111856
CracklinOatBran,GreatGraines,0.04588259392952914
CracklinOatBran,OtmlRaisinCrisp,0.02479438181956242
CracklinOatBran,OatSquares,0.06864498513271017
CracklinOatBran,RiceChex,0.04080390935100286
CracklinOatBran,TotalRaisinBran,0.018269079540155084
CracklinOatBran,Product19,0.026591381485297588
CracklinOatBran,AppleJacks,0.005434157017757
CracklinOatBran,CaptCrunch,0.007554022797889624
CracklinOatBran,ShreddedWheat,0.0842905675945694
CracklinOatBran,FruityPebbles,0.007400130736844637
CracklinOatBran,Clusters,0.011745583791951824
CracklinOatBran,CinnamonMiniBuns,0.005848468002215373
CracklinOatBran,DoubleDipCrunch,0.016822729370609215
CracklinOatBran,MultiGrainCheerios,0.0035279818676701813
CracklinOatBran,Honeycomb,0.008412791984405574
CracklinOatBran,Popeye,0.00792533218968706
BigBiscuitShdWt,CornFlakes,0.011802898368415226
BigBiscuitShdWt,Cheerios,0.012086529387727722
BigBiscuitShdWt,RiceKrispies,0.013390144266732143
BigBiscuitShdWt,FrostedFlakes,0.005619750122084086
BigBiscuitShdWt,RaisinBran,0.008842329142649836
BigBiscuitShdWt,Total,0.024752964008385933
BigBiscuitShdWt,HoneyNutCheerios,0.005726101374868442
BigBiscuitShdWt,SpecialK,0.03245409438595424
BigBiscuitShdWt,GrapeNuts,0.07364437738893641
BigBiscuitShdWt,SpoonSizeShdWt,0.09560096376518527
BigBiscuitShdWt,100%Natural,0.03286565690791976
BigBiscuitShdWt,FrostedMiniWheats,0.037920488670839025
BigBiscuitShdWt,NutriGrain,0.038332523228246956
BigBiscuitShdWt,Mueslix,0.031716707142030516
BigBiscuitShdWt,Wheaties,0.010487083115809722
BigBiscuitShdWt,RaisinBran,0.006742240140786868
BigBiscuitShdWt,Muesli,0.03561974693650534
BigBiscuitShdWt,CornPops,0.00455010443571462
BigBiscuitShdWt,RaisinNutBran,0.027703312186543337
BigBiscuitShdWt,Basic4,0.04232073828371997
BigBiscuitShdWt,CocoaPus,0.006724280552253334
BigBiscuitShdWt,GoldenGrahams,0.00914146415056037
BigBiscuitShdWt,Cinn.ToastCrunch,0.00974621051113903
BigBiscuitShdWt,FrootLoops,0.006067893412027702
BigBiscuitShdWt,LowFatGranola,0.03536372886035681
BigBiscuitShdWt,Trix,0.006488705079584099
BigBiscuitShdWt,Triples,0.029642379668788448
BigBiscuitShdWt,Crispix,0.03351147850649365
BigBiscuitShdWt,Kix,0.013580074112899037
BigBiscuitShdWt,LuckyCharms,0.007375754960387256
BigBiscuitShdWt,AppleCinn.Cheerios,0.004692154836590323
BigBiscuitShdWt,CracklinOatBran,0.020798601737885274
BigBiscuitShdWt,BigBiscuitShdWt,-1.2408386484191876
BigBiscuitShdWt,HoneyBunchesofOats,0.028103553409019457
BigBiscuitShdWt,GreatGraines,0.04588259379913272
BigBiscuitShdWt,OtmlRaisinCrisp,0.024794381316514156
BigBiscuitShdWt,OatSquares,0.06864498461734762
BigBiscuitShdWt,RiceChex,0.0408039089323383
BigBiscuitShdWt,TotalRaisinBran,0.018269079284777744
BigBiscuitShdWt,Product19,0.026591381326477755
BigBiscuitShdWt,AppleJacks,0.00543415712188603
BigBiscuitShdWt,CaptCrunch,0.00755402297063863
BigBiscuitShdWt,ShreddedWheat,0.08429056778877148
BigBiscuitShdWt,FruityPebbles,0.007400130613945559
BigBiscuitShdWt,Clusters,0.011745583976079608
BigBiscuitShdWt,CinnamonMiniBuns,0.005848468089657549
BigBiscuitShdWt,DoubleDipCrunch,0.016822729625361472
BigBiscuitShdWt,MultiGrainCheerios,0.0035279820506622277
BigBiscuitShdWt,Honeycomb,0.008412791843697108
BigBiscuitShdWt,Popeye,0.007925332244210416
HoneyBunchesofOats,CornFlakes,0.011802898194434058
HoneyBunchesofOats,Cheerios,0.012086529280657583
HoneyBunchesofOats,RiceKrispies,0.013390144175683908
HoneyBunchesofOats,FrostedFlakes,0.0056197498665019755
HoneyBunchesofOats,RaisinBran,0.008842328761512894
HoneyBunchesofOats,Total,0.024752963779841854
HoneyBunchesofOats,HoneyNutCheerios,0.005726101348476664
HoneyBunchesofOats,SpecialK,0.03245409453255501
HoneyBunchesofOats,GrapeNuts,0.07364437682124307
HoneyBunchesofOats,SpoonSizeShdWt,0.09560096363656764
HoneyBunchesofOats,100%Natural,0.03286565705407962
HoneyBunchesofOats,FrostedMiniWheats,0.03792048782323963
HoneyBunchesofOats,NutriGrain,0.038332523135883395
HoneyBunchesofOats,Mueslix,0.031716707430593745
HoneyBunchesofOats,Wheaties,0.010487083165628647
HoneyBunchesofOats,RaisinBran,0.006742240060263622
HoneyBunchesofOats,Muesli,0.03561974688038589
HoneyBunchesofOats,CornPops,0.0045501046120262345
HoneyBunchesofOats,RaisinNutBran,0.027703312518635323
HoneyBunchesofOats,Basic4,0.04232073766045717
HoneyBunchesofOats,CocoaPus,0.006724279935348777
HoneyBunchesofOats,GoldenGrahams,0.009141463978849006
HoneyBunchesofOats,Cinn.ToastCrunch,0.009746210566817317
HoneyBunchesofOats,FrootLoops,0.006067893278824771
HoneyBunchesofOats,LowFatGranola,0.03536372870235516
HoneyBunchesofOats,Trix,0.006488704314367617
HoneyBunchesofOats,Triples,0.029642379273906033
HoneyBunchesofOats,Crispix,0.03351147825340661
HoneyBunchesofOats,Kix,0.013580073869991558
HoneyBunchesofOats,LuckyCharms,0.007375754573054179
HoneyBunchesofOats,AppleCinn.Cheerios,0.004692155009935514
HoneyBunchesofOats,CracklinOatBran,0.020798601637669417
HoneyBunchesofOats,BigBiscuitShdWt,0.03210229278352074
HoneyBunchesofOats,HoneyBunchesofOats,-1.2722124606312517
HoneyBunchesofOats,GreatGraines,0.0458825934141502
HoneyBunchesofOats,OtmlRaisinCrisp,0.02479438129356339
HoneyBunchesofOats,OatSquares,0.06864498481791291
HoneyBunchesofOats,RiceChex,0.040803908360385
HoneyBunchesofOats,TotalRaisinBran,0.018269079182500744
HoneyBunchesofOats,Product19,0.026591380777976185
HoneyBunchesofOats,AppleJacks,0.005434156414213026
HoneyBunchesofOats,CaptCrunch,0.007554022885272026
HoneyBunchesofOats,ShreddedWheat,0.08429056730405012
HoneyBunchesofOats,FruityPebbles,0.007400130419056783
HoneyBunchesofOats,Clusters,0.011745583267699177
HoneyBunchesofOats,CinnamonMiniBuns,0.005848467684736385
HoneyBunchesofOats,DoubleDipCrunch,0.016822729279645347
HoneyBunchesofOats,MultiGrainCheerios,0.0035279817485993443
HoneyBunchesofOats,Honeycomb,0.008412791565840239
HoneyBunchesofOats,Popeye,0.007925332128265183
GreatGraines,CornFlakes,0.01180289830535692
GreatGraines,Cheerios,0.012086529096520665
GreatGraines,RiceKrispies,0.013390144268804378
GreatGraines,FrostedFlakes,0.0056197504966543875
GreatGraines,RaisinBran,0.008842329053392717
GreatGraines,Total,0.024752964375654232
GreatGraines,HoneyNutCheerios,0.005726101601480463
GreatGraines,SpecialK,0.0324540944233126
GreatGraines,GrapeNuts,0.0736443773865337
GreatGraines,SpoonSizeShdWt,0.09560096384652864
GreatGraines,100%Natural,0.0328656571741695
GreatGraines,FrostedMiniWheats,0.03792048837245231
GreatGraines,NutriGrain,0.03833252323752104
GreatGraines,Mueslix,0.031716707188346974
GreatGraines,Wheaties,0.010487083309293321
GreatGraines,RaisinBran,0.00674224004049471
GreatGraines,Muesli,0.03561974686596163
GreatGraines,CornPops,0.004550104479737576
GreatGraines,RaisinNutBran,0.02770331275806971
GreatGraines,Basic4,0.04232073805366674
GreatGraines,CocoaPus,0.0067242802093323215
GreatGraines,GoldenGrahams,0.009141464197619733
GreatGraines,Cinn.ToastCrunch,0.009746210740497193
GreatGraines,FrootLoops,0.0060678930850732405
GreatGraines,LowFatGranola,0.03536372891988114
GreatGraines,Trix,0.006488704931835623
GreatGraines,Triples,0.029642379658836128
GreatGraines,Crispix,0.033511478773184104
GreatGraines,Kix,0.013580074125860698
GreatGraines,LuckyCharms,0.007375755240393598
GreatGraines,AppleCinn.Cheerios,0.0046921549629495045
GreatGraines,CracklinOatBran,0.020798601912360125
GreatGraines,BigBiscuitShdWt,0.03210229258369549
GreatGraines,HoneyBunchesofOats,0.02810355336667179
GreatGraines,GreatGraines,-1.2772459895182455
GreatGraines,OtmlRaisinCrisp,0.024794381525995706
GreatGraines,OatSquares,0.06864498494478684
GreatGraines,RiceChex,0.0408039091494599
GreatGraines,TotalRaisinBran,0.018269079481121813
GreatGraines,Product19,0.02659138160188342
GreatGraines,AppleJacks,0.00543415715810822
GreatGraines,CaptCrunch,0.007554023143636302
GreatGraines,ShreddedWheat,0.08429056725550368
GreatGraines,FruityPebbles,0.007400130671591868
GreatGraines,Clusters,0.011745583650847142
GreatGraines,CinnamonMiniBuns,0.005848467732133507
GreatGraines,DoubleDipCrunch,0.01682272945348185
GreatGraines,MultiGrainCheerios,0.0035279822432929702
GreatGraines,Honeycomb,0.008412791913023467
GreatGraines,Popeye,0.00792533219949382
OtmlRaisinCrisp,CornFlakes,0.01180289829591995
OtmlRaisinCrisp,Cheerios,0.012086529158452833
OtmlRaisinCrisp,RiceKrispies,0.013390144630693223
OtmlRaisinCrisp,FrostedFlakes,0.005619750169702025
OtmlRaisinCrisp,RaisinBran,0.008842329060643663
OtmlRaisinCrisp,Total,0.02475296447231556
OtmlRaisinCrisp,HoneyNutCheerios,0.005726101338866443
OtmlRaisinCrisp,SpecialK,0.03245409424250242
OtmlRaisinCrisp,GrapeNuts,0.07364437727878337
OtmlRaisinCrisp,SpoonSizeShdWt,0.09560096350319733
OtmlRaisinCrisp,100%Natural,0.03286565685636743
OtmlRaisinCrisp,FrostedMiniWheats,0.03792048842065208
OtmlRaisinCrisp,NutriGrain,0.03833252330973557
OtmlRaisinCrisp,Mueslix,0.03171670728675404
OtmlRaisinCrisp,Wheaties,0.010487082994192012
OtmlRaisinCrisp,RaisinBran,0.0067422399804308334
OtmlRaisinCrisp,Muesli,0.035619746860741375
OtmlRaisinCrisp,CornPops,0.004550104339022997
OtmlRaisinCrisp,RaisinNutBran,0.027703312610866806
OtmlRaisinCrisp,Basic4,0.04232073820382354
OtmlRaisinCrisp,CocoaPus,0.006724280278356501
OtmlRaisinCrisp,GoldenGrahams,0.0091414637111309
OtmlRaisinCrisp,Cinn.ToastCrunch,0.00974621073038979
OtmlRaisinCrisp,FrootLoops,0.006067893475443074
OtmlRaisinCrisp,LowFatGranola,0.03536372868667215
OtmlRaisinCrisp,Trix,0.006488704850962933
OtmlRaisinCrisp,Triples,0.02964237942842221
OtmlRaisinCrisp,Crispix,0.03351147878892969
OtmlRaisinCrisp,Kix,0.013580073968930687
OtmlRaisinCrisp,LuckyCharms,0.007375755206304838
OtmlRaisinCrisp,AppleCinn.Cheerios,0.004692154863124704
OtmlRaisinCrisp,CracklinOatBran,0.02079860160269102
OtmlRaisinCrisp,BigBiscuitShdWt,0.032102292593686986
OtmlRaisinCrisp,HoneyBunchesofOats,0.028103553706263395
OtmlRaisinCrisp,GreatGraines,0.045882593856686305
OtmlRaisinCrisp,OtmlRaisinCrisp,-1.211646458192184
OtmlRaisinCrisp,OatSquares,0.06864498488881458
OtmlRaisinCrisp,RiceChex,0.04080390910068058
OtmlRaisinCrisp,TotalRaisinBran,0.01826907946088832
OtmlRaisinCrisp,Product19,0.026591381170088628
OtmlRaisinCrisp,AppleJacks,0.005434157237819951
OtmlRaisinCrisp,CaptCrunch,0.0075540227381426985
OtmlRaisinCrisp,ShreddedWheat,0.08429056704253461
OtmlRaisinCrisp,FruityPebbles,0.007400130435511275
OtmlRaisinCrisp,Clusters,0.011745583696242127
OtmlRaisinCrisp,CinnamonMiniBuns,0.005848467784804504
OtmlRaisinCrisp,DoubleDipCrunch,0.016822729354394775
OtmlRaisinCrisp,MultiGrainCheerios,0.003527981897474385
OtmlRaisinCrisp,Honeycomb,0.008412791867421904
OtmlRaisinCrisp,Popeye,0.007925332462758982
OatSquares,CornFlakes,0.011802898195209523
OatSquares,Cheerios,0.01208652893746664
OatSquares,RiceKrispies,0.01339014435306843
OatSquares,FrostedFlakes,0.005619750133142603
OatSquares,RaisinBran,0.008842329080414308
OatSquares,Total,0.02475296397424307
OatSquares,HoneyNutCheerios,0.005726101494673944
OatSquares,SpecialK,0.032454094535054524
OatSquares,GrapeNuts,0.07364437694493804
OatSquares,SpoonSizeShdWt,0.0956009635912479
OatSquares,100%Natural,0.03286565708354342
OatSquares,FrostedMiniWheats,0.03792048810873833
OatSquares,NutriGrain,0.038332523213915545
OatSquares,Mueslix,0.03171670730736941
OatSquares,Wheaties,0.010487083009506555
OatSquares,RaisinBran,0.006742239973284669
OatSquares,Muesli,0.03561974692083147
OatSquares,CornPops,0.004550104383838512
OatSquares,RaisinNutBran,0.02770331238387804
OatSquares,Basic4,0.04232073774367563
OatSquares,CocoaPus,0.006724280046718492
OatSquares,GoldenGrahams,0.009141463849137986
OatSquares,Cinn.ToastCrunch,0.009746210438653183
OatSquares,FrootLoops,0.006067893230346125
OatSquares,LowFatGranola,0.03536372861030824
OatSquares,Trix,0.00648870463078419
OatSquares,Triples,0.02964237965964116
OatSquares,Crispix,0.03351147864956147
OatSquares,Kix,0.013580073838930196
OatSquares,LuckyCharms,0.0073757548098638106
OatSquares,AppleCinn.Cheerios,0.004692154618050378
OatSquares,CracklinOatBran,0.02079860139206542
OatSquares,BigBiscuitShdWt,0.032102292344599555
OatSquares,HoneyBunchesofOats,0.02810355317605514
OatSquares,GreatGraines,0.04588259396329216
OatSquares,OtmlRaisinCrisp,0.024794381624260547
OatSquares,OatSquares,-1.0400455317095687
OatSquares,RiceChex,0.04080390850455914
OatSquares,TotalRaisinBran,0.01826907897978905
OatSquares,Product19,0.026591381011976254
OatSquares,AppleJacks,0.00543415672323929
OatSquares,CaptCrunch,0.0075540228707558265
OatSquares,ShreddedWheat,0.08429056715942805
OatSquares,FruityPebbles,0.007400130366903215
OatSquares,Clusters,0.011745583380083942
OatSquares,CinnamonMiniBuns,0.005848467652613847
OatSquares,DoubleDipCrunch,0.016822729220240088
OatSquares,MultiGrainCheerios,0.0035279820673298134
OatSquares,Honeycomb,0.008412791455167356
OatSquares,Popeye,0.00792533226014265
RiceChex,CornFlakes,0.011802898173064902
RiceChex,Cheerios,0.012086529316115341
RiceChex,RiceKrispies,0.013390144405902481
RiceChex,FrostedFlakes,0.005619749910225358
RiceChex,RaisinBran,0.008842329119490077
RiceChex,Total,0.02475296403051281
RiceChex,HoneyNutCheerios,0.0057261013252589915
RiceChex,SpecialK,0.03245409461864066
RiceChex,GrapeNuts,0.07364437756428618
RiceChex,SpoonSizeShdWt,0.09560096403846272
RiceChex,100%Natural,0.03286565707972214
RiceChex,FrostedMiniWheats,0.03792048804569358
RiceChex,NutriGrain,0.038332523482775945
RiceChex,Mueslix,0.031716707152702035
RiceChex,Wheaties,0.010487083220279471
RiceChex,RaisinBran,0.006742239942883337
RiceChex,Muesli,0.03561974741183887
RiceChex,CornPops,0.004550104517841983
RiceChex,RaisinNutBran,0.027703312655560856
RiceChex,Basic4,0.04232073789324662
RiceChex,CocoaPus,0.006724280170149866
RiceChex,GoldenGrahams,0.009141463982863864
RiceChex,Cinn.ToastCrunch,0.009746210596625572
RiceChex,FrootLoops,0.0060678930168110955
RiceChex,LowFatGranola,0.0353637286968027
RiceChex,Trix,0.00648870465748396
RiceChex,Triples,0.029642379584469147
RiceChex,Crispix,0.033511478760857215
RiceChex,Kix,0.013580074015602142
RiceChex,LuckyCharms,0.007375754795485482
RiceChex,AppleCinn.Cheerios,0.004692154858988585
RiceChex,CracklinOatBran,0.020798602113653267
RiceChex,BigBiscuitShdWt,0.032102292727849306
RiceChex,HoneyBunchesofOats,0.02810355370298562
RiceChex,GreatGraines,0.04588259393775281
RiceChex,OtmlRaisinCrisp,0.0247943814101098
RiceChex,OatSquares,0.06864498510186579
RiceChex,RiceChex,-1.5104502867309704
RiceChex,TotalRaisinBran,0.018269079112837074
RiceChex,Product19,0.026591381188818566
RiceChex,AppleJacks,0.005434156843824711
RiceChex,CaptCrunch,0.007554023030320951
RiceChex,ShreddedWheat,0.08429056737587329
RiceChex,FruityPebbles,0.0074001304940971785
RiceChex,Clusters,0.011745583434676599
RiceChex,CinnamonMiniBuns,0.005848467668413771
RiceChex,DoubleDipCrunch,0.01682272997079023
RiceChex,MultiGrainCheerios,0.003527982061182739
RiceChex,Honeycomb,0.00841279149578104
RiceChex,Popeye,0.007925332315046755
TotalRaisinBran,CornFlakes,0.011802898440330127
TotalRaisinBran,Cheerios,0.01208652942090285
TotalRaisinBran,RiceKrispies,0.013390144371536952
TotalRaisinBran,FrostedFlakes,0.005619750236071599
TotalRaisinBran,RaisinBran,0.008842329132895456
TotalRaisinBran,Total,0.02475296496956819
TotalRaisinBran,HoneyNutCheerios,0.00572610140885553
TotalRaisinBran,SpecialK,0.03245409498150802
TotalRaisinBran,GrapeNuts,0.07364437727172843
TotalRaisinBran,SpoonSizeShdWt,0.0956009639345999
TotalRaisinBran,100%Natural,0.032865657123300605
TotalRaisinBran,FrostedMiniWheats,0.03792048879739198
TotalRaisinBran,NutriGrain,0.03833252312903384
TotalRaisinBran,Mueslix,0.031716707480719655
TotalRaisinBran,Wheaties,0.010487083375234043
TotalRaisinBran,RaisinBran,0.006742240118213092
TotalRaisinBran,Muesli,0.03561974715442769
TotalRaisinBran,CornPops,0.004550104537224341
TotalRaisinBran,RaisinNutBran,0.02770331267726542
TotalRaisinBran,Basic4,0.042320738244084784
TotalRaisinBran,CocoaPus,0.006724280451791975
TotalRaisinBran,GoldenGrahams,0.009141464011064028
TotalRaisinBran,Cinn.ToastCrunch,0.009746210572927743
TotalRaisinBran,FrootLoops,0.006067893025846968
TotalRaisinBran,LowFatGranola,0.03536372937196452
TotalRaisinBran,Trix,0.006488704683822192
TotalRaisinBran,Triples,0.029642379973329233
TotalRaisinBran,Crispix,0.03351147886121173
TotalRaisinBran,Kix,0.013580074137469594
TotalRaisinBran,LuckyCharms,0.00737575475496311
TotalRaisinBran,AppleCinn.Cheerios,0.00469215487637958
TotalRaisinBran,CracklinOatBran,0.020798601804639657
TotalRaisinBran,BigBiscuitShdWt,0.03210229283890399
TotalRaisinBran,HoneyBunchesofOats,0.028103554019825477
TotalRaisinBran,GreatGraines,0.045882594331087344
TotalRaisinBran,OtmlRaisinCrisp,0.024794381622459952
TotalRaisinBran,OatSquares,0.06864498486510931
TotalRaisinBran,RiceChex,0.04080390915943427
TotalRaisinBran,TotalRaisinBran,-1.350484612287926
TotalRaisinBran,Product19,0.026591381482781406
TotalRaisinBran,AppleJacks,0.00543415718927724
TotalRaisinBran,CaptCrunch,0.007554022814845518
TotalRaisinBran,ShreddedWheat,0.08429056745796686
TotalRaisinBran,FruityPebbles,0.007400130773199025
TotalRaisinBran,Clusters,0.011745583703786226
TotalRaisinBran,CinnamonMiniBuns,0.005848467936338328
TotalRaisinBran,DoubleDipCrunch,0.01682272979930447
TotalRaisinBran,MultiGrainCheerios,0.0035279822315707685
TotalRaisinBran,Honeycomb,0.00841279193957856
TotalRaisinBran,Popeye,0.007925332293929261
Product19,CornFlakes,0.011802898578158295
Product19,Cheerios,0.012086529051774039
Product19,RiceKrispies,0.01339014469546894
Product19,FrostedFlakes,0.0056197501122809915
Product19,RaisinBran,0.008842329179045188
Product19,Total,0.02475296502402384
Product19,HoneyNutCheerios,0.005726101484213409
Product19,SpecialK,0.032454094456774815
Product19,GrapeNuts,0.07364437728148233
Product19,SpoonSizeShdWt,0.09560096408620279
Product19,100%Natural,0.032865656938845744
Product19,FrostedMiniWheats,0.037920488138200946
Product19,NutriGrain,0.03833252323122016
Product19,Mueslix,0.031716707407176435
Product19,Wheaties,0.01048708315262484
Product19,RaisinBran,0.0067422403166638775
Product19,Muesli,0.03561974706239646
Product19,CornPops,0.004550104983338509
Product19,RaisinNutBran,0.027703312685817476
Product19,Basic4,0.042320737778904785
Product19,CocoaPus,0.006724280681133298
Product19,GoldenGrahams,0.009141464189980828
Product19,Cinn.ToastCrunch,0.009746210818713633
Product19,FrootLoops,0.006067893460315888
Product19,LowFatGranola,0.03536372898836245
Product19,Trix,0.00648870545140772
Product19,Triples,0.029642379554992673
Product19,Crispix,0.03351147859009205
Product19,Kix,0.013580074054470452
Product19,LuckyCharms,0.007375755108132934
Product19,AppleCinn.Cheerios,0.004692154765042203
Product19,CracklinOatBran,0.020798601380866377
Product19,BigBiscuitShdWt,0.03210229269089992
Product19,HoneyBunchesofOats,0.028103553386457907
Product19,GreatGraines,0.0458825936074186
Product19,OtmlRaisinCrisp,0.024794381377028916
Product19,OatSquares,0.06864498477851512
Product19,RiceChex,0.04080390971044215
Product19,TotalRaisinBran,0.018269079123163105
Product19,Product19,-1.5155377839658006
Product19,AppleJacks,0.0054341567620777255
Product19,CaptCrunch,0.007554022857137826
Product19,ShreddedWheat,0.08429056735063856
Product19,FruityPebbles,0.007400130745333322
Product19,Clusters,0.011745584022521028
Product19,CinnamonMiniBuns,0.005848467837285899
Product19,DoubleDipCrunch,0.016822729708740183
Product19,MultiGrainCheerios,0.0035279818886668544
Product19,Honeycomb,0.008412792305189095
Product19,Popeye,0.00792533227420035
AppleJacks,CornFlakes,0.01180289808748546
AppleJacks,Cheerios,0.012086528994970471
AppleJacks,RiceKrispies,0.013390143952065175
AppleJacks,FrostedFlakes,0.005619750081676638
AppleJacks,RaisinBran,0.008842328987593745
AppleJacks,Total,0.004192455854644001
AppleJacks,HoneyNutCheerios,0.0057261011054498025
AppleJacks,SpecialK,0.0054968112281295394
AppleJacks,GrapeNuts,0.012473285796940327
AppleJacks,SpoonSizeShdWt,0.016192114229487544
AppleJacks,100%Natural,0.005566518245337148
AppleJacks,FrostedMiniWheats,0.00642266426238896
AppleJacks,NutriGrain,0.006492451574873716
AppleJacks,Mueslix,0.005371918040421443
AppleJacks,Wheaties,0.010487083430043953
AppleJacks,RaisinBran,0.006742240274427773
AppleJacks,Muesli,0.006032982918981101
AppleJacks,CornPops,0.0045501046515499495
AppleJacks,RaisinNutBran,0.004692162045522005
AppleJacks,Basic4,0.0071679432598577
AppleJacks,CocoaPus,0.07035048457757256
AppleJacks,GoldenGrahams,0.09563944468108872
AppleJacks,Cinn.ToastCrunch,0.10196639992193886
AppleJacks,FrootLoops,0.06348325330958496
AppleJacks,LowFatGranola,0.005989621141302806
AppleJacks,Trix,0.06788586038316964
AppleJacks,Triples,0.005020585402441444
AppleJacks,Crispix,0.005675902214701508
AppleJacks,Kix,0.14207688754064343
AppleJacks,LuckyCharms,0.07716631579651978
AppleJacks,AppleCinn.Cheerios,0.004692154471703793
AppleJacks,CracklinOatBran,0.003522698254272148
AppleJacks,BigBiscuitShdWt,0.005437225819676541
AppleJacks,HoneyBunchesofOats,0.004759951579151848
AppleJacks,GreatGraines,0.007771221461349395
AppleJacks,OtmlRaisinCrisp,0.004199471480126045
AppleJacks,OatSquares,0.011626529896320879
AppleJacks,RiceChex,0.006911034544559257
AppleJacks,TotalRaisinBran,0.003094268104521256
AppleJacks,Product19,0.004503832354861427
AppleJacks,AppleJacks,-1.6039014898974446
AppleJacks,CaptCrunch,0.07903138614663638
AppleJacks,ShreddedWheat,0.014276451734020087
AppleJacks,FruityPebbles,0.07742133879016458
AppleJacks,Clusters,0.011745583840908595
AppleJacks,CinnamonMiniBuns,0.005848467745778875
AppleJacks,DoubleDipCrunch,0.0028492975677995628
AppleJacks,MultiGrainCheerios,0.0035279814076384247
AppleJacks,Honeycomb,0.08801595782678638
AppleJacks,Popeye,0.08291608326802909
CaptCrunch,CornFlakes,0.01180289796837235
CaptCrunch,Cheerios,0.012086528428448437
CaptCrunch,RiceKrispies,0.013390143784495006
CaptCrunch,FrostedFlakes,0.005619749866862802
CaptCrunch,RaisinBran,0.008842328356311544
CaptCrunch,Total,0.004192455751005947
CaptCrunch,HoneyNutCheerios,0.005726101002708045
CaptCrunch,SpecialK,0.005496810913308836
CaptCrunch,GrapeNuts,0.012473285765342382
CaptCrunch,SpoonSizeShdWt,0.016192113899213424
CaptCrunch,100%Natural,0.005566517996177521
CaptCrunch,FrostedMiniWheats,0.00642266409365218
CaptCrunch,NutriGrain,0.00649245112159454
CaptCrunch,Mueslix,0.0053719176140953
CaptCrunch,Wheaties,0.01048708274184099
CaptCrunch,RaisinBran,0.006742239747734498
CaptCrunch,Muesli,0.0060329830098647085
CaptCrunch,CornPops,0.004550103710976017
CaptCrunch,RaisinNutBran,0.0046921617698979885
CaptCrunch,Basic4,0.007167942509606879
CaptCrunch,CocoaPus,0.07035048417702516
CaptCrunch,GoldenGrahams,0.09563944383961728
CaptCrunch,Cinn.ToastCrunch,0.10196639957994792
CaptCrunch,FrootLoops,0.06348325323475823
CaptCrunch,LowFatGranola,0.005989620496866619
CaptCrunch,Trix,0.06788585963009484
CaptCrunch,Triples,0.0050205852210880525
CaptCrunch,Crispix,0.005675902238536701
CaptCrunch,Kix,0.14207688725878656
CaptCrunch,LuckyCharms,0.0771663148032479
CaptCrunch,AppleCinn.Cheerios,0.00469215421436993
CaptCrunch,CracklinOatBran,0.0035226978688127075
CaptCrunch,BigBiscuitShdWt,0.005437225244375896
CaptCrunch,HoneyBunchesofOats,0.004759951088064382
CaptCrunch,GreatGraines,0.0077712207669349866
CaptCrunch,OtmlRaisinCrisp,0.004199471350157739
CaptCrunch,OatSquares,0.011626529370755782
CaptCrunch,RiceChex,0.006911034554188839
CaptCrunch,TotalRaisinBran,0.00309426796607157
CaptCrunch,Product19,0.00450383178195012
CaptCrunch,AppleJacks,0.05685300609946237
CaptCrunch,CaptCrunch,-1.0844092840726633
CaptCrunch,ShreddedWheat,0.014276451370086441
CaptCrunch,FruityPebbles,0.07742133820778342
CaptCrunch,Clusters,0.011745583410221767
CaptCrunch,CinnamonMiniBuns,0.005848467167456295
CaptCrunch,DoubleDipCrunch,0.0028492969687065944
CaptCrunch,MultiGrainCheerios,0.003527981177397426
CaptCrunch,Honeycomb,0.08801595734133558
CaptCrunch,Popeye,0.08291608295400849
ShreddedWheat,CornFlakes,0.011802898327923783
ShreddedWheat,Cheerios,0.012086529078796605
ShreddedWheat,RiceKrispies,0.013390144250767955
ShreddedWheat,FrostedFlakes,0.005619750267395429
ShreddedWheat,RaisinBran,0.008842329047899212
ShreddedWheat,Total,0.02475296411229654
ShreddedWheat,HoneyNutCheerios,0.005726101620626425
ShreddedWheat,SpecialK,0.032454094313713565
ShreddedWheat,GrapeNuts,0.07364437712596512
ShreddedWheat,SpoonSizeShdWt,0.09560096362554159
ShreddedWheat,100%Natural,0.03286565706581128
ShreddedWheat,FrostedMiniWheats,0.03792048812973497
ShreddedWheat,NutriGrain,0.03833252289188047
ShreddedWheat,Mueslix,0.031716707346397345
ShreddedWheat,Wheaties,0.010487083248126722
ShreddedWheat,RaisinBran,0.0067422402624252985
ShreddedWheat,Muesli,0.035619747312411965
ShreddedWheat,CornPops,0.004550104480948754
ShreddedWheat,RaisinNutBran,0.02770331248591562
ShreddedWheat,Basic4,0.04232073820381473
ShreddedWheat,CocoaPus,0.0067242804111728545
ShreddedWheat,GoldenGrahams,0.009141464119042325
ShreddedWheat,Cinn.ToastCrunch,0.009746210645002253
ShreddedWheat,FrootLoops,0.006067893321645457
ShreddedWheat,LowFatGranola,0.0353637288318246
ShreddedWheat,Trix,0.006488704990553536
ShreddedWheat,Triples,0.029642379527230544
ShreddedWheat,Crispix,0.03351147872122129
ShreddedWheat,Kix,0.013580074234176528
ShreddedWheat,LuckyCharms,0.007375754951300908
ShreddedWheat,AppleCinn.Cheerios,0.004692154758990863
ShreddedWheat,CracklinOatBran,0.02079860168099416
ShreddedWheat,BigBiscuitShdWt,0.0321022927081021
ShreddedWheat,HoneyBunchesofOats,0.02810355354958983
ShreddedWheat,GreatGraines,0.04588259388693436
ShreddedWheat,OtmlRaisinCrisp,0.024794381521143258
ShreddedWheat,OatSquares,0.06864498500149821
ShreddedWheat,RiceChex,0.04080390924155943
ShreddedWheat,TotalRaisinBran,0.018269079384951915
ShreddedWheat,Product19,0.02659138144893984
ShreddedWheat,AppleJacks,0.0054341567784019435
ShreddedWheat,CaptCrunch,0.007554022804443688
ShreddedWheat,ShreddedWheat,-1.2023379344978957
ShreddedWheat,FruityPebbles,0.007400130670504777
ShreddedWheat,Clusters,0.01174558358872202
ShreddedWheat,CinnamonMiniBuns,0.005848467951170232
ShreddedWheat,DoubleDipCrunch,0.016822729720543595
ShreddedWheat,MultiGrainCheerios,0.0035279821500243886
ShreddedWheat,Honeycomb,0.008412791979815435
ShreddedWheat,Popeye,0.007925332248677938
FruityPebbles,CornFlakes,0.011802898019579348
FruityPebbles,Cheerios,0.012086528673872443
FruityPebbles,RiceKrispies,0.013390143838960535
FruityPebbles,FrostedFlakes,0.005619749918306868
FruityPebbles,RaisinBran,0.008842328635008292
FruityPebbles,Total,0.004192455642185105
FruityPebbles,HoneyNutCheerios,0.0057261013120407525
FruityPebbles,SpecialK,0.005496810881055798
FruityPebbles,GrapeNuts,0.012473285718154262
FruityPebbles,SpoonSizeShdWt,0.016192113932850208
FruityPebbles,100%Natural,0.005566518060011148
FruityPebbles,FrostedMiniWheats,0.006422664235304319
FruityPebbles,NutriGrain,0.006492451665691284
FruityPebbles,Mueslix,0.005371918213044252
FruityPebbles,Wheaties,0.010487083051405343
FruityPebbles,RaisinBran,0.006742240010609126
FruityPebbles,Muesli,0.00603298307549583
FruityPebbles,CornPops,0.004550104105992363
FruityPebbles,RaisinNutBran,0.004692161915506713
FruityPebbles,Basic4,0.007167942870627393
FruityPebbles,CocoaPus,0.07035048425563463
FruityPebbles,GoldenGrahams,0.0956394441597158
FruityPebbles,Cinn.ToastCrunch,0.10196639942808965
FruityPebbles,FrootLoops,0.06348325332372312
FruityPebbles,LowFatGranola,0.00598962083419984
FruityPebbles,Trix,0.0678858593399974
FruityPebbles,Triples,0.005020585201969355
FruityPebbles,Crispix,0.005675902105570274
FruityPebbles,Kix,0.14207688760057813
FruityPebbles,LuckyCharms,0.07716631566574733
FruityPebbles,AppleCinn.Cheerios,0.0046921543574646235
FruityPebbles,CracklinOatBran,0.003522697929534716
FruityPebbles,BigBiscuitShdWt,0.00543722545568581
FruityPebbles,HoneyBunchesofOats,0.004759951588027092
FruityPebbles,GreatGraines,0.007771221239820729
FruityPebbles,OtmlRaisinCrisp,0.0041994712012810185
FruityPebbles,OatSquares,0.01162652964631282
FruityPebbles,RiceChex,0.0069110347407609456
FruityPebbles,TotalRaisinBran,0.0030942682105965826
FruityPebbles,Product19,0.004503832273525519
FruityPebbles,AppleJacks,0.056853005957350634
FruityPebbles,CaptCrunch,0.0790313859286199
FruityPebbles,ShreddedWheat,0.014276451481751886
FruityPebbles,FruityPebbles,-1.3871451406762014
FruityPebbles,Clusters,0.0117455835182604
FruityPebbles,CinnamonMiniBuns,0.005848467493421483
FruityPebbles,DoubleDipCrunch,0.0028492975270388646
FruityPebbles,MultiGrainCheerios,0.003527981415542142
FruityPebbles,Honeycomb,0.08801595748110125
FruityPebbles,Popeye,0.08291608278551313
Clusters,CornFlakes,0.09800261209428603
Clusters,Cheerios,0.10035767142172353
Clusters,RiceKrispies,0.1111819382678361
Clusters,FrostedFlakes,0.04666227897058114
Clusters,RaisinBran,0.07342021524931837
Clusters,Total,0.004192456439050618
Clusters,HoneyNutCheerios,0.04754534691385414
Clusters,SpecialK,0.005496811665045084
Clusters,GrapeNuts,0.012473286267153631
Clusters,SpoonSizeShdWt,0.016192114344552352
Clusters,100%Natural,0.0055665183627952464
Clusters,FrostedMiniWheats,0.006422664176097839
Clusters,NutriGrain,0.006492451752255801
Clusters,Mueslix,0.005371918146535
Clusters,Wheaties,0.08707704483412723
Clusters,RaisinBran,0.055982617816498714
Clusters,Muesli,0.006032983481091088
Clusters,CornPops,0.03778073054226146
Clusters,RaisinNutBran,0.0046921622980215264
Clusters,Basic4,0.007167943697118422
Clusters,CocoaPus,0.006724280606700342
Clusters,GoldenGrahams,0.009141464283866772
Clusters,Cinn.ToastCrunch,0.009746210787981168
Clusters,FrootLoops,0.006067893269402672
Clusters,LowFatGranola,0.005989621083861096
Clusters,Trix,0.006488705313083758
Clusters,Triples,0.005020585830355565
Clusters,Crispix,0.005675902317341086
Clusters,Kix,0.013580074170216365
Clusters,LuckyCharms,0.007375755193556743
Clusters,AppleCinn.Cheerios,0.038960208653371686
Clusters,CracklinOatBran,0.0035226988846405786
Clusters,BigBiscuitShdWt,0.0054372254268326885
Clusters,HoneyBunchesofOats,0.004759951882201323
Clusters,GreatGraines,0.007771221348134972
Clusters,OtmlRaisinCrisp,0.00419947148920466
Clusters,OatSquares,0.01162653001904705
Clusters,RiceChex,0.006911034875656059
Clusters,TotalRaisinBran,0.003094268297493132
Clusters,Product19,0.004503832695639466
Clusters,AppleJacks,0.00543415705529686
Clusters,CaptCrunch,0.007554023002630132
Clusters,ShreddedWheat,0.01427645152491742
Clusters,FruityPebbles,0.007400130939739374
Clusters,Clusters,-1.335102194656903
Clusters,CinnamonMiniBuns,0.04856138335428967
Clusters,DoubleDipCrunch,0.002849297953771378
Clusters,MultiGrainCheerios,0.02929377145267635
Clusters,Honeycomb,0.008412792070521046
Clusters,Popeye,0.007925332294827142
CinnamonMiniBuns,CornFlakes,0.09800261147679118
CinnamonMiniBuns,Cheerios,0.10035767046539316
CinnamonMiniBuns,RiceKrispies,0.11118193822809336
CinnamonMiniBuns,FrostedFlakes,0.046662278256307324
CinnamonMiniBuns,RaisinBran,0.07342021475346121
CinnamonMiniBuns,Total,0.00419245599540597
CinnamonMiniBuns,HoneyNutCheerios,0.0475453466558071
CinnamonMiniBuns,SpecialK,0.005496811059545549
CinnamonMiniBuns,GrapeNuts,0.012473286012881994
CinnamonMiniBuns,SpoonSizeShdWt,0.01619211402743419
CinnamonMiniBuns,100%Natural,0.005566517997670451
CinnamonMiniBuns,FrostedMiniWheats,0.006422663942162744
CinnamonMiniBuns,NutriGrain,0.006492451588439817
CinnamonMiniBuns,Mueslix,0.005371918239138441
CinnamonMiniBuns,Wheaties,0.08707704427904578
CinnamonMiniBuns,RaisinBran,0.055982617270471796
CinnamonMiniBuns,Muesli,0.006032983430985979
CinnamonMiniBuns,CornPops,0.03778072980459362
CinnamonMiniBuns,RaisinNutBran,0.004692162082963248
CinnamonMiniBuns,Basic4,0.007167943293033935
CinnamonMiniBuns,CocoaPus,0.0067242803245271985
CinnamonMiniBuns,GoldenGrahams,0.009141463715999778
CinnamonMiniBuns,Cinn.ToastCrunch,0.009746210385028797
CinnamonMiniBuns,FrootLoops,0.006067893176770897
CinnamonMiniBuns,LowFatGranola,0.005989621137746863
CinnamonMiniBuns,Trix,0.006488704684149005
CinnamonMiniBuns,Triples,0.0050205854974910025
CinnamonMiniBuns,Crispix,0.0056759022748962325
CinnamonMiniBuns,Kix,0.013580074175825737
CinnamonMiniBuns,LuckyCharms,0.007375754660401485
CinnamonMiniBuns,AppleCinn.Cheerios,0.0389602084816629
CinnamonMiniBuns,CracklinOatBran,0.0035226985679814864
CinnamonMiniBuns,BigBiscuitShdWt,0.0054372252047868355
CinnamonMiniBuns,HoneyBunchesofOats,0.004759951855204615
CinnamonMiniBuns,GreatGraines,0.00777122107886845
CinnamonMiniBuns,OtmlRaisinCrisp,0.00419947115905078
CinnamonMiniBuns,OatSquares,0.011626529986067452
CinnamonMiniBuns,RiceChex,0.006911034576284513
CinnamonMiniBuns,TotalRaisinBran,0.0030942683534870637
CinnamonMiniBuns,Product19,0.004503832445226592
CinnamonMiniBuns,AppleJacks,0.005434156786084395
CinnamonMiniBuns,CaptCrunch,0.007554022897459063
CinnamonMiniBuns,ShreddedWheat,0.014276451266502945
CinnamonMiniBuns,FruityPebbles,0.00740013059235548
CinnamonMiniBuns,Clusters,0.09752670754756328
CinnamonMiniBuns,CinnamonMiniBuns,-1.2061295168145867
CinnamonMiniBuns,DoubleDipCrunch,0.0028492974597376097
CinnamonMiniBuns,MultiGrainCheerios,0.02929377079741519
CinnamonMiniBuns,Honeycomb,0.008412791743864086
CinnamonMiniBuns,Popeye,0.007925332248182204
DoubleDipCrunch,CornFlakes,0.011802898374974941
DoubleDipCrunch,Cheerios,0.012086529103867356
DoubleDipCrunch,RiceKrispies,0.013390144459299595
DoubleDipCrunch,FrostedFlakes,0.005619750103036451
DoubleDipCrunch,RaisinBran,0.008842329074909467
DoubleDipCrunch,Total,0.024752963657487626
DoubleDipCrunch,HoneyNutCheerios,0.005726101249739657
DoubleDipCrunch,SpecialK,0.03245409470253005
DoubleDipCrunch,GrapeNuts,0.07364437711164133
DoubleDipCrunch,SpoonSizeShdWt,0.09560096364071875
DoubleDipCrunch,100%Natural,0.03286565665187625
DoubleDipCrunch,FrostedMiniWheats,0.03792048808748039
DoubleDipCrunch,NutriGrain,0.03833252278930195
DoubleDipCrunch,Mueslix,0.03171670740375964
DoubleDipCrunch,Wheaties,0.010487083279881331
DoubleDipCrunch,RaisinBran,0.0067422401739741815
DoubleDipCrunch,Muesli,0.03561974723867934
DoubleDipCrunch,CornPops,0.004550104669997714
DoubleDipCrunch,RaisinNutBran,0.027703311954157678
DoubleDipCrunch,Basic4,0.042320738232820856
DoubleDipCrunch,CocoaPus,0.006724280037746932
DoubleDipCrunch,GoldenGrahams,0.009141463788458305
DoubleDipCrunch,Cinn.ToastCrunch,0.009746210289631574
DoubleDipCrunch,FrootLoops,0.00606789282657162
DoubleDipCrunch,LowFatGranola,0.03536372861439993
DoubleDipCrunch,Trix,0.006488704494177766
DoubleDipCrunch,Triples,0.029642379704294994
DoubleDipCrunch,Crispix,0.03351147870979361
DoubleDipCrunch,Kix,0.013580074212317926
DoubleDipCrunch,LuckyCharms,0.007375754977906381
DoubleDipCrunch,AppleCinn.Cheerios,0.004692154835752797
DoubleDipCrunch,CracklinOatBran,0.020798601708654014
DoubleDipCrunch,BigBiscuitShdWt,0.0321022926365113
DoubleDipCrunch,HoneyBunchesofOats,0.028103553275485697
DoubleDipCrunch,GreatGraines,0.04588259383210306
DoubleDipCrunch,OtmlRaisinCrisp,0.02479438137841422
DoubleDipCrunch,OatSquares,0.0686449848909638
DoubleDipCrunch,RiceChex,0.04080390874053479
DoubleDipCrunch,TotalRaisinBran,0.018269079432171015
DoubleDipCrunch,Product19,0.026591381142159604
DoubleDipCrunch,AppleJacks,0.0054341566499124215
DoubleDipCrunch,CaptCrunch,0.0075540226837364985
DoubleDipCrunch,ShreddedWheat,0.08429056687712624
DoubleDipCrunch,FruityPebbles,0.007400130396539241
DoubleDipCrunch,Clusters,0.011745583486389016
DoubleDipCrunch,CinnamonMiniBuns,0.005848467556024221
DoubleDipCrunch,DoubleDipCrunch,-1.3564934783048157
DoubleDipCrunch,MultiGrainCheerios,0.003527981984671085
DoubleDipCrunch,Honeycomb,0.008412791792305679
DoubleDipCrunch,Popeye,0.00792533222943811
MultiGrainCheerios,CornFlakes,0.09800261191638181
MultiGrainCheerios,Cheerios,0.10035767091975666
MultiGrainCheerios,RiceKrispies,0.11118193869033077
MultiGrainCheerios,FrostedFlakes,0.046662278515656526
MultiGrainCheerios,RaisinBran,0.0734202153153045
MultiGrainCheerios,Total,0.004192456623829661
MultiGrainCheerios,HoneyNutCheerios,0.04754534716761341
MultiGrainCheerios,SpecialK,0.005496811125010181
MultiGrainCheerios,GrapeNuts,0.012473286022730574
MultiGrainCheerios,SpoonSizeShdWt,0.016192114227458428
MultiGrainCheerios,100%Natural,0.005566517947669912
MultiGrainCheerios,FrostedMiniWheats,0.006422664098519777
MultiGrainCheerios,NutriGrain,0.006492451517397358
MultiGrainCheerios,Mueslix,0.005371918408461042
MultiGrainCheerios,Wheaties,0.08707704486429545
MultiGrainCheerios,RaisinBran,0.055982617813495
MultiGrainCheerios,Muesli,0.0060329834252085416
MultiGrainCheerios,CornPops,0.03778072999852812
MultiGrainCheerios,RaisinNutBran,0.004692162165280765
MultiGrainCheerios,Basic4,0.007167943443591101
MultiGrainCheerios,CocoaPus,0.0067242805249961455
MultiGrainCheerios,GoldenGrahams,0.009141463830119984
MultiGrainCheerios,Cinn.ToastCrunch,0.009746210846745528
MultiGrainCheerios,FrootLoops,0.006067893066617251
MultiGrainCheerios,LowFatGranola,0.005989620984687457
MultiGrainCheerios,Trix,0.006488704615845587
MultiGrainCheerios,Triples,0.005020585520618717
MultiGrainCheerios,Crispix,0.00567590230976429
MultiGrainCheerios,Kix,0.013580073924356329
MultiGrainCheerios,LuckyCharms,0.007375754835851032
MultiGrainCheerios,AppleCinn.Cheerios,0.038960209038109456
MultiGrainCheerios,CracklinOatBran,0.00352269885914961
MultiGrainCheerios,BigBiscuitShdWt,0.005437225554768773
MultiGrainCheerios,HoneyBunchesofOats,0.0047599517554367575
MultiGrainCheerios,GreatGraines,0.007771221144881501
MultiGrainCheerios,OtmlRaisinCrisp,0.004199471547918928
MultiGrainCheerios,OatSquares,0.011626529854968407
MultiGrainCheerios,RiceChex,0.006911034593815004
MultiGrainCheerios,TotalRaisinBran,0.0030942683721000303
MultiGrainCheerios,Product19,0.004503832875546837
MultiGrainCheerios,AppleJacks,0.00543415708834603
MultiGrainCheerios,CaptCrunch,0.007554022885734511
MultiGrainCheerios,ShreddedWheat,0.014276451544408297
MultiGrainCheerios,FruityPebbles,0.007400130860876156
MultiGrainCheerios,Clusters,0.09752670810734733
MultiGrainCheerios,CinnamonMiniBuns,0.048561383196005996
MultiGrainCheerios,DoubleDipCrunch,0.002849297861084848
MultiGrainCheerios,MultiGrainCheerios,-1.4945853454576927
MultiGrainCheerios,Honeycomb,0.00841279170260658
MultiGrainCheerios,Popeye,0.007925332367652476
Honeycomb,CornFlakes,0.011802898025914537
Honeycomb,Cheerios,0.012086528951446558
Honeycomb,RiceKrispies,0.013390144242035206
Honeycomb,FrostedFlakes,0.005619749913019417
Honeycomb,RaisinBran,0.008842328644912896
Honeycomb,Total,0.0041924557174941035
Honeycomb,HoneyNutCheerios,0.005726101105588981
Honeycomb,SpecialK,0.005496810843282148
Honeycomb,GrapeNuts,0.012473285809087326
Honeycomb,SpoonSizeShdWt,0.01619211398939029
Honeycomb,100%Natural,0.005566518022292342
Honeycomb,FrostedMiniWheats,0.006422664267550671
Honeycomb,NutriGrain,0.006492451566706424
Honeycomb,Mueslix,0.005371918072900083
Honeycomb,Wheaties,0.010487083133657768
Honeycomb,RaisinBran,0.00674224004310621
Honeycomb,Muesli,0.006032983013477113
Honeycomb,CornPops,0.004550104340647276
Honeycomb,RaisinNutBran,0.004692162007986322
Honeycomb,Basic4,0.007167943124533162
Honeycomb,CocoaPus,0.0703504845466247
Honeycomb,GoldenGrahams,0.09563944428864611
Honeycomb,Cinn.ToastCrunch,0.1019663995766347
Honeycomb,FrootLoops,0.06348325327229105
Honeycomb,LowFatGranola,0.005989621118436741
Honeycomb,Trix,0.06788585965673581
Honeycomb,Triples,0.005020585267364315
Honeycomb,Crispix,0.005675902494348945
Honeycomb,Kix,0.14207688719735018
Honeycomb,LuckyCharms,0.07716631541221691
Honeycomb,AppleCinn.Cheerios,0.004692154315403573
Honeycomb,CracklinOatBran,0.0035226982813134963
Honeycomb,BigBiscuitShdWt,0.005437225691536941
Honeycomb,HoneyBunchesofOats,0.004759951741686182
Honeycomb,GreatGraines,0.0077712212067488125
Honeycomb,OtmlRaisinCrisp,0.004199471454795939
Honeycomb,OatSquares,0.011626529666191942
Honeycomb,RiceChex,0.006911034836226764
Honeycomb,TotalRaisinBran,0.00309426813716352
Honeycomb,Product19,0.004503832220522159
Honeycomb,AppleJacks,0.056853006612822846
Honeycomb,CaptCrunch,0.07903138623173935
Honeycomb,ShreddedWheat,0.014276451524067842
Honeycomb,FruityPebbles,0.07742133833768416
Honeycomb,Clusters,0.01174558343501316
Honeycomb,CinnamonMiniBuns,0.00584846766901827
Honeycomb,DoubleDipCrunch,0.0028492975023978045
Honeycomb,MultiGrainCheerios,0.0035279814048120328
Honeycomb,Honeycomb,-1.463238258615876
Honeycomb,Popeye,0.08291608311149255
Popeye,CornFlakes,0.011802898109804949
Popeye,Cheerios,0.01208652896457424
Popeye,RiceKrispies,0.013390144185578639
Popeye,FrostedFlakes,0.005619750015561383
Popeye,RaisinBran,0.008842328683585247
Popeye,Total,0.004192455987379252
Popeye,HoneyNutCheerios,0.005726101203958131
Popeye,SpecialK,0.005496810942491099
Popeye,GrapeNuts,0.012473286066747967
Popeye,SpoonSizeShdWt,0.01619211393765879
Popeye,100%Natural,0.005566518003365936
Popeye,FrostedMiniWheats,0.0064226644582371225
Popeye,NutriGrain,0.006492451551658539
Popeye,Mueslix,0.005371918101154997
Popeye,Wheaties,0.010487083305150456
Popeye,RaisinBran,0.006742239951025931
Popeye,Muesli,0.006032983138998105
Popeye,CornPops,0.0045501045751286506
Popeye,RaisinNutBran,0.004692162347894889
Popeye,Basic4,0.007167942970577637
Popeye,CocoaPus,0.0703504847743373
Popeye,GoldenGrahams,0.09563944440861641
Popeye,Cinn.ToastCrunch,0.10196639945475207
Popeye,FrootLoops,0.06348325338922589
Popeye,LowFatGranola,0.005989621193488127
Popeye,Trix,0.06788585967570855
Popeye,Triples,0.0050205853368320095
Popeye,Crispix,0.0056759022111766
Popeye,Kix,0.14207688743228816
Popeye,LuckyCharms,0.07716631512865856
Popeye,AppleCinn.Cheerios,0.004692154376335008
Popeye,CracklinOatBran,0.003522698376165098
Popeye,BigBiscuitShdWt,0.005437225484521877
Popeye,HoneyBunchesofOats,0.00475995167811241
Popeye,GreatGraines,0.007771221191541103
Popeye,OtmlRaisinCrisp,0.004199471283490424
Popeye,OatSquares,0.011626529827397494
Popeye,RiceChex,0.0069110349643531615
Popeye,TotalRaisinBran,0.0030942684712309183
Popeye,Product19,0.004503832680377776
Popeye,AppleJacks,0.05685300664752056
Popeye,CaptCrunch,0.0790313859291897
Popeye,ShreddedWheat,0.014276451473223619
Popeye,FruityPebbles,0.07742133873031369
Popeye,Clusters,0.011745583555454835
Popeye,CinnamonMiniBuns,0.005848467733517504
Popeye,DoubleDipCrunch,0.0028492974425503317
Popeye,MultiGrainCheerios,0.0035279814737890075
Popeye,Honeycomb,0.08801595777152715
Popeye,Popeye,-0.7246486287856594
