"row_product","column_product","elasticity"
"CornFlakes","CornFlakes",-1.2614754666172
"Cheerios","CornFlakes",0.13863635082312
"RiceKrispies","CornFlakes",0.138636350709423
"FrostedFlakes","CornFlakes",0.138636350567622
"RaisinBran","CornFlakes",0.138636350875814
"Total","CornFlakes",0.0392913168472413
"HoneyNutCheerios","CornFlakes",0.138636350608987
"SpecialK","CornFlakes",0.039291316893116
"GrapeNuts","CornFlakes",0.0392913169218927
"SpoonSizeShdWt","CornFlakes",0.0392913167266305
"100%Natural","CornFlakes",0.0392913169001623
"FrostedMiniWheats","CornFlakes",0.0392913167322883
"NutriGrain","CornFlakes",0.0392913170866692
"Mueslix","CornFlakes",0.0392913166220435
"Wheaties","CornFlakes",0.138636350485299
"RaisinBran","CornFlakes",0.138636350794703
"Muesli","CornFlakes",0.0392913169008541
"CornPops","CornFlakes",0.138636350569747
"RaisinNutBran","CornFlakes",0.039291316863948
"Basic4","CornFlakes",0.0392913166602249
"CocoaPus","CornFlakes",0.0392913167277966
"GoldenGrahams","CornFlakes",0.0392913167215524
"Cinn.ToastCrunch","CornFlakes",0.0392913166767361
"FrootLoops","CornFlakes",0.0392913170014936
"LowFatGranola","CornFlakes",0.0392913168785671
"Trix","CornFlakes",0.0392913168232947
"Triples","CornFlakes",0.039291316961422
"Crispix","CornFlakes",0.0392913166596043
"Kix","CornFlakes",0.039291316654131
"LuckyCharms","CornFlakes",0.0392913166023907
"AppleCinn.Cheerios","CornFlakes",0.138636350621274
"CracklinOatBran","CornFlakes",0.0392913167436106
"BigBiscuitShdWt","CornFlakes",0.039291316914468
"HoneyBunchesofOats","CornFlakes",0.0392913167974613
"GreatGraines","CornFlakes",0.0392913168512613
"OtmlRaisinCrisp","CornFlakes",0.0392913167857028
"OatSquares","CornFlakes",0.0392913167337116
"RiceChex","CornFlakes",0.0392913167519702
"TotalRaisinBran","CornFlakes",0.0392913169085541
"Product19","CornFlakes",0.0392913168122026
"AppleJacks","CornFlakes",0.0392913166297366
"CaptCrunch","CornFlakes",0.0392913167151591
"ShreddedWheat","CornFlakes",0.0392913165714661
"FruityPebbles","CornFlakes",0.039291316641469
"Clusters","CornFlakes",0.138636350803767
"CinnamonMiniBuns","CornFlakes",0.138636350784215
"DoubleDipCrunch","CornFlakes",0.0392913169366532
"MultiGrainCheerios","CornFlakes",0.138636350855537
"Honeycomb","CornFlakes",0.0392913166892793
"Popeye","CornFlakes",0.0392913164863354
"CornFlakes","Cheerios",0.0890829968377651
"Cheerios","Cheerios",-2.35531099468617
"RiceKrispies","Cheerios",0.0890829970535283
"FrostedFlakes","Cheerios",0.0890829967316086
"RaisinBran","Cheerios",0.0890829966508675
"Total","Cheerios",0.0252472630711864
"HoneyNutCheerios","Cheerios",0.0890829967150101
"SpecialK","Cheerios",0.0252472628061409
"GrapeNuts","Cheerios",0.0252472631079753
"SpoonSizeShdWt","Cheerios",0.0252472623112326
"100%Natural","Cheerios",0.0252472627899866
"FrostedMiniWheats","Cheerios",0.0252472622476967
"NutriGrain","Cheerios",0.0252472630877246
"Mueslix","Cheerios",0.0252472626863684
"Wheaties","Cheerios",0.0890829968809043
"RaisinBran","Cheerios",0.0890829972336805
"Muesli","Cheerios",0.02524726313355
"CornPops","Cheerios",0.0890829969011169
"RaisinNutBran","Cheerios",0.0252472627767584
"Basic4","Cheerios",0.0252472626289719
"CocoaPus","Cheerios",0.0252472624299316
"GoldenGrahams","Cheerios",0.0252472627394565
"Cinn.ToastCrunch","Cheerios",0.0252472626633853
"FrootLoops","Cheerios",0.025247263161148
"LowFatGranola","Cheerios",0.0252472629377545
"Trix","Cheerios",0.0252472629139247
"Triples","Cheerios",0.0252472632046471
"Crispix","Cheerios",0.0252472623808288
"Kix","Cheerios",0.0252472626611147
"LuckyCharms","Cheerios",0.0252472626164003
"AppleCinn.Cheerios","Cheerios",0.0890829971348382
"CracklinOatBran","Cheerios",0.0252472627629571
"BigBiscuitShdWt","Cheerios",0.0252472626097002
"HoneyBunchesofOats","Cheerios",0.0252472625449768
"GreatGraines","Cheerios",0.0252472628379482
"OtmlRaisinCrisp","Cheerios",0.0252472626107279
"OatSquares","Cheerios",0.0252472626372641
"RiceChex","Cheerios",0.0252472626565283
"TotalRaisinBran","Cheerios",0.0252472624071433
"Product19","Cheerios",0.0252472628222337
"AppleJacks","Cheerios",0.0252472626471133
"CaptCrunch","Cheerios",0.0252472624198233
"ShreddedWheat","Cheerios",0.0252472627560148
"FruityPebbles","Cheerios",0.0252472627692491
"Clusters","Cheerios",0.0890829973607529
"CinnamonMiniBuns","Cheerios",0.0890829967262943
"DoubleDipCrunch","Cheerios",0.0252472628312682
"MultiGrainCheerios","Cheerios",0.089082997258792
"Honeycomb","Cheerios",0.0252472626340229
"Popeye","Cheerios",0.0252472624647857
"CornFlakes","RiceKrispies",0.0908767592000781
"Cheerios","RiceKrispies",0.0908767591485121
"RiceKrispies","RiceKrispies",-2.19880875916898
"FrostedFlakes","RiceKrispies",0.0908767590947762
"RaisinBran","RiceKrispies",0.0908767592789223
"Total","RiceKrispies",0.025755638727907
"HoneyNutCheerios","RiceKrispies",0.0908767590708101
"SpecialK","RiceKrispies",0.0257556384773606
"GrapeNuts","RiceKrispies",0.0257556386918404
"SpoonSizeShdWt","RiceKrispies",0.0257556386315772
"100%Natural","RiceKrispies",0.0257556382489459
"FrostedMiniWheats","RiceKrispies",0.0257556381943077
"NutriGrain","RiceKrispies",0.025755638684902
"Mueslix","RiceKrispies",0.0257556382558067
"Wheaties","RiceKrispies",0.0908767591540775
"RaisinBran","RiceKrispies",0.0908767595573818
"Muesli","RiceKrispies",0.0257556387566524
"CornPops","RiceKrispies",0.090876758889228
"RaisinNutBran","RiceKrispies",0.025755638464672
"Basic4","RiceKrispies",0.0257556386074029
"CocoaPus","RiceKrispies",0.0257556385655432
"GoldenGrahams","RiceKrispies",0.0257556384680795
"Cinn.ToastCrunch","RiceKrispies",0.0257556386451758
"FrootLoops","RiceKrispies",0.0257556387212055
"LowFatGranola","RiceKrispies",0.0257556386445117
"Trix","RiceKrispies",0.0257556384581815
"Triples","RiceKrispies",0.0257556389701702
"Crispix","RiceKrispies",0.0257556386218869
"Kix","RiceKrispies",0.0257556386745024
"LuckyCharms","RiceKrispies",0.0257556382417019
"AppleCinn.Cheerios","RiceKrispies",0.0908767590769177
"CracklinOatBran","RiceKrispies",0.0257556383999153
"BigBiscuitShdWt","RiceKrispies",0.0257556385165752
"HoneyBunchesofOats","RiceKrispies",0.0257556385673649
"GreatGraines","RiceKrispies",0.0257556386727652
"OtmlRaisinCrisp","RiceKrispies",0.025755638742075
"OatSquares","RiceKrispies",0.0257556386900445
"RiceChex","RiceKrispies",0.0257556385859083
"TotalRaisinBran","RiceKrispies",0.0257556385097924
"Product19","RiceKrispies",0.0257556385861212
"AppleJacks","RiceKrispies",0.0257556383959523
"CaptCrunch","RiceKrispies",0.0257556383144526
"ShreddedWheat","RiceKrispies",0.0257556383990877
"FruityPebbles","RiceKrispies",0.0257556382671919
"Clusters","RiceKrispies",0.0908767593778993
"CinnamonMiniBuns","RiceKrispies",0.0908767596508289
"DoubleDipCrunch","RiceKrispies",0.0257556384695854
"MultiGrainCheerios","RiceKrispies",0.0908767593699949
"Honeycomb","RiceKrispies",0.0257556385611337
"Popeye","RiceKrispies",0.0257556382853193
"CornFlakes","FrostedFlakes",0.0828538368368703
"Cheerios","FrostedFlakes",0.0828538378658691
"RiceKrispies","FrostedFlakes",0.0828538370929364
"FrostedFlakes","FrostedFlakes",-1.86647302801598
"RaisinBran","FrostedFlakes",0.0828538372714746
"Total","FrostedFlakes",0.023481839889407
"HoneyNutCheerios","FrostedFlakes",0.0828538370413153
"SpecialK","FrostedFlakes",0.0234818398345786
"GrapeNuts","FrostedFlakes",0.0234818396265326
"SpoonSizeShdWt","FrostedFlakes",0.0234818394575249
"100%Natural","FrostedFlakes",0.0234818394293184
"FrostedMiniWheats","FrostedFlakes",0.0234818392143324
"NutriGrain","FrostedFlakes",0.023481839556893
"Mueslix","FrostedFlakes",0.0234818393326811
"Wheaties","FrostedFlakes",0.0828538370906507
"RaisinBran","FrostedFlakes",0.0828538372908327
"Muesli","FrostedFlakes",0.0234818399947539
"CornPops","FrostedFlakes",0.0828538369508714
"RaisinNutBran","FrostedFlakes",0.023481839497527
"Basic4","FrostedFlakes",0.0234818397113072
"CocoaPus","FrostedFlakes",0.0234818395373354
"GoldenGrahams","FrostedFlakes",0.0234818395498274
"Cinn.ToastCrunch","FrostedFlakes",0.0234818395541178
"FrootLoops","FrostedFlakes",0.023481839869186
"LowFatGranola","FrostedFlakes",0.0234818394655905
"Trix","FrostedFlakes",0.0234818396965025
"Triples","FrostedFlakes",0.0234818396745491
"Crispix","FrostedFlakes",0.0234818392516322
"Kix","FrostedFlakes",0.0234818395688577
"LuckyCharms","FrostedFlakes",0.0234818395120878
"AppleCinn.Cheerios","FrostedFlakes",0.0828538373665101
"CracklinOatBran","FrostedFlakes",0.0234818393394969
"BigBiscuitShdWt","FrostedFlakes",0.0234818394160179
"HoneyBunchesofOats","FrostedFlakes",0.0234818394267936
"GreatGraines","FrostedFlakes",0.0234818395593656
"OtmlRaisinCrisp","FrostedFlakes",0.023481839432999
"OatSquares","FrostedFlakes",0.0234818396721755
"RiceChex","FrostedFlakes",0.0234818394140603
"TotalRaisinBran","FrostedFlakes",0.0234818396164246
"Product19","FrostedFlakes",0.023481839551896
"AppleJacks","FrostedFlakes",0.0234818396505333
"CaptCrunch","FrostedFlakes",0.0234818396164186
"ShreddedWheat","FrostedFlakes",0.0234818393319733
"FruityPebbles","FrostedFlakes",0.02348183964679
"Clusters","FrostedFlakes",0.0828538374570673
"CinnamonMiniBuns","FrostedFlakes",0.0828538373067855
"DoubleDipCrunch","FrostedFlakes",0.0234818396487223
"MultiGrainCheerios","FrostedFlakes",0.0828538369415091
"Honeycomb","FrostedFlakes",0.0234818396278814
"Popeye","FrostedFlakes",0.023481839288114
"CornFlakes","RaisinBran",0.0789400358489737
"Cheerios","RaisinBran",0.0789400359284389
"RiceKrispies","RaisinBran",0.0789400359546133
"FrostedFlakes","RaisinBran",0.0789400355424005
"RaisinBran","RaisinBran",-1.73114919718254
"Total","RaisinBran",0.022372617822455
"HoneyNutCheerios","RaisinBran",0.078940035893763
"SpecialK","RaisinBran",0.0223726177011032
"GrapeNuts","RaisinBran",0.0223726177790652
"SpoonSizeShdWt","RaisinBran",0.0223726173668742
"100%Natural","RaisinBran",0.022372617535226
"FrostedMiniWheats","RaisinBran",0.022372617513122
"NutriGrain","RaisinBran",0.0223726176003812
"Mueslix","RaisinBran",0.0223726174879816
"Wheaties","RaisinBran",0.0789400355507138
"RaisinBran","RaisinBran",0.0789400362012707
"Muesli","RaisinBran",0.0223726179735338
"CornPops","RaisinBran",0.078940035855377
"RaisinNutBran","RaisinBran",0.0223726176900757
"Basic4","RaisinBran",0.0223726177575097
"CocoaPus","RaisinBran",0.0223726175829392
"GoldenGrahams","RaisinBran",0.0223726176438976
"Cinn.ToastCrunch","RaisinBran",0.0223726177160215
"FrootLoops","RaisinBran",0.0223726178074166
"LowFatGranola","RaisinBran",0.022372617682896
"Trix","RaisinBran",0.0223726177470634
"Triples","RaisinBran",0.0223726179869021
"Crispix","RaisinBran",0.0223726175903008
"Kix","RaisinBran",0.0223726175250381
"LuckyCharms","RaisinBran",0.0223726174821126
"AppleCinn.Cheerios","RaisinBran",0.0789400359439738
"CracklinOatBran","RaisinBran",0.0223726175970259
"BigBiscuitShdWt","RaisinBran",0.0223726178450814
"HoneyBunchesofOats","RaisinBran",0.0223726176877105
"GreatGraines","RaisinBran",0.0223726176285557
"OtmlRaisinCrisp","RaisinBran",0.0223726177165747
"OatSquares","RaisinBran",0.0223726176051013
"RiceChex","RaisinBran",0.0223726177808549
"TotalRaisinBran","RaisinBran",0.022372617537851
"Product19","RaisinBran",0.0223726177046087
"AppleJacks","RaisinBran",0.0223726177908494
"CaptCrunch","RaisinBran",0.0223726175185533
"ShreddedWheat","RaisinBran",0.0223726174437814
"FruityPebbles","RaisinBran",0.0223726175944565
"Clusters","RaisinBran",0.07894003607751
"CinnamonMiniBuns","RaisinBran",0.0789400359496717
"DoubleDipCrunch","RaisinBran",0.0223726176806357
"MultiGrainCheerios","RaisinBran",0.0789400359792196
"Honeycomb","RaisinBran",0.022372617759739
"Popeye","RaisinBran",0.0223726176341214
"CornFlakes","Total",0.0145876649780653
"Cheerios","Total",0.014587665087171
"RiceKrispies","Total",0.0145876647668059
"FrostedFlakes","Total",0.0145876648905625
"RaisinBran","Total",0.0145876654741377
"Total","Total",-2.75226437268817
"HoneyNutCheerios","Total",0.014587664891558
"SpecialK","Total",0.0402236551560211
"GrapeNuts","Total",0.0402236550922204
"SpoonSizeShdWt","Total",0.0402236550215672
"100%Natural","Total",0.0402236547742637
"FrostedMiniWheats","Total",0.040223654605679
"NutriGrain","Total",0.0402236553002143
"Mueslix","Total",0.0402236548981125
"Wheaties","Total",0.0145876647169705
"RaisinBran","Total",0.0145876650574764
"Muesli","Total",0.0402236555470402
"CornPops","Total",0.0145876651567437
"RaisinNutBran","Total",0.0402236550248528
"Basic4","Total",0.0402236549166857
"CocoaPus","Total",0.0145876653665439
"GoldenGrahams","Total",0.0145876653061193
"Cinn.ToastCrunch","Total",0.0145876656032834
"FrootLoops","Total",0.0145876658246899
"LowFatGranola","Total",0.0402236549118551
"Trix","Total",0.0145876656044763
"Triples","Total",0.0402236550052299
"Crispix","Total",0.0402236545541313
"Kix","Total",0.0145876652777046
"LuckyCharms","Total",0.0145876653525809
"AppleCinn.Cheerios","Total",0.014587665409256
"CracklinOatBran","Total",0.0402236545829155
"BigBiscuitShdWt","Total",0.040223655084162
"HoneyBunchesofOats","Total",0.040223654664803
"GreatGraines","Total",0.040223655631463
"OtmlRaisinCrisp","Total",0.0402236551168636
"OatSquares","Total",0.0402236545894135
"RiceChex","Total",0.0402236549172707
"TotalRaisinBran","Total",0.0402236551183283
"Product19","Total",0.0402236549269472
"AppleJacks","Total",0.0145876658112074
"CaptCrunch","Total",0.0145876654354949
"ShreddedWheat","Total",0.0402236550572704
"FruityPebbles","Total",0.0145876651710326
"Clusters","Total",0.0145876649319785
"CinnamonMiniBuns","Total",0.0145876655268181
"DoubleDipCrunch","Total",0.040223655302526
"MultiGrainCheerios","Total",0.0145876650826798
"Honeycomb","Total",0.0145876654775701
"Popeye","Total",0.0145876650160439
"CornFlakes","HoneyNutCheerios",0.0683086138093519
"Cheerios","HoneyNutCheerios",0.068308613784107
"RiceKrispies","HoneyNutCheerios",0.0683086135702583
"FrostedFlakes","HoneyNutCheerios",0.068308613909463
"RaisinBran","HoneyNutCheerios",0.0683086135070028
"Total","HoneyNutCheerios",0.0193595365114492
"HoneyNutCheerios","HoneyNutCheerios",-2.36061451637273
"SpecialK","HoneyNutCheerios",0.0193595366683815
"GrapeNuts","HoneyNutCheerios",0.0193595367503444
"SpoonSizeShdWt","HoneyNutCheerios",0.0193595360602484
"100%Natural","HoneyNutCheerios",0.0193595362500757
"FrostedMiniWheats","HoneyNutCheerios",0.0193595365408404
"NutriGrain","HoneyNutCheerios",0.019359536659344
"Mueslix","HoneyNutCheerios",0.0193595361046828
"Wheaties","HoneyNutCheerios",0.0683086137522795
"RaisinBran","HoneyNutCheerios",0.0683086138416773
"Muesli","HoneyNutCheerios",0.0193595366308924
"CornPops","HoneyNutCheerios",0.0683086136176618
"RaisinNutBran","HoneyNutCheerios",0.0193595365473206
"Basic4","HoneyNutCheerios",0.0193595364616829
"CocoaPus","HoneyNutCheerios",0.0193595363649285
"GoldenGrahams","HoneyNutCheerios",0.0193595368887135
"Cinn.ToastCrunch","HoneyNutCheerios",0.0193595368475388
"FrootLoops","HoneyNutCheerios",0.0193595369396608
"LowFatGranola","HoneyNutCheerios",0.0193595367016293
"Trix","HoneyNutCheerios",0.0193595367935036
"Triples","HoneyNutCheerios",0.0193595367596453
"Crispix","HoneyNutCheerios",0.0193595361939662
"Kix","HoneyNutCheerios",0.0193595365936987
"LuckyCharms","HoneyNutCheerios",0.0193595366718373
"AppleCinn.Cheerios","HoneyNutCheerios",0.0683086137723957
"CracklinOatBran","HoneyNutCheerios",0.019359536433368
"BigBiscuitShdWt","HoneyNutCheerios",0.0193595363575034
"HoneyBunchesofOats","HoneyNutCheerios",0.0193595365675597
"GreatGraines","HoneyNutCheerios",0.0193595367106535
"OtmlRaisinCrisp","HoneyNutCheerios",0.0193595362995906
"OatSquares","HoneyNutCheerios",0.0193595364071357
"RiceChex","HoneyNutCheerios",0.0193595364011242
"TotalRaisinBran","HoneyNutCheerios",0.0193595361171715
"Product19","HoneyNutCheerios",0.0193595365598443
"AppleJacks","HoneyNutCheerios",0.0193595365613022
"CaptCrunch","HoneyNutCheerios",0.0193595365824932
"ShreddedWheat","HoneyNutCheerios",0.0193595363368991
"FruityPebbles","HoneyNutCheerios",0.0193595365589434
"Clusters","HoneyNutCheerios",0.0683086139435297
"CinnamonMiniBuns","HoneyNutCheerios",0.0683086138099036
"DoubleDipCrunch","HoneyNutCheerios",0.0193595365778006
"MultiGrainCheerios","HoneyNutCheerios",0.0683086140900157
"Honeycomb","HoneyNutCheerios",0.0193595364426037
"Popeye","HoneyNutCheerios",0.0193595363562941
"CornFlakes","SpecialK",0.0162856763032762
"Cheerios","SpecialK",0.0162856767104052
"RiceKrispies","SpecialK",0.0162856768079736
"FrostedFlakes","SpecialK",0.0162856764091003
"RaisinBran","SpecialK",0.0162856765644774
"Total","SpecialK",0.0449057095117158
"HoneyNutCheerios","SpecialK",0.0162856767950047
"SpecialK","SpecialK",-2.64702181065617
"GrapeNuts","SpecialK",0.0449057094553969
"SpoonSizeShdWt","SpecialK",0.044905709401957
"100%Natural","SpecialK",0.0449057091431775
"FrostedMiniWheats","SpecialK",0.0449057090578259
"NutriGrain","SpecialK",0.0449057095313403
"Mueslix","SpecialK",0.0449057098881451
"Wheaties","SpecialK",0.0162856764308121
"RaisinBran","SpecialK",0.0162856765358495
"Muesli","SpecialK",0.0449057096507618
"CornPops","SpecialK",0.0162856768373951
"RaisinNutBran","SpecialK",0.0449057095711553
"Basic4","SpecialK",0.0449057094267883
"CocoaPus","SpecialK",0.0162856769868942
"GoldenGrahams","SpecialK",0.0162856773715244
"Cinn.ToastCrunch","SpecialK",0.0162856773081934
"FrootLoops","SpecialK",0.0162856774178605
"LowFatGranola","SpecialK",0.0449057090550559
"Trix","SpecialK",0.0162856771897876
"Triples","SpecialK",0.0449057097882093
"Crispix","SpecialK",0.0449057089067331
"Kix","SpecialK",0.0162856772128142
"LuckyCharms","SpecialK",0.0162856772209921
"AppleCinn.Cheerios","SpecialK",0.0162856767854677
"CracklinOatBran","SpecialK",0.0449057092138707
"BigBiscuitShdWt","SpecialK",0.044905709828046
"HoneyBunchesofOats","SpecialK",0.0449057091912746
"GreatGraines","SpecialK",0.0449057098848367
"OtmlRaisinCrisp","SpecialK",0.0449057091632014
"OatSquares","SpecialK",0.0449057092573547
"RiceChex","SpecialK",0.0449057095723518
"TotalRaisinBran","SpecialK",0.0449057091762669
"Product19","SpecialK",0.044905709291153
"AppleJacks","SpecialK",0.016285677058737
"CaptCrunch","SpecialK",0.0162856771073567
"ShreddedWheat","SpecialK",0.0449057094375505
"FruityPebbles","SpecialK",0.0162856768538161
"Clusters","SpecialK",0.0162856766245085
"CinnamonMiniBuns","SpecialK",0.0162856769759782
"DoubleDipCrunch","SpecialK",0.0449057095586698
"MultiGrainCheerios","SpecialK",0.0162856764616344
"Honeycomb","SpecialK",0.0162856771080419
"Popeye","SpecialK",0.0162856766119646
"CornFlakes","GrapeNuts",0.0258283662963167
"Cheerios","GrapeNuts",0.0258283662795601
"RiceKrispies","GrapeNuts",0.0258283660835539
"FrostedFlakes","GrapeNuts",0.0258283660500595
"RaisinBran","GrapeNuts",0.0258283663888252
"Total","GrapeNuts",0.0712184799083839
"HoneyNutCheerios","GrapeNuts",0.0258283663729005
"SpecialK","GrapeNuts",0.071218479749629
"GrapeNuts","GrapeNuts",-1.58416227262016
"SpoonSizeShdWt","GrapeNuts",0.0712184798310303
"100%Natural","GrapeNuts",0.071218479370552
"FrostedMiniWheats","GrapeNuts",0.0712184793918389
"NutriGrain","GrapeNuts",0.0712184796306774
"Mueslix","GrapeNuts",0.0712184794623159
"Wheaties","GrapeNuts",0.0258283662044434
"RaisinBran","GrapeNuts",0.025828366412292
"Muesli","GrapeNuts",0.0712184797968016
"CornPops","GrapeNuts",0.0258283665466012
"RaisinNutBran","GrapeNuts",0.0712184796102841
"Basic4","GrapeNuts",0.0712184794290593
"CocoaPus","GrapeNuts",0.0258283661014697
"GoldenGrahams","GrapeNuts",0.0258283662274412
"Cinn.ToastCrunch","GrapeNuts",0.0258283662666183
"FrootLoops","GrapeNuts",0.0258283662993249
"LowFatGranola","GrapeNuts",0.0712184794981699
"Trix","GrapeNuts",0.0258283663543789
"Triples","GrapeNuts",0.0712184797073697
"Crispix","GrapeNuts",0.0712184794822248
"Kix","GrapeNuts",0.0258283662633146
"LuckyCharms","GrapeNuts",0.025828366335697
"AppleCinn.Cheerios","GrapeNuts",0.0258283663074129
"CracklinOatBran","GrapeNuts",0.0712184797877354
"BigBiscuitShdWt","GrapeNuts",0.0712184798392542
"HoneyBunchesofOats","GrapeNuts",0.0712184795972191
"GreatGraines","GrapeNuts",0.0712184796721978
"OtmlRaisinCrisp","GrapeNuts",0.0712184793382047
"OatSquares","GrapeNuts",0.0712184796155026
"RiceChex","GrapeNuts",0.0712184796124053
"TotalRaisinBran","GrapeNuts",0.0712184794773986
"Product19","GrapeNuts",0.0712184798250302
"AppleJacks","GrapeNuts",0.0258283665179327
"CaptCrunch","GrapeNuts",0.0258283662644564
"ShreddedWheat","GrapeNuts",0.0712184795605017
"FruityPebbles","GrapeNuts",0.0258283661197844
"Clusters","GrapeNuts",0.0258283662609028
"CinnamonMiniBuns","GrapeNuts",0.0258283665664152
"DoubleDipCrunch","GrapeNuts",0.0712184798887323
"MultiGrainCheerios","GrapeNuts",0.0258283664681363
"Honeycomb","GrapeNuts",0.0258283660747547
"Popeye","GrapeNuts",0.0258283660822267
"CornFlakes","SpoonSizeShdWt",0.0242394819710018
"Cheerios","SpoonSizeShdWt",0.0242394820446222
"RiceKrispies","SpoonSizeShdWt",0.0242394816328875
"FrostedFlakes","SpoonSizeShdWt",0.0242394814785246
"RaisinBran","SpoonSizeShdWt",0.024239481804508
"Total","SpoonSizeShdWt",0.0668373294782389
"HoneyNutCheerios","SpoonSizeShdWt",0.0242394816760114
"SpecialK","SpoonSizeShdWt",0.0668373289535056
"GrapeNuts","SpoonSizeShdWt",0.0668373290173841
"SpoonSizeShdWt","SpoonSizeShdWt",-2.10681681267356
"100%Natural","SpoonSizeShdWt",0.0668373291180474
"FrostedMiniWheats","SpoonSizeShdWt",0.0668373288296438
"NutriGrain","SpoonSizeShdWt",0.0668373295161529
"Mueslix","SpoonSizeShdWt",0.0668373292213307
"Wheaties","SpoonSizeShdWt",0.0242394816517206
"RaisinBran","SpoonSizeShdWt",0.0242394819486351
"Muesli","SpoonSizeShdWt",0.066837329134117
"CornPops","SpoonSizeShdWt",0.0242394817164328
"RaisinNutBran","SpoonSizeShdWt",0.0668373289131298
"Basic4","SpoonSizeShdWt",0.0668373289486982
"CocoaPus","SpoonSizeShdWt",0.0242394819141226
"GoldenGrahams","SpoonSizeShdWt",0.0242394818036978
"Cinn.ToastCrunch","SpoonSizeShdWt",0.0242394817892038
"FrootLoops","SpoonSizeShdWt",0.0242394822089187
"LowFatGranola","SpoonSizeShdWt",0.0668373287249482
"Trix","SpoonSizeShdWt",0.0242394817785953
"Triples","SpoonSizeShdWt",0.0668373289062424
"Crispix","SpoonSizeShdWt",0.0668373282836833
"Kix","SpoonSizeShdWt",0.0242394816890618
"LuckyCharms","SpoonSizeShdWt",0.0242394819502503
"AppleCinn.Cheerios","SpoonSizeShdWt",0.0242394819788502
"CracklinOatBran","SpoonSizeShdWt",0.0668373288325265
"BigBiscuitShdWt","SpoonSizeShdWt",0.0668373287591365
"HoneyBunchesofOats","SpoonSizeShdWt",0.0668373289916699
"GreatGraines","SpoonSizeShdWt",0.0668373291990327
"OtmlRaisinCrisp","SpoonSizeShdWt",0.0668373289315577
"OatSquares","SpoonSizeShdWt",0.0668373290121445
"RiceChex","SpoonSizeShdWt",0.066837329157213
"TotalRaisinBran","SpoonSizeShdWt",0.0668373288934116
"Product19","SpoonSizeShdWt",0.0668373291363176
"AppleJacks","SpoonSizeShdWt",0.0242394820933677
"CaptCrunch","SpoonSizeShdWt",0.0242394818690644
"ShreddedWheat","SpoonSizeShdWt",0.0668373288975335
"FruityPebbles","SpoonSizeShdWt",0.0242394819413172
"Clusters","SpoonSizeShdWt",0.024239481780142
"CinnamonMiniBuns","SpoonSizeShdWt",0.0242394821726076
"DoubleDipCrunch","SpoonSizeShdWt",0.0668373291993941
"MultiGrainCheerios","SpoonSizeShdWt",0.0242394821746891
"Honeycomb","SpoonSizeShdWt",0.0242394816125861
"Popeye","SpoonSizeShdWt",0.0242394818980991
"CornFlakes","100%Natural",0.0222569641154285
"Cheerios","100%Natural",0.0222569643561013
"RiceKrispies","100%Natural",0.0222569642944074
"FrostedFlakes","100%Natural",0.0222569639862371
"RaisinBran","100%Natural",0.0222569643467103
"Total","100%Natural",0.0613707852927779
"HoneyNutCheerios","100%Natural",0.0222569641445647
"SpecialK","100%Natural",0.0613707851806519
"GrapeNuts","100%Natural",0.0613707853794081
"SpoonSizeShdWt","100%Natural",0.0613707853513265
"100%Natural","100%Natural",-1.67136419698437
"FrostedMiniWheats","100%Natural",0.061370784555305
"NutriGrain","100%Natural",0.0613707851682629
"Mueslix","100%Natural",0.0613707852604689
"Wheaties","100%Natural",0.0222569641167902
"RaisinBran","100%Natural",0.0222569643579351
"Muesli","100%Natural",0.0613707850689057
"CornPops","100%Natural",0.0222569644176357
"RaisinNutBran","100%Natural",0.0613707850996526
"Basic4","100%Natural",0.0613707848677802
"CocoaPus","100%Natural",0.0222569641775062
"GoldenGrahams","100%Natural",0.0222569642548039
"Cinn.ToastCrunch","100%Natural",0.0222569642805237
"FrootLoops","100%Natural",0.022256964372621
"LowFatGranola","100%Natural",0.0613707851849402
"Trix","100%Natural",0.0222569643177567
"Triples","100%Natural",0.0613707853130991
"Crispix","100%Natural",0.0613707851979659
"Kix","100%Natural",0.0222569643438192
"LuckyCharms","100%Natural",0.022256964074738
"AppleCinn.Cheerios","100%Natural",0.0222569642140319
"CracklinOatBran","100%Natural",0.0613707850036375
"BigBiscuitShdWt","100%Natural",0.0613707853680408
"HoneyBunchesofOats","100%Natural",0.0613707850219307
"GreatGraines","100%Natural",0.0613707852290259
"OtmlRaisinCrisp","100%Natural",0.0613707853430805
"OatSquares","100%Natural",0.061370785381909
"RiceChex","100%Natural",0.0613707852227717
"TotalRaisinBran","100%Natural",0.0613707852528109
"Product19","100%Natural",0.0613707851921197
"AppleJacks","100%Natural",0.0222569645217759
"CaptCrunch","100%Natural",0.0222569640594049
"ShreddedWheat","100%Natural",0.0613707848464152
"FruityPebbles","100%Natural",0.0222569642115115
"Clusters","100%Natural",0.0222569642866445
"CinnamonMiniBuns","100%Natural",0.0222569643478862
"DoubleDipCrunch","100%Natural",0.0613707852908836
"MultiGrainCheerios","100%Natural",0.0222569641754617
"Honeycomb","100%Natural",0.0222569641153549
"Popeye","100%Natural",0.0222569640118783
"CornFlakes","FrostedMiniWheats",0.0200286595885164
"Cheerios","FrostedMiniWheats",0.0200286599311151
"RiceKrispies","FrostedMiniWheats",0.0200286596296768
"FrostedFlakes","FrostedMiniWheats",0.0200286591359421
"RaisinBran","FrostedMiniWheats",0.0200286598512792
"Total","FrostedMiniWheats",0.0552265159961993
"HoneyNutCheerios","FrostedMiniWheats",0.0200286594373322
"SpecialK","FrostedMiniWheats",0.0552265155739227
"GrapeNuts","FrostedMiniWheats",0.0552265154790113
"SpoonSizeShdWt","FrostedMiniWheats",0.0552265154239956
"100%Natural","FrostedMiniWheats",0.055226515288525
"FrostedMiniWheats","FrostedMiniWheats",-1.97145456643274
"NutriGrain","FrostedMiniWheats",0.0552265156984682
"Mueslix","FrostedMiniWheats",0.0552265157456569
"Wheaties","FrostedMiniWheats",0.0200286594875304
"RaisinBran","FrostedMiniWheats",0.0200286595321001
"Muesli","FrostedMiniWheats",0.0552265153161429
"CornPops","FrostedMiniWheats",0.0200286595475294
"RaisinNutBran","FrostedMiniWheats",0.0552265153685545
"Basic4","FrostedMiniWheats",0.0552265152097665
"CocoaPus","FrostedMiniWheats",0.020028659525493
"GoldenGrahams","FrostedMiniWheats",0.0200286597747411
"Cinn.ToastCrunch","FrostedMiniWheats",0.0200286596676109
"FrootLoops","FrostedMiniWheats",0.020028659672023
"LowFatGranola","FrostedMiniWheats",0.055226515258729
"Trix","FrostedMiniWheats",0.0200286596929654
"Triples","FrostedMiniWheats",0.0552265152846011
"Crispix","FrostedMiniWheats",0.0552265154040868
"Kix","FrostedMiniWheats",0.0200286596829942
"LuckyCharms","FrostedMiniWheats",0.0200286594402836
"AppleCinn.Cheerios","FrostedMiniWheats",0.0200286595682997
"CracklinOatBran","FrostedMiniWheats",0.0552265156755649
"BigBiscuitShdWt","FrostedMiniWheats",0.0552265153195189
"HoneyBunchesofOats","FrostedMiniWheats",0.0552265151731496
"GreatGraines","FrostedMiniWheats",0.0552265155416648
"OtmlRaisinCrisp","FrostedMiniWheats",0.055226515185334
"OatSquares","FrostedMiniWheats",0.0552265155645126
"RiceChex","FrostedMiniWheats",0.0552265155459679
"TotalRaisinBran","FrostedMiniWheats",0.0552265154643698
"Product19","FrostedMiniWheats",0.0552265155979021
"AppleJacks","FrostedMiniWheats",0.0200286596766876
"CaptCrunch","FrostedMiniWheats",0.0200286597238385
"ShreddedWheat","FrostedMiniWheats",0.0552265152372032
"FruityPebbles","FrostedMiniWheats",0.0200286596655051
"Clusters","FrostedMiniWheats",0.0200286596842988
"CinnamonMiniBuns","FrostedMiniWheats",0.0200286595676775
"DoubleDipCrunch","FrostedMiniWheats",0.0552265158032447
"MultiGrainCheerios","FrostedMiniWheats",0.0200286595726074
"Honeycomb","FrostedMiniWheats",0.0200286594396468
"Popeye","FrostedMiniWheats",0.0200286595453398
"CornFlakes","NutriGrain",0.0235201119632269
"Cheerios","NutriGrain",0.0235201124465928
"RiceKrispies","NutriGrain",0.0235201118909414
"FrostedFlakes","NutriGrain",0.0235201117956637
"RaisinBran","NutriGrain",0.0235201123096901
"Total","NutriGrain",0.0648537575685312
"HoneyNutCheerios","NutriGrain",0.0235201119040157
"SpecialK","NutriGrain",0.0648537573643865
"GrapeNuts","NutriGrain",0.064853757796999
"SpoonSizeShdWt","NutriGrain",0.0648537571638977
"100%Natural","NutriGrain",0.0648537570951896
"FrostedMiniWheats","NutriGrain",0.0648537567482271
"NutriGrain","NutriGrain",-2.15521292710268
"Mueslix","NutriGrain",0.0648537576232516
"Wheaties","NutriGrain",0.023520111962074
"RaisinBran","NutriGrain",0.0235201121185235
"Muesli","NutriGrain",0.0648537572644602
"CornPops","NutriGrain",0.0235201121580062
"RaisinNutBran","NutriGrain",0.0648537572350342
"Basic4","NutriGrain",0.0648537566757883
"CocoaPus","NutriGrain",0.0235201122702216
"GoldenGrahams","NutriGrain",0.0235201123896748
"Cinn.ToastCrunch","NutriGrain",0.0235201123051196
"FrootLoops","NutriGrain",0.0235201124158618
"LowFatGranola","NutriGrain",0.0648537570819192
"Trix","NutriGrain",0.0235201120634835
"Triples","NutriGrain",0.0648537573021471
"Crispix","NutriGrain",0.0648537569953754
"Kix","NutriGrain",0.0235201121583528
"LuckyCharms","NutriGrain",0.0235201122472871
"AppleCinn.Cheerios","NutriGrain",0.0235201121001124
"CracklinOatBran","NutriGrain",0.0648537570355906
"BigBiscuitShdWt","NutriGrain",0.0648537573151455
"HoneyBunchesofOats","NutriGrain",0.0648537571749098
"GreatGraines","NutriGrain",0.064853757569843
"OtmlRaisinCrisp","NutriGrain",0.064853756849115
"OatSquares","NutriGrain",0.0648537570041345
"RiceChex","NutriGrain",0.0648537573892681
"TotalRaisinBran","NutriGrain",0.0648537573547429
"Product19","NutriGrain",0.064853757006922
"AppleJacks","NutriGrain",0.0235201121594834
"CaptCrunch","NutriGrain",0.0235201119204116
"ShreddedWheat","NutriGrain",0.064853757204135
"FruityPebbles","NutriGrain",0.0235201119533927
"Clusters","NutriGrain",0.0235201121156578
"CinnamonMiniBuns","NutriGrain",0.0235201120728709
"DoubleDipCrunch","NutriGrain",0.0648537573041702
"MultiGrainCheerios","NutriGrain",0.0235201122786306
"Honeycomb","NutriGrain",0.0235201119301509
"Popeye","NutriGrain",0.023520112256283
"CornFlakes","Mueslix",0.0140679186269195
"Cheerios","Mueslix",0.01406791892682
"RiceKrispies","Mueslix",0.0140679182591618
"FrostedFlakes","Mueslix",0.0140679183006471
"RaisinBran","Mueslix",0.0140679186495043
"Total","Mueslix",0.0387905197491782
"HoneyNutCheerios","Mueslix",0.014067918308624
"SpecialK","Mueslix",0.0387905191334714
"GrapeNuts","Mueslix",0.0387905197292337
"SpoonSizeShdWt","Mueslix",0.0387905194131546
"100%Natural","Mueslix",0.0387905190925513
"FrostedMiniWheats","Mueslix",0.0387905189647708
"NutriGrain","Mueslix",0.0387905191507183
"Mueslix","Mueslix",-2.52163479122121
"Wheaties","Mueslix",0.0140679184474622
"RaisinBran","Mueslix",0.0140679186204148
"Muesli","Mueslix",0.0387905199858076
"CornPops","Mueslix",0.0140679186523934
"RaisinNutBran","Mueslix",0.0387905193237762
"Basic4","Mueslix",0.0387905193762589
"CocoaPus","Mueslix",0.0140679186883181
"GoldenGrahams","Mueslix",0.0140679187753095
"Cinn.ToastCrunch","Mueslix",0.0140679188617849
"FrootLoops","Mueslix",0.0140679188115224
"LowFatGranola","Mueslix",0.0387905194096094
"Trix","Mueslix",0.0140679187196719
"Triples","Mueslix",0.0387905193566068
"Crispix","Mueslix",0.0387905188211522
"Kix","Mueslix",0.0140679184461469
"LuckyCharms","Mueslix",0.0140679183788332
"AppleCinn.Cheerios","Mueslix",0.0140679188182461
"CracklinOatBran","Mueslix",0.0387905196501733
"BigBiscuitShdWt","Mueslix",0.0387905196404582
"HoneyBunchesofOats","Mueslix",0.0387905192341941
"GreatGraines","Mueslix",0.0387905196323534
"OtmlRaisinCrisp","Mueslix",0.0387905191148867
"OatSquares","Mueslix",0.0387905193251083
"RiceChex","Mueslix",0.0387905197518989
"TotalRaisinBran","Mueslix",0.0387905194660361
"Product19","Mueslix",0.0387905198707217
"AppleJacks","Mueslix",0.0140679189041532
"CaptCrunch","Mueslix",0.0140679186882731
"ShreddedWheat","Mueslix",0.038790519164296
"FruityPebbles","Mueslix",0.0140679186698271
"Clusters","Mueslix",0.0140679188346696
"CinnamonMiniBuns","Mueslix",0.0140679191389272
"DoubleDipCrunch","Mueslix",0.0387905200605958
"MultiGrainCheerios","Mueslix",0.0140679188864096
"Honeycomb","Mueslix",0.0140679185986945
"Popeye","Mueslix",0.0140679187866991
"CornFlakes","Wheaties",0.105345788338361
"Cheerios","Wheaties",0.105345788691898
"RiceKrispies","Wheaties",0.105345788463408
"FrostedFlakes","Wheaties",0.105345788326489
"RaisinBran","Wheaties",0.105345788877635
"Total","Wheaties",0.0298563464018017
"HoneyNutCheerios","Wheaties",0.10534578857223
"SpecialK","Wheaties",0.0298563466468097
"GrapeNuts","Wheaties",0.0298563466001102
"SpoonSizeShdWt","Wheaties",0.0298563459412879
"100%Natural","Wheaties",0.0298563460771197
"FrostedMiniWheats","Wheaties",0.0298563464072888
"NutriGrain","Wheaties",0.0298563465493159
"Mueslix","Wheaties",0.0298563463742196
"Wheaties","Wheaties",-1.86718736564685
"RaisinBran","Wheaties",0.105345788507578
"Muesli","Wheaties",0.0298563462911698
"CornPops","Wheaties",0.105345788414153
"RaisinNutBran","Wheaties",0.029856346066256
"Basic4","Wheaties",0.0298563462954339
"CocoaPus","Wheaties",0.0298563460958994
"GoldenGrahams","Wheaties",0.0298563463446693
"Cinn.ToastCrunch","Wheaties",0.0298563463359851
"FrootLoops","Wheaties",0.0298563463419369
"LowFatGranola","Wheaties",0.0298563462490029
"Trix","Wheaties",0.0298563462490429
"Triples","Wheaties",0.0298563463905968
"Crispix","Wheaties",0.0298563462210265
"Kix","Wheaties",0.0298563463844531
"LuckyCharms","Wheaties",0.0298563462161462
"AppleCinn.Cheerios","Wheaties",0.105345788532801
"CracklinOatBran","Wheaties",0.0298563464322697
"BigBiscuitShdWt","Wheaties",0.0298563461942867
"HoneyBunchesofOats","Wheaties",0.0298563462769168
"GreatGraines","Wheaties",0.0298563463434333
"OtmlRaisinCrisp","Wheaties",0.0298563464377009
"OatSquares","Wheaties",0.0298563464603782
"RiceChex","Wheaties",0.0298563464619395
"TotalRaisinBran","Wheaties",0.0298563461565698
"Product19","Wheaties",0.0298563463167488
"AppleJacks","Wheaties",0.0298563464624231
"CaptCrunch","Wheaties",0.0298563461557562
"ShreddedWheat","Wheaties",0.0298563459178805
"FruityPebbles","Wheaties",0.0298563460757565
"Clusters","Wheaties",0.105345788664724
"CinnamonMiniBuns","Wheaties",0.105345788665819
"DoubleDipCrunch","Wheaties",0.0298563461023156
"MultiGrainCheerios","Wheaties",0.105345788835164
"Honeycomb","Wheaties",0.0298563462545057
"Popeye","Wheaties",0.0298563460206953
"CornFlakes","RaisinBran",0.0771623166540144
"Cheerios","RaisinBran",0.0771623168454404
"RiceKrispies","RaisinBran",0.0771623162341104
"FrostedFlakes","RaisinBran",0.0771623164852035
"RaisinBran","RaisinBran",0.0771623163162955
"Total","RaisinBran",0.0218687893005127
"HoneyNutCheerios","RaisinBran",0.0771623165309282
"SpecialK","RaisinBran",0.0218687892817771
"GrapeNuts","RaisinBran",0.0218687891078511
"SpoonSizeShdWt","RaisinBran",0.0218687891338455
"100%Natural","RaisinBran",0.0218687888116321
"FrostedMiniWheats","RaisinBran",0.021868788798265
"NutriGrain","RaisinBran",0.0218687890543179
"Mueslix","RaisinBran",0.0218687890769744
"Wheaties","RaisinBran",0.0771623165471659
"RaisinBran","RaisinBran",-1.64783725323543
"Muesli","RaisinBran",0.0218687891148631
"CornPops","RaisinBran",0.0771623163285166
"RaisinNutBran","RaisinBran",0.021868789098581
"Basic4","RaisinBran",0.0218687888694368
"CocoaPus","RaisinBran",0.0218687891765932
"GoldenGrahams","RaisinBran",0.0218687892362847
"Cinn.ToastCrunch","RaisinBran",0.021868789227906
"FrootLoops","RaisinBran",0.0218687892858568
"LowFatGranola","RaisinBran",0.0218687891927222
"Trix","RaisinBran",0.0218687892775687
"Triples","RaisinBran",0.0218687893913932
"Crispix","RaisinBran",0.0218687888070603
"Kix","RaisinBran",0.0218687890078572
"LuckyCharms","RaisinBran",0.0218687890695864
"AppleCinn.Cheerios","RaisinBran",0.0771623166002874
"CracklinOatBran","RaisinBran",0.0218687890670491
"BigBiscuitShdWt","RaisinBran",0.0218687891996021
"HoneyBunchesofOats","RaisinBran",0.0218687890634352
"GreatGraines","RaisinBran",0.0218687890145186
"OtmlRaisinCrisp","RaisinBran",0.0218687891734826
"OatSquares","RaisinBran",0.0218687891725183
"RiceChex","RaisinBran",0.0218687890681984
"TotalRaisinBran","RaisinBran",0.0218687890353082
"Product19","RaisinBran",0.0218687890818666
"AppleJacks","RaisinBran",0.021868789326013
"CaptCrunch","RaisinBran",0.0218687889568231
"ShreddedWheat","RaisinBran",0.0218687887930092
"FruityPebbles","RaisinBran",0.0218687890110789
"Clusters","RaisinBran",0.0771623166982562
"CinnamonMiniBuns","RaisinBran",0.077162316531321
"DoubleDipCrunch","RaisinBran",0.021868789080117
"MultiGrainCheerios","RaisinBran",0.077162316585025
"Honeycomb","RaisinBran",0.021868789007136
"Popeye","RaisinBran",0.0218687891853838
"CornFlakes","Muesli",0.0133726448224377
"Cheerios","Muesli",0.0133726448114179
"RiceKrispies","Muesli",0.0133726448164989
"FrostedFlakes","Muesli",0.0133726443511824
"RaisinBran","Muesli",0.0133726446385765
"Total","Muesli",0.0368733895455122
"HoneyNutCheerios","Muesli",0.0133726446815714
"SpecialK","Muesli",0.0368733893012362
"GrapeNuts","Muesli",0.0368733892971083
"SpoonSizeShdWt","Muesli",0.0368733888709673
"100%Natural","Muesli",0.0368733889774825
"FrostedMiniWheats","Muesli",0.036873389324012
"NutriGrain","Muesli",0.0368733894890947
"Mueslix","Muesli",0.0368733891755689
"Wheaties","Muesli",0.0133726443850607
"RaisinBran","Muesli",0.0133726449240547
"Muesli","Muesli",-2.54675819316111
"CornPops","Muesli",0.0133726450334784
"RaisinNutBran","Muesli",0.03687338895827
"Basic4","Muesli",0.0368733890939582
"CocoaPus","Muesli",0.0133726448782721
"GoldenGrahams","Muesli",0.0133726450533436
"Cinn.ToastCrunch","Muesli",0.0133726449102167
"FrootLoops","Muesli",0.0133726455496352
"LowFatGranola","Muesli",0.0368733890798918
"Trix","Muesli",0.0133726449376536
"Triples","Muesli",0.0368733893793644
"Crispix","Muesli",0.0368733887258427
"Kix","Muesli",0.0133726449454122
"LuckyCharms","Muesli",0.0133726447265471
"AppleCinn.Cheerios","Muesli",0.0133726446909124
"CracklinOatBran","Muesli",0.0368733890557729
"BigBiscuitShdWt","Muesli",0.0368733893024114
"HoneyBunchesofOats","Muesli",0.0368733892068688
"GreatGraines","Muesli",0.0368733898476685
"OtmlRaisinCrisp","Muesli",0.0368733892779763
"OatSquares","Muesli",0.0368733887340642
"RiceChex","Muesli",0.0368733891957195
"TotalRaisinBran","Muesli",0.0368733892474166
"Product19","Muesli",0.0368733892524773
"AppleJacks","Muesli",0.0133726447991108
"CaptCrunch","Muesli",0.0133726448576814
"ShreddedWheat","Muesli",0.036873388956171
"FruityPebbles","Muesli",0.0133726449845462
"Clusters","Muesli",0.0133726444509765
"CinnamonMiniBuns","Muesli",0.0133726446544281
"DoubleDipCrunch","Muesli",0.0368733892758287
"MultiGrainCheerios","Muesli",0.0133726446254957
"Honeycomb","Muesli",0.0133726450674261
"Popeye","Muesli",0.0133726450490498
"CornFlakes","CornPops",0.0522187923007101
"Cheerios","CornPops",0.0522187931375562
"RiceKrispies","CornPops",0.0522187924786901
"FrostedFlakes","CornPops",0.052218791986028
"RaisinBran","CornPops",0.0522187924807592
"Total","CornPops",0.0147994755274089
"HoneyNutCheerios","CornPops",0.0522187924299579
"SpecialK","CornPops",0.0147994754168622
"GrapeNuts","CornPops",0.0147994751287134
"SpoonSizeShdWt","CornPops",0.0147994744877737
"100%Natural","CornPops",0.014799474755247
"FrostedMiniWheats","CornPops",0.0147994747120889
"NutriGrain","CornPops",0.0147994749247562
"Mueslix","CornPops",0.014799474614564
"Wheaties","CornPops",0.0522187927744333
"RaisinBran","CornPops",0.0522187925342877
"Muesli","CornPops",0.0147994750019051
"CornPops","CornPops",-2.66291500614169
"RaisinNutBran","CornPops",0.0147994747969623
"Basic4","CornPops",0.0147994751792481
"CocoaPus","CornPops",0.0147994749284571
"GoldenGrahams","CornPops",0.0147994754802874
"Cinn.ToastCrunch","CornPops",0.0147994751160217
"FrootLoops","CornPops",0.0147994759106583
"LowFatGranola","CornPops",0.0147994748810405
"Trix","CornPops",0.0147994752998713
"Triples","CornPops",0.0147994754418518
"Crispix","CornPops",0.0147994747351835
"Kix","CornPops",0.0147994751420617
"LuckyCharms","CornPops",0.0147994748942244
"AppleCinn.Cheerios","CornPops",0.0522187926893927
"CracklinOatBran","CornPops",0.0147994749023186
"BigBiscuitShdWt","CornPops",0.0147994751774405
"HoneyBunchesofOats","CornPops",0.014799474839331
"GreatGraines","CornPops",0.0147994751512068
"OtmlRaisinCrisp","CornPops",0.0147994747687252
"OatSquares","CornPops",0.0147994751199756
"RiceChex","CornPops",0.0147994751387183
"TotalRaisinBran","CornPops",0.0147994750121323
"Product19","CornPops",0.0147994749640221
"AppleJacks","CornPops",0.0147994752958714
"CaptCrunch","CornPops",0.0147994753748951
"ShreddedWheat","CornPops",0.01479947447722
"FruityPebbles","CornPops",0.0147994751218162
"Clusters","CornPops",0.0522187932966346
"CinnamonMiniBuns","CornPops",0.0522187929788215
"DoubleDipCrunch","CornPops",0.0147994747553681
"MultiGrainCheerios","CornPops",0.0522187926838769
"Honeycomb","CornPops",0.014799475323347
"Popeye","CornPops",0.0147994753695167
"CornFlakes","RaisinNutBran",0.0151489535846658
"Cheerios","RaisinNutBran",0.0151489539700478
"RiceKrispies","RaisinNutBran",0.0151489534941557
"FrostedFlakes","RaisinNutBran",0.0151489532459099
"RaisinBran","RaisinNutBran",0.0151489535534243
"Total","RaisinNutBran",0.0417713382729119
"HoneyNutCheerios","RaisinNutBran",0.015148953251523
"SpecialK","RaisinNutBran",0.0417713379289208
"GrapeNuts","RaisinNutBran",0.0417713387440213
"SpoonSizeShdWt","RaisinNutBran",0.0417713385723095
"100%Natural","RaisinNutBran",0.041771337824248
"FrostedMiniWheats","RaisinNutBran",0.0417713378598677
"NutriGrain","RaisinNutBran",0.0417713383440681
"Mueslix","RaisinNutBran",0.0417713382728365
"Wheaties","RaisinNutBran",0.0151489533888062
"RaisinBran","RaisinNutBran",0.0151489534067913
"Muesli","RaisinNutBran",0.0417713381499451
"CornPops","RaisinNutBran",0.0151489537519605
"RaisinNutBran","RaisinNutBran",-2.26338499108907
"Basic4","RaisinNutBran",0.0417713384543726
"CocoaPus","RaisinNutBran",0.0151489534364402
"GoldenGrahams","RaisinNutBran",0.0151489539235378
"Cinn.ToastCrunch","RaisinNutBran",0.0151489537766792
"FrootLoops","RaisinNutBran",0.015148953723514
"LowFatGranola","RaisinNutBran",0.0417713378126337
"Trix","RaisinNutBran",0.0151489535480464
"Triples","RaisinNutBran",0.0417713387285813
"Crispix","RaisinNutBran",0.0417713376809556
"Kix","RaisinNutBran",0.0151489538540731
"LuckyCharms","RaisinNutBran",0.0151489537907972
"AppleCinn.Cheerios","RaisinNutBran",0.0151489535191783
"CracklinOatBran","RaisinNutBran",0.0417713380843223
"BigBiscuitShdWt","RaisinNutBran",0.0417713385295748
"HoneyBunchesofOats","RaisinNutBran",0.04177133786878
"GreatGraines","RaisinNutBran",0.0417713384046074
"OtmlRaisinCrisp","RaisinNutBran",0.0417713382298736
"OatSquares","RaisinNutBran",0.0417713378871004
"RiceChex","RaisinNutBran",0.0417713382841527
"TotalRaisinBran","RaisinNutBran",0.041771338102568
"Product19","RaisinNutBran",0.0417713386021664
"AppleJacks","RaisinNutBran",0.0151489539238412
"CaptCrunch","RaisinNutBran",0.0151489535042651
"ShreddedWheat","RaisinNutBran",0.0417713382194471
"FruityPebbles","RaisinNutBran",0.0151489536108693
"Clusters","RaisinNutBran",0.0151489534715291
"CinnamonMiniBuns","RaisinNutBran",0.0151489538916328
"DoubleDipCrunch","RaisinNutBran",0.041771338770059
"MultiGrainCheerios","RaisinNutBran",0.0151489533936245
"Honeycomb","RaisinNutBran",0.0151489536853087
"Popeye","RaisinNutBran",0.0151489534246729
"CornFlakes","Basic4",0.014628814417654
"Cheerios","Basic4",0.0146288148614576
"RiceKrispies","Basic4",0.014628814423332
"FrostedFlakes","Basic4",0.0146288144795224
"RaisinBran","Basic4",0.0146288144564977
"Total","Basic4",0.0403371197416572
"HoneyNutCheerios","Basic4",0.0146288141955526
"SpecialK","Basic4",0.0403371192248673
"GrapeNuts","Basic4",0.0403371190388896
"SpoonSizeShdWt","Basic4",0.0403371191996611
"100%Natural","Basic4",0.0403371187278955
"FrostedMiniWheats","Basic4",0.0403371189713386
"NutriGrain","Basic4",0.0403371188904948
"Mueslix","Basic4",0.040337119301744
"Wheaties","Basic4",0.014628814291129
"RaisinBran","Basic4",0.0146288146720045
"Muesli","Basic4",0.0403371191993056
"CornPops","Basic4",0.0146288148071384
"RaisinNutBran","Basic4",0.0403371193448464
"Basic4","Basic4",-2.48914650041905
"CocoaPus","Basic4",0.0146288144084384
"GoldenGrahams","Basic4",0.014628814535775
"Cinn.ToastCrunch","Basic4",0.0146288144757815
"FrootLoops","Basic4",0.014628814637157
"LowFatGranola","Basic4",0.0403371187670155
"Trix","Basic4",0.0146288145728572
"Triples","Basic4",0.0403371191815552
"Crispix","Basic4",0.0403371183298578
"Kix","Basic4",0.0146288147175456
"LuckyCharms","Basic4",0.0146288142985108
"AppleCinn.Cheerios","Basic4",0.0146288146250174
"CracklinOatBran","Basic4",0.0403371194770833
"BigBiscuitShdWt","Basic4",0.0403371192960595
"HoneyBunchesofOats","Basic4",0.040337118632598
"GreatGraines","Basic4",0.0403371194808082
"OtmlRaisinCrisp","Basic4",0.0403371190885971
"OatSquares","Basic4",0.0403371190364569
"RiceChex","Basic4",0.0403371192571641
"TotalRaisinBran","Basic4",0.0403371189991876
"Product19","Basic4",0.0403371192946818
"AppleJacks","Basic4",0.0146288147880787
"CaptCrunch","Basic4",0.0146288146168579
"ShreddedWheat","Basic4",0.0403371187449507
"FruityPebbles","Basic4",0.014628814434889
"Clusters","Basic4",0.0146288145988469
"CinnamonMiniBuns","Basic4",0.0146288146068047
"DoubleDipCrunch","Basic4",0.0403371193483037
"MultiGrainCheerios","Basic4",0.0146288145530197
"Honeycomb","Basic4",0.0146288146522757
"Popeye","Basic4",0.0146288143537875
"CornFlakes","CocoaPus",0.0181220477195012
"Cheerios","CocoaPus",0.0181220475609114
"RiceKrispies","CocoaPus",0.0181220473428446
"FrostedFlakes","CocoaPus",0.0181220473260033
"RaisinBran","CocoaPus",0.018122047549273
"Total","CocoaPus",0.0181220472840202
"HoneyNutCheerios","CocoaPus",0.0181220477487815
"SpecialK","CocoaPus",0.0181220477744336
"GrapeNuts","CocoaPus",0.0181220477245462
"SpoonSizeShdWt","CocoaPus",0.018122047118901
"100%Natural","CocoaPus",0.0181220474008569
"FrostedMiniWheats","CocoaPus",0.018122046817326
"NutriGrain","CocoaPus",0.018122047177944
"Mueslix","CocoaPus",0.0181220468377482
"Wheaties","CocoaPus",0.0181220474071445
"RaisinBran","CocoaPus",0.0181220478141392
"Muesli","CocoaPus",0.0181220477923744
"CornPops","CocoaPus",0.0181220477001096
"RaisinNutBran","CocoaPus",0.0181220471825613
"Basic4","CocoaPus",0.0181220469807393
"CocoaPus","CocoaPus",-2.59737489286151
"GoldenGrahams","CocoaPus",0.07908180839176
"Cinn.ToastCrunch","CocoaPus",0.0790818077137116
"FrootLoops","CocoaPus",0.0790818084935069
"LowFatGranola","CocoaPus",0.0181220472516991
"Trix","CocoaPus",0.0790818080175009
"Triples","CocoaPus",0.0181220473840926
"Crispix","CocoaPus",0.0181220470025033
"Kix","CocoaPus",0.0790818071680195
"LuckyCharms","CocoaPus",0.0790818079320744
"AppleCinn.Cheerios","CocoaPus",0.0181220476188436
"CracklinOatBran","CocoaPus",0.0181220471660712
"BigBiscuitShdWt","CocoaPus",0.0181220474724712
"HoneyBunchesofOats","CocoaPus",0.0181220471030843
"GreatGraines","CocoaPus",0.0181220474436729
"OtmlRaisinCrisp","CocoaPus",0.0181220475778858
"OatSquares","CocoaPus",0.0181220473206442
"RiceChex","CocoaPus",0.0181220470581502
"TotalRaisinBran","CocoaPus",0.0181220472201571
"Product19","CocoaPus",0.0181220472682228
"AppleJacks","CocoaPus",0.0790818085152314
"CaptCrunch","CocoaPus",0.0790818076822099
"ShreddedWheat","CocoaPus",0.0181220470875062
"FruityPebbles","CocoaPus",0.0790818082021153
"Clusters","CocoaPus",0.018122047717547
"CinnamonMiniBuns","CocoaPus",0.0181220481379088
"DoubleDipCrunch","CocoaPus",0.0181220470887539
"MultiGrainCheerios","CocoaPus",0.0181220476795166
"Honeycomb","CocoaPus",0.079081808081622
"Popeye","CocoaPus",0.079081807647037
"CornFlakes","GoldenGrahams",0.0218274817866153
"Cheerios","GoldenGrahams",0.0218274821992463
"RiceKrispies","GoldenGrahams",0.0218274815501517
"FrostedFlakes","GoldenGrahams",0.0218274819253431
"RaisinBran","GoldenGrahams",0.0218274820747223
"Total","GoldenGrahams",0.0218274824726305
"HoneyNutCheerios","GoldenGrahams",0.0218274818357579
"SpecialK","GoldenGrahams",0.0218274822197452
"GrapeNuts","GoldenGrahams",0.0218274824293244
"SpoonSizeShdWt","GoldenGrahams",0.0218274818037192
"100%Natural","GoldenGrahams",0.0218274819907886
"FrostedMiniWheats","GoldenGrahams",0.0218274818637209
"NutriGrain","GoldenGrahams",0.0218274824389666
"Mueslix","GoldenGrahams",0.021827482117802
"Wheaties","GoldenGrahams",0.0218274816271248
"RaisinBran","GoldenGrahams",0.0218274823143186
"Muesli","GoldenGrahams",0.0218274825938179
"CornPops","GoldenGrahams",0.0218274821796215
"RaisinNutBran","GoldenGrahams",0.0218274817394168
"Basic4","GoldenGrahams",0.0218274823038548
"CocoaPus","GoldenGrahams",0.0952517504278243
"GoldenGrahams","GoldenGrahams",-2.4110256382286
"Cinn.ToastCrunch","GoldenGrahams",0.0952517509401668
"FrootLoops","GoldenGrahams",0.0952517511418972
"LowFatGranola","GoldenGrahams",0.0218274821872415
"Trix","GoldenGrahams",0.0952517511057468
"Triples","GoldenGrahams",0.0218274824771037
"Crispix","GoldenGrahams",0.0218274818980416
"Kix","GoldenGrahams",0.0952517504162162
"LuckyCharms","GoldenGrahams",0.0952517504501637
"AppleCinn.Cheerios","GoldenGrahams",0.0218274821969767
"CracklinOatBran","GoldenGrahams",0.0218274821123147
"BigBiscuitShdWt","GoldenGrahams",0.0218274820798052
"HoneyBunchesofOats","GoldenGrahams",0.0218274820303832
"GreatGraines","GoldenGrahams",0.0218274821606093
"OtmlRaisinCrisp","GoldenGrahams",0.0218274821173064
"OatSquares","GoldenGrahams",0.0218274819639241
"RiceChex","GoldenGrahams",0.0218274818374954
"TotalRaisinBran","GoldenGrahams",0.0218274822641791
"Product19","GoldenGrahams",0.0218274820184821
"AppleJacks","GoldenGrahams",0.0952517508384569
"CaptCrunch","GoldenGrahams",0.0952517505105709
"ShreddedWheat","GoldenGrahams",0.0218274816603638
"FruityPebbles","GoldenGrahams",0.095251750838403
"Clusters","GoldenGrahams",0.0218274819191465
"CinnamonMiniBuns","GoldenGrahams",0.021827482239971
"DoubleDipCrunch","GoldenGrahams",0.0218274818314217
"MultiGrainCheerios","GoldenGrahams",0.0218274817969041
"Honeycomb","GoldenGrahams",0.0952517512471088
"Popeye","GoldenGrahams",0.0952517503762246
"CornFlakes","Cinn.ToastCrunch",0.0215734634859595
"Cheerios","Cinn.ToastCrunch",0.0215734637396504
"RiceKrispies","Cinn.ToastCrunch",0.0215734632202049
"FrostedFlakes","Cinn.ToastCrunch",0.0215734634423914
"RaisinBran","Cinn.ToastCrunch",0.0215734639719368
"Total","Cinn.ToastCrunch",0.0215734641440722
"HoneyNutCheerios","Cinn.ToastCrunch",0.0215734634660374
"SpecialK","Cinn.ToastCrunch",0.0215734639462075
"GrapeNuts","Cinn.ToastCrunch",0.0215734639615991
"SpoonSizeShdWt","Cinn.ToastCrunch",0.0215734633581336
"100%Natural","Cinn.ToastCrunch",0.0215734632399492
"FrostedMiniWheats","Cinn.ToastCrunch",0.0215734633570052
"NutriGrain","Cinn.ToastCrunch",0.0215734639547407
"Mueslix","Cinn.ToastCrunch",0.0215734634865138
"Wheaties","Cinn.ToastCrunch",0.021573463552667
"RaisinBran","Cinn.ToastCrunch",0.0215734635533897
"Muesli","Cinn.ToastCrunch",0.0215734642992037
"CornPops","Cinn.ToastCrunch",0.0215734635541483
"RaisinNutBran","Cinn.ToastCrunch",0.0215734633005198
"Basic4","Cinn.ToastCrunch",0.0215734634493157
"CocoaPus","Cinn.ToastCrunch",0.0941432527062478
"GoldenGrahams","Cinn.ToastCrunch",0.0941432528207918
"Cinn.ToastCrunch","Cinn.ToastCrunch",-2.50495922195082
"FrootLoops","Cinn.ToastCrunch",0.0941432530667137
"LowFatGranola","Cinn.ToastCrunch",0.0215734635953517
"Trix","Cinn.ToastCrunch",0.0941432527527146
"Triples","Cinn.ToastCrunch",0.0215734642134788
"Crispix","Cinn.ToastCrunch",0.0215734637273654
"Kix","Cinn.ToastCrunch",0.0941432526010302
"LuckyCharms","Cinn.ToastCrunch",0.0941432526747803
"AppleCinn.Cheerios","Cinn.ToastCrunch",0.0215734635877075
"CracklinOatBran","Cinn.ToastCrunch",0.0215734635450614
"BigBiscuitShdWt","Cinn.ToastCrunch",0.02157346387462
"HoneyBunchesofOats","Cinn.ToastCrunch",0.0215734637457563
"GreatGraines","Cinn.ToastCrunch",0.0215734636223202
"OtmlRaisinCrisp","Cinn.ToastCrunch",0.0215734636598066
"OatSquares","Cinn.ToastCrunch",0.0215734635143822
"RiceChex","Cinn.ToastCrunch",0.0215734635799276
"TotalRaisinBran","Cinn.ToastCrunch",0.0215734635166192
"Product19","Cinn.ToastCrunch",0.0215734634651831
"AppleJacks","Cinn.ToastCrunch",0.0941432533613169
"CaptCrunch","Cinn.ToastCrunch",0.094143252352882
"ShreddedWheat","Cinn.ToastCrunch",0.0215734633304247
"FruityPebbles","Cinn.ToastCrunch",0.0941432531049941
"Clusters","Cinn.ToastCrunch",0.0215734636125957
"CinnamonMiniBuns","Cinn.ToastCrunch",0.0215734640618792
"DoubleDipCrunch","Cinn.ToastCrunch",0.021573463853961
"MultiGrainCheerios","Cinn.ToastCrunch",0.021573463485706
"Honeycomb","Cinn.ToastCrunch",0.0941432531834235
"Popeye","Cinn.ToastCrunch",0.0941432527036852
"CornFlakes","FrootLoops",0.017044458668399
"Cheerios","FrootLoops",0.0170444591793415
"RiceKrispies","FrootLoops",0.0170444584709027
"FrostedFlakes","FrootLoops",0.0170444582552917
"RaisinBran","FrootLoops",0.0170444590661667
"Total","FrootLoops",0.0170444592372412
"HoneyNutCheerios","FrootLoops",0.0170444585239597
"SpecialK","FrootLoops",0.0170444589369968
"GrapeNuts","FrootLoops",0.017044459099936
"SpoonSizeShdWt","FrootLoops",0.0170444587380723
"100%Natural","FrootLoops",0.0170444585594315
"FrostedMiniWheats","FrootLoops",0.0170444580684415
"NutriGrain","FrootLoops",0.0170444587266375
"Mueslix","FrootLoops",0.0170444583981346
"Wheaties","FrootLoops",0.0170444587682344
"RaisinBran","FrootLoops",0.0170444586321008
"Muesli","FrootLoops",0.0170444586170967
"CornPops","FrootLoops",0.0170444588981881
"RaisinNutBran","FrootLoops",0.0170444582522668
"Basic4","FrootLoops",0.0170444586176661
"CocoaPus","FrootLoops",0.0743793758100072
"GoldenGrahams","FrootLoops",0.0743793762719096
"Cinn.ToastCrunch","FrootLoops",0.0743793761777072
"FrootLoops","FrootLoops",-2.65622528701836
"LowFatGranola","FrootLoops",0.0170444588174235
"Trix","FrootLoops",0.0743793760824768
"Triples","FrootLoops",0.0170444587656345
"Crispix","FrootLoops",0.0170444585321544
"Kix","FrootLoops",0.0743793756505753
"LuckyCharms","FrootLoops",0.0743793763296773
"AppleCinn.Cheerios","FrootLoops",0.0170444590369668
"CracklinOatBran","FrootLoops",0.0170444584848318
"BigBiscuitShdWt","FrootLoops",0.0170444587736018
"HoneyBunchesofOats","FrootLoops",0.017044458664869
"GreatGraines","FrootLoops",0.017044458416609
"OtmlRaisinCrisp","FrootLoops",0.0170444585349731
"OatSquares","FrootLoops",0.0170444585711785
"RiceChex","FrootLoops",0.0170444586634309
"TotalRaisinBran","FrootLoops",0.0170444582225135
"Product19","FrootLoops",0.0170444586169377
"AppleJacks","FrootLoops",0.0743793765686134
"CaptCrunch","FrootLoops",0.0743793759446127
"ShreddedWheat","FrootLoops",0.0170444585995297
"FruityPebbles","FrootLoops",0.0743793761154757
"Clusters","FrootLoops",0.0170444588492953
"CinnamonMiniBuns","FrootLoops",0.0170444592006947
"DoubleDipCrunch","FrootLoops",0.0170444586640584
"MultiGrainCheerios","FrootLoops",0.0170444590872539
"Honeycomb","FrootLoops",0.0743793767462521
"Popeye","FrootLoops",0.0743793761665986
"CornFlakes","LowFatGranola",0.0188754663376214
"Cheerios","LowFatGranola",0.0188754664440533
"RiceKrispies","LowFatGranola",0.0188754664530276
"FrostedFlakes","LowFatGranola",0.0188754663081184
"RaisinBran","LowFatGranola",0.0188754665159233
"Total","LowFatGranola",0.0520467296279077
"HoneyNutCheerios","LowFatGranola",0.0188754664761249
"SpecialK","LowFatGranola",0.0520467293384217
"GrapeNuts","LowFatGranola",0.0520467296067017
"SpoonSizeShdWt","LowFatGranola",0.052046729342188
"100%Natural","LowFatGranola",0.0520467293062397
"FrostedMiniWheats","LowFatGranola",0.0520467290066969
"NutriGrain","LowFatGranola",0.0520467294571788
"Mueslix","LowFatGranola",0.0520467296573317
"Wheaties","LowFatGranola",0.0188754664467018
"RaisinBran","LowFatGranola",0.018875466871985
"Muesli","LowFatGranola",0.0520467292348431
"CornPops","LowFatGranola",0.0188754668784825
"RaisinNutBran","LowFatGranola",0.0520467295295648
"Basic4","LowFatGranola",0.0520467292006965
"CocoaPus","LowFatGranola",0.0188754665519452
"GoldenGrahams","LowFatGranola",0.0188754669148591
"Cinn.ToastCrunch","LowFatGranola",0.0188754667315281
"FrootLoops","LowFatGranola",0.0188754670331938
"LowFatGranola","LowFatGranola",-2.02104689287969
"Trix","LowFatGranola",0.0188754668369056
"Triples","LowFatGranola",0.0520467296834517
"Crispix","LowFatGranola",0.0520467288732233
"Kix","LowFatGranola",0.0188754668611279
"LuckyCharms","LowFatGranola",0.0188754666387934
"AppleCinn.Cheerios","LowFatGranola",0.0188754665996331
"CracklinOatBran","LowFatGranola",0.052046729549417
"BigBiscuitShdWt","LowFatGranola",0.0520467295935819
"HoneyBunchesofOats","LowFatGranola",0.0520467294381988
"GreatGraines","LowFatGranola",0.0520467297831272
"OtmlRaisinCrisp","LowFatGranola",0.0520467291533914
"OatSquares","LowFatGranola",0.0520467294643892
"RiceChex","LowFatGranola",0.0520467295712901
"TotalRaisinBran","LowFatGranola",0.052046729050233
"Product19","LowFatGranola",0.0520467293585291
"AppleJacks","LowFatGranola",0.0188754666188667
"CaptCrunch","LowFatGranola",0.0188754665231964
"ShreddedWheat","LowFatGranola",0.0520467293564532
"FruityPebbles","LowFatGranola",0.0188754666315783
"Clusters","LowFatGranola",0.0188754665879392
"CinnamonMiniBuns","LowFatGranola",0.0188754665515454
"DoubleDipCrunch","LowFatGranola",0.0520467295756597
"MultiGrainCheerios","LowFatGranola",0.018875466457908
"Honeycomb","LowFatGranola",0.0188754666204365
"Popeye","LowFatGranola",0.0188754664695959
"CornFlakes","Trix",0.0145354716716659
"Cheerios","Trix",0.0145354718392876
"RiceKrispies","Trix",0.0145354714052798
"FrostedFlakes","Trix",0.0145354715787211
"RaisinBran","Trix",0.0145354723325986
"Total","Trix",0.0145354726536852
"HoneyNutCheerios","Trix",0.0145354716149602
"SpecialK","Trix",0.0145354720577011
"GrapeNuts","Trix",0.0145354726377886
"SpoonSizeShdWt","Trix",0.0145354720889237
"100%Natural","Trix",0.0145354715889376
"FrostedMiniWheats","Trix",0.0145354714559359
"NutriGrain","Trix",0.0145354725205216
"Mueslix","Trix",0.0145354716708501
"Wheaties","Trix",0.0145354717850642
"RaisinBran","Trix",0.0145354722631825
"Muesli","Trix",0.0145354727272216
"CornPops","Trix",0.0145354719840759
"RaisinNutBran","Trix",0.0145354718647654
"Basic4","Trix",0.0145354722808493
"CocoaPus","Trix",0.0634305478648999
"GoldenGrahams","Trix",0.0634305486872846
"Cinn.ToastCrunch","Trix",0.0634305482829119
"FrootLoops","Trix",0.0634305487969678
"LowFatGranola","Trix",0.0145354721275233
"Trix","Trix",-2.99979732890537
"Triples","Trix",0.0145354726106856
"Crispix","Trix",0.0145354718074524
"Kix","Trix",0.0634305476659634
"LuckyCharms","Trix",0.0634305475670217
"AppleCinn.Cheerios","Trix",0.0145354721479049
"CracklinOatBran","Trix",0.01453547236772
"BigBiscuitShdWt","Trix",0.0145354723907786
"HoneyBunchesofOats","Trix",0.0145354719021402
"GreatGraines","Trix",0.0145354719945579
"OtmlRaisinCrisp","Trix",0.0145354723609999
"OatSquares","Trix",0.0145354716964102
"RiceChex","Trix",0.0145354722117838
"TotalRaisinBran","Trix",0.0145354722826661
"Product19","Trix",0.0145354723145497
"AppleJacks","Trix",0.0634305488716162
"CaptCrunch","Trix",0.0634305482954263
"ShreddedWheat","Trix",0.0145354721576783
"FruityPebbles","Trix",0.063430547926136
"Clusters","Trix",0.0145354720825688
"CinnamonMiniBuns","Trix",0.0145354720809858
"DoubleDipCrunch","Trix",0.014535472131959
"MultiGrainCheerios","Trix",0.0145354721573784
"Honeycomb","Trix",0.0634305486378701
"Popeye","Trix",0.0634305484222347
"CornFlakes","Triples",0.0246939810770172
"Cheerios","Triples",0.0246939816934272
"RiceKrispies","Triples",0.0246939810829506
"FrostedFlakes","Triples",0.0246939812660228
"RaisinBran","Triples",0.0246939814520816
"Total","Triples",0.0680905548148108
"HoneyNutCheerios","Triples",0.0246939812305404
"SpecialK","Triples",0.068090554519534
"GrapeNuts","Triples",0.0680905547527823
"SpoonSizeShdWt","Triples",0.0680905543400033
"100%Natural","Triples",0.0680905542394097
"FrostedMiniWheats","Triples",0.0680905541484397
"NutriGrain","Triples",0.0680905545428825
"Mueslix","Triples",0.0680905543576684
"Wheaties","Triples",0.0246939811353831
"RaisinBran","Triples",0.0246939816152455
"Muesli","Triples",0.0680905544553943
"CornPops","Triples",0.0246939815379057
"RaisinNutBran","Triples",0.0680905542355819
"Basic4","Triples",0.0680905543363864
"CocoaPus","Triples",0.0246939811909968
"GoldenGrahams","Triples",0.0246939813568933
"Cinn.ToastCrunch","Triples",0.0246939812953292
"FrootLoops","Triples",0.0246939817222969
"LowFatGranola","Triples",0.0680905542110807
"Trix","Triples",0.0246939812979076
"Triples","Triples",-1.7342632459066
"Crispix","Triples",0.0680905542234552
"Kix","Triples",0.0246939812319067
"LuckyCharms","Triples",0.0246939810744811
"AppleCinn.Cheerios","Triples",0.024693981504684
"CracklinOatBran","Triples",0.0680905544106322
"BigBiscuitShdWt","Triples",0.0680905542599694
"HoneyBunchesofOats","Triples",0.0680905542762975
"GreatGraines","Triples",0.0680905543834973
"OtmlRaisinCrisp","Triples",0.0680905543282423
"OatSquares","Triples",0.0680905541207052
"RiceChex","Triples",0.0680905544613468
"TotalRaisinBran","Triples",0.0680905543424589
"Product19","Triples",0.0680905546807371
"AppleJacks","Triples",0.0246939812114252
"CaptCrunch","Triples",0.0246939813088788
"ShreddedWheat","Triples",0.0680905542681908
"FruityPebbles","Triples",0.0246939811970407
"Clusters","Triples",0.0246939811867332
"CinnamonMiniBuns","Triples",0.0246939815223225
"DoubleDipCrunch","Triples",0.0680905543706709
"MultiGrainCheerios","Triples",0.0246939813256223
"Honeycomb","Triples",0.0246939811604879
"Popeye","Triples",0.0246939810511238
"CornFlakes","Crispix",0.0179179968781736
"Cheerios","Crispix",0.0179179972360611
"RiceKrispies","Crispix",0.0179179968478358
"FrostedFlakes","Crispix",0.0179179969101629
"RaisinBran","Crispix",0.0179179970483849
"Total","Crispix",0.0494066285814655
"HoneyNutCheerios","Crispix",0.0179179967445153
"SpecialK","Crispix",0.0494066286551451
"GrapeNuts","Crispix",0.0494066289594721
"SpoonSizeShdWt","Crispix",0.0494066283851081
"100%Natural","Crispix",0.0494066279581607
"FrostedMiniWheats","Crispix",0.0494066276473553
"NutriGrain","Crispix",0.0494066283880856
"Mueslix","Crispix",0.0494066284709627
"Wheaties","Crispix",0.0179179966218437
"RaisinBran","Crispix",0.0179179972852287
"Muesli","Crispix",0.0494066287027789
"CornPops","Crispix",0.0179179968523024
"RaisinNutBran","Crispix",0.049406628459493
"Basic4","Crispix",0.0494066287476461
"CocoaPus","Crispix",0.0179179970788683
"GoldenGrahams","Crispix",0.0179179971138342
"Cinn.ToastCrunch","Crispix",0.0179179971546564
"FrootLoops","Crispix",0.0179179973194198
"LowFatGranola","Crispix",0.0494066280506283
"Trix","Crispix",0.0179179969425239
"Triples","Crispix",0.0494066283691002
"Crispix","Crispix",-2.48781241928766
"Kix","Crispix",0.0179179967772964
"LuckyCharms","Crispix",0.0179179970263103
"AppleCinn.Cheerios","Crispix",0.0179179970999389
"CracklinOatBran","Crispix",0.049406628657642
"BigBiscuitShdWt","Crispix",0.0494066287294547
"HoneyBunchesofOats","Crispix",0.0494066281203544
"GreatGraines","Crispix",0.0494066287872605
"OtmlRaisinCrisp","Crispix",0.0494066282708726
"OatSquares","Crispix",0.049406628494512
"RiceChex","Crispix",0.0494066284854758
"TotalRaisinBran","Crispix",0.0494066287444286
"Product19","Crispix",0.0494066286789941
"AppleJacks","Crispix",0.0179179971849736
"CaptCrunch","Crispix",0.0179179967331249
"ShreddedWheat","Crispix",0.0494066283621308
"FruityPebbles","Crispix",0.0179179970321884
"Clusters","Crispix",0.0179179971291829
"CinnamonMiniBuns","Crispix",0.0179179972397815
"DoubleDipCrunch","Crispix",0.0494066287293545
"MultiGrainCheerios","Crispix",0.0179179970294706
"Honeycomb","Crispix",0.017917997035185
"Popeye","Crispix",0.0179179967748253
"CornFlakes","Kix",0.0202765059999305
"Cheerios","Kix",0.0202765062534879
"RiceKrispies","Kix",0.0202765055834364
"FrostedFlakes","Kix",0.0202765058346646
"RaisinBran","Kix",0.0202765062828299
"Total","Kix",0.0202765060750936
"HoneyNutCheerios","Kix",0.0202765056245043
"SpecialK","Kix",0.0202765062229189
"GrapeNuts","Kix",0.0202765062405279
"SpoonSizeShdWt","Kix",0.0202765061128751
"100%Natural","Kix",0.0202765056922021
"FrostedMiniWheats","Kix",0.0202765054560644
"NutriGrain","Kix",0.0202765059516452
"Mueslix","Kix",0.0202765060367005
"Wheaties","Kix",0.0202765054775158
"RaisinBran","Kix",0.020276506127059
"Muesli","Kix",0.0202765060635129
"CornPops","Kix",0.0202765061109749
"RaisinNutBran","Kix",0.0202765058383906
"Basic4","Kix",0.0202765062097524
"CocoaPus","Kix",0.0884835297993691
"GoldenGrahams","Kix",0.0884835304374201
"Cinn.ToastCrunch","Kix",0.0884835301730034
"FrootLoops","Kix",0.0884835311926323
"LowFatGranola","Kix",0.0202765061511271
"Trix","Kix",0.08848353053198
"Triples","Kix",0.0202765064120951
"Crispix","Kix",0.0202765058665878
"Kix","Kix",-2.75041708034125
"LuckyCharms","Kix",0.0884835299001113
"AppleCinn.Cheerios","Kix",0.0202765058499099
"CracklinOatBran","Kix",0.0202765060708073
"BigBiscuitShdWt","Kix",0.0202765063112304
"HoneyBunchesofOats","Kix",0.02027650615331
"GreatGraines","Kix",0.0202765062172452
"OtmlRaisinCrisp","Kix",0.0202765058823064
"OatSquares","Kix",0.0202765062927509
"RiceChex","Kix",0.020276505901255
"TotalRaisinBran","Kix",0.0202765059785008
"Product19","Kix",0.0202765058361329
"AppleJacks","Kix",0.0884835309563814
"CaptCrunch","Kix",0.0884835297089829
"ShreddedWheat","Kix",0.020276505718131
"FruityPebbles","Kix",0.0884835301602927
"Clusters","Kix",0.0202765057681654
"CinnamonMiniBuns","Kix",0.0202765064753026
"DoubleDipCrunch","Kix",0.0202765062031723
"MultiGrainCheerios","Kix",0.0202765059515192
"Honeycomb","Kix",0.0884835311531972
"Popeye","Kix",0.0884835303237414
"CornFlakes","LuckyCharms",0.0187118278054843
"Cheerios","LuckyCharms",0.0187118279509015
"RiceKrispies","LuckyCharms",0.0187118280557279
"FrostedFlakes","LuckyCharms",0.0187118278964182
"RaisinBran","LuckyCharms",0.0187118283361584
"Total","LuckyCharms",0.0187118282652809
"HoneyNutCheerios","LuckyCharms",0.0187118278289415
"SpecialK","LuckyCharms",0.0187118283150501
"GrapeNuts","LuckyCharms",0.0187118283875541
"SpoonSizeShdWt","LuckyCharms",0.0187118277453852
"100%Natural","LuckyCharms",0.0187118278763108
"FrostedMiniWheats","LuckyCharms",0.0187118273712222
"NutriGrain","LuckyCharms",0.0187118277785314
"Mueslix","LuckyCharms",0.0187118280567767
"Wheaties","LuckyCharms",0.0187118279987967
"RaisinBran","LuckyCharms",0.0187118282808489
"Muesli","LuckyCharms",0.0187118278522992
"CornPops","LuckyCharms",0.0187118279015989
"RaisinNutBran","LuckyCharms",0.0187118278726408
"Basic4","LuckyCharms",0.0187118277575128
"CocoaPus","LuckyCharms",0.0816555181872932
"GoldenGrahams","LuckyCharms",0.0816555185578128
"Cinn.ToastCrunch","LuckyCharms",0.0816555183324984
"FrootLoops","LuckyCharms",0.0816555187835737
"LowFatGranola","LuckyCharms",0.0187118280189951
"Trix","LuckyCharms",0.0816555185096749
"Triples","LuckyCharms",0.0187118283759879
"Crispix","LuckyCharms",0.0187118277252315
"Kix","LuckyCharms",0.0816555185500962
"LuckyCharms","LuckyCharms",-2.58706576061316
"AppleCinn.Cheerios","LuckyCharms",0.018711827969282
"CracklinOatBran","LuckyCharms",0.0187118276441462
"BigBiscuitShdWt","LuckyCharms",0.0187118277914979
"HoneyBunchesofOats","LuckyCharms",0.0187118279308782
"GreatGraines","LuckyCharms",0.0187118279106098
"OtmlRaisinCrisp","LuckyCharms",0.018711828018737
"OatSquares","LuckyCharms",0.0187118278429411
"RiceChex","LuckyCharms",0.0187118275752254
"TotalRaisinBran","LuckyCharms",0.0187118277512192
"Product19","LuckyCharms",0.0187118278858845
"AppleJacks","LuckyCharms",0.0816555185572689
"CaptCrunch","LuckyCharms",0.0816555186574241
"ShreddedWheat","LuckyCharms",0.0187118275557702
"FruityPebbles","LuckyCharms",0.0816555188948209
"Clusters","LuckyCharms",0.0187118277468157
"CinnamonMiniBuns","LuckyCharms",0.0187118282460224
"DoubleDipCrunch","LuckyCharms",0.018711828060016
"MultiGrainCheerios","LuckyCharms",0.0187118283252301
"Honeycomb","LuckyCharms",0.0816555186560602
"Popeye","LuckyCharms",0.0816555187256376
"CornFlakes","AppleCinn.Cheerios",0.0685523201376206
"Cheerios","AppleCinn.Cheerios",0.068552321020538
"RiceKrispies","AppleCinn.Cheerios",0.0685523202065053
"FrostedFlakes","AppleCinn.Cheerios",0.0685523202510807
"RaisinBran","AppleCinn.Cheerios",0.0685523207202551
"Total","AppleCinn.Cheerios",0.0194286061407732
"HoneyNutCheerios","AppleCinn.Cheerios",0.0685523203540354
"SpecialK","AppleCinn.Cheerios",0.0194286062258771
"GrapeNuts","AppleCinn.Cheerios",0.0194286062611072
"SpoonSizeShdWt","AppleCinn.Cheerios",0.0194286061768893
"100%Natural","AppleCinn.Cheerios",0.0194286061559019
"FrostedMiniWheats","AppleCinn.Cheerios",0.0194286062218692
"NutriGrain","AppleCinn.Cheerios",0.0194286060668091
"Mueslix","AppleCinn.Cheerios",0.0194286057778148
"Wheaties","AppleCinn.Cheerios",0.0685523199497599
"RaisinBran","AppleCinn.Cheerios",0.068552320518937
"Muesli","AppleCinn.Cheerios",0.0194286062132028
"CornPops","AppleCinn.Cheerios",0.068552319884666
"RaisinNutBran","AppleCinn.Cheerios",0.0194286059377435
"Basic4","AppleCinn.Cheerios",0.0194286060325008
"CocoaPus","AppleCinn.Cheerios",0.0194286062993687
"GoldenGrahams","AppleCinn.Cheerios",0.0194286063865377
"Cinn.ToastCrunch","AppleCinn.Cheerios",0.0194286061310817
"FrootLoops","AppleCinn.Cheerios",0.0194286065682915
"LowFatGranola","AppleCinn.Cheerios",0.0194286063977487
"Trix","AppleCinn.Cheerios",0.0194286063532208
"Triples","AppleCinn.Cheerios",0.0194286065341227
"Crispix","AppleCinn.Cheerios",0.0194286061263377
"Kix","AppleCinn.Cheerios",0.0194286063782852
"LuckyCharms","AppleCinn.Cheerios",0.0194286063864391
"AppleCinn.Cheerios","AppleCinn.Cheerios",-2.26754572442244
"CracklinOatBran","AppleCinn.Cheerios",0.0194286059158656
"BigBiscuitShdWt","AppleCinn.Cheerios",0.019428606118509
"HoneyBunchesofOats","AppleCinn.Cheerios",0.0194286061389439
"GreatGraines","AppleCinn.Cheerios",0.0194286063273187
"OtmlRaisinCrisp","AppleCinn.Cheerios",0.0194286060668782
"OatSquares","AppleCinn.Cheerios",0.0194286059598583
"RiceChex","AppleCinn.Cheerios",0.0194286061984123
"TotalRaisinBran","AppleCinn.Cheerios",0.0194286057988108
"Product19","AppleCinn.Cheerios",0.0194286059693551
"AppleJacks","AppleCinn.Cheerios",0.01942860616055
"CaptCrunch","AppleCinn.Cheerios",0.0194286061734938
"ShreddedWheat","AppleCinn.Cheerios",0.0194286057977519
"FruityPebbles","AppleCinn.Cheerios",0.0194286064113596
"Clusters","AppleCinn.Cheerios",0.0685523205215864
"CinnamonMiniBuns","AppleCinn.Cheerios",0.0685523207006519
"DoubleDipCrunch","AppleCinn.Cheerios",0.0194286059148551
"MultiGrainCheerios","AppleCinn.Cheerios",0.0685523206882132
"Honeycomb","AppleCinn.Cheerios",0.0194286062180871
"Popeye","AppleCinn.Cheerios",0.0194286061324961
"CornFlakes","CracklinOatBran",0.0143026225854432
"Cheerios","CracklinOatBran",0.0143026226035204
"RiceKrispies","CracklinOatBran",0.0143026226302799
"FrostedFlakes","CracklinOatBran",0.0143026225535141
"RaisinBran","CracklinOatBran",0.014302622927505
"Total","CracklinOatBran",0.0394376866127957
"HoneyNutCheerios","CracklinOatBran",0.0143026226279988
"SpecialK","CracklinOatBran",0.0394376861586297
"GrapeNuts","CracklinOatBran",0.039437686457458
"SpoonSizeShdWt","CracklinOatBran",0.0394376866121541
"100%Natural","CracklinOatBran",0.039437686185556
"FrostedMiniWheats","CracklinOatBran",0.0394376851553035
"NutriGrain","CracklinOatBran",0.0394376859916085
"Mueslix","CracklinOatBran",0.0394376861246323
"Wheaties","CracklinOatBran",0.014302622373319
"RaisinBran","CracklinOatBran",0.014302622807669
"Muesli","CracklinOatBran",0.0394376863765741
"CornPops","CracklinOatBran",0.0143026225427171
"RaisinNutBran","CracklinOatBran",0.0394376860680204
"Basic4","CracklinOatBran",0.0394376860189797
"CocoaPus","CracklinOatBran",0.0143026225670862
"GoldenGrahams","CracklinOatBran",0.0143026228191402
"Cinn.ToastCrunch","CracklinOatBran",0.0143026229690797
"FrootLoops","CracklinOatBran",0.014302623089689
"LowFatGranola","CracklinOatBran",0.0394376859707152
"Trix","CracklinOatBran",0.0143026230336059
"Triples","CracklinOatBran",0.0394376860267242
"Crispix","CracklinOatBran",0.0394376858087199
"Kix","CracklinOatBran",0.0143026226261585
"LuckyCharms","CracklinOatBran",0.0143026227224308
"AppleCinn.Cheerios","CracklinOatBran",0.0143026225469137
"CracklinOatBran","CracklinOatBran",-2.42816254107213
"BigBiscuitShdWt","CracklinOatBran",0.0394376864636154
"HoneyBunchesofOats","CracklinOatBran",0.03943768603149
"GreatGraines","CracklinOatBran",0.0394376862333904
"OtmlRaisinCrisp","CracklinOatBran",0.0394376861347625
"OatSquares","CracklinOatBran",0.0394376861367923
"RiceChex","CracklinOatBran",0.0394376861749877
"TotalRaisinBran","CracklinOatBran",0.0394376862128169
"Product19","CracklinOatBran",0.0394376857234409
"AppleJacks","CracklinOatBran",0.0143026229579297
"CaptCrunch","CracklinOatBran",0.0143026226300996
"ShreddedWheat","CracklinOatBran",0.0394376864104261
"FruityPebbles","CracklinOatBran",0.0143026227469349
"Clusters","CracklinOatBran",0.0143026226490453
"CinnamonMiniBuns","CracklinOatBran",0.0143026226821575
"DoubleDipCrunch","CracklinOatBran",0.0394376863075737
"MultiGrainCheerios","CracklinOatBran",0.0143026225688042
"Honeycomb","CracklinOatBran",0.0143026229267907
"Popeye","CracklinOatBran",0.0143026224780404
"CornFlakes","BigBiscuitShdWt",0.0189016592101842
"Cheerios","BigBiscuitShdWt",0.0189016595578322
"RiceKrispies","BigBiscuitShdWt",0.0189016591106673
"FrostedFlakes","BigBiscuitShdWt",0.0189016590209044
"RaisinBran","BigBiscuitShdWt",0.0189016596705055
"Total","BigBiscuitShdWt",0.0521189531547487
"HoneyNutCheerios","BigBiscuitShdWt",0.0189016592927889
"SpecialK","BigBiscuitShdWt",0.0521189525330254
"GrapeNuts","BigBiscuitShdWt",0.0521189527341404
"SpoonSizeShdWt","BigBiscuitShdWt",0.0521189523882812
"100%Natural","BigBiscuitShdWt",0.0521189524796344
"FrostedMiniWheats","BigBiscuitShdWt",0.0521189523446641
"NutriGrain","BigBiscuitShdWt",0.0521189523641471
"Mueslix","BigBiscuitShdWt",0.0521189527390205
"Wheaties","BigBiscuitShdWt",0.0189016589761035
"RaisinBran","BigBiscuitShdWt",0.0189016594295644
"Muesli","BigBiscuitShdWt",0.0521189528302795
"CornPops","BigBiscuitShdWt",0.0189016595156411
"RaisinNutBran","BigBiscuitShdWt",0.0521189528175223
"Basic4","BigBiscuitShdWt",0.0521189526606541
"CocoaPus","BigBiscuitShdWt",0.0189016595714903
"GoldenGrahams","BigBiscuitShdWt",0.0189016596078053
"Cinn.ToastCrunch","BigBiscuitShdWt",0.0189016597486702
"FrootLoops","BigBiscuitShdWt",0.018901659757476
"LowFatGranola","BigBiscuitShdWt",0.0521189522087421
"Trix","BigBiscuitShdWt",0.0189016596444185
"Triples","BigBiscuitShdWt",0.0521189527894642
"Crispix","BigBiscuitShdWt",0.0521189524729576
"Kix","BigBiscuitShdWt",0.0189016593583523
"LuckyCharms","BigBiscuitShdWt",0.0189016596139077
"AppleCinn.Cheerios","BigBiscuitShdWt",0.018901659464945
"CracklinOatBran","BigBiscuitShdWt",0.0521189524355713
"BigBiscuitShdWt","BigBiscuitShdWt",-2.10606433158735
"HoneyBunchesofOats","BigBiscuitShdWt",0.0521189524143756
"GreatGraines","BigBiscuitShdWt",0.0521189531219259
"OtmlRaisinCrisp","BigBiscuitShdWt",0.0521189527095083
"OatSquares","BigBiscuitShdWt",0.0521189522046562
"RiceChex","BigBiscuitShdWt",0.0521189524733886
"TotalRaisinBran","BigBiscuitShdWt",0.052118952325605
"Product19","BigBiscuitShdWt",0.0521189529504097
"AppleJacks","BigBiscuitShdWt",0.0189016595927343
"CaptCrunch","BigBiscuitShdWt",0.018901659461537
"ShreddedWheat","BigBiscuitShdWt",0.0521189522817613
"FruityPebbles","BigBiscuitShdWt",0.0189016595261691
"Clusters","BigBiscuitShdWt",0.0189016593392847
"CinnamonMiniBuns","BigBiscuitShdWt",0.0189016594347664
"DoubleDipCrunch","BigBiscuitShdWt",0.0521189529588489
"MultiGrainCheerios","BigBiscuitShdWt",0.0189016592858958
"Honeycomb","BigBiscuitShdWt",0.0189016594343456
"Popeye","BigBiscuitShdWt",0.0189016593357782
"CornFlakes","HoneyBunchesofOats",0.0204131731557643
"Cheerios","HoneyBunchesofOats",0.020413173584148
"RiceKrispies","HoneyBunchesofOats",0.0204131732596735
"FrostedFlakes","HoneyBunchesofOats",0.0204131731297581
"RaisinBran","HoneyBunchesofOats",0.0204131731332135
"Total","HoneyBunchesofOats",0.0562867629321188
"HoneyNutCheerios","HoneyBunchesofOats",0.0204131731950888
"SpecialK","HoneyBunchesofOats",0.0562867626247396
"GrapeNuts","HoneyBunchesofOats",0.0562867629528169
"SpoonSizeShdWt","HoneyBunchesofOats",0.0562867626431177
"100%Natural","HoneyBunchesofOats",0.0562867623203607
"FrostedMiniWheats","HoneyBunchesofOats",0.0562867625288467
"NutriGrain","HoneyBunchesofOats",0.0562867628865453
"Mueslix","HoneyBunchesofOats",0.0562867624821374
"Wheaties","HoneyBunchesofOats",0.0204131729177932
"RaisinBran","HoneyBunchesofOats",0.0204131733911991
"Muesli","HoneyBunchesofOats",0.0562867630566302
"CornPops","HoneyBunchesofOats",0.0204131731263577
"RaisinNutBran","HoneyBunchesofOats",0.0562867627697392
"Basic4","HoneyBunchesofOats",0.056286762629221
"CocoaPus","HoneyBunchesofOats",0.0204131732432888
"GoldenGrahams","HoneyBunchesofOats",0.0204131733024467
"Cinn.ToastCrunch","HoneyBunchesofOats",0.0204131733817031
"FrootLoops","HoneyBunchesofOats",0.0204131737562003
"LowFatGranola","HoneyBunchesofOats",0.0562867627424335
"Trix","HoneyBunchesofOats",0.0204131734045699
"Triples","HoneyBunchesofOats",0.0562867629457532
"Crispix","HoneyBunchesofOats",0.0562867620975491
"Kix","HoneyBunchesofOats",0.0204131733212246
"LuckyCharms","HoneyBunchesofOats",0.0204131734162468
"AppleCinn.Cheerios","HoneyBunchesofOats",0.020413173198105
"CracklinOatBran","HoneyBunchesofOats",0.0562867627551934
"BigBiscuitShdWt","HoneyBunchesofOats",0.0562867631070784
"HoneyBunchesofOats","HoneyBunchesofOats",-2.14830906807052
"GreatGraines","HoneyBunchesofOats",0.0562867629050718
"OtmlRaisinCrisp","HoneyBunchesofOats",0.056286762486065
"OatSquares","HoneyBunchesofOats",0.0562867629118877
"RiceChex","HoneyBunchesofOats",0.0562867626949528
"TotalRaisinBran","HoneyBunchesofOats",0.0562867626043152
"Product19","HoneyBunchesofOats",0.056286763046542
"AppleJacks","HoneyBunchesofOats",0.0204131735379099
"CaptCrunch","HoneyBunchesofOats",0.0204131731163359
"ShreddedWheat","HoneyBunchesofOats",0.0562867627417879
"FruityPebbles","HoneyBunchesofOats",0.0204131732053795
"Clusters","HoneyBunchesofOats",0.0204131730462543
"CinnamonMiniBuns","HoneyBunchesofOats",0.0204131733833925
"DoubleDipCrunch","HoneyBunchesofOats",0.0562867626424737
"MultiGrainCheerios","HoneyBunchesofOats",0.0204131733022166
"Honeycomb","HoneyBunchesofOats",0.020413173454107
"Popeye","HoneyBunchesofOats",0.0204131730011152
"CornFlakes","GreatGraines",0.0183734278172256
"Cheerios","GreatGraines",0.0183734280092172
"RiceKrispies","GreatGraines",0.0183734277492008
"FrostedFlakes","GreatGraines",0.0183734276650929
"RaisinBran","GreatGraines",0.0183734280570171
"Total","GreatGraines",0.0506624213776221
"HoneyNutCheerios","GreatGraines",0.0183734278163956
"SpecialK","GreatGraines",0.0506624211997478
"GrapeNuts","GreatGraines",0.0506624212787839
"SpoonSizeShdWt","GreatGraines",0.0506624211237883
"100%Natural","GreatGraines",0.0506624206634814
"FrostedMiniWheats","GreatGraines",0.050662420669023
"NutriGrain","GreatGraines",0.0506624209614331
"Mueslix","GreatGraines",0.0506624208751785
"Wheaties","GreatGraines",0.0183734276080912
"RaisinBran","GreatGraines",0.0183734280933979
"Muesli","GreatGraines",0.0506624210773313
"CornPops","GreatGraines",0.0183734280726896
"RaisinNutBran","GreatGraines",0.0506624207733127
"Basic4","GreatGraines",0.0506624204593001
"CocoaPus","GreatGraines",0.0183734276574168
"GoldenGrahams","GreatGraines",0.0183734282488381
"Cinn.ToastCrunch","GreatGraines",0.0183734280794095
"FrootLoops","GreatGraines",0.0183734284230932
"LowFatGranola","GreatGraines",0.0506624208189891
"Trix","GreatGraines",0.0183734280243093
"Triples","GreatGraines",0.0506624209895158
"Crispix","GreatGraines",0.0506624202317291
"Kix","GreatGraines",0.0183734278011004
"LuckyCharms","GreatGraines",0.0183734278597479
"AppleCinn.Cheerios","GreatGraines",0.0183734278614495
"CracklinOatBran","GreatGraines",0.0506624207312661
"BigBiscuitShdWt","GreatGraines",0.0506624212207761
"HoneyBunchesofOats","GreatGraines",0.0506624210100811
"GreatGraines","GreatGraines",-2.19261052355655
"OtmlRaisinCrisp","GreatGraines",0.0506624208865198
"OatSquares","GreatGraines",0.0506624209479816
"RiceChex","GreatGraines",0.0506624211544823
"TotalRaisinBran","GreatGraines",0.0506624211771328
"Product19","GreatGraines",0.0506624209199888
"AppleJacks","GreatGraines",0.0183734280267011
"CaptCrunch","GreatGraines",0.0183734277705752
"ShreddedWheat","GreatGraines",0.0506624210160134
"FruityPebbles","GreatGraines",0.0183734277980027
"Clusters","GreatGraines",0.018373428041385
"CinnamonMiniBuns","GreatGraines",0.0183734279306351
"DoubleDipCrunch","GreatGraines",0.0506624211760121
"MultiGrainCheerios","GreatGraines",0.018373427787841
"Honeycomb","GreatGraines",0.0183734277629259
"Popeye","GreatGraines",0.0183734277294971
"CornFlakes","OtmlRaisinCrisp",0.0153937915311775
"Cheerios","OtmlRaisinCrisp",0.0153937915015664
"RiceKrispies","OtmlRaisinCrisp",0.0153937911647436
"FrostedFlakes","OtmlRaisinCrisp",0.0153937915147623
"RaisinBran","OtmlRaisinCrisp",0.0153937915912646
"Total","OtmlRaisinCrisp",0.042446449062686
"HoneyNutCheerios","OtmlRaisinCrisp",0.0153937913230409
"SpecialK","OtmlRaisinCrisp",0.0424464487745794
"GrapeNuts","OtmlRaisinCrisp",0.0424464491154999
"SpoonSizeShdWt","OtmlRaisinCrisp",0.0424464489863212
"100%Natural","OtmlRaisinCrisp",0.0424464483270294
"FrostedMiniWheats","OtmlRaisinCrisp",0.0424464487381661
"NutriGrain","OtmlRaisinCrisp",0.0424464485072287
"Mueslix","OtmlRaisinCrisp",0.0424464486739843
"Wheaties","OtmlRaisinCrisp",0.0153937914640615
"RaisinBran","OtmlRaisinCrisp",0.0153937914820237
"Muesli","OtmlRaisinCrisp",0.0424464492086632
"CornPops","OtmlRaisinCrisp",0.0153937913518236
"RaisinNutBran","OtmlRaisinCrisp",0.0424464489218568
"Basic4","OtmlRaisinCrisp",0.0424464488803349
"CocoaPus","OtmlRaisinCrisp",0.0153937920003425
"GoldenGrahams","OtmlRaisinCrisp",0.0153937920480131
"Cinn.ToastCrunch","OtmlRaisinCrisp",0.0153937919117006
"FrootLoops","OtmlRaisinCrisp",0.0153937922115748
"LowFatGranola","OtmlRaisinCrisp",0.0424464489142126
"Trix","OtmlRaisinCrisp",0.0153937919930444
"Triples","OtmlRaisinCrisp",0.0424464490310797
"Crispix","OtmlRaisinCrisp",0.0424464486191963
"Kix","OtmlRaisinCrisp",0.0153937917097706
"LuckyCharms","OtmlRaisinCrisp",0.0153937917246238
"AppleCinn.Cheerios","OtmlRaisinCrisp",0.0153937914966823
"CracklinOatBran","OtmlRaisinCrisp",0.0424464489054619
"BigBiscuitShdWt","OtmlRaisinCrisp",0.0424464488020452
"HoneyBunchesofOats","OtmlRaisinCrisp",0.0424464486965392
"GreatGraines","OtmlRaisinCrisp",0.0424464491942629
"OtmlRaisinCrisp","OtmlRaisinCrisp",-2.05385343648609
"OatSquares","OtmlRaisinCrisp",0.0424464485444602
"RiceChex","OtmlRaisinCrisp",0.0424464489968764
"TotalRaisinBran","OtmlRaisinCrisp",0.0424464488474488
"Product19","OtmlRaisinCrisp",0.0424464487499045
"AppleJacks","OtmlRaisinCrisp",0.0153937920182441
"CaptCrunch","OtmlRaisinCrisp",0.0153937920221592
"ShreddedWheat","OtmlRaisinCrisp",0.0424464486274488
"FruityPebbles","OtmlRaisinCrisp",0.0153937920066924
"Clusters","OtmlRaisinCrisp",0.0153937915607009
"CinnamonMiniBuns","OtmlRaisinCrisp",0.0153937919516077
"DoubleDipCrunch","OtmlRaisinCrisp",0.0424464491003823
"MultiGrainCheerios","OtmlRaisinCrisp",0.0153937913951365
"Honeycomb","OtmlRaisinCrisp",0.0153937918918821
"Popeye","OtmlRaisinCrisp",0.0153937915743184
"CornFlakes","OatSquares",0.022616964439193
"Cheerios","OatSquares",0.0226169647108705
"RiceKrispies","OatSquares",0.0226169642005602
"FrostedFlakes","OatSquares",0.0226169642070202
"RaisinBran","OatSquares",0.0226169644759909
"Total","OatSquares",0.0623634411775624
"HoneyNutCheerios","OatSquares",0.0226169644943456
"SpecialK","OatSquares",0.0623634410590129
"GrapeNuts","OatSquares",0.0623634413534835
"SpoonSizeShdWt","OatSquares",0.0623634409150087
"100%Natural","OatSquares",0.0623634406360774
"FrostedMiniWheats","OatSquares",0.062363440964239
"NutriGrain","OatSquares",0.0623634407184761
"Mueslix","OatSquares",0.0623634408997152
"Wheaties","OatSquares",0.0226169641643276
"RaisinBran","OatSquares",0.0226169644096376
"Muesli","OatSquares",0.0623634407935669
"CornPops","OatSquares",0.0226169645579227
"RaisinNutBran","OatSquares",0.0623634409655096
"Basic4","OatSquares",0.0623634405864813
"CocoaPus","OatSquares",0.0226169641682497
"GoldenGrahams","OatSquares",0.0226169644004053
"Cinn.ToastCrunch","OatSquares",0.0226169644098233
"FrootLoops","OatSquares",0.022616964424468
"LowFatGranola","OatSquares",0.0623634406327254
"Trix","OatSquares",0.0226169644573078
"Triples","OatSquares",0.06236344132889
"Crispix","OatSquares",0.0623634402441448
"Kix","OatSquares",0.0226169643865016
"LuckyCharms","OatSquares",0.0226169641122942
"AppleCinn.Cheerios","OatSquares",0.0226169644628298
"CracklinOatBran","OatSquares",0.0623634409972279
"BigBiscuitShdWt","OatSquares",0.0623634411919566
"HoneyBunchesofOats","OatSquares",0.0623634406973684
"GreatGraines","OatSquares",0.0623634413922727
"OtmlRaisinCrisp","OatSquares",0.062363440796073
"OatSquares","OatSquares",-1.8173445930651
"RiceChex","OatSquares",0.062363441081896
"TotalRaisinBran","OatSquares",0.0623634408704571
"Product19","OatSquares",0.0623634410802279
"AppleJacks","OatSquares",0.0226169645982813
"CaptCrunch","OatSquares",0.022616964200483
"ShreddedWheat","OatSquares",0.062363440638495
"FruityPebbles","OatSquares",0.0226169641363475
"Clusters","OatSquares",0.022616964254039
"CinnamonMiniBuns","OatSquares",0.0226169646606363
"DoubleDipCrunch","OatSquares",0.0623634409741948
"MultiGrainCheerios","OatSquares",0.0226169646573531
"Honeycomb","OatSquares",0.0226169643343209
"Popeye","OatSquares",0.0226169643819223
"CornFlakes","RiceChex",0.0174156906676051
"Cheerios","RiceChex",0.0174156913330339
"RiceKrispies","RiceChex",0.0174156906299811
"FrostedFlakes","RiceChex",0.0174156905313114
"RaisinBran","RiceChex",0.0174156910126759
"Total","RiceChex",0.0480215820181119
"HoneyNutCheerios","RiceChex",0.0174156909284194
"SpecialK","RiceChex",0.0480215823679908
"GrapeNuts","RiceChex",0.0480215826913864
"SpoonSizeShdWt","RiceChex",0.0480215823321334
"100%Natural","RiceChex",0.0480215820236173
"FrostedMiniWheats","RiceChex",0.0480215814547982
"NutriGrain","RiceChex",0.0480215823425574
"Mueslix","RiceChex",0.0480215819986077
"Wheaties","RiceChex",0.0174156907408087
"RaisinBran","RiceChex",0.0174156913323013
"Muesli","RiceChex",0.0480215823144231
"CornPops","RiceChex",0.0174156908868603
"RaisinNutBran","RiceChex",0.048021582159473
"Basic4","RiceChex",0.0480215822507764
"CocoaPus","RiceChex",0.0174156906856819
"GoldenGrahams","RiceChex",0.0174156910158359
"Cinn.ToastCrunch","RiceChex",0.0174156909766379
"FrootLoops","RiceChex",0.0174156909632335
"LowFatGranola","RiceChex",0.0480215820680434
"Trix","RiceChex",0.0174156909598525
"Triples","RiceChex",0.0480215828275697
"Crispix","RiceChex",0.0480215820146702
"Kix","RiceChex",0.0174156908218513
"LuckyCharms","RiceChex",0.017415690408641
"AppleCinn.Cheerios","RiceChex",0.017415691134024
"CracklinOatBran","RiceChex",0.0480215820648488
"BigBiscuitShdWt","RiceChex",0.0480215825465752
"HoneyBunchesofOats","RiceChex",0.0480215816211839
"GreatGraines","RiceChex",0.0480215822079637
"OtmlRaisinCrisp","RiceChex",0.0480215821819452
"OatSquares","RiceChex",0.0480215817996502
"RiceChex","RiceChex",-2.58202255182579
"TotalRaisinBran","RiceChex",0.048021582212442
"Product19","RiceChex",0.0480215824684709
"AppleJacks","RiceChex",0.017415691176809
"CaptCrunch","RiceChex",0.0174156904863263
"ShreddedWheat","RiceChex",0.0480215819984179
"FruityPebbles","RiceChex",0.0174156907008671
"Clusters","RiceChex",0.0174156910872315
"CinnamonMiniBuns","RiceChex",0.0174156912966306
"DoubleDipCrunch","RiceChex",0.0480215826109833
"MultiGrainCheerios","RiceChex",0.0174156910559479
"Honeycomb","RiceChex",0.0174156905294636
"Popeye","RiceChex",0.0174156906337277
"CornFlakes","TotalRaisinBran",0.0134000761695846
"Cheerios","TotalRaisinBran",0.0134000761754802
"RiceKrispies","TotalRaisinBran",0.0134000758654978
"FrostedFlakes","TotalRaisinBran",0.0134000759328345
"RaisinBran","TotalRaisinBran",0.0134000761054882
"Total","TotalRaisinBran",0.0369490285116774
"HoneyNutCheerios","TotalRaisinBran",0.0134000761687538
"SpecialK","TotalRaisinBran",0.0369490276459656
"GrapeNuts","TotalRaisinBran",0.0369490279148745
"SpoonSizeShdWt","TotalRaisinBran",0.0369490277984454
"100%Natural","TotalRaisinBran",0.0369490276274979
"FrostedMiniWheats","TotalRaisinBran",0.0369490274601872
"NutriGrain","TotalRaisinBran",0.0369490276247864
"Mueslix","TotalRaisinBran",0.0369490280089551
"Wheaties","TotalRaisinBran",0.0134000758074419
"RaisinBran","TotalRaisinBran",0.0134000765368952
"Muesli","TotalRaisinBran",0.0369490279824565
"CornPops","TotalRaisinBran",0.0134000764078576
"RaisinNutBran","TotalRaisinBran",0.0369490276508093
"Basic4","TotalRaisinBran",0.0369490276453742
"CocoaPus","TotalRaisinBran",0.0134000758891338
"GoldenGrahams","TotalRaisinBran",0.0134000762853139
"Cinn.ToastCrunch","TotalRaisinBran",0.0134000762965215
"FrootLoops","TotalRaisinBran",0.0134000766143676
"LowFatGranola","TotalRaisinBran",0.0369490276835296
"Trix","TotalRaisinBran",0.013400076001657
"Triples","TotalRaisinBran",0.0369490280533912
"Crispix","TotalRaisinBran",0.0369490270291405
"Kix","TotalRaisinBran",0.0134000758667205
"LuckyCharms","TotalRaisinBran",0.0134000760878288
"AppleCinn.Cheerios","TotalRaisinBran",0.0134000762308491
"CracklinOatBran","TotalRaisinBran",0.0369490277020519
"BigBiscuitShdWt","TotalRaisinBran",0.0369490276797819
"HoneyBunchesofOats","TotalRaisinBran",0.0369490272926796
"GreatGraines","TotalRaisinBran",0.036949028212493
"OtmlRaisinCrisp","TotalRaisinBran",0.0369490281427791
"OatSquares","TotalRaisinBran",0.0369490275762846
"RiceChex","TotalRaisinBran",0.0369490278521866
"TotalRaisinBran","TotalRaisinBran",-2.28367814513933
"Product19","TotalRaisinBran",0.0369490277961261
"AppleJacks","TotalRaisinBran",0.0134000762682168
"CaptCrunch","TotalRaisinBran",0.0134000758021373
"ShreddedWheat","TotalRaisinBran",0.0369490275650766
"FruityPebbles","TotalRaisinBran",0.0134000759088779
"Clusters","TotalRaisinBran",0.0134000763051858
"CinnamonMiniBuns","TotalRaisinBran",0.0134000762611164
"DoubleDipCrunch","TotalRaisinBran",0.0369490281522407
"MultiGrainCheerios","TotalRaisinBran",0.013400076208981
"Honeycomb","TotalRaisinBran",0.0134000758245458
"Popeye","TotalRaisinBran",0.0134000761246543
"CornFlakes","Product19",0.0166103277780648
"Cheerios","Product19",0.0166103281180648
"RiceKrispies","Product19",0.0166103275819822
"FrostedFlakes","Product19",0.0166103272395788
"RaisinBran","Product19",0.0166103281564967
"Total","Product19",0.0458008934727492
"HoneyNutCheerios","Product19",0.0166103278501385
"SpecialK","Product19",0.0458008934125966
"GrapeNuts","Product19",0.0458008937631497
"SpoonSizeShdWt","Product19",0.0458008933730161
"100%Natural","Product19",0.0458008932779903
"FrostedMiniWheats","Product19",0.0458008929775818
"NutriGrain","Product19",0.0458008938382621
"Mueslix","Product19",0.045800893548799
"Wheaties","Product19",0.0166103276919571
"RaisinBran","Product19",0.0166103276602932
"Muesli","Product19",0.0458008931114343
"CornPops","Product19",0.0166103276913617
"RaisinNutBran","Product19",0.0458008932418416
"Basic4","Product19",0.045800893022831
"CocoaPus","Product19",0.0166103277566664
"GoldenGrahams","Product19",0.0166103278959561
"Cinn.ToastCrunch","Product19",0.0166103276353015
"FrootLoops","Product19",0.0166103278056089
"LowFatGranola","Product19",0.0458008930059069
"Trix","Product19",0.0166103277718203
"Triples","Product19",0.0458008936888124
"Crispix","Product19",0.0458008929555635
"Kix","Product19",0.0166103275915306
"LuckyCharms","Product19",0.0166103275357565
"AppleCinn.Cheerios","Product19",0.0166103276950292
"CracklinOatBran","Product19",0.0458008935206717
"BigBiscuitShdWt","Product19",0.0458008932790256
"HoneyBunchesofOats","Product19",0.0458008930465747
"GreatGraines","Product19",0.0458008936064596
"OtmlRaisinCrisp","Product19",0.0458008936488715
"OatSquares","Product19",0.0458008931223267
"RiceChex","Product19",0.0458008931878588
"TotalRaisinBran","Product19",0.0458008935105317
"Product19","Product19",-2.56877238992644
"AppleJacks","Product19",0.0166103279732692
"CaptCrunch","Product19",0.0166103274693733
"ShreddedWheat","Product19",0.0458008930358009
"FruityPebbles","Product19",0.0166103274808473
"Clusters","Product19",0.0166103275826734
"CinnamonMiniBuns","Product19",0.0166103282854044
"DoubleDipCrunch","Product19",0.0458008938023929
"MultiGrainCheerios","Product19",0.0166103276337356
"Honeycomb","Product19",0.0166103276736637
"Popeye","Product19",0.016610327372259
"CornFlakes","AppleJacks",0.0157090305582191
"Cheerios","AppleJacks",0.0157090308930775
"RiceKrispies","AppleJacks",0.0157090303055264
"FrostedFlakes","AppleJacks",0.0157090301730842
"RaisinBran","AppleJacks",0.0157090312095301
"Total","AppleJacks",0.0157090311791195
"HoneyNutCheerios","AppleJacks",0.0157090304902596
"SpecialK","AppleJacks",0.0157090313280236
"GrapeNuts","AppleJacks",0.0157090313044396
"SpoonSizeShdWt","AppleJacks",0.0157090307441815
"100%Natural","AppleJacks",0.015709030507509
"FrostedMiniWheats","AppleJacks",0.0157090308775855
"NutriGrain","AppleJacks",0.0157090313489871
"Mueslix","AppleJacks",0.0157090305610025
"Wheaties","AppleJacks",0.0157090305642903
"RaisinBran","AppleJacks",0.0157090311432793
"Muesli","AppleJacks",0.0157090311812846
"CornPops","AppleJacks",0.0157090309860922
"RaisinNutBran","AppleJacks",0.0157090306489364
"Basic4","AppleJacks",0.0157090308579477
"CocoaPus","AppleJacks",0.0685517777479692
"GoldenGrahams","AppleJacks",0.0685517780665331
"Cinn.ToastCrunch","AppleJacks",0.0685517778628589
"FrootLoops","AppleJacks",0.0685517777448286
"LowFatGranola","AppleJacks",0.0157090307847882
"Trix","AppleJacks",0.0685517773944613
"Triples","AppleJacks",0.0157090312221786
"Crispix","AppleJacks",0.015709030682604
"Kix","AppleJacks",0.0685517773118797
"LuckyCharms","AppleJacks",0.0685517769093999
"AppleCinn.Cheerios","AppleJacks",0.0157090310116099
"CracklinOatBran","AppleJacks",0.0157090310404714
"BigBiscuitShdWt","AppleJacks",0.0157090309350946
"HoneyBunchesofOats","AppleJacks",0.0157090308282692
"GreatGraines","AppleJacks",0.015709030804595
"OtmlRaisinCrisp","AppleJacks",0.015709031106616
"OatSquares","AppleJacks",0.0157090305062805
"RiceChex","AppleJacks",0.0157090310808158
"TotalRaisinBran","AppleJacks",0.0157090305373513
"Product19","AppleJacks",0.0157090309151274
"AppleJacks","AppleJacks",-2.74714254330335
"CaptCrunch","AppleJacks",0.0685517770927962
"ShreddedWheat","AppleJacks",0.0157090302467963
"FruityPebbles","AppleJacks",0.0685517775111811
"Clusters","AppleJacks",0.0157090309051003
"CinnamonMiniBuns","AppleJacks",0.0157090309127033
"DoubleDipCrunch","AppleJacks",0.015709030539548
"MultiGrainCheerios","AppleJacks",0.0157090310314249
"Honeycomb","AppleJacks",0.0685517782135472
"Popeye","AppleJacks",0.06855177785987
"CornFlakes","CaptCrunch",0.0289625721166309
"Cheerios","CaptCrunch",0.0289625724608186
"RiceKrispies","CaptCrunch",0.0289625718820499
"FrostedFlakes","CaptCrunch",0.0289625717039977
"RaisinBran","CaptCrunch",0.0289625722392551
"Total","CaptCrunch",0.02896257228921
"HoneyNutCheerios","CaptCrunch",0.0289625720111741
"SpecialK","CaptCrunch",0.0289625719995351
"GrapeNuts","CaptCrunch",0.0289625721837993
"SpoonSizeShdWt","CaptCrunch",0.0289625717200684
"100%Natural","CaptCrunch",0.0289625719342202
"FrostedMiniWheats","CaptCrunch",0.0289625717118155
"NutriGrain","CaptCrunch",0.0289625720153474
"Mueslix","CaptCrunch",0.028962571886893
"Wheaties","CaptCrunch",0.0289625720198426
"RaisinBran","CaptCrunch",0.0289625723955261
"Muesli","CaptCrunch",0.0289625723049761
"CornPops","CaptCrunch",0.0289625724544849
"RaisinNutBran","CaptCrunch",0.0289625718127145
"Basic4","CaptCrunch",0.0289625719689302
"CocoaPus","CaptCrunch",0.126388179573964
"GoldenGrahams","CaptCrunch",0.126388179951536
"Cinn.ToastCrunch","CaptCrunch",0.126388180007955
"FrootLoops","CaptCrunch",0.126388180217939
"LowFatGranola","CaptCrunch",0.0289625721749526
"Trix","CaptCrunch",0.126388179685402
"Triples","CaptCrunch",0.028962572109064
"Crispix","CaptCrunch",0.0289625719554861
"Kix","CaptCrunch",0.126388180029617
"LuckyCharms","CaptCrunch",0.126388179794196
"AppleCinn.Cheerios","CaptCrunch",0.0289625723489828
"CracklinOatBran","CaptCrunch",0.0289625719777888
"BigBiscuitShdWt","CaptCrunch",0.028962572137158
"HoneyBunchesofOats","CaptCrunch",0.0289625720796563
"GreatGraines","CaptCrunch",0.0289625721119907
"OtmlRaisinCrisp","CaptCrunch",0.028962571889741
"OatSquares","CaptCrunch",0.0289625720229301
"RiceChex","CaptCrunch",0.0289625719835906
"TotalRaisinBran","CaptCrunch",0.0289625721516956
"Product19","CaptCrunch",0.0289625718579657
"AppleJacks","CaptCrunch",0.126388180253739
"CaptCrunch","CaptCrunch",-1.84614499077102
"ShreddedWheat","CaptCrunch",0.0289625720057399
"FruityPebbles","CaptCrunch",0.126388179632994
"Clusters","CaptCrunch",0.0289625723093366
"CinnamonMiniBuns","CaptCrunch",0.0289625726260441
"DoubleDipCrunch","CaptCrunch",0.028962572070132
"MultiGrainCheerios","CaptCrunch",0.0289625722994078
"Honeycomb","CaptCrunch",0.126388180141657
"Popeye","CaptCrunch",0.126388179735025
"CornFlakes","ShreddedWheat",0.0241075766513216
"Cheerios","ShreddedWheat",0.0241075768805047
"RiceKrispies","ShreddedWheat",0.0241075764072268
"FrostedFlakes","ShreddedWheat",0.0241075763430667
"RaisinBran","ShreddedWheat",0.0241075768881747
"Total","ShreddedWheat",0.0664736180587878
"HoneyNutCheerios","ShreddedWheat",0.0241075766408196
"SpecialK","ShreddedWheat",0.0664736180320777
"GrapeNuts","ShreddedWheat",0.0664736176660698
"SpoonSizeShdWt","ShreddedWheat",0.0664736179668072
"100%Natural","ShreddedWheat",0.0664736175581752
"FrostedMiniWheats","ShreddedWheat",0.0664736171246223
"NutriGrain","ShreddedWheat",0.0664736180786619
"Mueslix","ShreddedWheat",0.0664736178805363
"Wheaties","ShreddedWheat",0.0241075766308141
"RaisinBran","ShreddedWheat",0.0241075770565621
"Muesli","ShreddedWheat",0.0664736178111855
"CornPops","ShreddedWheat",0.0241075767106045
"RaisinNutBran","ShreddedWheat",0.066473617799766
"Basic4","ShreddedWheat",0.0664736172486183
"CocoaPus","ShreddedWheat",0.024107576876618
"GoldenGrahams","ShreddedWheat",0.0241075769981795
"Cinn.ToastCrunch","ShreddedWheat",0.0241075767558063
"FrootLoops","ShreddedWheat",0.0241075770071548
"LowFatGranola","ShreddedWheat",0.0664736172605295
"Trix","ShreddedWheat",0.0241075768906664
"Triples","ShreddedWheat",0.0664736177990354
"Crispix","ShreddedWheat",0.0664736172135559
"Kix","ShreddedWheat",0.0241075770719174
"LuckyCharms","ShreddedWheat",0.0241075767059602
"AppleCinn.Cheerios","ShreddedWheat",0.0241075768768746
"CracklinOatBran","ShreddedWheat",0.0664736175269939
"BigBiscuitShdWt","ShreddedWheat",0.0664736178435592
"HoneyBunchesofOats","ShreddedWheat",0.0664736176300972
"GreatGraines","ShreddedWheat",0.066473617946371
"OtmlRaisinCrisp","ShreddedWheat",0.0664736173062842
"OatSquares","ShreddedWheat",0.0664736177412422
"RiceChex","ShreddedWheat",0.0664736176762704
"TotalRaisinBran","ShreddedWheat",0.0664736180548746
"Product19","ShreddedWheat",0.0664736176432759
"AppleJacks","ShreddedWheat",0.0241075768837174
"CaptCrunch","ShreddedWheat",0.0241075766859584
"ShreddedWheat","ShreddedWheat",-2.11491594892896
"FruityPebbles","ShreddedWheat",0.0241075767953968
"Clusters","ShreddedWheat",0.0241075767762521
"CinnamonMiniBuns","ShreddedWheat",0.0241075771376091
"DoubleDipCrunch","ShreddedWheat",0.0664736178460042
"MultiGrainCheerios","ShreddedWheat",0.0241075770189395
"Honeycomb","ShreddedWheat",0.0241075767355782
"Popeye","ShreddedWheat",0.0241075768969546
"CornFlakes","FruityPebbles",0.0215120804335124
"Cheerios","FruityPebbles",0.0215120804528717
"RiceKrispies","FruityPebbles",0.0215120802614388
"FrostedFlakes","FruityPebbles",0.0215120800000416
"RaisinBran","FruityPebbles",0.0215120808756585
"Total","FruityPebbles",0.0215120808338079
"HoneyNutCheerios","FruityPebbles",0.0215120804744484
"SpecialK","FruityPebbles",0.0215120812505671
"GrapeNuts","FruityPebbles",0.0215120809041862
"SpoonSizeShdWt","FruityPebbles",0.0215120808088419
"100%Natural","FruityPebbles",0.0215120805148708
"FrostedMiniWheats","FruityPebbles",0.0215120806686991
"NutriGrain","FruityPebbles",0.0215120806025309
"Mueslix","FruityPebbles",0.0215120805220163
"Wheaties","FruityPebbles",0.021512080232904
"RaisinBran","FruityPebbles",0.0215120803816365
"Muesli","FruityPebbles",0.0215120810417814
"CornPops","FruityPebbles",0.0215120808634047
"RaisinNutBran","FruityPebbles",0.0215120809256433
"Basic4","FruityPebbles",0.0215120807183246
"CocoaPus","FruityPebbles",0.0938753882356876
"GoldenGrahams","FruityPebbles",0.093875388235357
"Cinn.ToastCrunch","FruityPebbles",0.0938753882161465
"FrootLoops","FruityPebbles",0.0938753884954002
"LowFatGranola","FruityPebbles",0.0215120808101672
"Trix","FruityPebbles",0.0938753877090163
"Triples","FruityPebbles",0.0215120809008393
"Crispix","FruityPebbles",0.0215120808654447
"Kix","FruityPebbles",0.0938753880991833
"LuckyCharms","FruityPebbles",0.0938753878368672
"AppleCinn.Cheerios","FruityPebbles",0.0215120803692281
"CracklinOatBran","FruityPebbles",0.021512080566152
"BigBiscuitShdWt","FruityPebbles",0.0215120809493225
"HoneyBunchesofOats","FruityPebbles",0.0215120808717506
"GreatGraines","FruityPebbles",0.0215120806214919
"OtmlRaisinCrisp","FruityPebbles",0.0215120806250837
"OatSquares","FruityPebbles",0.0215120808605653
"RiceChex","FruityPebbles",0.0215120805450061
"TotalRaisinBran","FruityPebbles",0.0215120808276056
"Product19","FruityPebbles",0.0215120805942462
"AppleJacks","FruityPebbles",0.0938753883284799
"CaptCrunch","FruityPebbles",0.0938753879705488
"ShreddedWheat","FruityPebbles",0.0215120803656504
"FruityPebbles","FruityPebbles",-2.38919572799321
"Clusters","FruityPebbles",0.0215120805437326
"CinnamonMiniBuns","FruityPebbles",0.0215120804071436
"DoubleDipCrunch","FruityPebbles",0.0215120805625623
"MultiGrainCheerios","FruityPebbles",0.0215120803694278
"Honeycomb","FruityPebbles",0.0938753881877993
"Popeye","FruityPebbles",0.093875387728777
"CornFlakes","Clusters",0.064730615617527
"Cheerios","Clusters",0.0647306155020078
"RiceKrispies","Clusters",0.0647306157176617
"FrostedFlakes","Clusters",0.0647306159210352
"RaisinBran","Clusters",0.0647306153592995
"Total","Clusters",0.0183454862441975
"HoneyNutCheerios","Clusters",0.0647306156666008
"SpecialK","Clusters",0.0183454861500163
"GrapeNuts","Clusters",0.0183454865704392
"SpoonSizeShdWt","Clusters",0.018345485828574
"100%Natural","Clusters",0.018345486034952
"FrostedMiniWheats","Clusters",0.0183454861201022
"NutriGrain","Clusters",0.018345486515469
"Mueslix","Clusters",0.0183454858726113
"Wheaties","Clusters",0.0647306156276805
"RaisinBran","Clusters",0.0647306159861822
"Muesli","Clusters",0.0183454866497231
"CornPops","Clusters",0.064730615475519
"RaisinNutBran","Clusters",0.0183454860015595
"Basic4","Clusters",0.0183454860617128
"CocoaPus","Clusters",0.0183454854923344
"GoldenGrahams","Clusters",0.0183454858575708
"Cinn.ToastCrunch","Clusters",0.0183454858139592
"FrootLoops","Clusters",0.0183454864024399
"LowFatGranola","Clusters",0.0183454861073418
"Trix","Clusters",0.0183454860094222
"Triples","Clusters",0.0183454866582162
"Crispix","Clusters",0.0183454858283035
"Kix","Clusters",0.0183454859233493
"LuckyCharms","Clusters",0.0183454857779784
"AppleCinn.Cheerios","Clusters",0.0647306156983048
"CracklinOatBran","Clusters",0.0183454861155202
"BigBiscuitShdWt","Clusters",0.0183454860721944
"HoneyBunchesofOats","Clusters",0.0183454861127773
"GreatGraines","Clusters",0.0183454861900038
"OtmlRaisinCrisp","Clusters",0.0183454863001827
"OatSquares","Clusters",0.018345486168439
"RiceChex","Clusters",0.0183454862561092
"TotalRaisinBran","Clusters",0.0183454859755572
"Product19","Clusters",0.0183454859156746
"AppleJacks","Clusters",0.0183454861452632
"CaptCrunch","Clusters",0.0183454859602187
"ShreddedWheat","Clusters",0.0183454861310194
"FruityPebbles","Clusters",0.0183454859034354
"Clusters","Clusters",-2.36419251166068
"CinnamonMiniBuns","Clusters",0.0647306160376117
"DoubleDipCrunch","Clusters",0.018345486275139
"MultiGrainCheerios","Clusters",0.0647306159921298
"Honeycomb","Clusters",0.0183454857563381
"Popeye","Clusters",0.0183454855935193
"CornFlakes","CinnamonMiniBuns",0.07808233685612
"Cheerios","CinnamonMiniBuns",0.0780823366817203
"RiceKrispies","CinnamonMiniBuns",0.0780823362935087
"FrostedFlakes","CinnamonMiniBuns",0.0780823365840268
"RaisinBran","CinnamonMiniBuns",0.0780823365484285
"Total","CinnamonMiniBuns",0.0221295349469364
"HoneyNutCheerios","CinnamonMiniBuns",0.0780823364948098
"SpecialK","CinnamonMiniBuns",0.0221295349808413
"GrapeNuts","CinnamonMiniBuns",0.0221295351275521
"SpoonSizeShdWt","CinnamonMiniBuns",0.0221295348430626
"100%Natural","CinnamonMiniBuns",0.0221295346009921
"FrostedMiniWheats","CinnamonMiniBuns",0.0221295343383137
"NutriGrain","CinnamonMiniBuns",0.022129535079538
"Mueslix","CinnamonMiniBuns",0.0221295348525583
"Wheaties","CinnamonMiniBuns",0.078082336625407
"RaisinBran","CinnamonMiniBuns",0.0780823371763579
"Muesli","CinnamonMiniBuns",0.02212953522476
"CornPops","CinnamonMiniBuns",0.0780823365592913
"RaisinNutBran","CinnamonMiniBuns",0.0221295349378597
"Basic4","CinnamonMiniBuns",0.0221295346038324
"CocoaPus","CinnamonMiniBuns",0.0221295345564504
"GoldenGrahams","CinnamonMiniBuns",0.0221295349485535
"Cinn.ToastCrunch","CinnamonMiniBuns",0.0221295348305601
"FrootLoops","CinnamonMiniBuns",0.022129534965753
"LowFatGranola","CinnamonMiniBuns",0.0221295348613561
"Trix","CinnamonMiniBuns",0.0221295347651348
"Triples","CinnamonMiniBuns",0.0221295352523417
"Crispix","CinnamonMiniBuns",0.0221295346751105
"Kix","CinnamonMiniBuns",0.0221295347409613
"LuckyCharms","CinnamonMiniBuns",0.022129534805753
"AppleCinn.Cheerios","CinnamonMiniBuns",0.0780823364560312
"CracklinOatBran","CinnamonMiniBuns",0.0221295347075005
"BigBiscuitShdWt","CinnamonMiniBuns",0.0221295349913241
"HoneyBunchesofOats","CinnamonMiniBuns",0.0221295348238171
"GreatGraines","CinnamonMiniBuns",0.0221295349208423
"OtmlRaisinCrisp","CinnamonMiniBuns",0.0221295346856029
"OatSquares","CinnamonMiniBuns",0.0221295349233094
"RiceChex","CinnamonMiniBuns",0.0221295348973049
"TotalRaisinBran","CinnamonMiniBuns",0.0221295349331357
"Product19","CinnamonMiniBuns",0.0221295348637887
"AppleJacks","CinnamonMiniBuns",0.0221295350440901
"CaptCrunch","CinnamonMiniBuns",0.0221295348236143
"ShreddedWheat","CinnamonMiniBuns",0.0221295348120444
"FruityPebbles","CinnamonMiniBuns",0.0221295348856772
"Clusters","CinnamonMiniBuns",0.0780823368949561
"CinnamonMiniBuns","CinnamonMiniBuns",-2.04915927374079
"DoubleDipCrunch","CinnamonMiniBuns",0.0221295348753858
"MultiGrainCheerios","CinnamonMiniBuns",0.0780823367679098
"Honeycomb","CinnamonMiniBuns",0.0221295349608024
"Popeye","CinnamonMiniBuns",0.0221295348524899
"CornFlakes","DoubleDipCrunch",0.0163017928811949
"Cheerios","DoubleDipCrunch",0.0163017929582913
"RiceKrispies","DoubleDipCrunch",0.0163017931064766
"FrostedFlakes","DoubleDipCrunch",0.0163017929564339
"RaisinBran","DoubleDipCrunch",0.0163017931395391
"Total","DoubleDipCrunch",0.0449501484086671
"HoneyNutCheerios","DoubleDipCrunch",0.0163017928567393
"SpecialK","DoubleDipCrunch",0.0449501483774647
"GrapeNuts","DoubleDipCrunch",0.0449501487920118
"SpoonSizeShdWt","DoubleDipCrunch",0.044950148633414
"100%Natural","DoubleDipCrunch",0.0449501479391433
"FrostedMiniWheats","DoubleDipCrunch",0.0449501479935086
"NutriGrain","DoubleDipCrunch",0.0449501485403897
"Mueslix","DoubleDipCrunch",0.0449501489440061
"Wheaties","DoubleDipCrunch",0.0163017929999198
"RaisinBran","DoubleDipCrunch",0.0163017932325438
"Muesli","DoubleDipCrunch",0.0449501483473506
"CornPops","DoubleDipCrunch",0.016301793257691
"RaisinNutBran","DoubleDipCrunch",0.0449501487618219
"Basic4","DoubleDipCrunch",0.0449501483580809
"CocoaPus","DoubleDipCrunch",0.0163017934021223
"GoldenGrahams","DoubleDipCrunch",0.0163017935715391
"Cinn.ToastCrunch","DoubleDipCrunch",0.0163017933933238
"FrootLoops","DoubleDipCrunch",0.0163017937059921
"LowFatGranola","DoubleDipCrunch",0.044950148316266
"Trix","DoubleDipCrunch",0.0163017934229848
"Triples","DoubleDipCrunch",0.0449501480945054
"Crispix","DoubleDipCrunch",0.0449501478699268
"Kix","DoubleDipCrunch",0.016301793287764
"LuckyCharms","DoubleDipCrunch",0.0163017930810895
"AppleCinn.Cheerios","DoubleDipCrunch",0.0163017930730528
"CracklinOatBran","DoubleDipCrunch",0.0449501482672164
"BigBiscuitShdWt","DoubleDipCrunch",0.0449501487492265
"HoneyBunchesofOats","DoubleDipCrunch",0.0449501482113548
"GreatGraines","DoubleDipCrunch",0.0449501488242599
"OtmlRaisinCrisp","DoubleDipCrunch",0.0449501484219004
"OatSquares","DoubleDipCrunch",0.0449501480972369
"RiceChex","DoubleDipCrunch",0.044950148665334
"TotalRaisinBran","DoubleDipCrunch",0.0449501480180915
"Product19","DoubleDipCrunch",0.0449501485990664
"AppleJacks","DoubleDipCrunch",0.0163017933758553
"CaptCrunch","DoubleDipCrunch",0.0163017934731004
"ShreddedWheat","DoubleDipCrunch",0.0449501481256736
"FruityPebbles","DoubleDipCrunch",0.0163017933181854
"Clusters","DoubleDipCrunch",0.0163017928508391
"CinnamonMiniBuns","DoubleDipCrunch",0.0163017931324809
"DoubleDipCrunch","DoubleDipCrunch",-2.28341245251356
"MultiGrainCheerios","DoubleDipCrunch",0.0163017930911248
"Honeycomb","DoubleDipCrunch",0.0163017933471557
"Popeye","DoubleDipCrunch",0.0163017931685808
"CornFlakes","MultiGrainCheerios",0.05553351775311
"Cheerios","MultiGrainCheerios",0.0555335175876725
"RiceKrispies","MultiGrainCheerios",0.0555335170361798
"FrostedFlakes","MultiGrainCheerios",0.055533517454847
"RaisinBran","MultiGrainCheerios",0.0555335171139413
"Total","MultiGrainCheerios",0.0157389113670602
"HoneyNutCheerios","MultiGrainCheerios",0.0555335175802422
"SpecialK","MultiGrainCheerios",0.0157389114715553
"GrapeNuts","MultiGrainCheerios",0.0157389112383137
"SpoonSizeShdWt","MultiGrainCheerios",0.0157389109972253
"100%Natural","MultiGrainCheerios",0.0157389107072364
"FrostedMiniWheats","MultiGrainCheerios",0.0157389110499929
"NutriGrain","MultiGrainCheerios",0.0157389109174733
"Mueslix","MultiGrainCheerios",0.0157389107814969
"Wheaties","MultiGrainCheerios",0.0555335172318241
"RaisinBran","MultiGrainCheerios",0.0555335177875844
"Muesli","MultiGrainCheerios",0.015738911198406
"CornPops","MultiGrainCheerios",0.0555335171141386
"RaisinNutBran","MultiGrainCheerios",0.0157389107728024
"Basic4","MultiGrainCheerios",0.0157389108099088
"CocoaPus","MultiGrainCheerios",0.0157389106963695
"GoldenGrahams","MultiGrainCheerios",0.0157389108427363
"Cinn.ToastCrunch","MultiGrainCheerios",0.0157389107533579
"FrootLoops","MultiGrainCheerios",0.0157389113340496
"LowFatGranola","MultiGrainCheerios",0.0157389110039935
"Trix","MultiGrainCheerios",0.0157389110801624
"Triples","MultiGrainCheerios",0.0157389113206598
"Crispix","MultiGrainCheerios",0.0157389110933163
"Kix","MultiGrainCheerios",0.0157389107864753
"LuckyCharms","MultiGrainCheerios",0.0157389110136056
"AppleCinn.Cheerios","MultiGrainCheerios",0.0555335175927375
"CracklinOatBran","MultiGrainCheerios",0.0157389108159545
"BigBiscuitShdWt","MultiGrainCheerios",0.0157389110663393
"HoneyBunchesofOats","MultiGrainCheerios",0.0157389109861351
"GreatGraines","MultiGrainCheerios",0.0157389110465878
"OtmlRaisinCrisp","MultiGrainCheerios",0.0157389109782638
"OatSquares","MultiGrainCheerios",0.0157389110268293
"RiceChex","MultiGrainCheerios",0.0157389110396753
"TotalRaisinBran","MultiGrainCheerios",0.015738910673091
"Product19","MultiGrainCheerios",0.0157389107369017
"AppleJacks","MultiGrainCheerios",0.0157389112018998
"CaptCrunch","MultiGrainCheerios",0.0157389108108844
"ShreddedWheat","MultiGrainCheerios",0.0157389105707289
"FruityPebbles","MultiGrainCheerios",0.0157389108466682
"Clusters","MultiGrainCheerios",0.0555335179670536
"CinnamonMiniBuns","MultiGrainCheerios",0.0555335177312512
"DoubleDipCrunch","MultiGrainCheerios",0.0157389108682477
"MultiGrainCheerios","MultiGrainCheerios",-2.52809808169711
"Honeycomb","MultiGrainCheerios",0.0157389105634294
"Popeye","MultiGrainCheerios",0.0157389107722458
"CornFlakes","Honeycomb",0.0200491191463101
"Cheerios","Honeycomb",0.0200491193005364
"RiceKrispies","Honeycomb",0.0200491189922686
"FrostedFlakes","Honeycomb",0.0200491190271451
"RaisinBran","Honeycomb",0.0200491195693065
"Total","Honeycomb",0.0200491194685228
"HoneyNutCheerios","Honeycomb",0.0200491190555637
"SpecialK","Honeycomb",0.0200491198219833
"GrapeNuts","Honeycomb",0.0200491198739027
"SpoonSizeShdWt","Honeycomb",0.0200491194547725
"100%Natural","Honeycomb",0.0200491194920754
"FrostedMiniWheats","Honeycomb",0.0200491190861883
"NutriGrain","Honeycomb",0.020049119900429
"Mueslix","Honeycomb",0.0200491193279934
"Wheaties","Honeycomb",0.0200491187927668
"RaisinBran","Honeycomb",0.0200491194968625
"Muesli","Honeycomb",0.0200491200794372
"CornPops","Honeycomb",0.0200491194292572
"RaisinNutBran","Honeycomb",0.0200491192988724
"Basic4","Honeycomb",0.0200491192375249
"CocoaPus","Honeycomb",0.0874912490842283
"GoldenGrahams","Honeycomb",0.0874912492095659
"Cinn.ToastCrunch","Honeycomb",0.0874912491882092
"FrootLoops","Honeycomb",0.0874912495031414
"LowFatGranola","Honeycomb",0.0200491194193138
"Trix","Honeycomb",0.0874912490950642
"Triples","Honeycomb",0.0200491199541545
"Crispix","Honeycomb",0.0200491192057673
"Kix","Honeycomb",0.0874912489964879
"LuckyCharms","Honeycomb",0.0874912489414947
"AppleCinn.Cheerios","Honeycomb",0.0200491192502955
"CracklinOatBran","Honeycomb",0.0200491196110117
"BigBiscuitShdWt","Honeycomb",0.0200491194795194
"HoneyBunchesofOats","Honeycomb",0.0200491193748135
"GreatGraines","Honeycomb",0.020049119713645
"OtmlRaisinCrisp","Honeycomb",0.0200491197098607
"OatSquares","Honeycomb",0.020049119628635
"RiceChex","Honeycomb",0.0200491192059642
"TotalRaisinBran","Honeycomb",0.0200491196322529
"Product19","Honeycomb",0.0200491196385009
"AppleJacks","Honeycomb",0.0874912495288663
"CaptCrunch","Honeycomb",0.0874912489013181
"ShreddedWheat","Honeycomb",0.0200491192300697
"FruityPebbles","Honeycomb",0.087491248734398
"Clusters","Honeycomb",0.0200491191642652
"CinnamonMiniBuns","Honeycomb",0.0200491193855857
"DoubleDipCrunch","Honeycomb",0.0200491193579832
"MultiGrainCheerios","Honeycomb",0.0200491193942745
"Honeycomb","Honeycomb",-2.54255291494022
"Popeye","Honeycomb",0.0874912493348975
"CornFlakes","Popeye",0.0349234049131015
"Cheerios","Popeye",0.0349234052406078
"RiceKrispies","Popeye",0.03492340486198
"FrostedFlakes","Popeye",0.0349234047308522
"RaisinBran","Popeye",0.0349234050227741
"Total","Popeye",0.034923405151185
"HoneyNutCheerios","Popeye",0.0349234049167445
"SpecialK","Popeye",0.034923404910943
"GrapeNuts","Popeye",0.0349234051179339
"SpoonSizeShdWt","Popeye",0.034923404841673
"100%Natural","Popeye",0.0349234049260365
"FrostedMiniWheats","Popeye",0.0349234049240291
"NutriGrain","Popeye",0.0349234050464797
"Mueslix","Popeye",0.0349234049015773
"Wheaties","Popeye",0.0349234048886038
"RaisinBran","Popeye",0.0349234051757244
"Muesli","Popeye",0.0349234052950322
"CornPops","Popeye",0.0349234050694475
"RaisinNutBran","Popeye",0.0349234047389693
"Basic4","Popeye",0.0349234050342478
"CocoaPus","Popeye",0.1524003379336
"GoldenGrahams","Popeye",0.152400337954684
"Cinn.ToastCrunch","Popeye",0.152400338111981
"FrootLoops","Popeye",0.152400338084444
"LowFatGranola","Popeye",0.0349234049244534
"Trix","Popeye",0.152400338071167
"Triples","Popeye",0.0349234051779833
"Crispix","Popeye",0.0349234048147572
"Kix","Popeye",0.152400337872147
"LuckyCharms","Popeye",0.15240033784811
"AppleCinn.Cheerios","Popeye",0.034923404999745
"CracklinOatBran","Popeye",0.0349234049674728
"BigBiscuitShdWt","Popeye",0.0349234049120596
"HoneyBunchesofOats","Popeye",0.034923404972171
"GreatGraines","Popeye",0.0349234048820286
"OtmlRaisinCrisp","Popeye",0.0349234049316836
"OatSquares","Popeye",0.0349234048576675
"RiceChex","Popeye",0.034923404992269
"TotalRaisinBran","Popeye",0.0349234049880677
"Product19","Popeye",0.0349234050115038
"AppleJacks","Popeye",0.152400338081952
"CaptCrunch","Popeye",0.15240033776506
"ShreddedWheat","Popeye",0.0349234048489699
"FruityPebbles","Popeye",0.152400337922264
"Clusters","Popeye",0.0349234048991035
"CinnamonMiniBuns","Popeye",0.0349234053265515
"DoubleDipCrunch","Popeye",0.034923405030507
"MultiGrainCheerios","Popeye",0.0349234050598892
"Honeycomb","Popeye",0.152400338097062
"Popeye","Popeye",-1.21676979508764
