------------------------------------------------------------------------------------------------------------------------
      name:  <unnamed>
       log:  C:\Users\B03531855158\Documents\Replication\Códigos_Lista3\2a Forma/outputs/stata/logs/run_all_stata.log
  log type:  text
 opened on:  11 Jun 2026, 12:20:18

. 
. display "#########################################################################"
#########################################################################

. display "#                            INÍCIO                                     #"
#                            INÍCIO                                     #

. display "#             Lista 3 - Modelo Berry/BLP                                #"
#             Lista 3 - Modelo Berry/BLP                                #

. display "#             Versão operacional corrigida baseada em eberry/b_program             #"
#             Versão operacional corrigida baseada em eberry/b_program             #

. display "#########################################################################"
#########################################################################

. 
. do "$ROOT/stata/00_config.do"

. /****************************************************************************************
> COMENTÁRIOS DETALHADOS
> - clear matrix limpa matrizes antigas para evitar contaminação entre execuções.
> - set scheme s1color o tema visual padrão dos gráficos exportados pelo Stata.
> - set linesize e set matsize ajustam a exibição e o tamanho máximo das matrizes.
> - As globals S0, XVARS, PRICE, PRICE_ORIG, DELTA e ENDOG_* padronizam os nomes usados nos scripts seguintes.
> - capture which verifica se um comando/pacote existe; se não existir, capture ssc install tenta instalar.
> ****************************************************************************************/
. /****************************************************************************************
> Elaborado por: 
> Luiz Mario Andrade (Matrícula: 252029360)
> Felipe Santos (Matrícula: 232010719)
> Luiza Nodari (Matrícula: 242011335)
> Diogo Martins (Matrícula: 232001578)
> Sarah Moura (Matrícula: 211060316)
> Pedro Bijos (Matrícula: 241003849)
> *******************************************************************************/
. ****************************************************************************************/
. 
. 
. clear matrix

. set scheme s1color

. capture graph set window fontface "Arial"

. 
. * Template visual padrão dos gráficos:
. * - fundo branco;
. * - grade cinza clara tracejada;
. * - pontos azul-escuro;
. * - linhas de ajuste em cranberry/vermelho;
. * - legenda à direita quando necessário.
. set linesize 120

. set matsize 11000
set matsize ignored.
    Matrix sizes are no longer limited by c(matsize) in modern Statas.  Matrix sizes are now limited by edition of
    Stata.  See limits for more details.

. 
. global S0 = 0.2429

. global XVARS "cals fat sugar"

. global PRICE "neg_price"

. global PRICE_ORIG "price"

. global DELTA "delta"

. global ENDOG_SIMPLE "neg_price"

. global ENDOG_NESTED "neg_price log_share_within_nest"

. 
. * Pacotes opcionais/consolidados. O pacote roda melhor com estout, ivreg2 e weakivtest.
. capture which esttab

. if _rc capture ssc install estout, replace

. capture which ivreg2

. if _rc capture ssc install ivreg2, replace

. capture which weakivtest

. if _rc capture ssc install weakivtest, replace

. 
. 
. /****************************************************************************************
> Template gráfico nativo usado por 06_visualizations.do e 07_extra_visualizations.do.
> Este bloco NÃO depende de pacote externo. Ele replica o padrão visual do gráfico-modelo:
> fundo branco, área de plotagem branca, grade cinza clara tracejada, pontos azul-escuro,
> linhas de ajuste em cranberry e legenda à direita quando útil.
> ****************************************************************************************/
. set scheme s1color

. capture graph set window fontface "Arial"

. global GRAPH_BASE   `"graphregion(color(white)) plotregion(color(white))"'

. global GRAPH_GRIDXY `"xlabel(, labsize(small) grid glcolor(gs14) glpattern(dash)) ylabel(, labsize(small) angle(horizo
> ntal) grid glcolor(gs14) glpattern(dash))"'

. global GRAPH_GRIDX  `"xlabel(, labsize(small) grid glcolor(gs14) glpattern(dash))"'

. global GRAPH_GRIDY  `"ylabel(, labsize(small) angle(horizontal) grid glcolor(gs14) glpattern(dash))"'

. global GRAPH_LEGEND_RIGHT `"legend(position(3) ring(1) cols(1) size(small) region(lcolor(none) fcolor(none)))"'

. global GRAPH_LEGEND_BOTTOM `"legend(rows(1) size(small) region(lcolor(none) fcolor(none)))"'

. global GRAPH_ZERO   `"lcolor(black) lpattern(dash) lwidth(medthin)"'

. global GRAPH_POINT_COLOR "navy"

. global GRAPH_FIT_COLOR "cranberry"

. 
end of do-file

. do "$ROOT/stata/stata_graph_theme_snippet.do"

. /****************************************************************************************
> Template visual dos gráficos - Lista 3 Berry/BLP
> 
> Use quando quiser aplicar o mesmo padrão visual do gráfico de referência:
>     do "$ROOT/stata/stata_graph_theme_snippet.do"
> 
> Observação:
> - Este arquivo define GLOBALS para que o template sobreviva ao fim do .do.
> - Não depende de pacote externo; usa apenas opções nativas do Stata.
> ****************************************************************************************/
. 
. set scheme s1color

. capture graph set window fontface "Arial"

. 
. global GRAPH_BASE   `"graphregion(color(white)) plotregion(color(white))"'

. global GRAPH_GRIDXY `"xlabel(, labsize(small) grid glcolor(gs14) glpattern(dash)) ylabel(, labsize(small) angle(horizo
> ntal) grid glcolor(gs14) glpattern(dash))"'

. global GRAPH_GRIDX  `"xlabel(, labsize(small) grid glcolor(gs14) glpattern(dash))"'

. global GRAPH_GRIDY  `"ylabel(, labsize(small) angle(horizontal) grid glcolor(gs14) glpattern(dash))"'

. global GRAPH_LEGEND_RIGHT `"legend(position(3) ring(1) cols(1) size(small) region(lcolor(none) fcolor(none)))"'

. global GRAPH_LEGEND_BOTTOM `"legend(rows(1) size(small) region(lcolor(none) fcolor(none)))"'

. global GRAPH_ZERO   `"lcolor(black) lpattern(dash) lwidth(medthin)"'

. global GRAPH_POINT_COLOR "navy"

. global GRAPH_FIT_COLOR "cranberry"

. global GRAPH_AUX1_COLOR "forest_green"

. global GRAPH_AUX2_COLOR "orange"

. global GRAPH_AUX3_COLOR "purple"

. 
end of do-file

. do "$ROOT/stata/01_prepare_data.do"

. /****************************************************************************************
> COMENTÁRIOS DETALHADOS
> - import delimited lê o CSV original preservando as colunas como texto para evitar conversões erradas.
> - Os locals v1...v11 capturam a ordem original das colunas e permitem renomear nomes com espaços.
> - destring transforma variáveis numéricas importadas como texto em números utilizáveis nas regressões.
> - drop remove o bem externo da amostra interna; ele entra somente por s0 na inversão logit.
> - gen cria share, outside_share, delta e constante, conforme a inversão de Berry.
> - egen group cria identificadores numéricos de firma e segmento para loops, gráficos e Mata.
> - Os loops foreach constroem instrumentos BLP: somas dos demais produtos da mesma firma e de firmas rivais.
> - As variáveis de nest calculam s_g, s_{j|g}, ln(s_{j|g}) e instrumentos para o nested logit.
> - save/export delimited gravam a base preparada em DTA e CSV para reutilização nas demais etapas.
> ****************************************************************************************/
. /****************************************************************************************
> 01 - Tratamento da base e construção dos instrumentos BLP
> ****************************************************************************************/
. import delimited "$DATA", clear varnames(1) bindquote(strict) stringcols(_all)
(encoding automatically selected: ISO-8859-1)
(11 vars, 51 obs)

. 
. * Renomeia por posição para ficar robusto a nomes importados com espaços.
. * O comando ds lista as variáveis existentes após o import.
. * Em seguida, r(varlist) é guardado no local `vars'.
. * Essa forma é compatível com o Stata; evita o erro "varlist not allowed" gerado por "local vars : varlist _all".
. ds
v1            v3            aveshelfpr~e  insamplema~e  cals          suger
v2            averagetra~e  aveadprice    sgmnt         fat

. local vars `r(varlist)'

. local v1 : word 1 of `vars'

. local v2 : word 2 of `vars'

. local v3 : word 3 of `vars'

. local v4 : word 4 of `vars'

. local v5 : word 5 of `vars'

. local v6 : word 6 of `vars'

. local v7 : word 7 of `vars'

. local v8 : word 8 of `vars'

. local v9 : word 9 of `vars'

. local v10 : word 10 of `vars'

. local v11 : word 11 of `vars'

. rename `v1' idProduct

. rename `v2' firm

. rename `v3' product

. rename `v4' price

. rename `v5' shelf_price

. rename `v6' ad_price

. rename `v7' share_pct

. rename `v8' segment

. rename `v9' cals
  (all newnames==oldnames)

. rename `v10' fat
  (all newnames==oldnames)

. rename `v11' sugar

. 
. foreach v in idProduct price shelf_price ad_price share_pct cals fat sugar {
  2.     destring `v', replace force
  3. }
idProduct: all characters numeric; replaced as byte
price: all characters numeric; replaced as double
shelf_price: all characters numeric; replaced as double
(1 missing value generated)
ad_price: all characters numeric; replaced as double
share_pct: all characters numeric; replaced as double
cals: all characters numeric; replaced as int
(1 missing value generated)
fat: all characters numeric; replaced as double
(1 missing value generated)
sugar: all characters numeric; replaced as double
(1 missing value generated)

. 
. * Remove bem externo; ele entra apenas por s0 na inversão logit.
. drop if lower(firm)=="basketof" | missing(segment)
(1 observation deleted)

. drop if missing(price, share_pct, cals, fat, sugar)
(0 observations deleted)

. 
. gen share = share_pct/100

. gen outside_share = $S0

. gen delta = ln(share) - ln($S0)

. gen neg_price = -price

. label variable neg_price "Preço com sinal negativo (-price); coeficiente estrutural alpha"

. gen cons = 1

. 
. egen idfirm = group(firm), label

. egen idsegment = group(segment), label

. 
. * Instrumentos Berry/BLP por firma: soma dos demais produtos da mesma firma e soma dos rivais.
. foreach x of global XVARS {
  2.     bysort firm: egen total_firm_`x' = total(`x')
  3.     egen total_all_`x' = total(`x')
  4.     bysort firm: gen n_firm_`x' = _N
  5.     gen own_`x' = total_firm_`x' - `x'
  6.     replace own_`x' = 0 if n_firm_`x' <= 1
  7.     gen rival_`x' = total_all_`x' - total_firm_`x'
  8. }
(0 real changes made)
(0 real changes made)
(0 real changes made)

. 
. bysort firm: gen n_products_firm = _N

. gen n_total_products = _N

. gen n_rival_products = n_total_products - n_products_firm

. 
. * Variáveis para nested logit.
. bysort segment: egen nest_share = total(share)

. gen share_within_nest = share/nest_share

. gen log_share_within_nest = ln(share_within_nest)

. bysort segment: gen n_products_nest = _N

. gen n_same_nest_other = n_products_nest - 1

. gen n_rival_nest = n_total_products - n_products_nest

. foreach x of global XVARS {
  2.     bysort segment: egen total_nest_`x' = total(`x')
  3.     gen nest_own_`x' = total_nest_`x' - `x'
  4.     gen nest_rival_`x' = total_all_`x' - total_nest_`x'
  5. }

. 
. order idProduct firm product segment price neg_price share delta cals fat sugar

. save "$OUTDATA/prepared_data_stata.dta", replace
file C:\Users\B03531855158\Documents\Replication\Códigos_Lista3\2a Forma/outputs/stata/data/prepared_data_stata.dta
    saved

. export delimited using "$OUTDATA/prepared_data_stata.csv", replace
file C:\Users\B03531855158\Documents\Replication\Códigos_Lista3\2a Forma/outputs/stata/data/prepared_data_stata.csv save
> d

. 
end of do-file

. do "$ROOT/stata/02_estimate_logit_iv_gmm.do"

. /****************************************************************************************
> 02 - MQO, 2SLS e GMM estrutural do logit simples
> -----------------------------------------------------------------------------------------
> Correção central:
> - A especificação teórica da lista é
>       delta_j = X_j'beta - alpha*p_j + xi_j.
> - Para estimar alpha diretamente, sem impor alpha > 0, cria-se:
>       neg_price = -price.
> - Assim, a equação estimada fica
>       delta_j = X_j'beta + alpha*neg_price_j + xi_j.
> - Se alpha for negativo, isso será resultado da estimação; o código não usa abs() e não
>   impõe demanda decrescente.
> ****************************************************************************************/
. 
. use "$OUTDATA/prepared_data_stata.dta", clear

. 
. capture drop neg_price

. gen double neg_price = -price

. label variable neg_price "Preço com sinal negativo (-price), coeficiente estrutural alpha"

. save "$OUTDATA/prepared_data_stata.dta", replace
file C:\Users\B03531855158\Documents\Replication\Códigos_Lista3\2a Forma/outputs/stata/data/prepared_data_stata.dta
    saved

. 
. quietly run "$ROOT/stata/eberry_operational.do"

. 
. global ZOWN   "own_cals own_fat own_sugar"

. global ZRIVAL "rival_cals rival_fat rival_sugar"

. global ZBOTH  "$ZOWN $ZRIVAL"

. 
. eststo clear

. 
. * Q1: MQO de referência.
. reg delta neg_price $XVARS, vce(robust)

Linear regression                               Number of obs     =         50
                                                F(4, 45)          =       1.69
                                                Prob > F          =     0.1695
                                                R-squared         =     0.1498
                                                Root MSE          =     .48341

------------------------------------------------------------------------------
             |               Robust
       delta | Coefficient  std. err.      t    P>|t|     [95% conf. interval]
-------------+----------------------------------------------------------------
   neg_price |   .2240189    .198742     1.13   0.266     -.176268    .6243058
        cals |   .0005054    .002516     0.20   0.842    -.0045621    .0055728
         fat |  -.0051122   .0501073    -0.10   0.919    -.1060335     .095809
       sugar |  -.0294874   .0164815    -1.79   0.080    -.0626827     .003708
       _cons |  -2.020835   .8216115    -2.46   0.018    -3.675645   -.3660241
------------------------------------------------------------------------------

. eststo OLS

. 
. * Q2: 2SLS de referência.
. ivregress 2sls delta $XVARS (neg_price = $ZOWN), vce(robust)

Instrumental-variables 2SLS regression            Number of obs   =         50
                                                  Wald chi2(4)    =       3.27
                                                  Prob > chi2     =     0.5143
                                                  R-squared       =          .
                                                  Root MSE        =     .83779

------------------------------------------------------------------------------
             |               Robust
       delta | Coefficient  std. err.      z    P>|z|     [95% conf. interval]
-------------+----------------------------------------------------------------
   neg_price |  -1.303009   .8962874    -1.45   0.146      -3.0597    .4536816
        cals |   .0085515   .0063323     1.35   0.177    -.0038596    .0209626
         fat |   -.074725   .1295188    -0.58   0.564    -.3285773    .1791272
       sugar |  -.0499345   .0308286    -1.62   0.105    -.1103574    .0104884
       _cons |  -7.429019    3.16928    -2.34   0.019    -13.64069   -1.217345
------------------------------------------------------------------------------
Endogenous: neg_price
Exogenous:  cals fat sugar own_cals own_fat own_sugar

. eststo IV_own

. 
. ivregress 2sls delta $XVARS (neg_price = $ZRIVAL), vce(robust)

Instrumental-variables 2SLS regression            Number of obs   =         50
                                                  Wald chi2(4)    =       3.27
                                                  Prob > chi2     =     0.5143
                                                  R-squared       =          .
                                                  Root MSE        =     .83779

------------------------------------------------------------------------------
             |               Robust
       delta | Coefficient  std. err.      z    P>|z|     [95% conf. interval]
-------------+----------------------------------------------------------------
   neg_price |  -1.303007   .8962854    -1.45   0.146    -3.059694    .4536797
        cals |   .0085515   .0063323     1.35   0.177    -.0038596    .0209626
         fat |   -.074725   .1295187    -0.58   0.564     -.328577     .179127
       sugar |  -.0499344   .0308285    -1.62   0.105    -.1103573    .0104884
       _cons |  -7.429012   3.169273    -2.34   0.019    -13.64067   -1.217351
------------------------------------------------------------------------------
Endogenous: neg_price
Exogenous:  cals fat sugar rival_cals rival_fat rival_sugar

. eststo IV_rival

. 
. ivregress 2sls delta $XVARS (neg_price = $ZBOTH), vce(robust)
note: rival_cals omitted because of collinearity.
note: rival_fat omitted because of collinearity.
note: rival_sugar omitted because of collinearity.

Instrumental-variables 2SLS regression            Number of obs   =         50
                                                  Wald chi2(4)    =       3.27
                                                  Prob > chi2     =     0.5143
                                                  R-squared       =          .
                                                  Root MSE        =     .83779

------------------------------------------------------------------------------
             |               Robust
       delta | Coefficient  std. err.      z    P>|z|     [95% conf. interval]
-------------+----------------------------------------------------------------
   neg_price |  -1.303009   .8962874    -1.45   0.146      -3.0597    .4536816
        cals |   .0085515   .0063323     1.35   0.177    -.0038596    .0209626
         fat |   -.074725   .1295188    -0.58   0.564    -.3285773    .1791272
       sugar |  -.0499345   .0308286    -1.62   0.105    -.1103574    .0104884
       _cons |  -7.429019    3.16928    -2.34   0.019    -13.64069   -1.217345
------------------------------------------------------------------------------
Endogenous: neg_price
Exogenous:  cals fat sugar own_cals own_fat own_sugar

. eststo IV_both

. 
. /****************************************************************************************
> Q3: GMM estrutural no estilo Berry/BLP.
> Modelo estimado:
>     delta_j = b0 + bcals*cals_j + bfat*fat_j + bsugar*sugar_j
>               + alpha*(-price_j) + xi_j.
> ****************************************************************************************/
. 
. eberry_fit, ///
>     y("delta") ///
>     x("cons cals fat sugar neg_price") ///
>     z("cons cals fat sugar $ZOWN") ///
>     bnames("b0 bcals bfat bsugar alpha") ///
>     step(1)

. eststo GMM_own_1

. 
. eberry_fit, ///
>     y("delta") ///
>     x("cons cals fat sugar neg_price") ///
>     z("cons cals fat sugar $ZOWN") ///
>     bnames("b0 bcals bfat bsugar alpha") ///
>     step(2)

. eststo GMM_own_2

. 
. eberry_fit, ///
>     y("delta") ///
>     x("cons cals fat sugar neg_price") ///
>     z("cons cals fat sugar $ZRIVAL") ///
>     bnames("b0 bcals bfat bsugar alpha") ///
>     step(1)

. eststo GMM_rival_1

. 
. eberry_fit, ///
>     y("delta") ///
>     x("cons cals fat sugar neg_price") ///
>     z("cons cals fat sugar $ZRIVAL") ///
>     bnames("b0 bcals bfat bsugar alpha") ///
>     step(2)

. eststo GMM_rival_2

. 
. eberry_fit, ///
>     y("delta") ///
>     x("cons cals fat sugar neg_price") ///
>     z("cons cals fat sugar $ZBOTH") ///
>     bnames("b0 bcals bfat bsugar alpha") ///
>     step(1)

. eststo GMM_both_1

. 
. eberry_fit, ///
>     y("delta") ///
>     x("cons cals fat sugar neg_price") ///
>     z("cons cals fat sugar $ZBOTH") ///
>     bnames("b0 bcals bfat bsugar alpha") ///
>     step(2)

. eststo GMM_both_2

. 
. * Resíduo estrutural da especificação GMM principal.
. use "$OUTDATA/prepared_data_stata.dta", clear

. capture drop neg_price

. gen double neg_price = -price

. estimates restore GMM_both_2
(results GMM_both_2 are active now)

. gen double xi_gmm_both = delta - _b[b0] - _b[bcals]*cals - _b[bfat]*fat - _b[bsugar]*sugar - _b[alpha]*neg_price

. save "$OUTDATA/stata_after_simple_gmm.dta", replace
file C:\Users\B03531855158\Documents\Replication\Códigos_Lista3\2a Forma/outputs/stata/data/stata_after_simple_gmm.dta
    saved

. 
. * Exportação padronizada em CSV/TEX fica em 08_standard_tables.do.
. 
end of do-file

. do "$ROOT/stata/03_nested_gmm.do"

. /****************************************************************************************
> 03 - Nested logit por GMM
> -----------------------------------------------------------------------------------------
> Correção central:
> - O parâmetro alpha é estimado diretamente usando neg_price = -price.
> - O código não impõe alpha > 0; ele apenas estima a especificação da lista.
> ****************************************************************************************/
. 
. use "$OUTDATA/prepared_data_stata.dta", clear

. 
. capture drop neg_price

. gen double neg_price = -price

. label variable neg_price "Preço com sinal negativo (-price), coeficiente estrutural alpha"

. save "$OUTDATA/prepared_data_stata.dta", replace
file C:\Users\B03531855158\Documents\Replication\Códigos_Lista3\2a Forma/outputs/stata/data/prepared_data_stata.dta
    saved

. 
. quietly run "$ROOT/stata/eberry_operational.do"

. 
. global ZOWN     "own_cals own_fat own_sugar"

. global ZRIVAL   "rival_cals rival_fat rival_sugar"

. global ZNEST    "n_same_nest_other n_rival_nest nest_own_cals nest_own_fat nest_own_sugar nest_rival_cals nest_rival_f
> at nest_rival_sugar"

. global ZNESTALL "$ZOWN $ZRIVAL $ZNEST"

. 
. * Referência 2SLS com duas endógenas: -preço e log(s_j|g).
. ivregress 2sls delta $XVARS (neg_price log_share_within_nest = $ZNESTALL), vce(robust)
note: n_rival_nest omitted because of collinearity.
note: nest_own_fat omitted because of collinearity.
note: nest_own_sugar omitted because of collinearity.
note: nest_rival_cals omitted because of collinearity.
note: nest_rival_fat omitted because of collinearity.
note: nest_rival_sugar omitted because of collinearity.
note: rival_cals omitted because of collinearity.
note: rival_fat omitted because of collinearity.
note: rival_sugar omitted because of collinearity.

Instrumental-variables 2SLS regression            Number of obs   =         50
                                                  Wald chi2(5)    =      19.82
                                                  Prob > chi2     =     0.0014
                                                  R-squared       =     0.5572
                                                  Root MSE        =     .33096

---------------------------------------------------------------------------------------
                      |               Robust
                delta | Coefficient  std. err.      z    P>|z|     [95% conf. interval]
----------------------+----------------------------------------------------------------
            neg_price |   .3414074   .2142227     1.59   0.111    -.0784614    .7612761
log_share_within_nest |   .4126007   .1245171     3.31   0.001     .1685517    .6566497
                 cals |   .0020777   .0020141     1.03   0.302    -.0018698    .0060252
                  fat |  -.0087123   .0304529    -0.29   0.775    -.0683988    .0509742
                sugar |  -.0291902   .0109055    -2.68   0.007    -.0505645   -.0078158
                _cons |  -.6720501   1.008852    -0.67   0.505    -2.649364    1.305264
---------------------------------------------------------------------------------------
Endogenous: neg_price log_share_within_nest
Exogenous:  cals fat sugar own_cals own_fat own_sugar n_same_nest_other nest_own_cals

. eststo IV_nested

. 
. /****************************************************************************************
> GMM nested:
>     delta_j = b0 + bcals*cals_j + bfat*fat_j + bsugar*sugar_j
>               + alpha*(-price_j) + sigma*ln(s_{j|g}) + xi_j.
> ****************************************************************************************/
. 
. eberry_fit, ///
>     y("delta") ///
>     x("cons cals fat sugar neg_price log_share_within_nest") ///
>     z("cons cals fat sugar $ZNESTALL") ///
>     bnames("b0 bcals bfat bsugar alpha sigma") ///
>     step(1)

. eststo GMM_nested_1

. 
. eberry_fit, ///
>     y("delta") ///
>     x("cons cals fat sugar neg_price log_share_within_nest") ///
>     z("cons cals fat sugar $ZNESTALL") ///
>     bnames("b0 bcals bfat bsugar alpha sigma") ///
>     step(2)

. eststo GMM_nested_2

. 
. scalar alpha_nested = _b[alpha]

. scalar sigma_nested = _b[sigma]

. display as text "Alpha nested = " %9.4f alpha_nested " ; esperado teoricamente: alpha > 0"
Alpha nested =    0.4848 ; esperado teoricamente: alpha > 0

. display as text "Sigma nested = " %9.4f sigma_nested " ; intervalo teórico: 0 <= sigma < 1"
Sigma nested =    0.3733 ; intervalo teórico: 0 <= sigma < 1

. 
. * Resíduo estrutural nested.
. use "$OUTDATA/prepared_data_stata.dta", clear

. capture drop neg_price

. gen double neg_price = -price

. estimates restore GMM_nested_2
(results GMM_nested_2 are active now)

. gen double xi_nested = delta - _b[b0] - _b[bcals]*cals - _b[bfat]*fat - _b[bsugar]*sugar - _b[alpha]*neg_price - _b[si
> gma]*log_share_within_nest

. save "$OUTDATA/stata_after_nested_gmm.dta", replace
file C:\Users\B03531855158\Documents\Replication\Códigos_Lista3\2a Forma/outputs/stata/data/stata_after_nested_gmm.dta
    saved

. 
. * Exportação padronizada em CSV/TEX fica em 08_standard_tables.do.
. 
end of do-file

. do "$ROOT/stata/04_elasticities_markups.do"

. /****************************************************************************************
> 04 - Elasticidades e markups implícitos
> -----------------------------------------------------------------------------------------
> Correção central:
> - Usa alpha estimado diretamente como coeficiente de neg_price = -price.
> - Não usa abs(alpha) e não força demanda decrescente.
> - Se alpha <= 0, o script avisa que as elasticidades/markups não são economicamente
>   compatíveis com demanda decrescente, mas mantém o cálculo estrutural sem imposição.
> - A solução multiproduto usa qrsolve()/pinv(), em vez de invsym(), para evitar colapso
>   numérico indevido da matriz Delta.
> ****************************************************************************************/
. 
. use "$OUTDATA/stata_after_simple_gmm.dta", clear

. 
. capture drop neg_price

. gen double neg_price = -price

. 
. global ZOWN   "own_cals own_fat own_sugar"

. global ZRIVAL "rival_cals rival_fat rival_sugar"

. global ZBOTH  "$ZOWN $ZRIVAL"

. 
. local need_reestimate = 0

. capture estimates restore GMM_both_2

. if _rc local need_reestimate = 1

. if !`need_reestimate' {
.     capture scalar alpha = _b[alpha]
.     if _rc local need_reestimate = 1
. }

. 
. if `need_reestimate' {
.     display as text "GMM_both_2 não estava em memória ou não tinha alpha; reestimando o logit simples."
.     use "$OUTDATA/prepared_data_stata.dta", clear
.     capture drop neg_price
.     gen double neg_price = -price
.     save "$OUTDATA/prepared_data_stata.dta", replace
.     quietly run "$ROOT/stata/eberry_operational.do"
.     eberry_fit, ///
>         y("delta") ///
>         x("cons cals fat sugar neg_price") ///
>         z("cons cals fat sugar $ZBOTH") ///
>         bnames("b0 bcals bfat bsugar alpha") ///
>         step(2)
.     estimates store GMM_both_2
.     scalar alpha = _b[alpha]
.     use "$OUTDATA/stata_after_simple_gmm.dta", clear
.     capture drop neg_price
.     gen double neg_price = -price
. }

. 
. scalar price_coef = -alpha

. display as text "Alpha estimado do logit simples = " %9.5f alpha
Alpha estimado do logit simples =  -1.17642

. display as text "Coeficiente estimado do preço (= -alpha) = " %9.5f price_coef
Coeficiente estimado do preço (= -alpha) =   1.17642

. 
. if (alpha <= 0) {
.     display as error "Atenção: alpha <= 0. O modelo estimado não implica demanda própria decrescente."
Atenção: alpha <= 0. O modelo estimado não implica demanda própria decrescente.
.     display as error "O cálculo abaixo NÃO impõe demanda decrescente; os resultados devem ser tratados como diagnóstic
> o da estimação."
O cálculo abaixo NÃO impõe demanda decrescente; os resultados devem ser tratados como diagnóstico da estimação.
. }

. 
. capture drop own_elasticity_simple_logit markup_monoproduct mc_monoproduct

. capture drop markup_multiproduct mc_multiproduct markup_multi_over_price markup_mono_over_price

. 
. gen double own_elasticity_simple_logit = -alpha*price*(1-share)

. gen double markup_monoproduct = 1/(alpha*(1-share))

. gen double mc_monoproduct = price - markup_monoproduct

. 
. mata:
------------------------------------------------- mata (type end to exit) ----------------------------------------------
:     p = st_data(., "price")

:     s = st_data(., "share")

:     f = st_data(., "idfirm")

:     alpha = st_numscalar("alpha")

:     n = rows(s)

:     Delta = J(n,n,0)

: 
:     for (j=1; j<=n; j++) {
>         for (k=1; k<=n; k++) {
>             if (f[j] == f[k]) {
>                 if (j == k) Delta[j,k] = alpha*s[j]*(1-s[j])
>                 else        Delta[j,k] = -alpha*s[j]*s[k]
>             }
>         }
>     }

: 
:     mu = qrsolve(Delta, s)

:     if (sum(missing(mu)) > 0) mu = pinv(Delta)*s
> 
>     st_addvar("double", "markup_multiproduct")
  56

:     st_store(., "markup_multiproduct", mu)

: end
------------------------------------------------------------------------------------------------------------------------

. 
. gen double mc_multiproduct = price - markup_multiproduct

. gen double markup_multi_over_price = markup_multiproduct/price

. gen double markup_mono_over_price = markup_monoproduct/price

. 
. save "$OUTDATA/stata_elasticities_markups_work.dta", replace
file C:\Users\B03531855158\Documents\Replication\Códigos_Lista3\2a
    Forma/outputs/stata/data/stata_elasticities_markups_work.dta saved

. 
end of do-file

. do "$ROOT/stata/05_diagnostics_weakiv.do"

. /****************************************************************************************
> COMENTÁRIOS DETALHADOS
> - reg neg_price ... estima o primeiro estágio do preço com sinal negativo contra controles e instrumentos excluídos.
> - test aplica o teste conjunto dos instrumentos excluídos no primeiro estágio.
> - ivregress 2sls reestima a equação IV necessária para chamar weakivtest.
> - weakivtest executa o teste Montiel-Olea--Pflueger no Stata quando o pacote está instalado.
> - No nested logit, o primeiro estágio é feito separadamente para neg_price e ln(s_j|g).
> - esttab exporta as regressões de primeiro estágio em TEX e CSV.
> ****************************************************************************************/
. /****************************************************************************************
> 05 - Diagnóstico dos instrumentos. Inclui weakivtest (Montiel-Olea-Pflueger) no Stata.
> ****************************************************************************************/
. use "$OUTDATA/prepared_data_stata.dta", clear

. 
. capture drop neg_price

. gen double neg_price = -price

. 
. 
. global ZOWN "own_cals own_fat own_sugar"

. global ZRIVAL "rival_cals rival_fat rival_sugar"

. global ZBOTH "$ZOWN $ZRIVAL"

. global ZNEST "n_same_nest_other n_rival_nest nest_own_cals nest_own_fat nest_own_sugar nest_rival_cals nest_rival_fat 
> nest_rival_sugar"

. global ZNESTALL "$ZOWN $ZRIVAL $ZNEST"

. 
. * Primeiro estágio do preço com sinal negativo.
. reg neg_price $XVARS $ZBOTH, vce(robust)
note: cals omitted because of collinearity.
note: fat omitted because of collinearity.
note: rival_sugar omitted because of collinearity.

Linear regression                               Number of obs     =         50
                                                F(6, 43)          =       2.06
                                                Prob > F          =     0.0782
                                                R-squared         =     0.1812
                                                Root MSE          =     .47482

------------------------------------------------------------------------------
             |               Robust
   neg_price | Coefficient  std. err.      t    P>|t|     [95% conf. interval]
-------------+----------------------------------------------------------------
        cals |          0  (omitted)
         fat |          0  (omitted)
       sugar |  -.0231264   .0240092    -0.96   0.341    -.0715456    .0252927
    own_cals |    -.00368   .0023552    -1.56   0.125    -.0084296    .0010696
     own_fat |   .0368122   .0479435     0.77   0.447    -.0598751    .1334995
   own_sugar |  -.0191069   .0237163    -0.81   0.425    -.0669355    .0287216
  rival_cals |  -.0047293   .0022813    -2.07   0.044    -.0093299   -.0001286
   rival_fat |   .0025582   .0710037     0.04   0.971    -.1406344    .1457508
 rival_sugar |          0  (omitted)
       _cons |   30.79941   16.15031     1.91   0.063    -1.770797    63.36961
------------------------------------------------------------------------------

. eststo FS_neg_price_simple

. test $ZBOTH

 ( 1)  own_cals = 0
 ( 2)  own_fat = 0
 ( 3)  own_sugar = 0
 ( 4)  rival_cals = 0
 ( 5)  rival_fat = 0
 ( 6)  o.rival_sugar = 0
       Constraint 6 dropped

       F(  5,    43) =    2.28
            Prob > F =    0.0638

. 
. * IV + weakivtest MO-P para uma endógena.
. ivregress 2sls delta $XVARS (neg_price = $ZBOTH), vce(robust)
note: rival_cals omitted because of collinearity.
note: rival_fat omitted because of collinearity.
note: rival_sugar omitted because of collinearity.

Instrumental-variables 2SLS regression            Number of obs   =         50
                                                  Wald chi2(4)    =       3.27
                                                  Prob > chi2     =     0.5143
                                                  R-squared       =          .
                                                  Root MSE        =     .83779

------------------------------------------------------------------------------
             |               Robust
       delta | Coefficient  std. err.      z    P>|z|     [95% conf. interval]
-------------+----------------------------------------------------------------
   neg_price |  -1.303009   .8962874    -1.45   0.146      -3.0597    .4536816
        cals |   .0085515   .0063323     1.35   0.177    -.0038596    .0209626
         fat |   -.074725   .1295188    -0.58   0.564    -.3285773    .1791272
       sugar |  -.0499345   .0308286    -1.62   0.105    -.1103574    .0104884
       _cons |  -7.429019    3.16928    -2.34   0.019    -13.64069   -1.217345
------------------------------------------------------------------------------
Endogenous: neg_price
Exogenous:  cals fat sugar own_cals own_fat own_sugar

. capture noisily weakivtest
(obs=50)

Montiel-Pflueger robust weak instrument test
--------------------------------------------
Effective F statistic:        1.157
Confidence level alpha:          5%
--------------------------------------------

--------------------------------------------
Critical Values             TSLS      LIML
--------------------------------------------
% of Worst Case Bias
tau=5%                    19.101    17.251
tau=10%                   11.920    10.897
tau=20%                    7.918     7.339
tau=30%                    6.430     6.012
--------------------------------------------

. 
. * Nested: diagnósticos separados.
. reg neg_price $XVARS $ZNESTALL, vce(robust)
note: cals omitted because of collinearity.
note: fat omitted because of collinearity.
note: sugar omitted because of collinearity.
note: rival_sugar omitted because of collinearity.
note: n_same_nest_other omitted because of collinearity.
note: n_rival_nest omitted because of collinearity.
note: nest_own_cals omitted because of collinearity.
note: nest_own_fat omitted because of collinearity.
note: nest_rival_fat omitted because of collinearity.

Linear regression                               Number of obs     =         50
                                                F(8, 41)          =       4.43
                                                Prob > F          =     0.0006
                                                R-squared         =     0.3210
                                                Root MSE          =     .44282

-----------------------------------------------------------------------------------
                  |               Robust
        neg_price | Coefficient  std. err.      t    P>|t|     [95% conf. interval]
------------------+----------------------------------------------------------------
             cals |          0  (omitted)
              fat |          0  (omitted)
            sugar |          0  (omitted)
         own_cals |  -.0020227      .0029    -0.70   0.489    -.0078794     .003834
          own_fat |   .0149283   .0420618     0.35   0.724    -.0700172    .0998739
        own_sugar |  -.0224969   .0241964    -0.93   0.358    -.0713625    .0263687
       rival_cals |  -.0031607   .0028255    -1.12   0.270    -.0088669    .0025454
        rival_fat |  -.0303246   .0668084    -0.45   0.652    -.1652469    .1045978
      rival_sugar |          0  (omitted)
n_same_nest_other |          0  (omitted)
     n_rival_nest |          0  (omitted)
    nest_own_cals |          0  (omitted)
     nest_own_fat |          0  (omitted)
   nest_own_sugar |   .0208136   .0240087     0.87   0.391     -.027673    .0693002
  nest_rival_cals |  -.0010262   .0003283    -3.13   0.003    -.0016893   -.0003632
   nest_rival_fat |          0  (omitted)
 nest_rival_sugar |   .0554197   .0260259     2.13   0.039     .0028592    .1079801
            _cons |   5.059662   15.19926     0.33   0.741    -25.63587    35.75519
-----------------------------------------------------------------------------------

. eststo FS_neg_price_nested

. test $ZNESTALL

 ( 1)  own_cals = 0
 ( 2)  own_fat = 0
 ( 3)  own_sugar = 0
 ( 4)  rival_cals = 0
 ( 5)  rival_fat = 0
 ( 6)  o.rival_sugar = 0
 ( 7)  o.n_same_nest_other = 0
 ( 8)  o.n_rival_nest = 0
 ( 9)  o.nest_own_cals = 0
 (10)  o.nest_own_fat = 0
 (11)  nest_own_sugar = 0
 (12)  nest_rival_cals = 0
 (13)  o.nest_rival_fat = 0
 (14)  nest_rival_sugar = 0
       Constraint 6 dropped
       Constraint 7 dropped
       Constraint 8 dropped
       Constraint 9 dropped
       Constraint 10 dropped
       Constraint 13 dropped

       F(  8,    41) =    4.43
            Prob > F =    0.0006

. reg log_share_within_nest $XVARS $ZNESTALL, vce(robust)
note: cals omitted because of collinearity.
note: fat omitted because of collinearity.
note: sugar omitted because of collinearity.
note: rival_sugar omitted because of collinearity.
note: n_same_nest_other omitted because of collinearity.
note: n_rival_nest omitted because of collinearity.
note: nest_own_cals omitted because of collinearity.
note: nest_own_fat omitted because of collinearity.
note: nest_rival_fat omitted because of collinearity.

Linear regression                               Number of obs     =         50
                                                F(8, 41)          =      13.34
                                                Prob > F          =     0.0000
                                                R-squared         =     0.5253
                                                Root MSE          =     .41737

-----------------------------------------------------------------------------------
                  |               Robust
log_share_withi~t | Coefficient  std. err.      t    P>|t|     [95% conf. interval]
------------------+----------------------------------------------------------------
             cals |          0  (omitted)
              fat |          0  (omitted)
            sugar |          0  (omitted)
         own_cals |  -.0050495   .0032672    -1.55   0.130    -.0116478    .0015487
          own_fat |  -.0117904    .057577    -0.20   0.839    -.1280695    .1044888
        own_sugar |   .0097602   .0187916     0.52   0.606    -.0281902    .0477105
       rival_cals |  -.0047697   .0033955    -1.40   0.168     -.011627    .0020876
        rival_fat |   .0219505   .0694076     0.32   0.753    -.1182211     .162122
      rival_sugar |          0  (omitted)
n_same_nest_other |          0  (omitted)
     n_rival_nest |          0  (omitted)
    nest_own_cals |          0  (omitted)
     nest_own_fat |          0  (omitted)
   nest_own_sugar |   .0452471   .0238471     1.90   0.065    -.0029131    .0934072
  nest_rival_cals |   .0011995   .0003479     3.45   0.001      .000497    .0019021
   nest_rival_fat |          0  (omitted)
 nest_rival_sugar |   .0178947   .0265924     0.67   0.505    -.0358097     .071599
            _cons |   10.33636   16.65728     0.62   0.538     -23.3037    43.97642
-----------------------------------------------------------------------------------

. eststo FS_lnsjgnested

. test $ZNESTALL

 ( 1)  own_cals = 0
 ( 2)  own_fat = 0
 ( 3)  own_sugar = 0
 ( 4)  rival_cals = 0
 ( 5)  rival_fat = 0
 ( 6)  o.rival_sugar = 0
 ( 7)  o.n_same_nest_other = 0
 ( 8)  o.n_rival_nest = 0
 ( 9)  o.nest_own_cals = 0
 (10)  o.nest_own_fat = 0
 (11)  nest_own_sugar = 0
 (12)  nest_rival_cals = 0
 (13)  o.nest_rival_fat = 0
 (14)  nest_rival_sugar = 0
       Constraint 6 dropped
       Constraint 7 dropped
       Constraint 8 dropped
       Constraint 9 dropped
       Constraint 10 dropped
       Constraint 13 dropped

       F(  8,    41) =   13.34
            Prob > F =    0.0000

. 
. * IV nested e weakivtest. Para múltiplas endógenas, reportar também testes separados acima.
. ivregress 2sls delta $XVARS (neg_price log_share_within_nest = $ZNESTALL), vce(robust)
note: n_rival_nest omitted because of collinearity.
note: nest_own_fat omitted because of collinearity.
note: nest_own_sugar omitted because of collinearity.
note: nest_rival_cals omitted because of collinearity.
note: nest_rival_fat omitted because of collinearity.
note: nest_rival_sugar omitted because of collinearity.
note: rival_cals omitted because of collinearity.
note: rival_fat omitted because of collinearity.
note: rival_sugar omitted because of collinearity.

Instrumental-variables 2SLS regression            Number of obs   =         50
                                                  Wald chi2(5)    =      19.82
                                                  Prob > chi2     =     0.0014
                                                  R-squared       =     0.5572
                                                  Root MSE        =     .33096

---------------------------------------------------------------------------------------
                      |               Robust
                delta | Coefficient  std. err.      z    P>|z|     [95% conf. interval]
----------------------+----------------------------------------------------------------
            neg_price |   .3414074   .2142227     1.59   0.111    -.0784614    .7612761
log_share_within_nest |   .4126007   .1245171     3.31   0.001     .1685517    .6566497
                 cals |   .0020777   .0020141     1.03   0.302    -.0018698    .0060252
                  fat |  -.0087123   .0304529    -0.29   0.775    -.0683988    .0509742
                sugar |  -.0291902   .0109055    -2.68   0.007    -.0505645   -.0078158
                _cons |  -.6720501   1.008852    -0.67   0.505    -2.649364    1.305264
---------------------------------------------------------------------------------------
Endogenous: neg_price log_share_within_nest
Exogenous:  cals fat sugar own_cals own_fat own_sugar n_same_nest_other nest_own_cals

. capture noisily weakivtest
Weakivtest requires one endogenous regressor.

. 
. * Exportação padronizada transferida para 08_standard_tables.do.
. * Exportação padronizada transferida para 08_standard_tables.do.
. 
end of do-file

. do "$ROOT/stata/08_standard_tables.do"

. /****************************************************************************************
> 08 - Tabelas padronizadas em CSV e TEX
> -----------------------------------------------------------------------------------------
> Correção central:
> - Usa alpha estimado diretamente como coeficiente de neg_price = -price.
> - A comparação de preço reporta alpha e também price_coef = -alpha.
> - Elasticidades e markups são calculados sem abs() e sem imposição de demanda decrescente.
> - A inversão da matriz Delta usa qrsolve()/pinv(), evitando colapso numérico indevido.
> ****************************************************************************************/
. 
. capture program drop export_csv_tex

. program define export_csv_tex
  1.     syntax, CSV(string) TEX(string) [CAPTION(string) LABEL(string)]
  2.     export delimited using "`csv'", replace
  3.     export delimited using "`tex'", replace delimiter(tab)
  4. end

. 
. * -------------------------
. * 01. Coeficientes completos
. * -------------------------
. tempfile coefpost

. postfile coefh str48 model str32 parameter double estimate std_error t_stat p_value gmm_objective sigma_nested using `
> coefpost', replace
(file C:\Users\B03531~1\AppData\Local\Temp\21\ST_3a48_000001.tmp not found)

. 
. local allmodels "OLS IV_own IV_rival IV_both GMM_own_1 GMM_own_2 GMM_rival_1 GMM_rival_2 GMM_both_1 GMM_both_2 IV_nest
> ed GMM_nested_1 GMM_nested_2"

. foreach m of local allmodels {
  2.     capture estimates restore `m'
  3.     if !_rc {
  4.         local model_label "`m'"
  5.         if "`m'" == "OLS"          local model_label "Q1_MQO_logit_simples"
  6.         if "`m'" == "IV_own"       local model_label "Q2_2SLS_own_firm"
  7.         if "`m'" == "IV_rival"     local model_label "Q2_2SLS_rival_firms"
  8.         if "`m'" == "IV_both"      local model_label "Q2_2SLS_both"
  9.         if "`m'" == "GMM_own_1"    local model_label "Q3_GMM_own_firm_step1"
 10.         if "`m'" == "GMM_own_2"    local model_label "Q3_GMM_own_firm_2step"
 11.         if "`m'" == "GMM_rival_1"  local model_label "Q3_GMM_rival_firms_step1"
 12.         if "`m'" == "GMM_rival_2"  local model_label "Q3_GMM_rival_firms_2step"
 13.         if "`m'" == "GMM_both_1"   local model_label "Q3_GMM_both_step1"
 14.         if "`m'" == "GMM_both_2"   local model_label "Q3_GMM_both_2step"
 15.         if "`m'" == "IV_nested"    local model_label "Q4_2SLS_nested_reference"
 16.         if "`m'" == "GMM_nested_1" local model_label "Q4_nested_GMM_step1"
 17.         if "`m'" == "GMM_nested_2" local model_label "Q4_nested_GMM_2step"
 18. 
.         scalar obj = .
 19.         capture scalar obj = e(Q)
 20.         scalar sig = .
 21.         capture scalar sig = _b[log_share_within_nest]
 22.         capture scalar sig = _b[sigma]
 23. 
.         if strpos("`m'", "GMM") {
 24.             foreach pair in "const b0" "cals bcals" "fat bfat" "sugar bsugar" "alpha alpha" "sigma sigma" {
 25.                 gettoken pname bref : pair
 26.                 capture scalar bhat = _b[`bref']
 27.                 if !_rc {
 28.                     capture scalar sehat = _se[`bref']
 29.                     if _rc scalar sehat = .
 30.                     scalar tstat = bhat/sehat
 31.                     scalar pval = 2*normal(-abs(tstat))
 32.                     post coefh ("`model_label'") ("`pname'") (bhat) (sehat) (tstat) (pval) (obj) (sig)
 33.                 }
 34.             }
 35.         }
 36.         else {
 37.             foreach pair in "const _cons" "cals cals" "fat fat" "sugar sugar" "alpha neg_price" "sigma log_share_wi
> thin_nest" {
 38.                 gettoken pname bref : pair
 39.                 capture scalar bhat = _b[`bref']
 40.                 if !_rc {
 41.                     capture scalar sehat = _se[`bref']
 42.                     if _rc scalar sehat = .
 43.                     scalar tstat = bhat/sehat
 44.                     capture scalar pval = 2*ttail(e(df_r), abs(tstat))
 45.                     if _rc scalar pval = 2*normal(-abs(tstat))
 46.                     post coefh ("`model_label'") ("`pname'") (bhat) (sehat) (tstat) (pval) (obj) (sig)
 47.                 }
 48.             }
 49.         }
 50.     }
 51. }

. postclose coefh

. use `coefpost', clear

. export_csv_tex, csv("$TABCsv/01_all_coefficients.csv") tex("$TABTEX/01_all_coefficients.tex") caption("Coeficientes es
> timados") label("tab:all-coef")
(file C:\Users\B03531855158\Documents\Replication\Códigos_Lista3\2a
    Forma/outputs/stata/tables/csv/01_all_coefficients.csv not found)
file C:\Users\B03531855158\Documents\Replication\Códigos_Lista3\2a Forma/outputs/stata/tables/csv/01_all_coefficients.cs
> v saved
(file C:\Users\B03531855158\Documents\Replication\Códigos_Lista3\2a
    Forma/outputs/stata/tables/tex/01_all_coefficients.tex not found)
file C:\Users\B03531855158\Documents\Replication\Códigos_Lista3\2a Forma/outputs/stata/tables/tex/01_all_coefficients.te
> x saved

. 
. * -------------------------
. * 02. Comparação do parâmetro de preço
. * -------------------------
. preserve

.     keep if parameter == "alpha"
(55 observations deleted)

.     keep model estimate std_error gmm_objective sigma_nested

.     rename estimate alpha

.     gen double price_coef = -alpha

.     rename std_error std_error_alpha

.     order model price_coef alpha std_error_alpha gmm_objective sigma_nested

.     export_csv_tex, csv("$TABCsv/02_price_parameter_comparison.csv") tex("$TABTEX/02_price_parameter_comparison.tex") 
> caption("Comparação do parâmetro de preço") label("tab:price-compare")
(file C:\Users\B03531855158\Documents\Replication\Códigos_Lista3\2a
    Forma/outputs/stata/tables/csv/02_price_parameter_comparison.csv not found)
file C:\Users\B03531855158\Documents\Replication\Códigos_Lista3\2a Forma/outputs/stata/tables/csv/02_price_parameter_com
> parison.csv saved
(file C:\Users\B03531855158\Documents\Replication\Códigos_Lista3\2a
    Forma/outputs/stata/tables/tex/02_price_parameter_comparison.tex not found)
file C:\Users\B03531855158\Documents\Replication\Códigos_Lista3\2a Forma/outputs/stata/tables/tex/02_price_parameter_com
> parison.tex saved

. restore

. 
. * Recupera alpha do logit simples GMM eficiente com ambos os conjuntos de instrumentos.
. capture estimates restore GMM_both_2

. if _rc {
.     display as error "GMM_both_2 não encontrado. Rode 02_estimate_logit_iv_gmm.do antes de 08_standard_tables.do."
.     exit 301
. }

. capture scalar alpha = _b[alpha]

. if _rc {
.     display as error "GMM_both_2 não possui parâmetro alpha. Reexecute os scripts corrigidos 02 e 03."
.     exit 301
. }

. scalar price_coef = -alpha

. if (alpha <= 0) {
.     display as error "Atenção: alpha <= 0 no logit simples. O código não impõe demanda decrescente."
Atenção: alpha <= 0 no logit simples. O código não impõe demanda decrescente.
. }

. 
. * -------------------------
. * 03 e 04. Elasticidades simples em formato longo
. * -------------------------
. use "$OUTDATA/prepared_data_stata.dta", clear

. capture drop neg_price

. gen double neg_price = -price

. 
. preserve

.     keep product price share

.     gen row_id = _n

.     rename product row_product

.     rename price row_price

.     rename share row_share

.     tempfile rows_all

.     save `rows_all'
file C:\Users\B03531~1\AppData\Local\Temp\21\ST_3a48_000004.tmp saved as .dta format

. restore

. preserve

.     keep product price share

.     gen col_id = _n

.     rename product column_product

.     rename price column_price

.     rename share column_share

.     tempfile cols_all

.     save `cols_all'
file C:\Users\B03531~1\AppData\Local\Temp\21\ST_3a48_000006.tmp saved as .dta format

. restore

. use `rows_all', clear

. cross using `cols_all'

. gen double elasticity = cond(row_id == col_id, -alpha*row_price*(1-row_share), alpha*column_price*column_share)

. keep row_product column_product elasticity

. export_csv_tex, csv("$TABCsv/03_elasticity_matrix_simple_logit.csv") tex("$TABTEX/03_elasticity_matrix_simple_logit.te
> x") caption("Matriz de elasticidades - logit simples") label("tab:elas-simple")
(file C:\Users\B03531855158\Documents\Replication\Códigos_Lista3\2a
    Forma/outputs/stata/tables/csv/03_elasticity_matrix_simple_logit.csv not found)
file C:\Users\B03531855158\Documents\Replication\Códigos_Lista3\2a Forma/outputs/stata/tables/csv/03_elasticity_matrix_s
> imple_logit.csv saved
(file C:\Users\B03531855158\Documents\Replication\Códigos_Lista3\2a
    Forma/outputs/stata/tables/tex/03_elasticity_matrix_simple_logit.tex not found)
file C:\Users\B03531855158\Documents\Replication\Códigos_Lista3\2a Forma/outputs/stata/tables/tex/03_elasticity_matrix_s
> imple_logit.tex saved

. 
. use "$OUTDATA/prepared_data_stata.dta", clear

. gsort -share

. keep in 1/12
(38 observations deleted)

. preserve

.     keep product price share

.     gen row_id = _n

.     rename product row_product

.     rename price row_price

.     rename share row_share

.     tempfile rows_sub

.     save `rows_sub'
file C:\Users\B03531~1\AppData\Local\Temp\21\ST_3a48_000008.tmp saved as .dta format

. restore

. preserve

.     keep product price share

.     gen col_id = _n

.     rename product column_product

.     rename price column_price

.     rename share column_share

.     tempfile cols_sub

.     save `cols_sub'
file C:\Users\B03531~1\AppData\Local\Temp\21\ST_3a48_00000a.tmp saved as .dta format

. restore

. use `rows_sub', clear

. cross using `cols_sub'

. gen double elasticity = cond(row_id == col_id, -alpha*row_price*(1-row_share), alpha*column_price*column_share)

. keep row_product column_product elasticity

. export_csv_tex, csv("$TABCsv/04_elasticity_matrix_simple_logit_subset.csv") tex("$TABTEX/04_elasticity_matrix_simple_l
> ogit_subset.tex") caption("Matriz de elasticidades - logit simples - subconjunto") label("tab:elas-simple-subset")
(file C:\Users\B03531855158\Documents\Replication\Códigos_Lista3\2a
    Forma/outputs/stata/tables/csv/04_elasticity_matrix_simple_logit_subset.csv not found)
file C:\Users\B03531855158\Documents\Replication\Códigos_Lista3\2a Forma/outputs/stata/tables/csv/04_elasticity_matrix_s
> imple_logit_subset.csv saved
(file C:\Users\B03531855158\Documents\Replication\Códigos_Lista3\2a
    Forma/outputs/stata/tables/tex/04_elasticity_matrix_simple_logit_subset.tex not found)
file C:\Users\B03531855158\Documents\Replication\Códigos_Lista3\2a Forma/outputs/stata/tables/tex/04_elasticity_matrix_s
> imple_logit_subset.tex saved

. 
. * -------------------------
. * 05. Elasticidades próprias simples
. * -------------------------
. use "$OUTDATA/prepared_data_stata.dta", clear

. gen double own_elasticity_simple_logit = -alpha*price*(1-share)

. gsort -share

. keep product firm segment price share own_elasticity_simple_logit

. export_csv_tex, csv("$TABCsv/05_own_elasticities_simple_logit.csv") tex("$TABTEX/05_own_elasticities_simple_logit.tex"
> ) caption("Elasticidades próprias - logit simples") label("tab:own-elas-simple")
(file C:\Users\B03531855158\Documents\Replication\Códigos_Lista3\2a
    Forma/outputs/stata/tables/csv/05_own_elasticities_simple_logit.csv not found)
file C:\Users\B03531855158\Documents\Replication\Códigos_Lista3\2a Forma/outputs/stata/tables/csv/05_own_elasticities_si
> mple_logit.csv saved
(file C:\Users\B03531855158\Documents\Replication\Códigos_Lista3\2a
    Forma/outputs/stata/tables/tex/05_own_elasticities_simple_logit.tex not found)
file C:\Users\B03531855158\Documents\Replication\Códigos_Lista3\2a Forma/outputs/stata/tables/tex/05_own_elasticities_si
> mple_logit.tex saved

. 
. * -------------------------
. * 06 e 07. Nested logit: elasticidades numéricas
. * -------------------------
. capture estimates restore GMM_nested_2

. if _rc {
.     display as error "GMM_nested_2 não encontrado. Rode 03_nested_gmm.do antes de 08_standard_tables.do."
.     exit 302
. }

. scalar b0n     = _b[b0]

. scalar bcalsn  = _b[bcals]

. scalar bfatn   = _b[bfat]

. scalar bsugarn = _b[bsugar]

. scalar alphan  = _b[alpha]

. scalar sigman  = _b[sigma]

. 
. use "$OUTDATA/prepared_data_stata.dta", clear

. mata:
------------------------------------------------- mata (type end to exit) ----------------------------------------------
: real vector nl_shares(real vector p, real vector cals, real vector fat, real vector sugar, real vector gid,
>                       real scalar b0, real scalar bcals, real scalar bfat, real scalar bsugar,
>                       real scalar alpha, real scalar sigma)
> {
>     real scalar n, G, g, den, outer_den, scale
>     real vector delta, ug, s, within, Dg, idx, expinner, gp
>     n = rows(p)
>     scale = 1 - sigma
>     if (scale < 1e-8) scale = 1e-8
>     delta = b0 :+ bcals:*cals :+ bfat:*fat :+ bsugar:*sugar :- alpha:*p
>     ug = uniqrows(gid)
>     G = rows(ug)
>     s = J(n,1,0)
>     within = J(n,1,0)
>     Dg = J(G,1,0)
>     for (g=1; g<=G; g++) {
>         idx = select((1::n), gid:==ug[g])
>         expinner = exp(delta[idx]:/scale)
>         den = sum(expinner)
>         within[idx] = expinner:/den
>         Dg[g] = den^scale
>     }
>     outer_den = 1 + sum(Dg)
>     gp = Dg:/outer_den
>     for (g=1; g<=G; g++) {
>         idx = select((1::n), gid:==ug[g])
>         s[idx] = within[idx]:*gp[g]
>     }
>     return(s)
> }

: 
: p = st_data(., "price")

: cals = st_data(., "cals")

: fat = st_data(., "fat")

: sugar = st_data(., "sugar")

: gid = st_data(., "idsegment")

: b0 = st_numscalar("b0n")

: bc = st_numscalar("bcalsn")

: bf = st_numscalar("bfatn")

: bs = st_numscalar("bsugarn")

: alpha_n = st_numscalar("alphan")

: sigma = st_numscalar("sigman")

: n = rows(p)

: eps = 1e-6

: s0 = nl_shares(p,cals,fat,sugar,gid,b0,bc,bf,bs,alpha_n,sigma)

: E = J(n,n,.)

: for (k=1; k<=n; k++) {
>     p1 = p
>     p1[k] = p1[k] + eps
>     s1 = nl_shares(p1,cals,fat,sugar,gid,b0,bc,bf,bs,alpha_n,sigma)
>     E[,k] = ((s1:-s0):/eps):*p[k]:/s0
> }

: st_matrix("E_nested", E)

: end
------------------------------------------------------------------------------------------------------------------------

. 
. preserve

.     keep product

.     gen row_id = _n

.     rename product row_product

.     tempfile nrows

.     save `nrows'
file C:\Users\B03531~1\AppData\Local\Temp\21\ST_3a48_00000c.tmp saved as .dta format

. restore

. preserve

.     keep product

.     gen col_id = _n

.     rename product column_product

.     tempfile ncols

.     save `ncols'
file C:\Users\B03531~1\AppData\Local\Temp\21\ST_3a48_00000e.tmp saved as .dta format

. restore

. use `nrows', clear

. cross using `ncols'

. gen double elasticity = .
(2,500 missing values generated)

. mata:
------------------------------------------------- mata (type end to exit) ----------------------------------------------
:     E = st_matrix("E_nested")

:     rid = st_data(., "row_id")

:     cid = st_data(., "col_id")

:     val = J(rows(rid),1,.)

:     for (i=1; i<=rows(rid); i++) val[i] = E[rid[i], cid[i]]

:     st_store(., "elasticity", val)

: end
------------------------------------------------------------------------------------------------------------------------

. keep row_product column_product elasticity

. export_csv_tex, csv("$TABCsv/06_elasticity_matrix_nested_logit.csv") tex("$TABTEX/06_elasticity_matrix_nested_logit.te
> x") caption("Matriz de elasticidades - nested logit") label("tab:elas-nested")
(file C:\Users\B03531855158\Documents\Replication\Códigos_Lista3\2a
    Forma/outputs/stata/tables/csv/06_elasticity_matrix_nested_logit.csv not found)
file C:\Users\B03531855158\Documents\Replication\Códigos_Lista3\2a Forma/outputs/stata/tables/csv/06_elasticity_matrix_n
> ested_logit.csv saved
(file C:\Users\B03531855158\Documents\Replication\Códigos_Lista3\2a
    Forma/outputs/stata/tables/tex/06_elasticity_matrix_nested_logit.tex not found)
file C:\Users\B03531855158\Documents\Replication\Códigos_Lista3\2a Forma/outputs/stata/tables/tex/06_elasticity_matrix_n
> ested_logit.tex saved

. 
. use "$OUTDATA/prepared_data_stata.dta", clear

. gen double own_elasticity_nested_logit = .
(50 missing values generated)

. mata:
------------------------------------------------- mata (type end to exit) ----------------------------------------------
:     E = st_matrix("E_nested")

:     own = diagonal(E)

:     st_store(., "own_elasticity_nested_logit", own)

: end
------------------------------------------------------------------------------------------------------------------------

. keep product own_elasticity_nested_logit

. gsort own_elasticity_nested_logit

. export_csv_tex, csv("$TABCsv/07_own_elasticities_nested_logit.csv") tex("$TABTEX/07_own_elasticities_nested_logit.tex"
> ) caption("Elasticidades próprias - nested logit") label("tab:own-elas-nested")
(file C:\Users\B03531855158\Documents\Replication\Códigos_Lista3\2a
    Forma/outputs/stata/tables/csv/07_own_elasticities_nested_logit.csv not found)
file C:\Users\B03531855158\Documents\Replication\Códigos_Lista3\2a Forma/outputs/stata/tables/csv/07_own_elasticities_ne
> sted_logit.csv saved
(file C:\Users\B03531855158\Documents\Replication\Códigos_Lista3\2a
    Forma/outputs/stata/tables/tex/07_own_elasticities_nested_logit.tex not found)
file C:\Users\B03531855158\Documents\Replication\Códigos_Lista3\2a Forma/outputs/stata/tables/tex/07_own_elasticities_ne
> sted_logit.tex saved

. 
. * -------------------------
. * 08. Markups
. * -------------------------
. use "$OUTDATA/prepared_data_stata.dta", clear

. gen double markup_monoproduct = 1/(alpha*(1-share))

. gen double mc_monoproduct = price - markup_monoproduct

. mata:
------------------------------------------------- mata (type end to exit) ----------------------------------------------
:     p = st_data(., "price")

:     s = st_data(., "share")

:     f = st_data(., "idfirm")

:     alpha = st_numscalar("alpha")

:     n = rows(s)

:     Delta = J(n,n,0)

:     for (j=1; j<=n; j++) {
>         for (k=1; k<=n; k++) {
>             if (f[j] == f[k]) {
>                 if (j==k) Delta[j,k] = alpha*s[j]*(1-s[j])
>                 else      Delta[j,k] = -alpha*s[j]*s[k]
>             }
>         }
>     }

:     mu = qrsolve(Delta, s)

:     if (sum(missing(mu)) > 0) mu = pinv(Delta)*s
>     st_addvar("double", "markup_multiproduct")
  54

:     st_store(., "markup_multiproduct", mu)

: end
------------------------------------------------------------------------------------------------------------------------

. gen double mc_multiproduct = price - markup_multiproduct

. gen double markup_mono_over_price = markup_monoproduct/price

. gen double markup_multi_over_price = markup_multiproduct/price

. keep product firm segment price share markup_monoproduct mc_monoproduct markup_multiproduct mc_multiproduct markup_mon
> o_over_price markup_multi_over_price

. export_csv_tex, csv("$TABCsv/08_markups.csv") tex("$TABTEX/08_markups.tex") caption("Markups implícitos - logit simple
> s") label("tab:markups")
(file C:\Users\B03531855158\Documents\Replication\Códigos_Lista3\2a Forma/outputs/stata/tables/csv/08_markups.csv not
    found)
file C:\Users\B03531855158\Documents\Replication\Códigos_Lista3\2a Forma/outputs/stata/tables/csv/08_markups.csv saved
(file C:\Users\B03531855158\Documents\Replication\Códigos_Lista3\2a Forma/outputs/stata/tables/tex/08_markups.tex not
    found)
file C:\Users\B03531855158\Documents\Replication\Códigos_Lista3\2a Forma/outputs/stata/tables/tex/08_markups.tex saved

. 
. * -------------------------
. * 09. Diagnóstico de primeiro estágio
. * -------------------------
. tempfile fspost

. postfile fsh str32 endogenous_variable double excluded_instruments partial_F_homoskedastic robust_Wald_F_manual first_
> stage_R2 str24 specification using `fspost', replace
(file C:\Users\B03531~1\AppData\Local\Temp\21\ST_3a48_00000f.tmp not found)

. use "$OUTDATA/prepared_data_stata.dta", clear

. capture drop neg_price

. gen double neg_price = -price

. 
. global ZOWN "own_cals own_fat own_sugar"

. global ZRIVAL "rival_cals rival_fat rival_sugar"

. global ZBOTH "$ZOWN $ZRIVAL"

. global ZNEST "n_same_nest_other n_rival_nest nest_own_cals nest_own_fat nest_own_sugar nest_rival_cals nest_rival_fat 
> nest_rival_sugar"

. global ZNESTALL "$ZOWN $ZRIVAL $ZNEST"

. 
. reg neg_price $XVARS $ZBOTH
note: cals omitted because of collinearity.
note: fat omitted because of collinearity.
note: rival_sugar omitted because of collinearity.

      Source |       SS           df       MS      Number of obs   =        50
-------------+----------------------------------   F(6, 43)        =      1.59
       Model |  2.14589991         6  .357649986   Prob > F        =    0.1744
    Residual |  9.69435009        43  .225450002   R-squared       =    0.1812
-------------+----------------------------------   Adj R-squared   =    0.0670
       Total |    11.84025        49  .241637755   Root MSE        =    .47482

------------------------------------------------------------------------------
   neg_price | Coefficient  Std. err.      t    P>|t|     [95% conf. interval]
-------------+----------------------------------------------------------------
        cals |          0  (omitted)
         fat |          0  (omitted)
       sugar |  -.0231264   .0248398    -0.93   0.357    -.0732206    .0269677
    own_cals |    -.00368   .0025404    -1.45   0.155    -.0088032    .0014432
     own_fat |   .0368122   .0589171     0.62   0.535    -.0820055    .1556299
   own_sugar |  -.0191069   .0236848    -0.81   0.424    -.0668719     .028658
  rival_cals |  -.0047293    .002801    -1.69   0.099     -.010378    .0009195
   rival_fat |   .0025582   .0704447     0.04   0.971    -.1395072    .1446236
 rival_sugar |          0  (omitted)
       _cons |   30.79941   19.59761     1.57   0.123    -8.722936    70.32175
------------------------------------------------------------------------------

. test $ZBOTH

 ( 1)  own_cals = 0
 ( 2)  own_fat = 0
 ( 3)  own_sugar = 0
 ( 4)  rival_cals = 0
 ( 5)  rival_fat = 0
 ( 6)  o.rival_sugar = 0
       Constraint 6 dropped

       F(  5,    43) =    1.90
            Prob > F =    0.1141

. scalar f_homo = r(F)

. scalar r2fs = e(r2)

. reg neg_price $XVARS $ZBOTH, vce(robust)
note: cals omitted because of collinearity.
note: fat omitted because of collinearity.
note: rival_sugar omitted because of collinearity.

Linear regression                               Number of obs     =         50
                                                F(6, 43)          =       2.06
                                                Prob > F          =     0.0782
                                                R-squared         =     0.1812
                                                Root MSE          =     .47482

------------------------------------------------------------------------------
             |               Robust
   neg_price | Coefficient  std. err.      t    P>|t|     [95% conf. interval]
-------------+----------------------------------------------------------------
        cals |          0  (omitted)
         fat |          0  (omitted)
       sugar |  -.0231264   .0240092    -0.96   0.341    -.0715456    .0252927
    own_cals |    -.00368   .0023552    -1.56   0.125    -.0084296    .0010696
     own_fat |   .0368122   .0479435     0.77   0.447    -.0598751    .1334995
   own_sugar |  -.0191069   .0237163    -0.81   0.425    -.0669355    .0287216
  rival_cals |  -.0047293   .0022813    -2.07   0.044    -.0093299   -.0001286
   rival_fat |   .0025582   .0710037     0.04   0.971    -.1406344    .1457508
 rival_sugar |          0  (omitted)
       _cons |   30.79941   16.15031     1.91   0.063    -1.770797    63.36961
------------------------------------------------------------------------------

. test $ZBOTH

 ( 1)  own_cals = 0
 ( 2)  own_fat = 0
 ( 3)  own_sugar = 0
 ( 4)  rival_cals = 0
 ( 5)  rival_fat = 0
 ( 6)  o.rival_sugar = 0
       Constraint 6 dropped

       F(  5,    43) =    2.28
            Prob > F =    0.0638

. scalar f_rob = r(F)

. post fsh ("price") (6) (f_homo) (f_rob) (r2fs) ("simple_logit_both")

. 
. reg neg_price $XVARS $ZNESTALL
note: cals omitted because of collinearity.
note: fat omitted because of collinearity.
note: sugar omitted because of collinearity.
note: rival_sugar omitted because of collinearity.
note: n_same_nest_other omitted because of collinearity.
note: n_rival_nest omitted because of collinearity.
note: nest_own_cals omitted because of collinearity.
note: nest_own_fat omitted because of collinearity.
note: nest_rival_fat omitted because of collinearity.

      Source |       SS           df       MS      Number of obs   =        50
-------------+----------------------------------   F(8, 41)        =      2.42
       Model |  3.80051045         8  .475063806   Prob > F        =    0.0304
    Residual |  8.03973955        41  .196091209   R-squared       =    0.3210
-------------+----------------------------------   Adj R-squared   =    0.1885
       Total |    11.84025        49  .241637755   Root MSE        =    .44282

-----------------------------------------------------------------------------------
        neg_price | Coefficient  Std. err.      t    P>|t|     [95% conf. interval]
------------------+----------------------------------------------------------------
             cals |          0  (omitted)
              fat |          0  (omitted)
            sugar |          0  (omitted)
         own_cals |  -.0020227   .0029275    -0.69   0.494    -.0079349    .0038895
          own_fat |   .0149283   .0554994     0.27   0.789     -.097155    .1270117
        own_sugar |  -.0224969   .0221521    -1.02   0.316    -.0672339    .0222401
       rival_cals |  -.0031607   .0031088    -1.02   0.315    -.0094391    .0031176
        rival_fat |  -.0303246   .0667965    -0.45   0.652    -.1652229    .1045737
      rival_sugar |          0  (omitted)
n_same_nest_other |          0  (omitted)
     n_rival_nest |          0  (omitted)
    nest_own_cals |          0  (omitted)
     nest_own_fat |          0  (omitted)
   nest_own_sugar |   .0208136   .0245912     0.85   0.402    -.0288492    .0704765
  nest_rival_cals |  -.0010262   .0003913    -2.62   0.012    -.0018166   -.0002359
   nest_rival_fat |          0  (omitted)
 nest_rival_sugar |   .0554197   .0261739     2.12   0.040     .0025603     .108279
            _cons |   5.059662   15.96628     0.32   0.753     -27.1849    37.30423
-----------------------------------------------------------------------------------

. test $ZNESTALL

 ( 1)  own_cals = 0
 ( 2)  own_fat = 0
 ( 3)  own_sugar = 0
 ( 4)  rival_cals = 0
 ( 5)  rival_fat = 0
 ( 6)  o.rival_sugar = 0
 ( 7)  o.n_same_nest_other = 0
 ( 8)  o.n_rival_nest = 0
 ( 9)  o.nest_own_cals = 0
 (10)  o.nest_own_fat = 0
 (11)  nest_own_sugar = 0
 (12)  nest_rival_cals = 0
 (13)  o.nest_rival_fat = 0
 (14)  nest_rival_sugar = 0
       Constraint 6 dropped
       Constraint 7 dropped
       Constraint 8 dropped
       Constraint 9 dropped
       Constraint 10 dropped
       Constraint 13 dropped

       F(  8,    41) =    2.42
            Prob > F =    0.0304

. scalar f_homo = r(F)

. scalar r2fs = e(r2)

. reg neg_price $XVARS $ZNESTALL, vce(robust)
note: cals omitted because of collinearity.
note: fat omitted because of collinearity.
note: sugar omitted because of collinearity.
note: rival_sugar omitted because of collinearity.
note: n_same_nest_other omitted because of collinearity.
note: n_rival_nest omitted because of collinearity.
note: nest_own_cals omitted because of collinearity.
note: nest_own_fat omitted because of collinearity.
note: nest_rival_fat omitted because of collinearity.

Linear regression                               Number of obs     =         50
                                                F(8, 41)          =       4.43
                                                Prob > F          =     0.0006
                                                R-squared         =     0.3210
                                                Root MSE          =     .44282

-----------------------------------------------------------------------------------
                  |               Robust
        neg_price | Coefficient  std. err.      t    P>|t|     [95% conf. interval]
------------------+----------------------------------------------------------------
             cals |          0  (omitted)
              fat |          0  (omitted)
            sugar |          0  (omitted)
         own_cals |  -.0020227      .0029    -0.70   0.489    -.0078794     .003834
          own_fat |   .0149283   .0420618     0.35   0.724    -.0700172    .0998739
        own_sugar |  -.0224969   .0241964    -0.93   0.358    -.0713625    .0263687
       rival_cals |  -.0031607   .0028255    -1.12   0.270    -.0088669    .0025454
        rival_fat |  -.0303246   .0668084    -0.45   0.652    -.1652469    .1045978
      rival_sugar |          0  (omitted)
n_same_nest_other |          0  (omitted)
     n_rival_nest |          0  (omitted)
    nest_own_cals |          0  (omitted)
     nest_own_fat |          0  (omitted)
   nest_own_sugar |   .0208136   .0240087     0.87   0.391     -.027673    .0693002
  nest_rival_cals |  -.0010262   .0003283    -3.13   0.003    -.0016893   -.0003632
   nest_rival_fat |          0  (omitted)
 nest_rival_sugar |   .0554197   .0260259     2.13   0.039     .0028592    .1079801
            _cons |   5.059662   15.19926     0.33   0.741    -25.63587    35.75519
-----------------------------------------------------------------------------------

. test $ZNESTALL

 ( 1)  own_cals = 0
 ( 2)  own_fat = 0
 ( 3)  own_sugar = 0
 ( 4)  rival_cals = 0
 ( 5)  rival_fat = 0
 ( 6)  o.rival_sugar = 0
 ( 7)  o.n_same_nest_other = 0
 ( 8)  o.n_rival_nest = 0
 ( 9)  o.nest_own_cals = 0
 (10)  o.nest_own_fat = 0
 (11)  nest_own_sugar = 0
 (12)  nest_rival_cals = 0
 (13)  o.nest_rival_fat = 0
 (14)  nest_rival_sugar = 0
       Constraint 6 dropped
       Constraint 7 dropped
       Constraint 8 dropped
       Constraint 9 dropped
       Constraint 10 dropped
       Constraint 13 dropped

       F(  8,    41) =    4.43
            Prob > F =    0.0006

. scalar f_rob = r(F)

. post fsh ("price") (14) (f_homo) (f_rob) (r2fs) ("nested_logit")

. 
. reg log_share_within_nest $XVARS $ZNESTALL
note: cals omitted because of collinearity.
note: fat omitted because of collinearity.
note: sugar omitted because of collinearity.
note: rival_sugar omitted because of collinearity.
note: n_same_nest_other omitted because of collinearity.
note: n_rival_nest omitted because of collinearity.
note: nest_own_cals omitted because of collinearity.
note: nest_own_fat omitted because of collinearity.
note: nest_rival_fat omitted because of collinearity.

      Source |       SS           df       MS      Number of obs   =        50
-------------+----------------------------------   F(8, 41)        =      5.67
       Model |  7.90309667         8  .987887083   Prob > F        =    0.0001
    Residual |  7.14197858        41  .174194599   R-squared       =    0.5253
-------------+----------------------------------   Adj R-squared   =    0.4327
       Total |  15.0450752        49  .307042352   Root MSE        =    .41737

-----------------------------------------------------------------------------------
log_share_withi~t | Coefficient  Std. err.      t    P>|t|     [95% conf. interval]
------------------+----------------------------------------------------------------
             cals |          0  (omitted)
              fat |          0  (omitted)
            sugar |          0  (omitted)
         own_cals |  -.0050495   .0027592    -1.83   0.075    -.0106219    .0005228
          own_fat |  -.0117904    .052309    -0.23   0.823    -.1174306    .0938498
        own_sugar |   .0097602   .0208786     0.47   0.643    -.0324051    .0519255
       rival_cals |  -.0047697   .0029301    -1.63   0.111    -.0106871    .0011477
        rival_fat |   .0219505   .0629567     0.35   0.729    -.1051932    .1490942
      rival_sugar |          0  (omitted)
n_same_nest_other |          0  (omitted)
     n_rival_nest |          0  (omitted)
    nest_own_cals |          0  (omitted)
     nest_own_fat |          0  (omitted)
   nest_own_sugar |   .0452471   .0231775     1.95   0.058    -.0015609     .092055
  nest_rival_cals |   .0011995   .0003689     3.25   0.002     .0004546    .0019444
   nest_rival_fat |          0  (omitted)
 nest_rival_sugar |   .0178947   .0246693     0.73   0.472     -.031926    .0677154
            _cons |   10.33636   15.04846     0.69   0.496    -20.05462    40.72735
-----------------------------------------------------------------------------------

. test $ZNESTALL

 ( 1)  own_cals = 0
 ( 2)  own_fat = 0
 ( 3)  own_sugar = 0
 ( 4)  rival_cals = 0
 ( 5)  rival_fat = 0
 ( 6)  o.rival_sugar = 0
 ( 7)  o.n_same_nest_other = 0
 ( 8)  o.n_rival_nest = 0
 ( 9)  o.nest_own_cals = 0
 (10)  o.nest_own_fat = 0
 (11)  nest_own_sugar = 0
 (12)  nest_rival_cals = 0
 (13)  o.nest_rival_fat = 0
 (14)  nest_rival_sugar = 0
       Constraint 6 dropped
       Constraint 7 dropped
       Constraint 8 dropped
       Constraint 9 dropped
       Constraint 10 dropped
       Constraint 13 dropped

       F(  8,    41) =    5.67
            Prob > F =    0.0001

. scalar f_homo = r(F)

. scalar r2fs = e(r2)

. reg log_share_within_nest $XVARS $ZNESTALL, vce(robust)
note: cals omitted because of collinearity.
note: fat omitted because of collinearity.
note: sugar omitted because of collinearity.
note: rival_sugar omitted because of collinearity.
note: n_same_nest_other omitted because of collinearity.
note: n_rival_nest omitted because of collinearity.
note: nest_own_cals omitted because of collinearity.
note: nest_own_fat omitted because of collinearity.
note: nest_rival_fat omitted because of collinearity.

Linear regression                               Number of obs     =         50
                                                F(8, 41)          =      13.34
                                                Prob > F          =     0.0000
                                                R-squared         =     0.5253
                                                Root MSE          =     .41737

-----------------------------------------------------------------------------------
                  |               Robust
log_share_withi~t | Coefficient  std. err.      t    P>|t|     [95% conf. interval]
------------------+----------------------------------------------------------------
             cals |          0  (omitted)
              fat |          0  (omitted)
            sugar |          0  (omitted)
         own_cals |  -.0050495   .0032672    -1.55   0.130    -.0116478    .0015487
          own_fat |  -.0117904    .057577    -0.20   0.839    -.1280695    .1044888
        own_sugar |   .0097602   .0187916     0.52   0.606    -.0281902    .0477105
       rival_cals |  -.0047697   .0033955    -1.40   0.168     -.011627    .0020876
        rival_fat |   .0219505   .0694076     0.32   0.753    -.1182211     .162122
      rival_sugar |          0  (omitted)
n_same_nest_other |          0  (omitted)
     n_rival_nest |          0  (omitted)
    nest_own_cals |          0  (omitted)
     nest_own_fat |          0  (omitted)
   nest_own_sugar |   .0452471   .0238471     1.90   0.065    -.0029131    .0934072
  nest_rival_cals |   .0011995   .0003479     3.45   0.001      .000497    .0019021
   nest_rival_fat |          0  (omitted)
 nest_rival_sugar |   .0178947   .0265924     0.67   0.505    -.0358097     .071599
            _cons |   10.33636   16.65728     0.62   0.538     -23.3037    43.97642
-----------------------------------------------------------------------------------

. test $ZNESTALL

 ( 1)  own_cals = 0
 ( 2)  own_fat = 0
 ( 3)  own_sugar = 0
 ( 4)  rival_cals = 0
 ( 5)  rival_fat = 0
 ( 6)  o.rival_sugar = 0
 ( 7)  o.n_same_nest_other = 0
 ( 8)  o.n_rival_nest = 0
 ( 9)  o.nest_own_cals = 0
 (10)  o.nest_own_fat = 0
 (11)  nest_own_sugar = 0
 (12)  nest_rival_cals = 0
 (13)  o.nest_rival_fat = 0
 (14)  nest_rival_sugar = 0
       Constraint 6 dropped
       Constraint 7 dropped
       Constraint 8 dropped
       Constraint 9 dropped
       Constraint 10 dropped
       Constraint 13 dropped

       F(  8,    41) =   13.34
            Prob > F =    0.0000

. scalar f_rob = r(F)

. post fsh ("log_share_within_nest") (14) (f_homo) (f_rob) (r2fs) ("nested_logit")

. 
. postclose fsh

. use `fspost', clear

. export_csv_tex, csv("$TABCsv/09_first_stage_diagnostics.csv") tex("$TABTEX/09_first_stage_diagnostics.tex") caption("D
> iagnóstico de primeiro estágio") label("tab:first-stage")
(file C:\Users\B03531855158\Documents\Replication\Códigos_Lista3\2a
    Forma/outputs/stata/tables/csv/09_first_stage_diagnostics.csv not found)
file C:\Users\B03531855158\Documents\Replication\Códigos_Lista3\2a Forma/outputs/stata/tables/csv/09_first_stage_diagnos
> tics.csv saved
(file C:\Users\B03531855158\Documents\Replication\Códigos_Lista3\2a
    Forma/outputs/stata/tables/tex/09_first_stage_diagnostics.tex not found)
file C:\Users\B03531855158\Documents\Replication\Códigos_Lista3\2a Forma/outputs/stata/tables/tex/09_first_stage_diagnos
> tics.tex saved

. 
end of do-file

. do "$ROOT/stata/06_visualizations.do"

. /****************************************************************************************
> COMENTÁRIOS DETALHADOS
> - Este script gera os mesmos gráficos principais da rotina Python, mas salvando tudo em
>   outputs/stata/figures/pdf e outputs/stata/figures/png.
> - Os gráficos 01--04 usam a base preparada: share-preço, ranking de shares, preço por nest
>   e inversão logit versus preço.
> - O gráfico 05 coleta coeficientes de preço das estimações já guardadas em memória.
> - Os gráficos 06--09 usam elasticidades e markups calculados no script 04.
> - O gráfico 10 reestima regressões de primeiro estágio e resume os F/Wald-F dos instrumentos.
> ****************************************************************************************/
. /****************************************************************************************
> 06 - Gráficos principais em PDF e PNG com tema visual aplicado
> ****************************************************************************************/
. 
. 
. /****************************************************************************************
> Rótulos matemáticos para gráficos do Stata
> - O Stata não renderiza LaTeX diretamente em títulos/eixos.
> - Para obter saída tipográfica semelhante ao LaTeX nos PDFs/PNGs, usamos SMCL:
>   {&delta}, {&alpha}, {&xi}, {&epsilon}, {it:...}, {subscript:...} etc.
> ****************************************************************************************/
. local L_DELTA `"{&delta}{subscript:j} = ln({it:s}{subscript:j}) - ln({it:s}{subscript:0})"'

. local L_PRICECOEF `"Coeficiente do preço (= -{&alpha})"'

. local L_EJK `"{&epsilon}{subscript:jk}"'

. local L_EJJ `"{&epsilon}{subscript:jj}"'

. local L_XI `"{&xi}{subscript:j} estimado"'

. local L_SJ `"{it:s}{subscript:j} previsto"'

. local L_SOBS `"{it:s}{subscript:j} observado"'

. local L_VREL `"{it:V}{subscript:j} - ln({it:C}{subscript:j})"'

. local L_DSDP `"d{it:s}{subscript:j}/d{it:p}{subscript:j}"'

. local L_PRICEJ `"{it:p}{subscript:j} simulado"'

. local L_SHARE `"Market share ({it:s}{subscript:j})"'

. 
. /****************************************************************************************
> Tema visual dos gráficos
> - Inspirado no arquivo de referência enviado: fundo branco, grade cinza clara tracejada,
>   pontos azul-escuro, linhas de ajuste em vermelho/cranberry e legenda à direita quando útil.
> - As macros abaixo são usadas em todos os gráficos deste script.
> ****************************************************************************************/
. set scheme s1color

. capture graph set window fontface "Arial"

. 
. * Template visual fixo, copiado do padrão do gráfico de referência:
. * fundo branco, grade cinza clara tracejada, pontos navy,
. * linha de ajuste cranberry e linha zero preta tracejada.
. local GBASE `"scheme(s1color) graphregion(color(white)) plotregion(color(white) lcolor(none)) bgcolor(white)"'

. local GRIDXY `"xlabel(, labsize(small) grid glcolor(gs14) glpattern(dash)) ylabel(, labsize(small) angle(horizontal) g
> rid glcolor(gs14) glpattern(dash))"'

. local GRIDHBAR `"ylabel(, labsize(small) grid glcolor(gs14) glpattern(dash))"'

. local GRIDY  `"ylabel(, labsize(small) angle(horizontal) grid glcolor(gs14) glpattern(dash))"'

. local GRIDX  `"xlabel(, labsize(small) grid glcolor(gs14) glpattern(dash))"'

. local LEGEND_RIGHT `"legend(position(3) ring(1) cols(1) region(lcolor(none) fcolor(none)) size(small))"'

. local LEGEND_BOTTOM `"legend(rows(1) region(lcolor(none) fcolor(none)) size(small))"'

. local ZERO_LINE `"lcolor(black) lpattern(dash) lwidth(medthin)"'

. 
. 
. * 1. Share vs preço, com rótulos de produto para inspeção de outliers.
. use "$OUTDATA/prepared_data_stata.dta", clear

. twoway (scatter share price, mlabel(product) mlabsize(vsmall) msymbol(circle) mcolor(navy)), ///
>     title("Share e preço por segmento", size(medsmall) color(black)) ///
>     xtitle("Preço de transação") ///
>     ytitle("`L_SHARE'") ///
>     legend(off) ///
>     `GBASE' `GRIDXY'

. graph export "$FIGPDF/01_share_vs_transaction_price.pdf", replace
file C:\Users\B03531855158\Documents\Replication\Códigos_Lista3\2a
    Forma/outputs/stata/figures/pdf/01_share_vs_transaction_price.pdf saved as PDF format

. graph export "$FIGPNG/01_share_vs_transaction_price.png", replace width(2800)
(file C:\Users\B03531855158\Documents\Replication\Códigos_Lista3\2a
    Forma/outputs/stata/figures/png/01_share_vs_transaction_price.png not found)
file C:\Users\B03531855158\Documents\Replication\Códigos_Lista3\2a
    Forma/outputs/stata/figures/png/01_share_vs_transaction_price.png saved as PNG format

. 
. * 2. Top 15 produtos por market share.
. gsort -share

. graph hbar share in 1/15, over(product, sort(share) descending label(labsize(vsmall))) ///
>     title("Maiores produtos por market share", size(medsmall) color(black)) ///
>     ytitle("Market share") ///
>     bar(1, fcolor(navy) lcolor(navy)) ///
>     `GBASE' `GRIDHBAR'

. graph export "$FIGPDF/02_top15_market_shares.pdf", replace
file C:\Users\B03531855158\Documents\Replication\Códigos_Lista3\2a
    Forma/outputs/stata/figures/pdf/02_top15_market_shares.pdf saved as PDF format

. graph export "$FIGPNG/02_top15_market_shares.png", replace width(2800)
(file C:\Users\B03531855158\Documents\Replication\Códigos_Lista3\2a
    Forma/outputs/stata/figures/png/02_top15_market_shares.png not found)
file C:\Users\B03531855158\Documents\Replication\Códigos_Lista3\2a
    Forma/outputs/stata/figures/png/02_top15_market_shares.png saved as PNG format

. 
. * 3. Distribuição de preço por segmento/nest.
. use "$OUTDATA/prepared_data_stata.dta", clear

. graph box price, over(segment) ///
>     title("Distribuição de preços por nest/segmento", size(medsmall) color(black)) ///
>     ytitle("Preço de transação") ///
>     box(1, fcolor(navy) lcolor(navy)) ///
>     marker(1, mcolor(navy)) ///
>     `GBASE' `GRIDY'

. graph export "$FIGPDF/03_price_by_segment.pdf", replace
file C:\Users\B03531855158\Documents\Replication\Códigos_Lista3\2a
    Forma/outputs/stata/figures/pdf/03_price_by_segment.pdf saved as PDF format

. graph export "$FIGPNG/03_price_by_segment.png", replace width(2800)
(file C:\Users\B03531855158\Documents\Replication\Códigos_Lista3\2a
    Forma/outputs/stata/figures/png/03_price_by_segment.png not found)
file C:\Users\B03531855158\Documents\Replication\Códigos_Lista3\2a
    Forma/outputs/stata/figures/png/03_price_by_segment.png saved as PNG format

. 
. * 4. Relação entre delta de Berry e preço, com ajuste linear auxiliar.
. twoway (scatter delta price, msymbol(circle) mcolor(navy)) ///
>        (lfit delta price, lcolor(cranberry) lwidth(medthick)), ///
>     title("Inversão logit de Berry e preço", size(medsmall) color(black)) ///
>     xtitle("Preço de transação") ///
>     ytitle("`L_DELTA'") ///
>     legend(off) ///
>     `GBASE' `GRIDXY'

. graph export "$FIGPDF/04_delta_vs_price.pdf", replace
file C:\Users\B03531855158\Documents\Replication\Códigos_Lista3\2a
    Forma/outputs/stata/figures/pdf/04_delta_vs_price.pdf saved as PDF format

. graph export "$FIGPNG/04_delta_vs_price.png", replace width(2800)
(file C:\Users\B03531855158\Documents\Replication\Códigos_Lista3\2a
    Forma/outputs/stata/figures/png/04_delta_vs_price.png not found)
file C:\Users\B03531855158\Documents\Replication\Códigos_Lista3\2a
    Forma/outputs/stata/figures/png/04_delta_vs_price.png saved as PNG format

. 
. * 5. Comparação dos coeficientes de preço entre especificações.
. tempfile pricecomp

. postfile pc str32 model double price_coef using `pricecomp', replace
(file C:\Users\B03531~1\AppData\Local\Temp\21\ST_3a48_000001.tmp not found)

. foreach m in OLS IV_own IV_rival IV_both IV_nested {
  2.     capture estimates restore `m'
  3.     if !_rc {
  4.         * Como o modelo corrigido estima alpha em neg_price=-price,
.         * o coeficiente do preço é -alpha.
.         capture scalar a_hat = _b[neg_price]
  5.         if !_rc post pc ("`m'") (-a_hat)
  6.     }
  7. }

. foreach m in GMM_own_1 GMM_own_2 GMM_rival_1 GMM_rival_2 GMM_both_1 GMM_both_2 GMM_nested_1 GMM_nested_2 {
  2.     capture estimates restore `m'
  3.     if !_rc {
  4.         capture scalar a_hat = _b[alpha]
  5.         if !_rc post pc ("`m'") (-a_hat)
  6.     }
  7. }

. postclose pc

. use `pricecomp', clear

. export delimited using "$OUTDATA/price_parameter_comparison_stata_graph.csv", replace
file C:\Users\B03531855158\Documents\Replication\Códigos_Lista3\2a Forma/outputs/stata/data/price_parameter_comparison_s
> tata_graph.csv saved

. graph hbar price_coef, over(model, label(labsize(tiny))) ///
>     yline(0, `ZERO_LINE') ///
>     title("Comparação das estimativas de preço", size(medsmall) color(black)) ///
>     ytitle("`L_PRICECOEF'") ///
>     bar(1, fcolor(navy) lcolor(navy)) ///
>     `GBASE' `GRIDHBAR'

. graph export "$FIGPDF/05_price_coefficient_comparison.pdf", replace
file C:\Users\B03531855158\Documents\Replication\Códigos_Lista3\2a
    Forma/outputs/stata/figures/pdf/05_price_coefficient_comparison.pdf saved as PDF format

. graph export "$FIGPNG/05_price_coefficient_comparison.png", replace width(2800)
(file C:\Users\B03531855158\Documents\Replication\Códigos_Lista3\2a
    Forma/outputs/stata/figures/png/05_price_coefficient_comparison.png not found)
file C:\Users\B03531855158\Documents\Replication\Códigos_Lista3\2a
    Forma/outputs/stata/figures/png/05_price_coefficient_comparison.png saved as PNG format

. 
. * 6. Matriz de elasticidades para os 12 maiores produtos.
. use "$OUTDATA/stata_after_simple_gmm.dta", clear

. capture drop neg_price

. gen double neg_price = -price

. capture estimates restore GMM_both_2

. if _rc {
.     global ZOWN "own_cals own_fat own_sugar"
.     global ZRIVAL "rival_cals rival_fat rival_sugar"
.     global ZBOTH "$ZOWN $ZRIVAL"
.     quietly run "$ROOT/stata/eberry_operational.do"
.     eberry_fit, y("delta") x("cons cals fat sugar neg_price") z("cons cals fat sugar $ZBOTH") bnames("b0 bcals bfat bs
> ugar alpha") step(2)
. }

. scalar alpha_graph = _b[alpha]

. if (alpha_graph <= 0) {
.     display as error "Atenção: alpha <= 0. A matriz de elasticidades é gerada sem impor demanda decrescente."
Atenção: alpha <= 0. A matriz de elasticidades é gerada sem impor demanda decrescente.
. }

. gsort -share

. keep in 1/12
(38 observations deleted)

. mata:
------------------------------------------------- mata (type end to exit) ----------------------------------------------
:     p = st_data(., "price")

:     s = st_data(., "share")

:     a = st_numscalar("alpha_graph")

:     n = rows(s)

:     E = J(n,n,.)

:     for (j=1; j<=n; j++) {
>         for (k=1; k<=n; k++) {
>             if (j==k) E[j,k] = -a*p[j]*(1-s[j])
>             else E[j,k] = a*p[k]*s[k]
>         }
>     }

:     st_matrix("Egraph", E)

: end
------------------------------------------------------------------------------------------------------------------------

. clear

. svmat Egraph, names(e)
number of observations will be reset to 12
Press any key to continue, or Break to abort
Number of observations (_N) was 0, now 12.

. gen row = _n

. reshape long e, i(row) j(col)
(j = 1 2 3 4 5 6 7 8 9 10 11 12)

Data                               Wide   ->   Long
-----------------------------------------------------------------------------
Number of observations               12   ->   144         
Number of variables                  13   ->   3           
j variable (12 values)                    ->   col
xij variables:
                          e1 e2 ... e12   ->   e
-----------------------------------------------------------------------------

. gen label_e = string(e, "%4.2f")

. twoway (scatter row col, msymbol(square) msize(large) mcolor(navy)) ///
>        (scatter row col, msymbol(none) mlabel(label_e) mlabsize(tiny) mlabcolor(white)), ///
>        title("Matriz de elasticidades-preço ({&epsilon}{subscript:jk})", size(medsmall) color(black)) ///
>        xtitle("Produto {it:k}") ytitle("Produto {it:j}") ///
>        xlabel(1(1)12, labsize(vsmall) grid glcolor(gs14) glpattern(dash)) ///
>        ylabel(1(1)12, labsize(vsmall) grid glcolor(gs14) glpattern(dash)) ///
>        legend(off) ///
>        `GBASE'

. graph export "$FIGPDF/06_elasticity_matrix_subset.pdf", replace
file C:\Users\B03531855158\Documents\Replication\Códigos_Lista3\2a
    Forma/outputs/stata/figures/pdf/06_elasticity_matrix_subset.pdf saved as PDF format

. graph export "$FIGPNG/06_elasticity_matrix_subset.png", replace width(2800)
(file C:\Users\B03531855158\Documents\Replication\Códigos_Lista3\2a
    Forma/outputs/stata/figures/png/06_elasticity_matrix_subset.png not found)
file C:\Users\B03531855158\Documents\Replication\Códigos_Lista3\2a
    Forma/outputs/stata/figures/png/06_elasticity_matrix_subset.png saved as PNG format

. 
. * 7. Elasticidades próprias mais intensas.
. import delimited "$TABCsv/05_own_elasticities_simple_logit.csv", clear varnames(1)
(encoding automatically selected: UTF-8)
(6 vars, 50 obs)

. gen double abs_own_elasticity_simple_logit = abs(own_elasticity_simple_logit)

. gsort -abs_own_elasticity_simple_logit

. graph hbar own_elasticity_simple_logit in 1/15, over(product, label(labsize(vsmall))) ///
>     yline(0, `ZERO_LINE') ///
>     title("Elasticidades próprias mais intensas ({&epsilon}{subscript:jj})", size(medsmall) color(black)) ///
>     ytitle("`L_EJJ'") ///
>     bar(1, fcolor(navy) lcolor(navy)) ///
>     `GBASE' `GRIDHBAR'

. graph export "$FIGPDF/07_own_price_elasticities.pdf", replace
file C:\Users\B03531855158\Documents\Replication\Códigos_Lista3\2a
    Forma/outputs/stata/figures/pdf/07_own_price_elasticities.pdf saved as PDF format

. graph export "$FIGPNG/07_own_price_elasticities.png", replace width(2800)
(file C:\Users\B03531855158\Documents\Replication\Códigos_Lista3\2a
    Forma/outputs/stata/figures/png/07_own_price_elasticities.png not found)
file C:\Users\B03531855158\Documents\Replication\Códigos_Lista3\2a
    Forma/outputs/stata/figures/png/07_own_price_elasticities.png saved as PNG format

. 
. * 18. Distribuição das elasticidades próprias: histograma + densidade kernel.
. histogram own_elasticity_simple_logit, density kdensity ///
>     fcolor(navy) lcolor(white) ///
>     kdenopts(lcolor(cranberry) lwidth(medthick)) ///
>     xline(0, `ZERO_LINE') ///
>     title("Distribuição das elasticidades próprias ({&epsilon}{subscript:jj})", size(medsmall) color(black)) ///
>     xtitle("`L_EJJ'") ///
>     ytitle("Densidade") ///
>     `GBASE' `GRIDXY'
(bin=7, start=2.008589, width=.37105639)

. graph export "$FIGPDF/18_own_elasticity_hist_density.pdf", replace
file C:\Users\B03531855158\Documents\Replication\Códigos_Lista3\2a
    Forma/outputs/stata/figures/pdf/18_own_elasticity_hist_density.pdf saved as PDF format

. graph export "$FIGPNG/18_own_elasticity_hist_density.png", replace width(2800)
(file C:\Users\B03531855158\Documents\Replication\Códigos_Lista3\2a
    Forma/outputs/stata/figures/png/18_own_elasticity_hist_density.png not found)
file C:\Users\B03531855158\Documents\Replication\Códigos_Lista3\2a
    Forma/outputs/stata/figures/png/18_own_elasticity_hist_density.png saved as PNG format

. 
. * 20. Boxplot das elasticidades próprias.
. graph box own_elasticity_simple_logit, ///
>     yline(0, `ZERO_LINE') ///
>     title("Boxplot das elasticidades próprias ({&epsilon}{subscript:jj})", size(medsmall) color(black)) ///
>     ytitle("`L_EJJ'") ///
>     box(1, fcolor(navy) lcolor(navy)) ///
>     marker(1, mcolor(navy)) ///
>     `GBASE' `GRIDY'

. graph export "$FIGPDF/20_own_elasticity_boxplot.pdf", replace
file C:\Users\B03531855158\Documents\Replication\Códigos_Lista3\2a
    Forma/outputs/stata/figures/pdf/20_own_elasticity_boxplot.pdf saved as PDF format

. graph export "$FIGPNG/20_own_elasticity_boxplot.png", replace width(2800)
(file C:\Users\B03531855158\Documents\Replication\Códigos_Lista3\2a
    Forma/outputs/stata/figures/png/20_own_elasticity_boxplot.png not found)
file C:\Users\B03531855158\Documents\Replication\Códigos_Lista3\2a
    Forma/outputs/stata/figures/png/20_own_elasticity_boxplot.png saved as PNG format

. 
. * 8. Markups monoproduto versus multiproduto para os maiores markups multiproduto.
. import delimited "$TABCsv/08_markups.csv", clear varnames(1)
(encoding automatically selected: UTF-8)
(11 vars, 50 obs)

. gsort -markup_multiproduct

. graph hbar markup_monoproduct markup_multiproduct in 1/15, ///
>     over(product, label(labsize(vsmall))) ///
>     title("Comparação de markups implícitos", size(medsmall) color(black)) ///
>     ytitle("Markup implícito") ///
>     bar(1, fcolor(navy) lcolor(navy)) ///
>     bar(2, fcolor(cranberry) lcolor(cranberry)) ///
>     legend(order(1 "Monoproduto" 2 "Multiproduto") position(3) ring(1) cols(1) region(lcolor(none) fcolor(none)) size(
> small)) ///
>     `GBASE' `GRIDHBAR'

. graph export "$FIGPDF/08_markups_mono_vs_multi.pdf", replace
file C:\Users\B03531855158\Documents\Replication\Códigos_Lista3\2a
    Forma/outputs/stata/figures/pdf/08_markups_mono_vs_multi.pdf saved as PDF format

. graph export "$FIGPNG/08_markups_mono_vs_multi.png", replace width(2800)
(file C:\Users\B03531855158\Documents\Replication\Códigos_Lista3\2a
    Forma/outputs/stata/figures/png/08_markups_mono_vs_multi.png not found)
file C:\Users\B03531855158\Documents\Replication\Códigos_Lista3\2a
    Forma/outputs/stata/figures/png/08_markups_mono_vs_multi.png saved as PNG format

. 
. * 9. Preço observado versus markup multiproduto.
. twoway (scatter markup_multiproduct price, msymbol(circle) mcolor(navy)), ///
>     title("Preço observado e markup multiproduto", size(medsmall) color(black)) ///
>     xtitle("Preço observado") ytitle("Markup multiproduto") ///
>     legend(off) ///
>     `GBASE' `GRIDXY'

. graph export "$FIGPDF/09_price_vs_multiproduct_markup.pdf", replace
file C:\Users\B03531855158\Documents\Replication\Códigos_Lista3\2a
    Forma/outputs/stata/figures/pdf/09_price_vs_multiproduct_markup.pdf saved as PDF format

. graph export "$FIGPNG/09_price_vs_multiproduct_markup.png", replace width(2800)
(file C:\Users\B03531855158\Documents\Replication\Códigos_Lista3\2a
    Forma/outputs/stata/figures/png/09_price_vs_multiproduct_markup.png not found)
file C:\Users\B03531855158\Documents\Replication\Códigos_Lista3\2a
    Forma/outputs/stata/figures/png/09_price_vs_multiproduct_markup.png saved as PNG format

. 
. * 19. Distribuição dos markups multiproduto: histograma + densidade kernel.
. histogram markup_multiproduct, density kdensity ///
>     fcolor(navy) lcolor(white) ///
>     kdenopts(lcolor(cranberry) lwidth(medthick)) ///
>     xline(0, `ZERO_LINE') ///
>     title("Distribuição dos markups multiproduto", size(medsmall) color(black)) ///
>     xtitle("Markup multiproduto") ///
>     ytitle("Densidade") ///
>     `GBASE' `GRIDXY'
(bin=7, start=-1.2606199, width=.05598665)

. graph export "$FIGPDF/19_markup_multiproduct_hist_density.pdf", replace
file C:\Users\B03531855158\Documents\Replication\Códigos_Lista3\2a
    Forma/outputs/stata/figures/pdf/19_markup_multiproduct_hist_density.pdf saved as PDF format

. graph export "$FIGPNG/19_markup_multiproduct_hist_density.png", replace width(2800)
(file C:\Users\B03531855158\Documents\Replication\Códigos_Lista3\2a
    Forma/outputs/stata/figures/png/19_markup_multiproduct_hist_density.png not found)
file C:\Users\B03531855158\Documents\Replication\Códigos_Lista3\2a
    Forma/outputs/stata/figures/png/19_markup_multiproduct_hist_density.png saved as PNG format

. 
. * 21. Boxplot dos markups multiproduto.
. graph box markup_multiproduct, ///
>     yline(0, `ZERO_LINE') ///
>     title("Boxplot dos markups multiproduto", size(medsmall) color(black)) ///
>     ytitle("Markup multiproduto") ///
>     box(1, fcolor(navy) lcolor(navy)) ///
>     marker(1, mcolor(navy)) ///
>     `GBASE' `GRIDY'

. graph export "$FIGPDF/21_markup_multiproduct_boxplot.pdf", replace
file C:\Users\B03531855158\Documents\Replication\Códigos_Lista3\2a
    Forma/outputs/stata/figures/pdf/21_markup_multiproduct_boxplot.pdf saved as PDF format

. graph export "$FIGPNG/21_markup_multiproduct_boxplot.png", replace width(2800)
(file C:\Users\B03531855158\Documents\Replication\Códigos_Lista3\2a
    Forma/outputs/stata/figures/png/21_markup_multiproduct_boxplot.png not found)
file C:\Users\B03531855158\Documents\Replication\Códigos_Lista3\2a
    Forma/outputs/stata/figures/png/21_markup_multiproduct_boxplot.png saved as PNG format

. 
. * 10. Diagnóstico de força dos instrumentos: F/Wald-F robusto dos primeiros estágios.
. use "$OUTDATA/prepared_data_stata.dta", clear

. capture drop neg_price

. gen double neg_price = -price

. global ZOWN "own_cals own_fat own_sugar"

. global ZRIVAL "rival_cals rival_fat rival_sugar"

. global ZBOTH "$ZOWN $ZRIVAL"

. global ZNEST "n_same_nest_other n_rival_nest nest_own_cals nest_own_fat nest_own_sugar nest_rival_cals nest_rival_fat 
> nest_rival_sugar"

. global ZNESTALL "$ZOWN $ZRIVAL $ZNEST"

. reg neg_price $XVARS $ZBOTH, vce(robust)
note: cals omitted because of collinearity.
note: fat omitted because of collinearity.
note: rival_sugar omitted because of collinearity.

Linear regression                               Number of obs     =         50
                                                F(6, 43)          =       2.06
                                                Prob > F          =     0.0782
                                                R-squared         =     0.1812
                                                Root MSE          =     .47482

------------------------------------------------------------------------------
             |               Robust
   neg_price | Coefficient  std. err.      t    P>|t|     [95% conf. interval]
-------------+----------------------------------------------------------------
        cals |          0  (omitted)
         fat |          0  (omitted)
       sugar |  -.0231264   .0240092    -0.96   0.341    -.0715456    .0252927
    own_cals |    -.00368   .0023552    -1.56   0.125    -.0084296    .0010696
     own_fat |   .0368122   .0479435     0.77   0.447    -.0598751    .1334995
   own_sugar |  -.0191069   .0237163    -0.81   0.425    -.0669355    .0287216
  rival_cals |  -.0047293   .0022813    -2.07   0.044    -.0093299   -.0001286
   rival_fat |   .0025582   .0710037     0.04   0.971    -.1406344    .1457508
 rival_sugar |          0  (omitted)
       _cons |   30.79941   16.15031     1.91   0.063    -1.770797    63.36961
------------------------------------------------------------------------------

. test $ZBOTH

 ( 1)  own_cals = 0
 ( 2)  own_fat = 0
 ( 3)  own_sugar = 0
 ( 4)  rival_cals = 0
 ( 5)  rival_fat = 0
 ( 6)  o.rival_sugar = 0
       Constraint 6 dropped

       F(  5,    43) =    2.28
            Prob > F =    0.0638

. scalar F_simple = r(F)

. reg neg_price $XVARS $ZNESTALL, vce(robust)
note: cals omitted because of collinearity.
note: fat omitted because of collinearity.
note: sugar omitted because of collinearity.
note: rival_sugar omitted because of collinearity.
note: n_same_nest_other omitted because of collinearity.
note: n_rival_nest omitted because of collinearity.
note: nest_own_cals omitted because of collinearity.
note: nest_own_fat omitted because of collinearity.
note: nest_rival_fat omitted because of collinearity.

Linear regression                               Number of obs     =         50
                                                F(8, 41)          =       4.43
                                                Prob > F          =     0.0006
                                                R-squared         =     0.3210
                                                Root MSE          =     .44282

-----------------------------------------------------------------------------------
                  |               Robust
        neg_price | Coefficient  std. err.      t    P>|t|     [95% conf. interval]
------------------+----------------------------------------------------------------
             cals |          0  (omitted)
              fat |          0  (omitted)
            sugar |          0  (omitted)
         own_cals |  -.0020227      .0029    -0.70   0.489    -.0078794     .003834
          own_fat |   .0149283   .0420618     0.35   0.724    -.0700172    .0998739
        own_sugar |  -.0224969   .0241964    -0.93   0.358    -.0713625    .0263687
       rival_cals |  -.0031607   .0028255    -1.12   0.270    -.0088669    .0025454
        rival_fat |  -.0303246   .0668084    -0.45   0.652    -.1652469    .1045978
      rival_sugar |          0  (omitted)
n_same_nest_other |          0  (omitted)
     n_rival_nest |          0  (omitted)
    nest_own_cals |          0  (omitted)
     nest_own_fat |          0  (omitted)
   nest_own_sugar |   .0208136   .0240087     0.87   0.391     -.027673    .0693002
  nest_rival_cals |  -.0010262   .0003283    -3.13   0.003    -.0016893   -.0003632
   nest_rival_fat |          0  (omitted)
 nest_rival_sugar |   .0554197   .0260259     2.13   0.039     .0028592    .1079801
            _cons |   5.059662   15.19926     0.33   0.741    -25.63587    35.75519
-----------------------------------------------------------------------------------

. test $ZNESTALL

 ( 1)  own_cals = 0
 ( 2)  own_fat = 0
 ( 3)  own_sugar = 0
 ( 4)  rival_cals = 0
 ( 5)  rival_fat = 0
 ( 6)  o.rival_sugar = 0
 ( 7)  o.n_same_nest_other = 0
 ( 8)  o.n_rival_nest = 0
 ( 9)  o.nest_own_cals = 0
 (10)  o.nest_own_fat = 0
 (11)  nest_own_sugar = 0
 (12)  nest_rival_cals = 0
 (13)  o.nest_rival_fat = 0
 (14)  nest_rival_sugar = 0
       Constraint 6 dropped
       Constraint 7 dropped
       Constraint 8 dropped
       Constraint 9 dropped
       Constraint 10 dropped
       Constraint 13 dropped

       F(  8,    41) =    4.43
            Prob > F =    0.0006

. scalar F_nested_price = r(F)

. reg log_share_within_nest $XVARS $ZNESTALL, vce(robust)
note: cals omitted because of collinearity.
note: fat omitted because of collinearity.
note: sugar omitted because of collinearity.
note: rival_sugar omitted because of collinearity.
note: n_same_nest_other omitted because of collinearity.
note: n_rival_nest omitted because of collinearity.
note: nest_own_cals omitted because of collinearity.
note: nest_own_fat omitted because of collinearity.
note: nest_rival_fat omitted because of collinearity.

Linear regression                               Number of obs     =         50
                                                F(8, 41)          =      13.34
                                                Prob > F          =     0.0000
                                                R-squared         =     0.5253
                                                Root MSE          =     .41737

-----------------------------------------------------------------------------------
                  |               Robust
log_share_withi~t | Coefficient  std. err.      t    P>|t|     [95% conf. interval]
------------------+----------------------------------------------------------------
             cals |          0  (omitted)
              fat |          0  (omitted)
            sugar |          0  (omitted)
         own_cals |  -.0050495   .0032672    -1.55   0.130    -.0116478    .0015487
          own_fat |  -.0117904    .057577    -0.20   0.839    -.1280695    .1044888
        own_sugar |   .0097602   .0187916     0.52   0.606    -.0281902    .0477105
       rival_cals |  -.0047697   .0033955    -1.40   0.168     -.011627    .0020876
        rival_fat |   .0219505   .0694076     0.32   0.753    -.1182211     .162122
      rival_sugar |          0  (omitted)
n_same_nest_other |          0  (omitted)
     n_rival_nest |          0  (omitted)
    nest_own_cals |          0  (omitted)
     nest_own_fat |          0  (omitted)
   nest_own_sugar |   .0452471   .0238471     1.90   0.065    -.0029131    .0934072
  nest_rival_cals |   .0011995   .0003479     3.45   0.001      .000497    .0019021
   nest_rival_fat |          0  (omitted)
 nest_rival_sugar |   .0178947   .0265924     0.67   0.505    -.0358097     .071599
            _cons |   10.33636   16.65728     0.62   0.538     -23.3037    43.97642
-----------------------------------------------------------------------------------

. test $ZNESTALL

 ( 1)  own_cals = 0
 ( 2)  own_fat = 0
 ( 3)  own_sugar = 0
 ( 4)  rival_cals = 0
 ( 5)  rival_fat = 0
 ( 6)  o.rival_sugar = 0
 ( 7)  o.n_same_nest_other = 0
 ( 8)  o.n_rival_nest = 0
 ( 9)  o.nest_own_cals = 0
 (10)  o.nest_own_fat = 0
 (11)  nest_own_sugar = 0
 (12)  nest_rival_cals = 0
 (13)  o.nest_rival_fat = 0
 (14)  nest_rival_sugar = 0
       Constraint 6 dropped
       Constraint 7 dropped
       Constraint 8 dropped
       Constraint 9 dropped
       Constraint 10 dropped
       Constraint 13 dropped

       F(  8,    41) =   13.34
            Prob > F =    0.0000

. scalar F_nested_lnsjg = r(F)

. clear

. set obs 3
Number of observations (_N) was 0, now 3.

. gen str32 endogenous_variable = ""
(3 missing values generated)

. replace endogenous_variable = "neg_price_simple" in 1
(1 real change made)

. replace endogenous_variable = "neg_price_nested" in 2
(1 real change made)

. replace endogenous_variable = "ln(s_j|g)" in 3
(1 real change made)

. gen robust_Wald_F_manual = .
(3 missing values generated)

. replace robust_Wald_F_manual = F_simple in 1
(1 real change made)

. replace robust_Wald_F_manual = F_nested_price in 2
(1 real change made)

. replace robust_Wald_F_manual = F_nested_lnsjg in 3
(1 real change made)

. export delimited using "$OUTDATA/first_stage_diagnostics_for_graph_stata.csv", replace
file C:\Users\B03531855158\Documents\Replication\Códigos_Lista3\2a Forma/outputs/stata/data/first_stage_diagnostics_for_
> graph_stata.csv saved

. graph bar robust_Wald_F_manual, over(endogenous_variable, label(labsize(small))) ///
>     yline(10, `ZERO_LINE') ///
>     title("Diagnóstico de força dos instrumentos", size(medsmall) color(black)) ///
>     ytitle("F/Wald-F robusto") ///
>     bar(1, fcolor(navy) lcolor(navy)) ///
>     `GBASE' `GRIDY'

. graph export "$FIGPDF/10_first_stage_robust_f.pdf", replace
file C:\Users\B03531855158\Documents\Replication\Códigos_Lista3\2a
    Forma/outputs/stata/figures/pdf/10_first_stage_robust_f.pdf saved as PDF format

. graph export "$FIGPNG/10_first_stage_robust_f.png", replace width(2800)
(file C:\Users\B03531855158\Documents\Replication\Códigos_Lista3\2a
    Forma/outputs/stata/figures/png/10_first_stage_robust_f.png not found)
file C:\Users\B03531855158\Documents\Replication\Códigos_Lista3\2a
    Forma/outputs/stata/figures/png/10_first_stage_robust_f.png saved as PNG format

. 
. /****************************************************************************************
> 11--17 - Gráficos clássicos e diagnósticos estatísticos do logit simples
> - A curva em S é produzida por simulação: mantém-se a concorrência e as características
>   fixas e varia-se a utilidade média ou o preço de um produto focal.
> - O produto focal é escolhido automaticamente como o produto de maior market share.
> - Os gráficos estatísticos adicionais avaliam ajuste previsto, distribuição dos resíduos
>   e formato da resposta ao preço implicada pelo modelo.
> ****************************************************************************************/
. 
. use "$OUTDATA/stata_after_simple_gmm.dta", clear

. capture drop neg_price

. gen double neg_price = -price

. 
. global ZOWN "own_cals own_fat own_sugar"

. global ZRIVAL "rival_cals rival_fat rival_sugar"

. global ZBOTH "$ZOWN $ZRIVAL"

. 
. capture estimates restore GMM_both_2

. if _rc {
.     quietly run "$ROOT/stata/eberry_operational.do"
.     eberry_fit, y("delta") x("cons cals fat sugar neg_price") z("cons cals fat sugar $ZBOTH") bnames("b0 bcals bfat bs
> ugar alpha") step(2)
. }

. 
. scalar b0logit = _b[b0]

. scalar bcalslogit = _b[bcals]

. scalar bfatlogit = _b[bfat]

. scalar bsugarlogit = _b[bsugar]

. scalar alphalogit = _b[alpha]

. scalar pricecoeflogit = -alphalogit

. 
. /*
> Curvas sem imposição de demanda decrescente:
> - A especificação estimada é delta = X beta + alpha*(-price) + xi.
> - Logo, o coeficiente estimado diretamente do preço é -alpha.
> - O código abaixo usa exatamente o alpha estimado, sem abs().
> */
. scalar price_slope_plot = -alphalogit

. local note_slope "Inclinação do preço usada nas curvas: coeficiente estimado do preço = -alpha, sem imposição de deman
> da decrescente."

. if (alphalogit <= 0) {
.     local note_slope "Atenção: alpha estimado <= 0; curva gerada sem impor demanda decrescente."
. }

. 
. gen v_no_price = b0logit + bcalslogit*cals + bfatlogit*fat + bsugarlogit*sugar

. gen vhat_logit = v_no_price + price_slope_plot*price

. gen expv_logit = exp(vhat_logit)

. egen total_exp_logit = total(expv_logit)

. gen share_pred_logit = expv_logit/(1 + total_exp_logit)

. 
. * Intercepto ajustado para simular preço mantendo o índice no preço observado.
. gen v_intercept_plot = vhat_logit - price_slope_plot*price

. 
. gsort -share

. scalar focal_vhat = vhat_logit[1]

. scalar focal_price = price[1]

. scalar focal_share = share[1]

. scalar focal_v_no_price = v_no_price[1]

. scalar focal_v_intercept_plot = v_intercept_plot[1]

. scalar focal_expv = expv_logit[1]

. scalar total_exp_scalar = total_exp_logit[1]

. scalar C_focal = 1 + total_exp_scalar - focal_expv

. scalar rel_observed_index = focal_vhat - ln(C_focal)

. 
. * 11. Curva clássica em S: share previsto contra utilidade relativa V_j - ln(C_j).
. * Nessa escala, s_j = 1/(1 + exp(-(V_j - ln C_j))).
. preserve

.     clear

.     set obs 250
Number of observations (_N) was 0, now 250.

.     gen rel_grid = -6 + (_n - 1)*(12/249)

.     gen share_pred = 1/(1 + exp(-rel_grid))

.     twoway (line share_pred rel_grid, lcolor(navy) lwidth(medthick)), ///
>         title("Curva clássica do logit - produto focal", size(medsmall) color(black)) ///
>         xtitle("`L_VREL'") ///
>         ytitle("`L_SJ'") ///
>         legend(off) ///
>         `GBASE' `GRIDXY'

.     graph export "$FIGPDF/11_classic_logit_curve_share_vs_utility.pdf", replace
file C:\Users\B03531855158\Documents\Replication\Códigos_Lista3\2a
    Forma/outputs/stata/figures/pdf/11_classic_logit_curve_share_vs_utility.pdf saved as PDF format

.     graph export "$FIGPNG/11_classic_logit_curve_share_vs_utility.png", replace width(2800)
(file C:\Users\B03531855158\Documents\Replication\Códigos_Lista3\2a
    Forma/outputs/stata/figures/png/11_classic_logit_curve_share_vs_utility.png not found)
file C:\Users\B03531855158\Documents\Replication\Códigos_Lista3\2a
    Forma/outputs/stata/figures/png/11_classic_logit_curve_share_vs_utility.png saved as PNG format

. restore

. 
. * 12. Share previsto contra preço simulado do produto focal.
. scalar p_low = max(0.01, 0.5*focal_price)

. scalar p_high = 1.5*focal_price

. preserve

.     clear

.     set obs 250
Number of observations (_N) was 0, now 250.

.     gen price_grid = p_low + (_n - 1)*((p_high - p_low)/249)

.     gen v_price = focal_v_intercept_plot + price_slope_plot*price_grid

.     gen share_pred = exp(v_price)/(C_focal + exp(v_price))

.     twoway (line share_pred price_grid, lcolor(navy) lwidth(medthick)), ///
>         title("Resposta do share ao preço - produto focal", size(medsmall) color(black)) ///
>         xtitle("`L_PRICEJ'") ///
>         ytitle("`L_SJ'") ///
>         note("`note_slope'", size(vsmall)) ///
>         legend(off) ///
>         `GBASE' `GRIDXY'

.     graph export "$FIGPDF/12_focal_product_share_vs_price.pdf", replace
file C:\Users\B03531855158\Documents\Replication\Códigos_Lista3\2a
    Forma/outputs/stata/figures/pdf/12_focal_product_share_vs_price.pdf saved as PDF format

.     graph export "$FIGPNG/12_focal_product_share_vs_price.png", replace width(2800)
(file C:\Users\B03531855158\Documents\Replication\Códigos_Lista3\2a
    Forma/outputs/stata/figures/png/12_focal_product_share_vs_price.png not found)
file C:\Users\B03531855158\Documents\Replication\Códigos_Lista3\2a
    Forma/outputs/stata/figures/png/12_focal_product_share_vs_price.png saved as PNG format

. restore

. 
. * 13. Efeito marginal ds_j/dp_j ao longo da curva simulada de preço.
. preserve

.     clear

.     set obs 250
Number of observations (_N) was 0, now 250.

.     gen price_grid = p_low + (_n - 1)*((p_high - p_low)/249)

.     gen v_price = focal_v_intercept_plot + price_slope_plot*price_grid

.     gen share_pred = exp(v_price)/(C_focal + exp(v_price))

. 
.     * Efeito marginal próprio: ds_j/dp_j = (-alpha)*s_j*(1-s_j).
.     * Aqui usamos o alpha estimado, sem abs() e sem impor sinal.
.     gen marginal_effect = price_slope_plot*share_pred*(1-share_pred)

. 
.     twoway (line marginal_effect price_grid, lcolor(cranberry) lwidth(medthick)), ///
>         title("Efeito marginal do preço - produto focal", size(medsmall) color(black)) ///
>         xtitle("`L_PRICEJ'") ///
>         ytitle("`L_DSDP'") ///
>         note("`note_slope'", size(vsmall)) ///
>         legend(off) ///
>         `GBASE' `GRIDXY'

.     graph export "$FIGPDF/13_focal_product_marginal_effect_vs_price.pdf", replace
file C:\Users\B03531855158\Documents\Replication\Códigos_Lista3\2a
    Forma/outputs/stata/figures/pdf/13_focal_product_marginal_effect_vs_price.pdf saved as PDF format

.     graph export "$FIGPNG/13_focal_product_marginal_effect_vs_price.png", replace width(2800)
(file C:\Users\B03531855158\Documents\Replication\Códigos_Lista3\2a
    Forma/outputs/stata/figures/png/13_focal_product_marginal_effect_vs_price.png not found)
file C:\Users\B03531855158\Documents\Replication\Códigos_Lista3\2a
    Forma/outputs/stata/figures/png/13_focal_product_marginal_effect_vs_price.png saved as PNG format

. restore

. 
. * 14. Share observado versus share previsto pelo logit simples.
. summarize share share_pred_logit, meanonly

. local lo = min(r(min), r(min))

. quietly summarize share

. local min_obs = r(min)

. local max_obs = r(max)

. quietly summarize share_pred_logit

. local min_pred = r(min)

. local max_pred = r(max)

. local lo = min(`min_obs', `min_pred')

. local hi = max(`max_obs', `max_pred')

. twoway (scatter share share_pred_logit, msymbol(circle) mcolor(navy)) ///
>        (function y=x, range(`lo' `hi') lcolor(cranberry) lpattern(dash) lwidth(medthick)), ///
>     title("Share observado versus previsto", size(medsmall) color(black)) ///
>     xtitle("`L_SJ'") ///
>     ytitle("`L_SOBS'") ///
>     legend(off) ///
>     `GBASE' `GRIDXY'

. graph export "$FIGPDF/14_observed_vs_predicted_shares_simple_logit.pdf", replace
file C:\Users\B03531855158\Documents\Replication\Códigos_Lista3\2a
    Forma/outputs/stata/figures/pdf/14_observed_vs_predicted_shares_simple_logit.pdf saved as PDF format

. graph export "$FIGPNG/14_observed_vs_predicted_shares_simple_logit.png", replace width(2800)
(file C:\Users\B03531855158\Documents\Replication\Códigos_Lista3\2a
    Forma/outputs/stata/figures/png/14_observed_vs_predicted_shares_simple_logit.png not found)
file C:\Users\B03531855158\Documents\Replication\Códigos_Lista3\2a
    Forma/outputs/stata/figures/png/14_observed_vs_predicted_shares_simple_logit.png saved as PNG format

. 
. * 15. Histograma dos resíduos estruturais com curva de densidade kernel.
. histogram xi_gmm_both, density kdensity ///
>     fcolor(navy) lcolor(white) ///
>     kdenopts(lcolor(cranberry) lwidth(medthick)) ///
>     xline(0, `ZERO_LINE') ///
>     title("Distribuição dos resíduos estruturais ({&xi}{subscript:j})", size(medsmall) color(black)) ///
>     xtitle("`L_XI'") ///
>     ytitle("Densidade") ///
>     `GBASE' `GRIDXY'
(bin=7, start=-1.1600891, width=.55462224)

. graph export "$FIGPDF/15_structural_residual_hist_density.pdf", replace
file C:\Users\B03531855158\Documents\Replication\Códigos_Lista3\2a
    Forma/outputs/stata/figures/pdf/15_structural_residual_hist_density.pdf saved as PDF format

. graph export "$FIGPNG/15_structural_residual_hist_density.png", replace width(2800)
(file C:\Users\B03531855158\Documents\Replication\Códigos_Lista3\2a
    Forma/outputs/stata/figures/png/15_structural_residual_hist_density.png not found)
file C:\Users\B03531855158\Documents\Replication\Códigos_Lista3\2a
    Forma/outputs/stata/figures/png/15_structural_residual_hist_density.png saved as PNG format

. 
. * 16. QQ plot dos resíduos estruturais.
. qnorm xi_gmm_both, ///
>     mcolor(navy) msymbol(circle) ///
>     rlopts(lcolor(cranberry) lwidth(medthick)) ///
>     title("QQ plot dos resíduos estruturais ({&xi}{subscript:j})", size(medsmall) color(black)) ///
>     ytitle("Quantis de {&xi}{subscript:j}") ///
>     xtitle("Quantis teóricos normais") ///
>     `GBASE' `GRIDXY'

. graph export "$FIGPDF/16_structural_residual_qqplot.pdf", replace
file C:\Users\B03531855158\Documents\Replication\Códigos_Lista3\2a
    Forma/outputs/stata/figures/pdf/16_structural_residual_qqplot.pdf saved as PDF format

. graph export "$FIGPNG/16_structural_residual_qqplot.png", replace width(2800)
(file C:\Users\B03531855158\Documents\Replication\Códigos_Lista3\2a
    Forma/outputs/stata/figures/png/16_structural_residual_qqplot.png not found)
file C:\Users\B03531855158\Documents\Replication\Códigos_Lista3\2a
    Forma/outputs/stata/figures/png/16_structural_residual_qqplot.png saved as PNG format

. 
. * 17. Curvas de resposta ao preço dos cinco maiores produtos.
. preserve

.     keep product share price v_no_price vhat_logit v_intercept_plot expv_logit

.     gsort -share

.     keep in 1/5
(45 observations deleted)

.     gen id = _n

.     gen C_i = 1 + total_exp_scalar - expv_logit

.     tempfile top5_logit

.     save `top5_logit', replace
(file C:\Users\B03531~1\AppData\Local\Temp\21\ST_3a48_000006.tmp not found)
file C:\Users\B03531~1\AppData\Local\Temp\21\ST_3a48_000006.tmp saved as .dta format

. 
.     clear

.     set obs 200
Number of observations (_N) was 0, now 200.

.     gen grid_id = _n

.     gen grid_scale = 0.5 + (_n - 1)*(1/199)

.     tempfile grid_logit

.     save `grid_logit', replace
(file C:\Users\B03531~1\AppData\Local\Temp\21\ST_3a48_000007.tmp not found)
file C:\Users\B03531~1\AppData\Local\Temp\21\ST_3a48_000007.tmp saved as .dta format

. 
.     use `top5_logit', clear

.     cross using `grid_logit'

.     gen price_grid = price*grid_scale

.     gen v_grid = v_intercept_plot + price_slope_plot*price_grid

.     gen share_grid = exp(v_grid)/(C_i + exp(v_grid))

. 
.     twoway ///
>         (line share_grid price_grid if id==1, sort lcolor(navy) lwidth(medthick)) ///
>         (line share_grid price_grid if id==2, sort lcolor(cranberry) lwidth(medthick)) ///
>         (line share_grid price_grid if id==3, sort lcolor(forest_green) lwidth(medthick)) ///
>         (line share_grid price_grid if id==4, sort lcolor(dkorange) lwidth(medthick)) ///
>         (line share_grid price_grid if id==5, sort lcolor(purple) lwidth(medthick)), ///
>         title("Curvas de resposta ao preço - top 5 produtos", size(medsmall) color(black)) ///
>         xtitle("Preço simulado ({it:p}{subscript:j})") ///
>         ytitle("`L_SJ'") ///
>         note("`note_slope'", size(vsmall)) ///
>         legend(order(1 "Produto 1" 2 "Produto 2" 3 "Produto 3" 4 "Produto 4" 5 "Produto 5") position(3) ring(1) cols(1
> ) region(lcolor(none) fcolor(none)) size(small)) ///
>         `GBASE' `GRIDXY'

.     graph export "$FIGPDF/17_price_response_curves_top5_products.pdf", replace
file C:\Users\B03531855158\Documents\Replication\Códigos_Lista3\2a
    Forma/outputs/stata/figures/pdf/17_price_response_curves_top5_products.pdf saved as PDF format

.     graph export "$FIGPNG/17_price_response_curves_top5_products.png", replace width(2800)
(file C:\Users\B03531855158\Documents\Replication\Códigos_Lista3\2a
    Forma/outputs/stata/figures/png/17_price_response_curves_top5_products.png not found)
file C:\Users\B03531855158\Documents\Replication\Códigos_Lista3\2a
    Forma/outputs/stata/figures/png/17_price_response_curves_top5_products.png saved as PNG format

. restore

. 
end of do-file

. do "$ROOT/stata/07_extra_visualizations.do"

. /****************************************************************************************
> COMENTÁRIOS DETALHADOS
> - Este script replica em Stata as visualizações extras da rotina Python.
> - extra_01 e extra_02 agregam market shares por firma e por nest.
> - extra_03 resume características médias por segmento para cals, fat e sugar.
> - extra_04 transforma a matriz de correlação dos instrumentos em uma grade visual.
> - extra_05 e extra_06 usam resíduos estruturais do GMM principal para diagnóstico.
> - extra_07 compara preço observado e preço ajustado no primeiro estágio.
> ****************************************************************************************/
. /****************************************************************************************
> 07 - Visualizações extras para enriquecer a resposta com tema visual aplicado
> ****************************************************************************************/
. 
. 
. /****************************************************************************************
> Rótulos matemáticos para gráficos do Stata via SMCL.
> ****************************************************************************************/
. local L_XI `"{&xi}{subscript:j} estimado"'

. local L_SHARE_AGG `"Market share agregado"'

. 
. /****************************************************************************************
> Tema visual dos gráficos
> - Inspirado no arquivo de referência enviado: fundo branco, grade cinza clara tracejada,
>   pontos azul-escuro, linhas de ajuste em vermelho/cranberry e legenda à direita quando útil.
> - As macros abaixo são usadas em todos os gráficos deste script.
> ****************************************************************************************/
. set scheme s1color

. capture graph set window fontface "Arial"

. 
. * Template visual fixo, copiado do padrão do gráfico de referência:
. * fundo branco, grade cinza clara tracejada, pontos navy,
. * linha de ajuste cranberry e linha zero preta tracejada.
. local GBASE `"scheme(s1color) graphregion(color(white)) plotregion(color(white) lcolor(none)) bgcolor(white)"'

. local GRIDXY `"xlabel(, labsize(small) grid glcolor(gs14) glpattern(dash)) ylabel(, labsize(small) angle(horizontal) g
> rid glcolor(gs14) glpattern(dash))"'

. local GRIDHBAR `"ylabel(, labsize(small) grid glcolor(gs14) glpattern(dash))"'

. local GRIDY  `"ylabel(, labsize(small) angle(horizontal) grid glcolor(gs14) glpattern(dash))"'

. local GRIDX  `"xlabel(, labsize(small) grid glcolor(gs14) glpattern(dash))"'

. local LEGEND_RIGHT `"legend(position(3) ring(1) cols(1) region(lcolor(none) fcolor(none)) size(small))"'

. local LEGEND_BOTTOM `"legend(rows(1) region(lcolor(none) fcolor(none)) size(small))"'

. local ZERO_LINE `"lcolor(black) lpattern(dash) lwidth(medthin)"'

. 
. 
. use "$OUTDATA/prepared_data_stata.dta", clear

. 
. * extra_01: concentração de market share por firma.
. preserve

.     collapse (sum) share, by(firm)

.     graph hbar share, over(firm, sort(share) descending label(labsize(vsmall))) ///
>         title("Concentração de market share por firma", size(medsmall) color(black)) ///
>         ytitle("`L_SHARE_AGG'") ///
>         bar(1, fcolor(navy) lcolor(navy)) ///
>         `GBASE' `GRIDHBAR'

.     graph export "$FIGPDF/extra_01_firm_share_concentration.pdf", replace
file C:\Users\B03531855158\Documents\Replication\Códigos_Lista3\2a
    Forma/outputs/stata/figures/pdf/extra_01_firm_share_concentration.pdf saved as PDF format

.     graph export "$FIGPNG/extra_01_firm_share_concentration.png", replace width(2800)
(file C:\Users\B03531855158\Documents\Replication\Códigos_Lista3\2a
    Forma/outputs/stata/figures/png/extra_01_firm_share_concentration.png not found)
file C:\Users\B03531855158\Documents\Replication\Códigos_Lista3\2a
    Forma/outputs/stata/figures/png/extra_01_firm_share_concentration.png saved as PNG format

. restore

. 
. * extra_02: tamanho dos nests/segmentos.
. preserve

.     collapse (sum) share, by(segment)

.     graph bar share, over(segment, label(labsize(small))) ///
>         title("Tamanho dos nests", size(medsmall) color(black)) ///
>         ytitle("`L_SHARE_AGG'") ///
>         bar(1, fcolor(navy) lcolor(navy)) ///
>         `GBASE' `GRIDY'

.     graph export "$FIGPDF/extra_02_nest_sizes.pdf", replace
file C:\Users\B03531855158\Documents\Replication\Códigos_Lista3\2a
    Forma/outputs/stata/figures/pdf/extra_02_nest_sizes.pdf saved as PDF format

.     graph export "$FIGPNG/extra_02_nest_sizes.png", replace width(2800)
(file C:\Users\B03531855158\Documents\Replication\Códigos_Lista3\2a
    Forma/outputs/stata/figures/png/extra_02_nest_sizes.png not found)
file C:\Users\B03531855158\Documents\Replication\Códigos_Lista3\2a
    Forma/outputs/stata/figures/png/extra_02_nest_sizes.png saved as PNG format

. restore

. 
. * extra_03: médias de características por segmento.
. foreach x in cals fat sugar {
  2.     preserve
  3.         collapse (mean) `x', by(segment)
  4.         graph bar `x', over(segment, label(labsize(small))) ///
>             title("Média de `x' por segmento", size(medsmall) color(black)) ///
>             ytitle("`x'") ///
>             bar(1, fcolor(navy) lcolor(navy)) ///
>             `GBASE' `GRIDY'
  5.         graph export "$FIGPDF/extra_03_mean_`x'_by_segment.pdf", replace
  6.         graph export "$FIGPNG/extra_03_mean_`x'_by_segment.png", replace width(2800)
  7.     restore
  8. }
file C:\Users\B03531855158\Documents\Replication\Códigos_Lista3\2a
    Forma/outputs/stata/figures/pdf/extra_03_mean_cals_by_segment.pdf saved as PDF format
(file C:\Users\B03531855158\Documents\Replication\Códigos_Lista3\2a
    Forma/outputs/stata/figures/png/extra_03_mean_cals_by_segment.png not found)
file C:\Users\B03531855158\Documents\Replication\Códigos_Lista3\2a
    Forma/outputs/stata/figures/png/extra_03_mean_cals_by_segment.png saved as PNG format
file C:\Users\B03531855158\Documents\Replication\Códigos_Lista3\2a
    Forma/outputs/stata/figures/pdf/extra_03_mean_fat_by_segment.pdf saved as PDF format
(file C:\Users\B03531855158\Documents\Replication\Códigos_Lista3\2a
    Forma/outputs/stata/figures/png/extra_03_mean_fat_by_segment.png not found)
file C:\Users\B03531855158\Documents\Replication\Códigos_Lista3\2a
    Forma/outputs/stata/figures/png/extra_03_mean_fat_by_segment.png saved as PNG format
file C:\Users\B03531855158\Documents\Replication\Códigos_Lista3\2a
    Forma/outputs/stata/figures/pdf/extra_03_mean_sugar_by_segment.pdf saved as PDF format
(file C:\Users\B03531855158\Documents\Replication\Códigos_Lista3\2a
    Forma/outputs/stata/figures/png/extra_03_mean_sugar_by_segment.png not found)
file C:\Users\B03531855158\Documents\Replication\Códigos_Lista3\2a
    Forma/outputs/stata/figures/png/extra_03_mean_sugar_by_segment.png saved as PNG format

. 
. * extra_04: correlação entre instrumentos excluídos.
. global ZOWN "own_cals own_fat own_sugar"

. global ZRIVAL "rival_cals rival_fat rival_sugar"

. global ZNEST "n_same_nest_other n_rival_nest nest_own_cals nest_own_fat nest_own_sugar nest_rival_cals nest_rival_fat 
> nest_rival_sugar"

. global ZNESTALL "$ZOWN $ZRIVAL $ZNEST"

. corr $ZNESTALL
(obs=50)

             | own_cals  own_fat own_su~r rival_~s rival_~t rival_~r n_same~r n_riva~t nest_o~s nest_o~t nest_o~r
-------------+---------------------------------------------------------------------------------------------------
    own_cals |   1.0000
     own_fat |   0.8873   1.0000
   own_sugar |   0.9911   0.9274   1.0000
  rival_cals |  -0.9988  -0.8853  -0.9911   1.0000
   rival_fat |  -0.8695  -0.9860  -0.9169   0.8731   1.0000
 rival_sugar |  -0.9900  -0.9303  -0.9969   0.9918   0.9246   1.0000
n_same_nes~r |  -0.2789  -0.3724  -0.2673   0.2590   0.3243   0.2844   1.0000
n_rival_nest |   0.2789   0.3724   0.2673  -0.2590  -0.3243  -0.2844  -1.0000   1.0000
nest_own_c~s |  -0.2666  -0.3660  -0.2560   0.2476   0.3212   0.2748   0.9990  -0.9990   1.0000
nest_own_fat |  -0.2830  -0.3742  -0.2744   0.2660   0.3396   0.2939   0.9951  -0.9951   0.9940   1.0000
nest_own_s~r |  -0.3008  -0.3839  -0.2854   0.2857   0.3454   0.3113   0.9871  -0.9871   0.9853   0.9921   1.0000
nest_rival~s |   0.2723   0.3698   0.2611  -0.2521  -0.3219  -0.2784  -0.9993   0.9993  -0.9996  -0.9926  -0.9829
nest_rival~t |   0.2877   0.3753   0.2756  -0.2682  -0.3270  -0.2922  -0.9986   0.9986  -0.9959  -0.9964  -0.9907
nest_rival~r |   0.2963   0.3772   0.2837  -0.2774  -0.3288  -0.2998  -0.9940   0.9940  -0.9893  -0.9947  -0.9915

             | nest_r~s nest_r~t nest_r~r
-------------+---------------------------
nest_rival~s |   1.0000
nest_rival~t |   0.9960   1.0000
nest_rival~r |   0.9893   0.9984   1.0000


. matrix C = r(C)

. clear

. svmat C, names(c)
number of observations will be reset to 14
Press any key to continue, or Break to abort
Number of observations (_N) was 0, now 14.

. gen row = _n

. reshape long c, i(row) j(col)
(j = 1 2 3 4 5 6 7 8 9 10 11 12 13 14)

Data                               Wide   ->   Long
-----------------------------------------------------------------------------
Number of observations               14   ->   196         
Number of variables                  15   ->   3           
j variable (14 values)                    ->   col
xij variables:
                          c1 c2 ... c14   ->   c
-----------------------------------------------------------------------------

. gen label_c = string(c, "%4.2f")

. twoway (scatter row col, msymbol(square) msize(large) mcolor(navy)) ///
>        (scatter row col, msymbol(none) mlabel(label_c) mlabsize(tiny) mlabcolor(white)), ///
>        title("Correlação entre instrumentos excluídos", size(medsmall) color(black)) ///
>        xtitle("Instrumento") ytitle("Instrumento") ///
>        xlabel(1(1)14, labsize(vsmall) grid glcolor(gs14) glpattern(dash)) ///
>        ylabel(1(1)14, labsize(vsmall) grid glcolor(gs14) glpattern(dash)) ///
>        legend(off) ///
>        `GBASE'

. graph export "$FIGPDF/extra_04_instrument_correlation_matrix.pdf", replace
file C:\Users\B03531855158\Documents\Replication\Códigos_Lista3\2a
    Forma/outputs/stata/figures/pdf/extra_04_instrument_correlation_matrix.pdf saved as PDF format

. graph export "$FIGPNG/extra_04_instrument_correlation_matrix.png", replace width(2800)
(file C:\Users\B03531855158\Documents\Replication\Códigos_Lista3\2a
    Forma/outputs/stata/figures/png/extra_04_instrument_correlation_matrix.png not found)
file C:\Users\B03531855158\Documents\Replication\Códigos_Lista3\2a
    Forma/outputs/stata/figures/png/extra_04_instrument_correlation_matrix.png saved as PNG format

. 
. * extra_05: resíduos estruturais contra preço.
. use "$OUTDATA/stata_after_simple_gmm.dta", clear

. twoway (scatter xi_gmm_both price, msymbol(circle) mcolor(navy)) ///
>        (lowess xi_gmm_both price, lcolor(cranberry) lwidth(medthick)), ///
>     yline(0, `ZERO_LINE') ///
>     title("Resíduos estruturais ({&xi}{subscript:j}) e preço", size(medsmall) color(black)) ///
>     subtitle("Com curva de ajuste não linear LOWESS", size(small) color(black)) ///
>     xtitle("Preço de transação") ///
>     ytitle("`L_XI'") ///
>     legend(order(1 "Resíduos estruturais" 2 "Ajuste não linear LOWESS") position(3) ring(1) cols(1) region(lcolor(none
> ) fcolor(none)) size(small)) ///
>     `GBASE' `GRIDXY'

. graph export "$FIGPDF/extra_05_structural_residuals_vs_price.pdf", replace
file C:\Users\B03531855158\Documents\Replication\Códigos_Lista3\2a
    Forma/outputs/stata/figures/pdf/extra_05_structural_residuals_vs_price.pdf saved as PDF format

. graph export "$FIGPNG/extra_05_structural_residuals_vs_price.png", replace width(2800)
(file C:\Users\B03531855158\Documents\Replication\Códigos_Lista3\2a
    Forma/outputs/stata/figures/png/extra_05_structural_residuals_vs_price.png not found)
file C:\Users\B03531855158\Documents\Replication\Códigos_Lista3\2a
    Forma/outputs/stata/figures/png/extra_05_structural_residuals_vs_price.png saved as PNG format

. 
. * extra_06: resíduos estruturais por firma.
. graph box xi_gmm_both, over(firm, label(labsize(vsmall))) ///
>     yline(0, `ZERO_LINE') ///
>     title("Resíduos estruturais ({&xi}{subscript:j}) por firma", size(medsmall) color(black)) ///
>     ytitle("`L_XI'") ///
>     box(1, fcolor(navy) lcolor(navy)) ///
>     marker(1, mcolor(navy)) ///
>     `GBASE' `GRIDY'

. graph export "$FIGPDF/extra_06_structural_residuals_by_firm.pdf", replace
file C:\Users\B03531855158\Documents\Replication\Códigos_Lista3\2a
    Forma/outputs/stata/figures/pdf/extra_06_structural_residuals_by_firm.pdf saved as PDF format

. graph export "$FIGPNG/extra_06_structural_residuals_by_firm.png", replace width(2800)
(file C:\Users\B03531855158\Documents\Replication\Códigos_Lista3\2a
    Forma/outputs/stata/figures/png/extra_06_structural_residuals_by_firm.png not found)
file C:\Users\B03531855158\Documents\Replication\Códigos_Lista3\2a
    Forma/outputs/stata/figures/png/extra_06_structural_residuals_by_firm.png saved as PNG format

. 
. * extra_07: primeiro estágio, preço observado versus ajustado.
. * A regressão é feita para neg_price=-price, e o ajustado é convertido de volta para preço.
. use "$OUTDATA/prepared_data_stata.dta", clear

. capture drop neg_price

. capture drop neg_price_hat price_hat

. gen double neg_price = -price

. global ZBOTH "$ZOWN $ZRIVAL"

. reg neg_price $XVARS $ZBOTH
note: cals omitted because of collinearity.
note: fat omitted because of collinearity.
note: rival_sugar omitted because of collinearity.

      Source |       SS           df       MS      Number of obs   =        50
-------------+----------------------------------   F(6, 43)        =      1.59
       Model |  2.14589991         6  .357649986   Prob > F        =    0.1744
    Residual |  9.69435009        43  .225450002   R-squared       =    0.1812
-------------+----------------------------------   Adj R-squared   =    0.0670
       Total |    11.84025        49  .241637755   Root MSE        =    .47482

------------------------------------------------------------------------------
   neg_price | Coefficient  Std. err.      t    P>|t|     [95% conf. interval]
-------------+----------------------------------------------------------------
        cals |          0  (omitted)
         fat |          0  (omitted)
       sugar |  -.0231264   .0248398    -0.93   0.357    -.0732206    .0269677
    own_cals |    -.00368   .0025404    -1.45   0.155    -.0088032    .0014432
     own_fat |   .0368122   .0589171     0.62   0.535    -.0820055    .1556299
   own_sugar |  -.0191069   .0236848    -0.81   0.424    -.0668719     .028658
  rival_cals |  -.0047293    .002801    -1.69   0.099     -.010378    .0009195
   rival_fat |   .0025582   .0704447     0.04   0.971    -.1395072    .1446236
 rival_sugar |          0  (omitted)
       _cons |   30.79941   19.59761     1.57   0.123    -8.722936    70.32175
------------------------------------------------------------------------------

. predict neg_price_hat, xb

. gen double price_hat = -neg_price_hat

. summarize price price_hat

    Variable |        Obs        Mean    Std. dev.       Min        Max
-------------+---------------------------------------------------------
       price |         50       2.983    .4915666       1.77       3.96
   price_hat |         50       2.983    .2092699    2.41952   3.198495

. local lo = min(r(min), r(min))

. quietly summarize price

. local minp = r(min)

. local maxp = r(max)

. quietly summarize price_hat

. local minh = r(min)

. local maxh = r(max)

. local lo = min(`minp', `minh')

. local hi = max(`maxp', `maxh')

. twoway (scatter price_hat price, msymbol(circle) mcolor(navy)) ///
>        (function y=x, range(`lo' `hi') lcolor(cranberry) lpattern(dash) lwidth(medthick)), ///
>     title("Primeiro estágio: preço observado vs ajustado", size(medsmall) color(black)) ///
>     xtitle("Preço observado") ///
>     ytitle("Preço ajustado no primeiro estágio") ///
>     legend(off) ///
>     `GBASE' `GRIDXY'

. graph export "$FIGPDF/extra_07_first_stage_price_fit.pdf", replace
file C:\Users\B03531855158\Documents\Replication\Códigos_Lista3\2a
    Forma/outputs/stata/figures/pdf/extra_07_first_stage_price_fit.pdf saved as PDF format

. graph export "$FIGPNG/extra_07_first_stage_price_fit.png", replace width(2800)
(file C:\Users\B03531855158\Documents\Replication\Códigos_Lista3\2a
    Forma/outputs/stata/figures/png/extra_07_first_stage_price_fit.png not found)
file C:\Users\B03531855158\Documents\Replication\Códigos_Lista3\2a
    Forma/outputs/stata/figures/png/extra_07_first_stage_price_fit.png saved as PNG format

. 
end of do-file

. 
. display "#########################################################################"
#########################################################################

. display "#                            FIM                                        #"
#                            FIM                                        #

. display "#########################################################################"
#########################################################################

. 
. log close
      name:  <unnamed>
       log:  C:\Users\B03531855158\Documents\Replication\Códigos_Lista3\2a Forma/outputs/stata/logs/run_all_stata.log
  log type:  text
 closed on:  11 Jun 2026, 12:21:06
------------------------------------------------------------------------------------------------------------------------
