row_product,column_product,elasticity
CornFlakes,CornFlakes,2.0085904082194546
Cheerios,CornFlakes,-0.1207326154415807
RiceKrispies,CornFlakes,-0.1207326154415807
FrostedFlakes,CornFlakes,-0.1207326154415807
RaisinBran,CornFlakes,-0.1207326154415807
Total,CornFlakes,-0.1207326154415807
HoneyNutCheerios,CornFlakes,-0.1207326154415807
SpecialK,CornFlakes,-0.1207326154415807
GrapeNuts,CornFlakes,-0.1207326154415807
SpoonSizeShdWt,CornFlakes,-0.1207326154415807
100%Natural,CornFlakes,-0.1207326154415807
FrostedMiniWheats,CornFlakes,-0.1207326154415807
NutriGrain,CornFlakes,-0.1207326154415807
Mueslix,CornFlakes,-0.1207326154415807
Wheaties,CornFlakes,-0.1207326154415807
RaisinBran,CornFlakes,-0.1207326154415807
Muesli,CornFlakes,-0.1207326154415807
CornPops,CornFlakes,-0.1207326154415807
RaisinNutBran,CornFlakes,-0.1207326154415807
Basic4,CornFlakes,-0.1207326154415807
CocoaPus,CornFlakes,-0.1207326154415807
GoldenGrahams,CornFlakes,-0.1207326154415807
Cinn.ToastCrunch,CornFlakes,-0.1207326154415807
FrootLoops,CornFlakes,-0.1207326154415807
LowFatGranola,CornFlakes,-0.1207326154415807
Trix,CornFlakes,-0.1207326154415807
Triples,CornFlakes,-0.1207326154415807
Crispix,CornFlakes,-0.1207326154415807
Kix,CornFlakes,-0.1207326154415807
LuckyCharms,CornFlakes,-0.1207326154415807
AppleCinn.Cheerios,CornFlakes,-0.1207326154415807
CracklinOatBran,CornFlakes,-0.1207326154415807
BigBiscuitShdWt,CornFlakes,-0.1207326154415807
HoneyBunchesofOats,CornFlakes,-0.1207326154415807
GreatGraines,CornFlakes,-0.1207326154415807
OtmlRaisinCrisp,CornFlakes,-0.1207326154415807
OatSquares,CornFlakes,-0.1207326154415807
RiceChex,CornFlakes,-0.1207326154415807
TotalRaisinBran,CornFlakes,-0.1207326154415807
Product19,CornFlakes,-0.1207326154415807
AppleJacks,CornFlakes,-0.1207326154415807
CaptCrunch,CornFlakes,-0.1207326154415807
ShreddedWheat,CornFlakes,-0.1207326154415807
FruityPebbles,CornFlakes,-0.1207326154415807
Clusters,CornFlakes,-0.1207326154415807
CinnamonMiniBuns,CornFlakes,-0.1207326154415807
DoubleDipCrunch,CornFlakes,-0.1207326154415807
MultiGrainCheerios,CornFlakes,-0.1207326154415807
Honeycomb,CornFlakes,-0.1207326154415807
Popeye,CornFlakes,-0.1207326154415807
CornFlakes,Cheerios,-0.16282615528114727
Cheerios,Cheerios,3.554665974425412
RiceKrispies,Cheerios,-0.16282615528114727
FrostedFlakes,Cheerios,-0.16282615528114727
RaisinBran,Cheerios,-0.16282615528114727
Total,Cheerios,-0.16282615528114727
HoneyNutCheerios,Cheerios,-0.16282615528114727
SpecialK,Cheerios,-0.16282615528114727
GrapeNuts,Cheerios,-0.16282615528114727
SpoonSizeShdWt,Cheerios,-0.16282615528114727
100%Natural,Cheerios,-0.16282615528114727
FrostedMiniWheats,Cheerios,-0.16282615528114727
NutriGrain,Cheerios,-0.16282615528114727
Mueslix,Cheerios,-0.16282615528114727
Wheaties,Cheerios,-0.16282615528114727
RaisinBran,Cheerios,-0.16282615528114727
Muesli,Cheerios,-0.16282615528114727
CornPops,Cheerios,-0.16282615528114727
RaisinNutBran,Cheerios,-0.16282615528114727
Basic4,Cheerios,-0.16282615528114727
CocoaPus,Cheerios,-0.16282615528114727
GoldenGrahams,Cheerios,-0.16282615528114727
Cinn.ToastCrunch,Cheerios,-0.16282615528114727
FrootLoops,Cheerios,-0.16282615528114727
LowFatGranola,Cheerios,-0.16282615528114727
Trix,Cheerios,-0.16282615528114727
Triples,Cheerios,-0.16282615528114727
Crispix,Cheerios,-0.16282615528114727
Kix,Cheerios,-0.16282615528114727
LuckyCharms,Cheerios,-0.16282615528114727
AppleCinn.Cheerios,Cheerios,-0.16282615528114727
CracklinOatBran,Cheerios,-0.16282615528114727
BigBiscuitShdWt,Cheerios,-0.16282615528114727
HoneyBunchesofOats,Cheerios,-0.16282615528114727
GreatGraines,Cheerios,-0.16282615528114727
OtmlRaisinCrisp,Cheerios,-0.16282615528114727
OatSquares,Cheerios,-0.16282615528114727
RiceChex,Cheerios,-0.16282615528114727
TotalRaisinBran,Cheerios,-0.16282615528114727
Product19,Cheerios,-0.16282615528114727
AppleJacks,Cheerios,-0.16282615528114727
CaptCrunch,Cheerios,-0.16282615528114727
ShreddedWheat,Cheerios,-0.16282615528114727
FruityPebbles,Cheerios,-0.16282615528114727
Clusters,Cheerios,-0.16282615528114727
CinnamonMiniBuns,Cheerios,-0.16282615528114727
DoubleDipCrunch,Cheerios,-0.16282615528114727
MultiGrainCheerios,Cheerios,-0.16282615528114727
Honeycomb,Cheerios,-0.16282615528114727
Popeye,Cheerios,-0.16282615528114727
CornFlakes,RiceKrispies,-0.1406811958350725
Cheerios,RiceKrispies,-0.1406811958350725
RiceKrispies,RiceKrispies,3.341526621864742
FrostedFlakes,RiceKrispies,-0.1406811958350725
RaisinBran,RiceKrispies,-0.1406811958350725
Total,RiceKrispies,-0.1406811958350725
HoneyNutCheerios,RiceKrispies,-0.1406811958350725
SpecialK,RiceKrispies,-0.1406811958350725
GrapeNuts,RiceKrispies,-0.1406811958350725
SpoonSizeShdWt,RiceKrispies,-0.1406811958350725
100%Natural,RiceKrispies,-0.1406811958350725
FrostedMiniWheats,RiceKrispies,-0.1406811958350725
NutriGrain,RiceKrispies,-0.1406811958350725
Mueslix,RiceKrispies,-0.1406811958350725
Wheaties,RiceKrispies,-0.1406811958350725
RaisinBran,RiceKrispies,-0.1406811958350725
Muesli,RiceKrispies,-0.1406811958350725
CornPops,RiceKrispies,-0.1406811958350725
RaisinNutBran,RiceKrispies,-0.1406811958350725
Basic4,RiceKrispies,-0.1406811958350725
CocoaPus,RiceKrispies,-0.1406811958350725
GoldenGrahams,RiceKrispies,-0.1406811958350725
Cinn.ToastCrunch,RiceKrispies,-0.1406811958350725
FrootLoops,RiceKrispies,-0.1406811958350725
LowFatGranola,RiceKrispies,-0.1406811958350725
Trix,RiceKrispies,-0.1406811958350725
Triples,RiceKrispies,-0.1406811958350725
Crispix,RiceKrispies,-0.1406811958350725
Kix,RiceKrispies,-0.1406811958350725
LuckyCharms,RiceKrispies,-0.1406811958350725
AppleCinn.Cheerios,RiceKrispies,-0.1406811958350725
CracklinOatBran,RiceKrispies,-0.1406811958350725
BigBiscuitShdWt,RiceKrispies,-0.1406811958350725
HoneyBunchesofOats,RiceKrispies,-0.1406811958350725
GreatGraines,RiceKrispies,-0.1406811958350725
OtmlRaisinCrisp,RiceKrispies,-0.1406811958350725
OatSquares,RiceKrispies,-0.1406811958350725
RiceChex,RiceKrispies,-0.1406811958350725
TotalRaisinBran,RiceKrispies,-0.1406811958350725
Product19,RiceKrispies,-0.1406811958350725
AppleJacks,RiceKrispies,-0.1406811958350725
CaptCrunch,RiceKrispies,-0.1406811958350725
ShreddedWheat,RiceKrispies,-0.1406811958350725
FruityPebbles,RiceKrispies,-0.1406811958350725
Clusters,RiceKrispies,-0.1406811958350725
CinnamonMiniBuns,RiceKrispies,-0.1406811958350725
DoubleDipCrunch,RiceKrispies,-0.1406811958350725
MultiGrainCheerios,RiceKrispies,-0.1406811958350725
Honeycomb,RiceKrispies,-0.1406811958350725
Popeye,RiceKrispies,-0.1406811958350725
CornFlakes,FrostedFlakes,-0.11324704505508612
Cheerios,FrostedFlakes,-0.11324704505508612
RiceKrispies,FrostedFlakes,-0.11324704505508612
FrostedFlakes,FrostedFlakes,2.851335286229891
RaisinBran,FrostedFlakes,-0.11324704505508612
Total,FrostedFlakes,-0.11324704505508612
HoneyNutCheerios,FrostedFlakes,-0.11324704505508612
SpecialK,FrostedFlakes,-0.11324704505508612
GrapeNuts,FrostedFlakes,-0.11324704505508612
SpoonSizeShdWt,FrostedFlakes,-0.11324704505508612
100%Natural,FrostedFlakes,-0.11324704505508612
FrostedMiniWheats,FrostedFlakes,-0.11324704505508612
NutriGrain,FrostedFlakes,-0.11324704505508612
Mueslix,FrostedFlakes,-0.11324704505508612
Wheaties,FrostedFlakes,-0.11324704505508612
RaisinBran,FrostedFlakes,-0.11324704505508612
Muesli,FrostedFlakes,-0.11324704505508612
CornPops,FrostedFlakes,-0.11324704505508612
RaisinNutBran,FrostedFlakes,-0.11324704505508612
Basic4,FrostedFlakes,-0.11324704505508612
CocoaPus,FrostedFlakes,-0.11324704505508612
GoldenGrahams,FrostedFlakes,-0.11324704505508612
Cinn.ToastCrunch,FrostedFlakes,-0.11324704505508612
FrootLoops,FrostedFlakes,-0.11324704505508612
LowFatGranola,FrostedFlakes,-0.11324704505508612
Trix,FrostedFlakes,-0.11324704505508612
Triples,FrostedFlakes,-0.11324704505508612
Crispix,FrostedFlakes,-0.11324704505508612
Kix,FrostedFlakes,-0.11324704505508612
LuckyCharms,FrostedFlakes,-0.11324704505508612
AppleCinn.Cheerios,FrostedFlakes,-0.11324704505508612
CracklinOatBran,FrostedFlakes,-0.11324704505508612
BigBiscuitShdWt,FrostedFlakes,-0.11324704505508612
HoneyBunchesofOats,FrostedFlakes,-0.11324704505508612
GreatGraines,FrostedFlakes,-0.11324704505508612
OtmlRaisinCrisp,FrostedFlakes,-0.11324704505508612
OatSquares,FrostedFlakes,-0.11324704505508612
RiceChex,FrostedFlakes,-0.11324704505508612
TotalRaisinBran,FrostedFlakes,-0.11324704505508612
Product19,FrostedFlakes,-0.11324704505508612
AppleJacks,FrostedFlakes,-0.11324704505508612
CaptCrunch,FrostedFlakes,-0.11324704505508612
ShreddedWheat,FrostedFlakes,-0.11324704505508612
FruityPebbles,FrostedFlakes,-0.11324704505508612
Clusters,FrostedFlakes,-0.11324704505508612
CinnamonMiniBuns,FrostedFlakes,-0.11324704505508612
DoubleDipCrunch,FrostedFlakes,-0.11324704505508612
MultiGrainCheerios,FrostedFlakes,-0.11324704505508612
Honeycomb,FrostedFlakes,-0.11324704505508612
Popeye,FrostedFlakes,-0.11324704505508612
CornFlakes,RaisinBran,-0.07515216209807417
Cheerios,RaisinBran,-0.07515216209807417
RiceKrispies,RaisinBran,-0.07515216209807417
FrostedFlakes,RaisinBran,-0.07515216209807417
RaisinBran,RaisinBran,2.677674288380833
Total,RaisinBran,-0.07515216209807417
HoneyNutCheerios,RaisinBran,-0.07515216209807417
SpecialK,RaisinBran,-0.07515216209807417
GrapeNuts,RaisinBran,-0.07515216209807417
SpoonSizeShdWt,RaisinBran,-0.07515216209807417
100%Natural,RaisinBran,-0.07515216209807417
FrostedMiniWheats,RaisinBran,-0.07515216209807417
NutriGrain,RaisinBran,-0.07515216209807417
Mueslix,RaisinBran,-0.07515216209807417
Wheaties,RaisinBran,-0.07515216209807417
RaisinBran,RaisinBran,-0.07515216209807417
Muesli,RaisinBran,-0.07515216209807417
CornPops,RaisinBran,-0.07515216209807417
RaisinNutBran,RaisinBran,-0.07515216209807417
Basic4,RaisinBran,-0.07515216209807417
CocoaPus,RaisinBran,-0.07515216209807417
GoldenGrahams,RaisinBran,-0.07515216209807417
Cinn.ToastCrunch,RaisinBran,-0.07515216209807417
FrootLoops,RaisinBran,-0.07515216209807417
LowFatGranola,RaisinBran,-0.07515216209807417
Trix,RaisinBran,-0.07515216209807417
Triples,RaisinBran,-0.07515216209807417
Crispix,RaisinBran,-0.07515216209807417
Kix,RaisinBran,-0.07515216209807417
LuckyCharms,RaisinBran,-0.07515216209807417
AppleCinn.Cheerios,RaisinBran,-0.07515216209807417
CracklinOatBran,RaisinBran,-0.07515216209807417
BigBiscuitShdWt,RaisinBran,-0.07515216209807417
HoneyBunchesofOats,RaisinBran,-0.07515216209807417
GreatGraines,RaisinBran,-0.07515216209807417
OtmlRaisinCrisp,RaisinBran,-0.07515216209807417
OatSquares,RaisinBran,-0.07515216209807417
RiceChex,RaisinBran,-0.07515216209807417
TotalRaisinBran,RaisinBran,-0.07515216209807417
Product19,RaisinBran,-0.07515216209807417
AppleJacks,RaisinBran,-0.07515216209807417
CaptCrunch,RaisinBran,-0.07515216209807417
ShreddedWheat,RaisinBran,-0.07515216209807417
FruityPebbles,RaisinBran,-0.07515216209807417
Clusters,RaisinBran,-0.07515216209807417
CinnamonMiniBuns,RaisinBran,-0.07515216209807417
DoubleDipCrunch,RaisinBran,-0.07515216209807417
MultiGrainCheerios,RaisinBran,-0.07515216209807417
Honeycomb,RaisinBran,-0.07515216209807417
Popeye,RaisinBran,-0.07515216209807417
CornFlakes,Total,-0.1002264112286329
Cheerios,Total,-0.1002264112286329
RiceKrispies,Total,-0.1002264112286329
FrostedFlakes,Total,-0.1002264112286329
RaisinBran,Total,-0.1002264112286329
Total,Total,4.146655420493101
HoneyNutCheerios,Total,-0.1002264112286329
SpecialK,Total,-0.1002264112286329
GrapeNuts,Total,-0.1002264112286329
SpoonSizeShdWt,Total,-0.1002264112286329
100%Natural,Total,-0.1002264112286329
FrostedMiniWheats,Total,-0.1002264112286329
NutriGrain,Total,-0.1002264112286329
Mueslix,Total,-0.1002264112286329
Wheaties,Total,-0.1002264112286329
RaisinBran,Total,-0.1002264112286329
Muesli,Total,-0.1002264112286329
CornPops,Total,-0.1002264112286329
RaisinNutBran,Total,-0.1002264112286329
Basic4,Total,-0.1002264112286329
CocoaPus,Total,-0.1002264112286329
GoldenGrahams,Total,-0.1002264112286329
Cinn.ToastCrunch,Total,-0.1002264112286329
FrootLoops,Total,-0.1002264112286329
LowFatGranola,Total,-0.1002264112286329
Trix,Total,-0.1002264112286329
Triples,Total,-0.1002264112286329
Crispix,Total,-0.1002264112286329
Kix,Total,-0.1002264112286329
LuckyCharms,Total,-0.1002264112286329
AppleCinn.Cheerios,Total,-0.1002264112286329
CracklinOatBran,Total,-0.1002264112286329
BigBiscuitShdWt,Total,-0.1002264112286329
HoneyBunchesofOats,Total,-0.1002264112286329
GreatGraines,Total,-0.1002264112286329
OtmlRaisinCrisp,Total,-0.1002264112286329
OatSquares,Total,-0.1002264112286329
RiceChex,Total,-0.1002264112286329
TotalRaisinBran,Total,-0.1002264112286329
Product19,Total,-0.1002264112286329
AppleJacks,Total,-0.1002264112286329
CaptCrunch,Total,-0.1002264112286329
ShreddedWheat,Total,-0.1002264112286329
FruityPebbles,Total,-0.1002264112286329
Clusters,Total,-0.1002264112286329
CinnamonMiniBuns,Total,-0.1002264112286329
DoubleDipCrunch,Total,-0.1002264112286329
MultiGrainCheerios,Total,-0.1002264112286329
Honeycomb,Total,-0.1002264112286329
Popeye,Total,-0.1002264112286329
CornFlakes,HoneyNutCheerios,-0.08348357958623298
Cheerios,HoneyNutCheerios,-0.08348357958623298
RiceKrispies,HoneyNutCheerios,-0.08348357958623298
FrostedFlakes,HoneyNutCheerios,-0.08348357958623298
RaisinBran,HoneyNutCheerios,-0.08348357958623298
Total,HoneyNutCheerios,-0.08348357958623298
HoneyNutCheerios,HoneyNutCheerios,3.6104801189196514
SpecialK,HoneyNutCheerios,-0.08348357958623298
GrapeNuts,HoneyNutCheerios,-0.08348357958623298
SpoonSizeShdWt,HoneyNutCheerios,-0.08348357958623298
100%Natural,HoneyNutCheerios,-0.08348357958623298
FrostedMiniWheats,HoneyNutCheerios,-0.08348357958623298
NutriGrain,HoneyNutCheerios,-0.08348357958623298
Mueslix,HoneyNutCheerios,-0.08348357958623298
Wheaties,HoneyNutCheerios,-0.08348357958623298
RaisinBran,HoneyNutCheerios,-0.08348357958623298
Muesli,HoneyNutCheerios,-0.08348357958623298
CornPops,HoneyNutCheerios,-0.08348357958623298
RaisinNutBran,HoneyNutCheerios,-0.08348357958623298
Basic4,HoneyNutCheerios,-0.08348357958623298
CocoaPus,HoneyNutCheerios,-0.08348357958623298
GoldenGrahams,HoneyNutCheerios,-0.08348357958623298
Cinn.ToastCrunch,HoneyNutCheerios,-0.08348357958623298
FrootLoops,HoneyNutCheerios,-0.08348357958623298
LowFatGranola,HoneyNutCheerios,-0.08348357958623298
Trix,HoneyNutCheerios,-0.08348357958623298
Triples,HoneyNutCheerios,-0.08348357958623298
Crispix,HoneyNutCheerios,-0.08348357958623298
Kix,HoneyNutCheerios,-0.08348357958623298
LuckyCharms,HoneyNutCheerios,-0.08348357958623298
AppleCinn.Cheerios,HoneyNutCheerios,-0.08348357958623298
CracklinOatBran,HoneyNutCheerios,-0.08348357958623298
BigBiscuitShdWt,HoneyNutCheerios,-0.08348357958623298
HoneyBunchesofOats,HoneyNutCheerios,-0.08348357958623298
GreatGraines,HoneyNutCheerios,-0.08348357958623298
OtmlRaisinCrisp,HoneyNutCheerios,-0.08348357958623298
OatSquares,HoneyNutCheerios,-0.08348357958623298
RiceChex,HoneyNutCheerios,-0.08348357958623298
TotalRaisinBran,HoneyNutCheerios,-0.08348357958623298
Product19,HoneyNutCheerios,-0.08348357958623298
AppleJacks,HoneyNutCheerios,-0.08348357958623298
CaptCrunch,HoneyNutCheerios,-0.08348357958623298
ShreddedWheat,HoneyNutCheerios,-0.08348357958623298
FruityPebbles,HoneyNutCheerios,-0.08348357958623298
Clusters,HoneyNutCheerios,-0.08348357958623298
CinnamonMiniBuns,HoneyNutCheerios,-0.08348357958623298
DoubleDipCrunch,HoneyNutCheerios,-0.08348357958623298
MultiGrainCheerios,HoneyNutCheerios,-0.08348357958623298
Honeycomb,HoneyNutCheerios,-0.08348357958623298
Popeye,HoneyNutCheerios,-0.08348357958623298
CornFlakes,SpecialK,-0.08842925582461475
Cheerios,SpecialK,-0.08842925582461475
RiceKrispies,SpecialK,-0.08842925582461475
FrostedFlakes,SpecialK,-0.08842925582461475
RaisinBran,SpecialK,-0.08842925582461475
Total,SpecialK,-0.08842925582461475
HoneyNutCheerios,SpecialK,-0.08842925582461475
SpecialK,SpecialK,4.005517773092735
GrapeNuts,SpecialK,-0.08842925582461475
SpoonSizeShdWt,SpecialK,-0.08842925582461475
100%Natural,SpecialK,-0.08842925582461475
FrostedMiniWheats,SpecialK,-0.08842925582461475
NutriGrain,SpecialK,-0.08842925582461475
Mueslix,SpecialK,-0.08842925582461475
Wheaties,SpecialK,-0.08842925582461475
RaisinBran,SpecialK,-0.08842925582461475
Muesli,SpecialK,-0.08842925582461475
CornPops,SpecialK,-0.08842925582461475
RaisinNutBran,SpecialK,-0.08842925582461475
Basic4,SpecialK,-0.08842925582461475
CocoaPus,SpecialK,-0.08842925582461475
GoldenGrahams,SpecialK,-0.08842925582461475
Cinn.ToastCrunch,SpecialK,-0.08842925582461475
FrootLoops,SpecialK,-0.08842925582461475
LowFatGranola,SpecialK,-0.08842925582461475
Trix,SpecialK,-0.08842925582461475
Triples,SpecialK,-0.08842925582461475
Crispix,SpecialK,-0.08842925582461475
Kix,SpecialK,-0.08842925582461475
LuckyCharms,SpecialK,-0.08842925582461475
AppleCinn.Cheerios,SpecialK,-0.08842925582461475
CracklinOatBran,SpecialK,-0.08842925582461475
BigBiscuitShdWt,SpecialK,-0.08842925582461475
HoneyBunchesofOats,SpecialK,-0.08842925582461475
GreatGraines,SpecialK,-0.08842925582461475
OtmlRaisinCrisp,SpecialK,-0.08842925582461475
OatSquares,SpecialK,-0.08842925582461475
RiceChex,SpecialK,-0.08842925582461475
TotalRaisinBran,SpecialK,-0.08842925582461475
Product19,SpecialK,-0.08842925582461475
AppleJacks,SpecialK,-0.08842925582461475
CaptCrunch,SpecialK,-0.08842925582461475
ShreddedWheat,SpecialK,-0.08842925582461475
FruityPebbles,SpecialK,-0.08842925582461475
Clusters,SpecialK,-0.08842925582461475
CinnamonMiniBuns,SpecialK,-0.08842925582461475
DoubleDipCrunch,SpecialK,-0.08842925582461475
MultiGrainCheerios,SpecialK,-0.08842925582461475
Honeycomb,SpecialK,-0.08842925582461475
Popeye,SpecialK,-0.08842925582461475
CornFlakes,GrapeNuts,-0.05337189333560986
Cheerios,GrapeNuts,-0.05337189333560986
RiceKrispies,GrapeNuts,-0.05337189333560986
FrostedFlakes,GrapeNuts,-0.05337189333560986
RaisinBran,GrapeNuts,-0.05337189333560986
Total,GrapeNuts,-0.05337189333560986
HoneyNutCheerios,GrapeNuts,-0.05337189333560986
SpecialK,GrapeNuts,-0.05337189333560986
GrapeNuts,GrapeNuts,2.4641702451365535
SpoonSizeShdWt,GrapeNuts,-0.05337189333560986
100%Natural,GrapeNuts,-0.05337189333560986
FrostedMiniWheats,GrapeNuts,-0.05337189333560986
NutriGrain,GrapeNuts,-0.05337189333560986
Mueslix,GrapeNuts,-0.05337189333560986
Wheaties,GrapeNuts,-0.05337189333560986
RaisinBran,GrapeNuts,-0.05337189333560986
Muesli,GrapeNuts,-0.05337189333560986
CornPops,GrapeNuts,-0.05337189333560986
RaisinNutBran,GrapeNuts,-0.05337189333560986
Basic4,GrapeNuts,-0.05337189333560986
CocoaPus,GrapeNuts,-0.05337189333560986
GoldenGrahams,GrapeNuts,-0.05337189333560986
Cinn.ToastCrunch,GrapeNuts,-0.05337189333560986
FrootLoops,GrapeNuts,-0.05337189333560986
LowFatGranola,GrapeNuts,-0.05337189333560986
Trix,GrapeNuts,-0.05337189333560986
Triples,GrapeNuts,-0.05337189333560986
Crispix,GrapeNuts,-0.05337189333560986
Kix,GrapeNuts,-0.05337189333560986
LuckyCharms,GrapeNuts,-0.05337189333560986
AppleCinn.Cheerios,GrapeNuts,-0.05337189333560986
CracklinOatBran,GrapeNuts,-0.05337189333560986
BigBiscuitShdWt,GrapeNuts,-0.05337189333560986
HoneyBunchesofOats,GrapeNuts,-0.05337189333560986
GreatGraines,GrapeNuts,-0.05337189333560986
OtmlRaisinCrisp,GrapeNuts,-0.05337189333560986
OatSquares,GrapeNuts,-0.05337189333560986
RiceChex,GrapeNuts,-0.05337189333560986
TotalRaisinBran,GrapeNuts,-0.05337189333560986
Product19,GrapeNuts,-0.05337189333560986
AppleJacks,GrapeNuts,-0.05337189333560986
CaptCrunch,GrapeNuts,-0.05337189333560986
ShreddedWheat,GrapeNuts,-0.05337189333560986
FruityPebbles,GrapeNuts,-0.05337189333560986
Clusters,GrapeNuts,-0.05337189333560986
CinnamonMiniBuns,GrapeNuts,-0.05337189333560986
DoubleDipCrunch,GrapeNuts,-0.05337189333560986
MultiGrainCheerios,GrapeNuts,-0.05337189333560986
Honeycomb,GrapeNuts,-0.05337189333560986
Popeye,GrapeNuts,-0.05337189333560986
CornFlakes,SpoonSizeShdWt,-0.06875948734085092
Cheerios,SpoonSizeShdWt,-0.06875948734085092
RiceKrispies,SpoonSizeShdWt,-0.06875948734085092
FrostedFlakes,SpoonSizeShdWt,-0.06875948734085092
RaisinBran,SpoonSizeShdWt,-0.06875948734085092
Total,SpoonSizeShdWt,-0.06875948734085092
HoneyNutCheerios,SpoonSizeShdWt,-0.06875948734085092
SpecialK,SpoonSizeShdWt,-0.06875948734085092
GrapeNuts,SpoonSizeShdWt,-0.06875948734085092
SpoonSizeShdWt,SpoonSizeShdWt,3.236985096353905
100%Natural,SpoonSizeShdWt,-0.06875948734085092
FrostedMiniWheats,SpoonSizeShdWt,-0.06875948734085092
NutriGrain,SpoonSizeShdWt,-0.06875948734085092
Mueslix,SpoonSizeShdWt,-0.06875948734085092
Wheaties,SpoonSizeShdWt,-0.06875948734085092
RaisinBran,SpoonSizeShdWt,-0.06875948734085092
Muesli,SpoonSizeShdWt,-0.06875948734085092
CornPops,SpoonSizeShdWt,-0.06875948734085092
RaisinNutBran,SpoonSizeShdWt,-0.06875948734085092
Basic4,SpoonSizeShdWt,-0.06875948734085092
CocoaPus,SpoonSizeShdWt,-0.06875948734085092
GoldenGrahams,SpoonSizeShdWt,-0.06875948734085092
Cinn.ToastCrunch,SpoonSizeShdWt,-0.06875948734085092
FrootLoops,SpoonSizeShdWt,-0.06875948734085092
LowFatGranola,SpoonSizeShdWt,-0.06875948734085092
Trix,SpoonSizeShdWt,-0.06875948734085092
Triples,SpoonSizeShdWt,-0.06875948734085092
Crispix,SpoonSizeShdWt,-0.06875948734085092
Kix,SpoonSizeShdWt,-0.06875948734085092
LuckyCharms,SpoonSizeShdWt,-0.06875948734085092
AppleCinn.Cheerios,SpoonSizeShdWt,-0.06875948734085092
CracklinOatBran,SpoonSizeShdWt,-0.06875948734085092
BigBiscuitShdWt,SpoonSizeShdWt,-0.06875948734085092
HoneyBunchesofOats,SpoonSizeShdWt,-0.06875948734085092
GreatGraines,SpoonSizeShdWt,-0.06875948734085092
OtmlRaisinCrisp,SpoonSizeShdWt,-0.06875948734085092
OatSquares,SpoonSizeShdWt,-0.06875948734085092
RiceChex,SpoonSizeShdWt,-0.06875948734085092
TotalRaisinBran,SpoonSizeShdWt,-0.06875948734085092
Product19,SpoonSizeShdWt,-0.06875948734085092
AppleJacks,SpoonSizeShdWt,-0.06875948734085092
CaptCrunch,SpoonSizeShdWt,-0.06875948734085092
ShreddedWheat,SpoonSizeShdWt,-0.06875948734085092
FruityPebbles,SpoonSizeShdWt,-0.06875948734085092
Clusters,SpoonSizeShdWt,-0.06875948734085092
CinnamonMiniBuns,SpoonSizeShdWt,-0.06875948734085092
DoubleDipCrunch,SpoonSizeShdWt,-0.06875948734085092
MultiGrainCheerios,SpoonSizeShdWt,-0.06875948734085092
Honeycomb,SpoonSizeShdWt,-0.06875948734085092
Popeye,SpoonSizeShdWt,-0.06875948734085092
CornFlakes,100%Natural,-0.051649612171720496
Cheerios,100%Natural,-0.051649612171720496
RiceKrispies,100%Natural,-0.051649612171720496
FrostedFlakes,100%Natural,-0.051649612171720496
RaisinBran,100%Natural,-0.051649612171720496
Total,100%Natural,-0.051649612171720496
HoneyNutCheerios,100%Natural,-0.051649612171720496
SpecialK,100%Natural,-0.051649612171720496
GrapeNuts,100%Natural,-0.051649612171720496
SpoonSizeShdWt,100%Natural,-0.051649612171720496
100%Natural,100%Natural,2.5835346823038154
FrostedMiniWheats,100%Natural,-0.051649612171720496
NutriGrain,100%Natural,-0.051649612171720496
Mueslix,100%Natural,-0.051649612171720496
Wheaties,100%Natural,-0.051649612171720496
RaisinBran,100%Natural,-0.051649612171720496
Muesli,100%Natural,-0.051649612171720496
CornPops,100%Natural,-0.051649612171720496
RaisinNutBran,100%Natural,-0.051649612171720496
Basic4,100%Natural,-0.051649612171720496
CocoaPus,100%Natural,-0.051649612171720496
GoldenGrahams,100%Natural,-0.051649612171720496
Cinn.ToastCrunch,100%Natural,-0.051649612171720496
FrootLoops,100%Natural,-0.051649612171720496
LowFatGranola,100%Natural,-0.051649612171720496
Trix,100%Natural,-0.051649612171720496
Triples,100%Natural,-0.051649612171720496
Crispix,100%Natural,-0.051649612171720496
Kix,100%Natural,-0.051649612171720496
LuckyCharms,100%Natural,-0.051649612171720496
AppleCinn.Cheerios,100%Natural,-0.051649612171720496
CracklinOatBran,100%Natural,-0.051649612171720496
BigBiscuitShdWt,100%Natural,-0.051649612171720496
HoneyBunchesofOats,100%Natural,-0.051649612171720496
GreatGraines,100%Natural,-0.051649612171720496
OtmlRaisinCrisp,100%Natural,-0.051649612171720496
OatSquares,100%Natural,-0.051649612171720496
RiceChex,100%Natural,-0.051649612171720496
TotalRaisinBran,100%Natural,-0.051649612171720496
Product19,100%Natural,-0.051649612171720496
AppleJacks,100%Natural,-0.051649612171720496
CaptCrunch,100%Natural,-0.051649612171720496
ShreddedWheat,100%Natural,-0.051649612171720496
FruityPebbles,100%Natural,-0.051649612171720496
Clusters,100%Natural,-0.051649612171720496
CinnamonMiniBuns,100%Natural,-0.051649612171720496
DoubleDipCrunch,100%Natural,-0.051649612171720496
MultiGrainCheerios,100%Natural,-0.051649612171720496
Honeycomb,100%Natural,-0.051649612171720496
Popeye,100%Natural,-0.051649612171720496
CornFlakes,FrostedMiniWheats,-0.05671293056610563
Cheerios,FrostedMiniWheats,-0.05671293056610563
RiceKrispies,FrostedMiniWheats,-0.05671293056610563
FrostedFlakes,FrostedMiniWheats,-0.05671293056610563
RaisinBran,FrostedMiniWheats,-0.05671293056610563
Total,FrostedMiniWheats,-0.05671293056610563
HoneyNutCheerios,FrostedMiniWheats,-0.05671293056610563
SpecialK,FrostedMiniWheats,-0.05671293056610563
GrapeNuts,FrostedMiniWheats,-0.05671293056610563
SpoonSizeShdWt,FrostedMiniWheats,-0.05671293056610563
100%Natural,FrostedMiniWheats,-0.05671293056610563
FrostedMiniWheats,FrostedMiniWheats,3.0255115567222437
NutriGrain,FrostedMiniWheats,-0.05671293056610563
Mueslix,FrostedMiniWheats,-0.05671293056610563
Wheaties,FrostedMiniWheats,-0.05671293056610563
RaisinBran,FrostedMiniWheats,-0.05671293056610563
Muesli,FrostedMiniWheats,-0.05671293056610563
CornPops,FrostedMiniWheats,-0.05671293056610563
RaisinNutBran,FrostedMiniWheats,-0.05671293056610563
Basic4,FrostedMiniWheats,-0.05671293056610563
CocoaPus,FrostedMiniWheats,-0.05671293056610563
GoldenGrahams,FrostedMiniWheats,-0.05671293056610563
Cinn.ToastCrunch,FrostedMiniWheats,-0.05671293056610563
FrootLoops,FrostedMiniWheats,-0.05671293056610563
LowFatGranola,FrostedMiniWheats,-0.05671293056610563
Trix,FrostedMiniWheats,-0.05671293056610563
Triples,FrostedMiniWheats,-0.05671293056610563
Crispix,FrostedMiniWheats,-0.05671293056610563
Kix,FrostedMiniWheats,-0.05671293056610563
LuckyCharms,FrostedMiniWheats,-0.05671293056610563
AppleCinn.Cheerios,FrostedMiniWheats,-0.05671293056610563
CracklinOatBran,FrostedMiniWheats,-0.05671293056610563
BigBiscuitShdWt,FrostedMiniWheats,-0.05671293056610563
HoneyBunchesofOats,FrostedMiniWheats,-0.05671293056610563
GreatGraines,FrostedMiniWheats,-0.05671293056610563
OtmlRaisinCrisp,FrostedMiniWheats,-0.05671293056610563
OatSquares,FrostedMiniWheats,-0.05671293056610563
RiceChex,FrostedMiniWheats,-0.05671293056610563
TotalRaisinBran,FrostedMiniWheats,-0.05671293056610563
Product19,FrostedMiniWheats,-0.05671293056610563
AppleJacks,FrostedMiniWheats,-0.05671293056610563
CaptCrunch,FrostedMiniWheats,-0.05671293056610563
ShreddedWheat,FrostedMiniWheats,-0.05671293056610563
FruityPebbles,FrostedMiniWheats,-0.05671293056610563
Clusters,FrostedMiniWheats,-0.05671293056610563
CinnamonMiniBuns,FrostedMiniWheats,-0.05671293056610563
DoubleDipCrunch,FrostedMiniWheats,-0.05671293056610563
MultiGrainCheerios,FrostedMiniWheats,-0.05671293056610563
Honeycomb,FrostedMiniWheats,-0.05671293056610563
Popeye,FrostedMiniWheats,-0.05671293056610563
CornFlakes,NutriGrain,-0.052333113098100084
Cheerios,NutriGrain,-0.052333113098100084
RiceKrispies,NutriGrain,-0.052333113098100084
FrostedFlakes,NutriGrain,-0.052333113098100084
RaisinBran,NutriGrain,-0.052333113098100084
Total,NutriGrain,-0.052333113098100084
HoneyNutCheerios,NutriGrain,-0.052333113098100084
SpecialK,NutriGrain,-0.052333113098100084
GrapeNuts,NutriGrain,-0.052333113098100084
SpoonSizeShdWt,NutriGrain,-0.052333113098100084
100%Natural,NutriGrain,-0.052333113098100084
FrostedMiniWheats,NutriGrain,-0.052333113098100084
NutriGrain,NutriGrain,3.32399676419868
Mueslix,NutriGrain,-0.052333113098100084
Wheaties,NutriGrain,-0.052333113098100084
RaisinBran,NutriGrain,-0.052333113098100084
Muesli,NutriGrain,-0.052333113098100084
CornPops,NutriGrain,-0.052333113098100084
RaisinNutBran,NutriGrain,-0.052333113098100084
Basic4,NutriGrain,-0.052333113098100084
CocoaPus,NutriGrain,-0.052333113098100084
GoldenGrahams,NutriGrain,-0.052333113098100084
Cinn.ToastCrunch,NutriGrain,-0.052333113098100084
FrootLoops,NutriGrain,-0.052333113098100084
LowFatGranola,NutriGrain,-0.052333113098100084
Trix,NutriGrain,-0.052333113098100084
Triples,NutriGrain,-0.052333113098100084
Crispix,NutriGrain,-0.052333113098100084
Kix,NutriGrain,-0.052333113098100084
LuckyCharms,NutriGrain,-0.052333113098100084
AppleCinn.Cheerios,NutriGrain,-0.052333113098100084
CracklinOatBran,NutriGrain,-0.052333113098100084
BigBiscuitShdWt,NutriGrain,-0.052333113098100084
HoneyBunchesofOats,NutriGrain,-0.052333113098100084
GreatGraines,NutriGrain,-0.052333113098100084
OtmlRaisinCrisp,NutriGrain,-0.052333113098100084
OatSquares,NutriGrain,-0.052333113098100084
RiceChex,NutriGrain,-0.052333113098100084
TotalRaisinBran,NutriGrain,-0.052333113098100084
Product19,NutriGrain,-0.052333113098100084
AppleJacks,NutriGrain,-0.052333113098100084
CaptCrunch,NutriGrain,-0.052333113098100084
ShreddedWheat,NutriGrain,-0.052333113098100084
FruityPebbles,NutriGrain,-0.052333113098100084
Clusters,NutriGrain,-0.052333113098100084
CinnamonMiniBuns,NutriGrain,-0.052333113098100084
DoubleDipCrunch,NutriGrain,-0.052333113098100084
MultiGrainCheerios,NutriGrain,-0.052333113098100084
Honeycomb,NutriGrain,-0.052333113098100084
Popeye,NutriGrain,-0.052333113098100084
CornFlakes,Mueslix,-0.05957751706478774
Cheerios,Mueslix,-0.05957751706478774
RiceKrispies,Mueslix,-0.05957751706478774
FrostedFlakes,Mueslix,-0.05957751706478774
RaisinBran,Mueslix,-0.05957751706478774
Total,Mueslix,-0.05957751706478774
HoneyNutCheerios,Mueslix,-0.05957751706478774
SpecialK,Mueslix,-0.05957751706478774
GrapeNuts,Mueslix,-0.05957751706478774
SpoonSizeShdWt,Mueslix,-0.05957751706478774
100%Natural,Mueslix,-0.05957751706478774
FrostedMiniWheats,Mueslix,-0.05957751706478774
NutriGrain,Mueslix,-0.05957751706478774
Mueslix,Mueslix,3.834377846646829
Wheaties,Mueslix,-0.05957751706478774
RaisinBran,Mueslix,-0.05957751706478774
Muesli,Mueslix,-0.05957751706478774
CornPops,Mueslix,-0.05957751706478774
RaisinNutBran,Mueslix,-0.05957751706478774
Basic4,Mueslix,-0.05957751706478774
CocoaPus,Mueslix,-0.05957751706478774
GoldenGrahams,Mueslix,-0.05957751706478774
Cinn.ToastCrunch,Mueslix,-0.05957751706478774
FrootLoops,Mueslix,-0.05957751706478774
LowFatGranola,Mueslix,-0.05957751706478774
Trix,Mueslix,-0.05957751706478774
Triples,Mueslix,-0.05957751706478774
Crispix,Mueslix,-0.05957751706478774
Kix,Mueslix,-0.05957751706478774
LuckyCharms,Mueslix,-0.05957751706478774
AppleCinn.Cheerios,Mueslix,-0.05957751706478774
CracklinOatBran,Mueslix,-0.05957751706478774
BigBiscuitShdWt,Mueslix,-0.05957751706478774
HoneyBunchesofOats,Mueslix,-0.05957751706478774
GreatGraines,Mueslix,-0.05957751706478774
OtmlRaisinCrisp,Mueslix,-0.05957751706478774
OatSquares,Mueslix,-0.05957751706478774
RiceChex,Mueslix,-0.05957751706478774
TotalRaisinBran,Mueslix,-0.05957751706478774
Product19,Mueslix,-0.05957751706478774
AppleJacks,Mueslix,-0.05957751706478774
CaptCrunch,Mueslix,-0.05957751706478774
ShreddedWheat,Mueslix,-0.05957751706478774
FruityPebbles,Mueslix,-0.05957751706478774
Clusters,Mueslix,-0.05957751706478774
CinnamonMiniBuns,Mueslix,-0.05957751706478774
DoubleDipCrunch,Mueslix,-0.05957751706478774
MultiGrainCheerios,Mueslix,-0.05957751706478774
Honeycomb,Mueslix,-0.05957751706478774
Popeye,Mueslix,-0.05957751706478774
CornFlakes,Wheaties,-0.04559809966690703
Cheerios,Wheaties,-0.04559809966690703
RiceKrispies,Wheaties,-0.04559809966690703
FrostedFlakes,Wheaties,-0.04559809966690703
RaisinBran,Wheaties,-0.04559809966690703
Total,Wheaties,-0.04559809966690703
HoneyNutCheerios,Wheaties,-0.04559809966690703
SpecialK,Wheaties,-0.04559809966690703
GrapeNuts,Wheaties,-0.04559809966690703
SpoonSizeShdWt,Wheaties,-0.04559809966690703
100%Natural,Wheaties,-0.04559809966690703
FrostedMiniWheats,Wheaties,-0.04559809966690703
NutriGrain,Wheaties,-0.04559809966690703
Mueslix,Wheaties,-0.04559809966690703
Wheaties,Wheaties,2.9542768784190816
RaisinBran,Wheaties,-0.04559809966690703
Muesli,Wheaties,-0.04559809966690703
CornPops,Wheaties,-0.04559809966690703
RaisinNutBran,Wheaties,-0.04559809966690703
Basic4,Wheaties,-0.04559809966690703
CocoaPus,Wheaties,-0.04559809966690703
GoldenGrahams,Wheaties,-0.04559809966690703
Cinn.ToastCrunch,Wheaties,-0.04559809966690703
FrootLoops,Wheaties,-0.04559809966690703
LowFatGranola,Wheaties,-0.04559809966690703
Trix,Wheaties,-0.04559809966690703
Triples,Wheaties,-0.04559809966690703
Crispix,Wheaties,-0.04559809966690703
Kix,Wheaties,-0.04559809966690703
LuckyCharms,Wheaties,-0.04559809966690703
AppleCinn.Cheerios,Wheaties,-0.04559809966690703
CracklinOatBran,Wheaties,-0.04559809966690703
BigBiscuitShdWt,Wheaties,-0.04559809966690703
HoneyBunchesofOats,Wheaties,-0.04559809966690703
GreatGraines,Wheaties,-0.04559809966690703
OtmlRaisinCrisp,Wheaties,-0.04559809966690703
OatSquares,Wheaties,-0.04559809966690703
RiceChex,Wheaties,-0.04559809966690703
TotalRaisinBran,Wheaties,-0.04559809966690703
Product19,Wheaties,-0.04559809966690703
AppleJacks,Wheaties,-0.04559809966690703
CaptCrunch,Wheaties,-0.04559809966690703
ShreddedWheat,Wheaties,-0.04559809966690703
FruityPebbles,Wheaties,-0.04559809966690703
Clusters,Wheaties,-0.04559809966690703
CinnamonMiniBuns,Wheaties,-0.04559809966690703
DoubleDipCrunch,Wheaties,-0.04559809966690703
MultiGrainCheerios,Wheaties,-0.04559809966690703
Honeycomb,Wheaties,-0.04559809966690703
Popeye,Wheaties,-0.04559809966690703
CornFlakes,RaisinBran,-0.03830193315157789
Cheerios,RaisinBran,-0.03830193315157789
RiceKrispies,RaisinBran,-0.03830193315157789
FrostedFlakes,RaisinBran,-0.03830193315157789
RaisinBran,RaisinBran,-0.03830193315157789
Total,RaisinBran,-0.03830193315157789
HoneyNutCheerios,RaisinBran,-0.03830193315157789
SpecialK,RaisinBran,-0.03830193315157789
GrapeNuts,RaisinBran,-0.03830193315157789
SpoonSizeShdWt,RaisinBran,-0.03830193315157789
100%Natural,RaisinBran,-0.03830193315157789
FrostedMiniWheats,RaisinBran,-0.03830193315157789
NutriGrain,RaisinBran,-0.03830193315157789
Mueslix,RaisinBran,-0.03830193315157789
Wheaties,RaisinBran,-0.03830193315157789
RaisinBran,RaisinBran,2.5851181457236203
Muesli,RaisinBran,-0.03830193315157789
CornPops,RaisinBran,-0.03830193315157789
RaisinNutBran,RaisinBran,-0.03830193315157789
Basic4,RaisinBran,-0.03830193315157789
CocoaPus,RaisinBran,-0.03830193315157789
GoldenGrahams,RaisinBran,-0.03830193315157789
Cinn.ToastCrunch,RaisinBran,-0.03830193315157789
FrootLoops,RaisinBran,-0.03830193315157789
LowFatGranola,RaisinBran,-0.03830193315157789
Trix,RaisinBran,-0.03830193315157789
Triples,RaisinBran,-0.03830193315157789
Crispix,RaisinBran,-0.03830193315157789
Kix,RaisinBran,-0.03830193315157789
LuckyCharms,RaisinBran,-0.03830193315157789
AppleCinn.Cheerios,RaisinBran,-0.03830193315157789
CracklinOatBran,RaisinBran,-0.03830193315157789
BigBiscuitShdWt,RaisinBran,-0.03830193315157789
HoneyBunchesofOats,RaisinBran,-0.03830193315157789
GreatGraines,RaisinBran,-0.03830193315157789
OtmlRaisinCrisp,RaisinBran,-0.03830193315157789
OatSquares,RaisinBran,-0.03830193315157789
RiceChex,RaisinBran,-0.03830193315157789
TotalRaisinBran,RaisinBran,-0.03830193315157789
Product19,RaisinBran,-0.03830193315157789
AppleJacks,RaisinBran,-0.03830193315157789
CaptCrunch,RaisinBran,-0.03830193315157789
ShreddedWheat,RaisinBran,-0.03830193315157789
FruityPebbles,RaisinBran,-0.03830193315157789
Clusters,RaisinBran,-0.03830193315157789
CinnamonMiniBuns,RaisinBran,-0.03830193315157789
DoubleDipCrunch,RaisinBran,-0.03830193315157789
MultiGrainCheerios,RaisinBran,-0.03830193315157789
Honeycomb,RaisinBran,-0.03830193315157789
Popeye,RaisinBran,-0.03830193315157789
CornFlakes,Muesli,-0.049508524932459115
Cheerios,Muesli,-0.049508524932459115
RiceKrispies,Muesli,-0.049508524932459115
FrostedFlakes,Muesli,-0.049508524932459115
RaisinBran,Muesli,-0.049508524932459115
Total,Muesli,-0.049508524932459115
HoneyNutCheerios,Muesli,-0.049508524932459115
SpecialK,Muesli,-0.049508524932459115
GrapeNuts,Muesli,-0.049508524932459115
SpoonSizeShdWt,Muesli,-0.049508524932459115
100%Natural,Muesli,-0.049508524932459115
FrostedMiniWheats,Muesli,-0.049508524932459115
NutriGrain,Muesli,-0.049508524932459115
Mueslix,Muesli,-0.049508524932459115
Wheaties,Muesli,-0.049508524932459115
RaisinBran,Muesli,-0.049508524932459115
Muesli,Muesli,3.8797394855801697
CornPops,Muesli,-0.049508524932459115
RaisinNutBran,Muesli,-0.049508524932459115
Basic4,Muesli,-0.049508524932459115
CocoaPus,Muesli,-0.049508524932459115
GoldenGrahams,Muesli,-0.049508524932459115
Cinn.ToastCrunch,Muesli,-0.049508524932459115
FrootLoops,Muesli,-0.049508524932459115
LowFatGranola,Muesli,-0.049508524932459115
Trix,Muesli,-0.049508524932459115
Triples,Muesli,-0.049508524932459115
Crispix,Muesli,-0.049508524932459115
Kix,Muesli,-0.049508524932459115
LuckyCharms,Muesli,-0.049508524932459115
AppleCinn.Cheerios,Muesli,-0.049508524932459115
CracklinOatBran,Muesli,-0.049508524932459115
BigBiscuitShdWt,Muesli,-0.049508524932459115
HoneyBunchesofOats,Muesli,-0.049508524932459115
GreatGraines,Muesli,-0.049508524932459115
OtmlRaisinCrisp,Muesli,-0.049508524932459115
OatSquares,Muesli,-0.049508524932459115
RiceChex,Muesli,-0.049508524932459115
TotalRaisinBran,Muesli,-0.049508524932459115
Product19,Muesli,-0.049508524932459115
AppleJacks,Muesli,-0.049508524932459115
CaptCrunch,Muesli,-0.049508524932459115
ShreddedWheat,Muesli,-0.049508524932459115
FruityPebbles,Muesli,-0.049508524932459115
Clusters,Muesli,-0.049508524932459115
CinnamonMiniBuns,Muesli,-0.049508524932459115
DoubleDipCrunch,Muesli,-0.049508524932459115
MultiGrainCheerios,Muesli,-0.049508524932459115
Honeycomb,Muesli,-0.049508524932459115
Popeye,Muesli,-0.049508524932459115
CornFlakes,CornPops,-0.06028689926548807
Cheerios,CornPops,-0.06028689926548807
RiceKrispies,CornPops,-0.06028689926548807
FrostedFlakes,CornPops,-0.06028689926548807
RaisinBran,CornPops,-0.06028689926548807
Total,CornPops,-0.06028689926548807
HoneyNutCheerios,CornPops,-0.06028689926548807
SpecialK,CornPops,-0.06028689926548807
GrapeNuts,CornPops,-0.06028689926548807
SpoonSizeShdWt,CornPops,-0.06028689926548807
100%Natural,CornPops,-0.06028689926548807
FrostedMiniWheats,CornPops,-0.06028689926548807
NutriGrain,CornPops,-0.06028689926548807
Mueslix,CornPops,-0.06028689926548807
Wheaties,CornPops,-0.06028689926548807
RaisinBran,CornPops,-0.06028689926548807
Muesli,CornPops,-0.06028689926548807
CornPops,CornPops,4.068952776452873
RaisinNutBran,CornPops,-0.06028689926548807
Basic4,CornPops,-0.06028689926548807
CocoaPus,CornPops,-0.06028689926548807
GoldenGrahams,CornPops,-0.06028689926548807
Cinn.ToastCrunch,CornPops,-0.06028689926548807
FrootLoops,CornPops,-0.06028689926548807
LowFatGranola,CornPops,-0.06028689926548807
Trix,CornPops,-0.06028689926548807
Triples,CornPops,-0.06028689926548807
Crispix,CornPops,-0.06028689926548807
Kix,CornPops,-0.06028689926548807
LuckyCharms,CornPops,-0.06028689926548807
AppleCinn.Cheerios,CornPops,-0.06028689926548807
CracklinOatBran,CornPops,-0.06028689926548807
BigBiscuitShdWt,CornPops,-0.06028689926548807
HoneyBunchesofOats,CornPops,-0.06028689926548807
GreatGraines,CornPops,-0.06028689926548807
OtmlRaisinCrisp,CornPops,-0.06028689926548807
OatSquares,CornPops,-0.06028689926548807
RiceChex,CornPops,-0.06028689926548807
TotalRaisinBran,CornPops,-0.06028689926548807
Product19,CornPops,-0.06028689926548807
AppleJacks,CornPops,-0.06028689926548807
CaptCrunch,CornPops,-0.06028689926548807
ShreddedWheat,CornPops,-0.06028689926548807
FruityPebbles,CornPops,-0.06028689926548807
Clusters,CornPops,-0.06028689926548807
CinnamonMiniBuns,CornPops,-0.06028689926548807
DoubleDipCrunch,CornPops,-0.06028689926548807
MultiGrainCheerios,CornPops,-0.06028689926548807
Honeycomb,CornPops,-0.06028689926548807
Popeye,CornPops,-0.06028689926548807
CornFlakes,RaisinNutBran,-0.047327439360156605
Cheerios,RaisinNutBran,-0.047327439360156605
RiceKrispies,RaisinNutBran,-0.047327439360156605
FrostedFlakes,RaisinNutBran,-0.047327439360156605
RaisinBran,RaisinNutBran,-0.047327439360156605
Total,RaisinNutBran,-0.047327439360156605
HoneyNutCheerios,RaisinNutBran,-0.047327439360156605
SpecialK,RaisinNutBran,-0.047327439360156605
GrapeNuts,RaisinNutBran,-0.047327439360156605
SpoonSizeShdWt,RaisinNutBran,-0.047327439360156605
100%Natural,RaisinNutBran,-0.047327439360156605
FrostedMiniWheats,RaisinNutBran,-0.047327439360156605
NutriGrain,RaisinNutBran,-0.047327439360156605
Mueslix,RaisinNutBran,-0.047327439360156605
Wheaties,RaisinNutBran,-0.047327439360156605
RaisinBran,RaisinNutBran,-0.047327439360156605
Muesli,RaisinNutBran,-0.047327439360156605
CornPops,RaisinNutBran,-0.047327439360156605
RaisinNutBran,RaisinNutBran,3.4584088095403325
Basic4,RaisinNutBran,-0.047327439360156605
CocoaPus,RaisinNutBran,-0.047327439360156605
GoldenGrahams,RaisinNutBran,-0.047327439360156605
Cinn.ToastCrunch,RaisinNutBran,-0.047327439360156605
FrootLoops,RaisinNutBran,-0.047327439360156605
LowFatGranola,RaisinNutBran,-0.047327439360156605
Trix,RaisinNutBran,-0.047327439360156605
Triples,RaisinNutBran,-0.047327439360156605
Crispix,RaisinNutBran,-0.047327439360156605
Kix,RaisinNutBran,-0.047327439360156605
LuckyCharms,RaisinNutBran,-0.047327439360156605
AppleCinn.Cheerios,RaisinNutBran,-0.047327439360156605
CracklinOatBran,RaisinNutBran,-0.047327439360156605
BigBiscuitShdWt,RaisinNutBran,-0.047327439360156605
HoneyBunchesofOats,RaisinNutBran,-0.047327439360156605
GreatGraines,RaisinNutBran,-0.047327439360156605
OtmlRaisinCrisp,RaisinNutBran,-0.047327439360156605
OatSquares,RaisinNutBran,-0.047327439360156605
RiceChex,RaisinNutBran,-0.047327439360156605
TotalRaisinBran,RaisinNutBran,-0.047327439360156605
Product19,RaisinNutBran,-0.047327439360156605
AppleJacks,RaisinNutBran,-0.047327439360156605
CaptCrunch,RaisinNutBran,-0.047327439360156605
ShreddedWheat,RaisinNutBran,-0.047327439360156605
FruityPebbles,RaisinNutBran,-0.047327439360156605
Clusters,RaisinNutBran,-0.047327439360156605
CinnamonMiniBuns,RaisinNutBran,-0.047327439360156605
DoubleDipCrunch,RaisinNutBran,-0.047327439360156605
MultiGrainCheerios,RaisinNutBran,-0.047327439360156605
Honeycomb,RaisinNutBran,-0.047327439360156605
Popeye,RaisinNutBran,-0.047327439360156605
CornFlakes,Basic4,-0.050394370367164515
Cheerios,Basic4,-0.050394370367164515
RiceKrispies,Basic4,-0.050394370367164515
FrostedFlakes,Basic4,-0.050394370367164515
RaisinBran,Basic4,-0.050394370367164515
Total,Basic4,-0.050394370367164515
HoneyNutCheerios,Basic4,-0.050394370367164515
SpecialK,Basic4,-0.050394370367164515
GrapeNuts,Basic4,-0.050394370367164515
SpoonSizeShdWt,Basic4,-0.050394370367164515
100%Natural,Basic4,-0.050394370367164515
FrostedMiniWheats,Basic4,-0.050394370367164515
NutriGrain,Basic4,-0.050394370367164515
Mueslix,Basic4,-0.050394370367164515
Wheaties,Basic4,-0.050394370367164515
RaisinBran,Basic4,-0.050394370367164515
Muesli,Basic4,-0.050394370367164515
CornPops,Basic4,-0.050394370367164515
RaisinNutBran,Basic4,-0.050394370367164515
Basic4,Basic4,3.7965041309431036
CocoaPus,Basic4,-0.050394370367164515
GoldenGrahams,Basic4,-0.050394370367164515
Cinn.ToastCrunch,Basic4,-0.050394370367164515
FrootLoops,Basic4,-0.050394370367164515
LowFatGranola,Basic4,-0.050394370367164515
Trix,Basic4,-0.050394370367164515
Triples,Basic4,-0.050394370367164515
Crispix,Basic4,-0.050394370367164515
Kix,Basic4,-0.050394370367164515
LuckyCharms,Basic4,-0.050394370367164515
AppleCinn.Cheerios,Basic4,-0.050394370367164515
CracklinOatBran,Basic4,-0.050394370367164515
BigBiscuitShdWt,Basic4,-0.050394370367164515
HoneyBunchesofOats,Basic4,-0.050394370367164515
GreatGraines,Basic4,-0.050394370367164515
OtmlRaisinCrisp,Basic4,-0.050394370367164515
OatSquares,Basic4,-0.050394370367164515
RiceChex,Basic4,-0.050394370367164515
TotalRaisinBran,Basic4,-0.050394370367164515
Product19,Basic4,-0.050394370367164515
AppleJacks,Basic4,-0.050394370367164515
CaptCrunch,Basic4,-0.050394370367164515
ShreddedWheat,Basic4,-0.050394370367164515
FruityPebbles,Basic4,-0.050394370367164515
Clusters,Basic4,-0.050394370367164515
CinnamonMiniBuns,Basic4,-0.050394370367164515
DoubleDipCrunch,Basic4,-0.050394370367164515
MultiGrainCheerios,Basic4,-0.050394370367164515
Honeycomb,Basic4,-0.050394370367164515
Popeye,Basic4,-0.050394370367164515
CornFlakes,CocoaPus,-0.05210135805077345
Cheerios,CocoaPus,-0.05210135805077345
RiceKrispies,CocoaPus,-0.05210135805077345
FrostedFlakes,CocoaPus,-0.05210135805077345
RaisinBran,CocoaPus,-0.05210135805077345
Total,CocoaPus,-0.05210135805077345
HoneyNutCheerios,CocoaPus,-0.05210135805077345
SpecialK,CocoaPus,-0.05210135805077345
GrapeNuts,CocoaPus,-0.05210135805077345
SpoonSizeShdWt,CocoaPus,-0.05210135805077345
100%Natural,CocoaPus,-0.05210135805077345
FrostedMiniWheats,CocoaPus,-0.05210135805077345
NutriGrain,CocoaPus,-0.05210135805077345
Mueslix,CocoaPus,-0.05210135805077345
Wheaties,CocoaPus,-0.05210135805077345
RaisinBran,CocoaPus,-0.05210135805077345
Muesli,CocoaPus,-0.05210135805077345
CornPops,CocoaPus,-0.05210135805077345
RaisinNutBran,CocoaPus,-0.05210135805077345
Basic4,CocoaPus,-0.05210135805077345
CocoaPus,CocoaPus,4.018317239665902
GoldenGrahams,CocoaPus,-0.05210135805077345
Cinn.ToastCrunch,CocoaPus,-0.05210135805077345
FrootLoops,CocoaPus,-0.05210135805077345
LowFatGranola,CocoaPus,-0.05210135805077345
Trix,CocoaPus,-0.05210135805077345
Triples,CocoaPus,-0.05210135805077345
Crispix,CocoaPus,-0.05210135805077345
Kix,CocoaPus,-0.05210135805077345
LuckyCharms,CocoaPus,-0.05210135805077345
AppleCinn.Cheerios,CocoaPus,-0.05210135805077345
CracklinOatBran,CocoaPus,-0.05210135805077345
BigBiscuitShdWt,CocoaPus,-0.05210135805077345
HoneyBunchesofOats,CocoaPus,-0.05210135805077345
GreatGraines,CocoaPus,-0.05210135805077345
OtmlRaisinCrisp,CocoaPus,-0.05210135805077345
OatSquares,CocoaPus,-0.05210135805077345
RiceChex,CocoaPus,-0.05210135805077345
TotalRaisinBran,CocoaPus,-0.05210135805077345
Product19,CocoaPus,-0.05210135805077345
AppleJacks,CocoaPus,-0.05210135805077345
CaptCrunch,CocoaPus,-0.05210135805077345
ShreddedWheat,CocoaPus,-0.05210135805077345
FruityPebbles,CocoaPus,-0.05210135805077345
Clusters,CocoaPus,-0.05210135805077345
CinnamonMiniBuns,CocoaPus,-0.05210135805077345
DoubleDipCrunch,CocoaPus,-0.05210135805077345
MultiGrainCheerios,CocoaPus,-0.05210135805077345
Honeycomb,CocoaPus,-0.05210135805077345
Popeye,CocoaPus,-0.05210135805077345
CornFlakes,GoldenGrahams,-0.04726391259591478
Cheerios,GoldenGrahams,-0.04726391259591478
RiceKrispies,GoldenGrahams,-0.04726391259591478
FrostedFlakes,GoldenGrahams,-0.04726391259591478
RaisinBran,GoldenGrahams,-0.04726391259591478
Total,GoldenGrahams,-0.04726391259591478
HoneyNutCheerios,GoldenGrahams,-0.04726391259591478
SpecialK,GoldenGrahams,-0.04726391259591478
GrapeNuts,GoldenGrahams,-0.04726391259591478
SpoonSizeShdWt,GoldenGrahams,-0.04726391259591478
100%Natural,GoldenGrahams,-0.04726391259591478
FrostedMiniWheats,GoldenGrahams,-0.04726391259591478
NutriGrain,GoldenGrahams,-0.04726391259591478
Mueslix,GoldenGrahams,-0.04726391259591478
Wheaties,GoldenGrahams,-0.04726391259591478
RaisinBran,GoldenGrahams,-0.04726391259591478
Muesli,GoldenGrahams,-0.04726391259591478
CornPops,GoldenGrahams,-0.04726391259591478
RaisinNutBran,GoldenGrahams,-0.04726391259591478
Basic4,GoldenGrahams,-0.04726391259591478
CocoaPus,GoldenGrahams,-0.04726391259591478
GoldenGrahams,GoldenGrahams,3.7643419419133424
Cinn.ToastCrunch,GoldenGrahams,-0.04726391259591478
FrootLoops,GoldenGrahams,-0.04726391259591478
LowFatGranola,GoldenGrahams,-0.04726391259591478
Trix,GoldenGrahams,-0.04726391259591478
Triples,GoldenGrahams,-0.04726391259591478
Crispix,GoldenGrahams,-0.04726391259591478
Kix,GoldenGrahams,-0.04726391259591478
LuckyCharms,GoldenGrahams,-0.04726391259591478
AppleCinn.Cheerios,GoldenGrahams,-0.04726391259591478
CracklinOatBran,GoldenGrahams,-0.04726391259591478
BigBiscuitShdWt,GoldenGrahams,-0.04726391259591478
HoneyBunchesofOats,GoldenGrahams,-0.04726391259591478
GreatGraines,GoldenGrahams,-0.04726391259591478
OtmlRaisinCrisp,GoldenGrahams,-0.04726391259591478
OatSquares,GoldenGrahams,-0.04726391259591478
RiceChex,GoldenGrahams,-0.04726391259591478
TotalRaisinBran,GoldenGrahams,-0.04726391259591478
Product19,GoldenGrahams,-0.04726391259591478
AppleJacks,GoldenGrahams,-0.04726391259591478
CaptCrunch,GoldenGrahams,-0.04726391259591478
ShreddedWheat,GoldenGrahams,-0.04726391259591478
FruityPebbles,GoldenGrahams,-0.04726391259591478
Clusters,GoldenGrahams,-0.04726391259591478
CinnamonMiniBuns,GoldenGrahams,-0.04726391259591478
DoubleDipCrunch,GoldenGrahams,-0.04726391259591478
MultiGrainCheerios,GoldenGrahams,-0.04726391259591478
Honeycomb,GoldenGrahams,-0.04726391259591478
Popeye,GoldenGrahams,-0.04726391259591478
CornFlakes,Cinn.ToastCrunch,-0.04861915023307362
Cheerios,Cinn.ToastCrunch,-0.04861915023307362
RiceKrispies,Cinn.ToastCrunch,-0.04861915023307362
FrostedFlakes,Cinn.ToastCrunch,-0.04861915023307362
RaisinBran,Cinn.ToastCrunch,-0.04861915023307362
Total,Cinn.ToastCrunch,-0.04861915023307362
HoneyNutCheerios,Cinn.ToastCrunch,-0.04861915023307362
SpecialK,Cinn.ToastCrunch,-0.04861915023307362
GrapeNuts,Cinn.ToastCrunch,-0.04861915023307362
SpoonSizeShdWt,Cinn.ToastCrunch,-0.04861915023307362
100%Natural,Cinn.ToastCrunch,-0.04861915023307362
FrostedMiniWheats,Cinn.ToastCrunch,-0.04861915023307362
NutriGrain,Cinn.ToastCrunch,-0.04861915023307362
Mueslix,Cinn.ToastCrunch,-0.04861915023307362
Wheaties,Cinn.ToastCrunch,-0.04861915023307362
RaisinBran,Cinn.ToastCrunch,-0.04861915023307362
Muesli,Cinn.ToastCrunch,-0.04861915023307362
CornPops,Cinn.ToastCrunch,-0.04861915023307362
RaisinNutBran,Cinn.ToastCrunch,-0.04861915023307362
Basic4,Cinn.ToastCrunch,-0.04861915023307362
CocoaPus,Cinn.ToastCrunch,-0.04861915023307362
GoldenGrahams,Cinn.ToastCrunch,-0.04861915023307362
Cinn.ToastCrunch,Cinn.ToastCrunch,3.9041572914802294
FrootLoops,Cinn.ToastCrunch,-0.04861915023307362
LowFatGranola,Cinn.ToastCrunch,-0.04861915023307362
Trix,Cinn.ToastCrunch,-0.04861915023307362
Triples,Cinn.ToastCrunch,-0.04861915023307362
Crispix,Cinn.ToastCrunch,-0.04861915023307362
Kix,Cinn.ToastCrunch,-0.04861915023307362
LuckyCharms,Cinn.ToastCrunch,-0.04861915023307362
AppleCinn.Cheerios,Cinn.ToastCrunch,-0.04861915023307362
CracklinOatBran,Cinn.ToastCrunch,-0.04861915023307362
BigBiscuitShdWt,Cinn.ToastCrunch,-0.04861915023307362
HoneyBunchesofOats,Cinn.ToastCrunch,-0.04861915023307362
GreatGraines,Cinn.ToastCrunch,-0.04861915023307362
OtmlRaisinCrisp,Cinn.ToastCrunch,-0.04861915023307362
OatSquares,Cinn.ToastCrunch,-0.04861915023307362
RiceChex,Cinn.ToastCrunch,-0.04861915023307362
TotalRaisinBran,Cinn.ToastCrunch,-0.04861915023307362
Product19,Cinn.ToastCrunch,-0.04861915023307362
AppleJacks,Cinn.ToastCrunch,-0.04861915023307362
CaptCrunch,Cinn.ToastCrunch,-0.04861915023307362
ShreddedWheat,Cinn.ToastCrunch,-0.04861915023307362
FruityPebbles,Cinn.ToastCrunch,-0.04861915023307362
Clusters,Cinn.ToastCrunch,-0.04861915023307362
CinnamonMiniBuns,Cinn.ToastCrunch,-0.04861915023307362
DoubleDipCrunch,Cinn.ToastCrunch,-0.04861915023307362
MultiGrainCheerios,Cinn.ToastCrunch,-0.04861915023307362
Honeycomb,Cinn.ToastCrunch,-0.04861915023307362
Popeye,Cinn.ToastCrunch,-0.04861915023307362
CornFlakes,FrootLoops,-0.049833217283028426
Cheerios,FrootLoops,-0.049833217283028426
RiceKrispies,FrootLoops,-0.049833217283028426
FrostedFlakes,FrootLoops,-0.049833217283028426
RaisinBran,FrootLoops,-0.049833217283028426
Total,FrootLoops,-0.049833217283028426
HoneyNutCheerios,FrootLoops,-0.049833217283028426
SpecialK,FrootLoops,-0.049833217283028426
GrapeNuts,FrootLoops,-0.049833217283028426
SpoonSizeShdWt,FrootLoops,-0.049833217283028426
100%Natural,FrootLoops,-0.049833217283028426
FrostedMiniWheats,FrootLoops,-0.049833217283028426
NutriGrain,FrootLoops,-0.049833217283028426
Mueslix,FrootLoops,-0.049833217283028426
Wheaties,FrootLoops,-0.049833217283028426
RaisinBran,FrootLoops,-0.049833217283028426
Muesli,FrootLoops,-0.049833217283028426
CornPops,FrootLoops,-0.049833217283028426
RaisinNutBran,FrootLoops,-0.049833217283028426
Basic4,FrootLoops,-0.049833217283028426
CocoaPus,FrootLoops,-0.049833217283028426
GoldenGrahams,FrootLoops,-0.049833217283028426
Cinn.ToastCrunch,FrootLoops,-0.049833217283028426
FrootLoops,FrootLoops,4.102934889636007
LowFatGranola,FrootLoops,-0.049833217283028426
Trix,FrootLoops,-0.049833217283028426
Triples,FrootLoops,-0.049833217283028426
Crispix,FrootLoops,-0.049833217283028426
Kix,FrootLoops,-0.049833217283028426
LuckyCharms,FrootLoops,-0.049833217283028426
AppleCinn.Cheerios,FrootLoops,-0.049833217283028426
CracklinOatBran,FrootLoops,-0.049833217283028426
BigBiscuitShdWt,FrootLoops,-0.049833217283028426
HoneyBunchesofOats,FrootLoops,-0.049833217283028426
GreatGraines,FrootLoops,-0.049833217283028426
OtmlRaisinCrisp,FrootLoops,-0.049833217283028426
OatSquares,FrootLoops,-0.049833217283028426
RiceChex,FrootLoops,-0.049833217283028426
TotalRaisinBran,FrootLoops,-0.049833217283028426
Product19,FrootLoops,-0.049833217283028426
AppleJacks,FrootLoops,-0.049833217283028426
CaptCrunch,FrootLoops,-0.049833217283028426
ShreddedWheat,FrootLoops,-0.049833217283028426
FruityPebbles,FrootLoops,-0.049833217283028426
Clusters,FrootLoops,-0.049833217283028426
CinnamonMiniBuns,FrootLoops,-0.049833217283028426
DoubleDipCrunch,FrootLoops,-0.049833217283028426
MultiGrainCheerios,FrootLoops,-0.049833217283028426
Honeycomb,FrootLoops,-0.049833217283028426
Popeye,FrootLoops,-0.049833217283028426
CornFlakes,LowFatGranola,-0.036887874436417355
Cheerios,LowFatGranola,-0.036887874436417355
RiceKrispies,LowFatGranola,-0.036887874436417355
FrostedFlakes,LowFatGranola,-0.036887874436417355
RaisinBran,LowFatGranola,-0.036887874436417355
Total,LowFatGranola,-0.036887874436417355
HoneyNutCheerios,LowFatGranola,-0.036887874436417355
SpecialK,LowFatGranola,-0.036887874436417355
GrapeNuts,LowFatGranola,-0.036887874436417355
SpoonSizeShdWt,LowFatGranola,-0.036887874436417355
100%Natural,LowFatGranola,-0.036887874436417355
FrostedMiniWheats,LowFatGranola,-0.036887874436417355
NutriGrain,LowFatGranola,-0.036887874436417355
Mueslix,LowFatGranola,-0.036887874436417355
Wheaties,LowFatGranola,-0.036887874436417355
RaisinBran,LowFatGranola,-0.036887874436417355
Muesli,LowFatGranola,-0.036887874436417355
CornPops,LowFatGranola,-0.036887874436417355
RaisinNutBran,LowFatGranola,-0.036887874436417355
Basic4,LowFatGranola,-0.036887874436417355
CocoaPus,LowFatGranola,-0.036887874436417355
GoldenGrahams,LowFatGranola,-0.036887874436417355
Cinn.ToastCrunch,LowFatGranola,-0.036887874436417355
FrootLoops,LowFatGranola,-0.036887874436417355
LowFatGranola,LowFatGranola,3.115921906453955
Trix,LowFatGranola,-0.036887874436417355
Triples,LowFatGranola,-0.036887874436417355
Crispix,LowFatGranola,-0.036887874436417355
Kix,LowFatGranola,-0.036887874436417355
LuckyCharms,LowFatGranola,-0.036887874436417355
AppleCinn.Cheerios,LowFatGranola,-0.036887874436417355
CracklinOatBran,LowFatGranola,-0.036887874436417355
BigBiscuitShdWt,LowFatGranola,-0.036887874436417355
HoneyBunchesofOats,LowFatGranola,-0.036887874436417355
GreatGraines,LowFatGranola,-0.036887874436417355
OtmlRaisinCrisp,LowFatGranola,-0.036887874436417355
OatSquares,LowFatGranola,-0.036887874436417355
RiceChex,LowFatGranola,-0.036887874436417355
TotalRaisinBran,LowFatGranola,-0.036887874436417355
Product19,LowFatGranola,-0.036887874436417355
AppleJacks,LowFatGranola,-0.036887874436417355
CaptCrunch,LowFatGranola,-0.036887874436417355
ShreddedWheat,LowFatGranola,-0.036887874436417355
FruityPebbles,LowFatGranola,-0.036887874436417355
Clusters,LowFatGranola,-0.036887874436417355
CinnamonMiniBuns,LowFatGranola,-0.036887874436417355
DoubleDipCrunch,LowFatGranola,-0.036887874436417355
MultiGrainCheerios,LowFatGranola,-0.036887874436417355
Honeycomb,LowFatGranola,-0.036887874436417355
Popeye,LowFatGranola,-0.036887874436417355
CornFlakes,Trix,-0.05264251196838895
Cheerios,Trix,-0.05264251196838895
RiceKrispies,Trix,-0.05264251196838895
FrostedFlakes,Trix,-0.05264251196838895
RaisinBran,Trix,-0.05264251196838895
Total,Trix,-0.05264251196838895
HoneyNutCheerios,Trix,-0.05264251196838895
SpecialK,Trix,-0.05264251196838895
GrapeNuts,Trix,-0.05264251196838895
SpoonSizeShdWt,Trix,-0.05264251196838895
100%Natural,Trix,-0.05264251196838895
FrostedMiniWheats,Trix,-0.05264251196838895
NutriGrain,Trix,-0.05264251196838895
Mueslix,Trix,-0.05264251196838895
Wheaties,Trix,-0.05264251196838895
RaisinBran,Trix,-0.05264251196838895
Muesli,Trix,-0.05264251196838895
CornPops,Trix,-0.05264251196838895
RaisinNutBran,Trix,-0.05264251196838895
Basic4,Trix,-0.05264251196838895
CocoaPus,Trix,-0.05264251196838895
GoldenGrahams,Trix,-0.05264251196838895
Cinn.ToastCrunch,Trix,-0.05264251196838895
FrootLoops,Trix,-0.05264251196838895
LowFatGranola,Trix,-0.05264251196838895
Trix,Trix,4.605986865765146
Triples,Trix,-0.05264251196838895
Crispix,Trix,-0.05264251196838895
Kix,Trix,-0.05264251196838895
LuckyCharms,Trix,-0.05264251196838895
AppleCinn.Cheerios,Trix,-0.05264251196838895
CracklinOatBran,Trix,-0.05264251196838895
BigBiscuitShdWt,Trix,-0.05264251196838895
HoneyBunchesofOats,Trix,-0.05264251196838895
GreatGraines,Trix,-0.05264251196838895
OtmlRaisinCrisp,Trix,-0.05264251196838895
OatSquares,Trix,-0.05264251196838895
RiceChex,Trix,-0.05264251196838895
TotalRaisinBran,Trix,-0.05264251196838895
Product19,Trix,-0.05264251196838895
AppleJacks,Trix,-0.05264251196838895
CaptCrunch,Trix,-0.05264251196838895
ShreddedWheat,Trix,-0.05264251196838895
FruityPebbles,Trix,-0.05264251196838895
Clusters,Trix,-0.05264251196838895
CinnamonMiniBuns,Trix,-0.05264251196838895
DoubleDipCrunch,Trix,-0.05264251196838895
MultiGrainCheerios,Trix,-0.05264251196838895
Honeycomb,Trix,-0.05264251196838895
Popeye,Trix,-0.05264251196838895
CornFlakes,Triples,-0.03069989703063999
Cheerios,Triples,-0.03069989703063999
RiceKrispies,Triples,-0.03069989703063999
FrostedFlakes,Triples,-0.03069989703063999
RaisinBran,Triples,-0.03069989703063999
Total,Triples,-0.03069989703063999
HoneyNutCheerios,Triples,-0.03069989703063999
SpecialK,Triples,-0.03069989703063999
GrapeNuts,Triples,-0.03069989703063999
SpoonSizeShdWt,Triples,-0.03069989703063999
100%Natural,Triples,-0.03069989703063999
FrostedMiniWheats,Triples,-0.03069989703063999
NutriGrain,Triples,-0.03069989703063999
Mueslix,Triples,-0.03069989703063999
Wheaties,Triples,-0.03069989703063999
RaisinBran,Triples,-0.03069989703063999
Muesli,Triples,-0.03069989703063999
CornPops,Triples,-0.03069989703063999
RaisinNutBran,Triples,-0.03069989703063999
Basic4,Triples,-0.03069989703063999
CocoaPus,Triples,-0.03069989703063999
GoldenGrahams,Triples,-0.03069989703063999
Cinn.ToastCrunch,Triples,-0.03069989703063999
FrootLoops,Triples,-0.03069989703063999
LowFatGranola,Triples,-0.03069989703063999
Trix,Triples,-0.03069989703063999
Triples,Triples,2.7103623378479305
Crispix,Triples,-0.03069989703063999
Kix,Triples,-0.03069989703063999
LuckyCharms,Triples,-0.03069989703063999
AppleCinn.Cheerios,Triples,-0.03069989703063999
CracklinOatBran,Triples,-0.03069989703063999
BigBiscuitShdWt,Triples,-0.03069989703063999
HoneyBunchesofOats,Triples,-0.03069989703063999
GreatGraines,Triples,-0.03069989703063999
OtmlRaisinCrisp,Triples,-0.03069989703063999
OatSquares,Triples,-0.03069989703063999
RiceChex,Triples,-0.03069989703063999
TotalRaisinBran,Triples,-0.03069989703063999
Product19,Triples,-0.03069989703063999
AppleJacks,Triples,-0.03069989703063999
CaptCrunch,Triples,-0.03069989703063999
ShreddedWheat,Triples,-0.03069989703063999
FruityPebbles,Triples,-0.03069989703063999
Clusters,Triples,-0.03069989703063999
CinnamonMiniBuns,Triples,-0.03069989703063999
DoubleDipCrunch,Triples,-0.03069989703063999
MultiGrainCheerios,Triples,-0.03069989703063999
Honeycomb,Triples,-0.03069989703063999
Popeye,Triples,-0.03069989703063999
CornFlakes,Crispix,-0.04321702242939878
Cheerios,Crispix,-0.04321702242939878
RiceKrispies,Crispix,-0.04321702242939878
FrostedFlakes,Crispix,-0.04321702242939878
RaisinBran,Crispix,-0.04321702242939878
Total,Crispix,-0.04321702242939878
HoneyNutCheerios,Crispix,-0.04321702242939878
SpecialK,Crispix,-0.04321702242939878
GrapeNuts,Crispix,-0.04321702242939878
SpoonSizeShdWt,Crispix,-0.04321702242939878
100%Natural,Crispix,-0.04321702242939878
FrostedMiniWheats,Crispix,-0.04321702242939878
NutriGrain,Crispix,-0.04321702242939878
Mueslix,Crispix,-0.04321702242939878
Wheaties,Crispix,-0.04321702242939878
RaisinBran,Crispix,-0.04321702242939878
Muesli,Crispix,-0.04321702242939878
CornPops,Crispix,-0.04321702242939878
RaisinNutBran,Crispix,-0.04321702242939878
Basic4,Crispix,-0.04321702242939878
CocoaPus,Crispix,-0.04321702242939878
GoldenGrahams,Crispix,-0.04321702242939878
Cinn.ToastCrunch,Crispix,-0.04321702242939878
FrootLoops,Crispix,-0.04321702242939878
LowFatGranola,Crispix,-0.04321702242939878
Trix,Crispix,-0.04321702242939878
Triples,Crispix,-0.04321702242939878
Crispix,Crispix,3.8154456944812063
Kix,Crispix,-0.04321702242939878
LuckyCharms,Crispix,-0.04321702242939878
AppleCinn.Cheerios,Crispix,-0.04321702242939878
CracklinOatBran,Crispix,-0.04321702242939878
BigBiscuitShdWt,Crispix,-0.04321702242939878
HoneyBunchesofOats,Crispix,-0.04321702242939878
GreatGraines,Crispix,-0.04321702242939878
OtmlRaisinCrisp,Crispix,-0.04321702242939878
OatSquares,Crispix,-0.04321702242939878
RiceChex,Crispix,-0.04321702242939878
TotalRaisinBran,Crispix,-0.04321702242939878
Product19,Crispix,-0.04321702242939878
AppleJacks,Crispix,-0.04321702242939878
CaptCrunch,Crispix,-0.04321702242939878
ShreddedWheat,Crispix,-0.04321702242939878
FruityPebbles,Crispix,-0.04321702242939878
Clusters,Crispix,-0.04321702242939878
CinnamonMiniBuns,Crispix,-0.04321702242939878
DoubleDipCrunch,Crispix,-0.04321702242939878
MultiGrainCheerios,Crispix,-0.04321702242939878
Honeycomb,Crispix,-0.04321702242939878
Popeye,Crispix,-0.04321702242939878
CornFlakes,Kix,-0.04662864495349657
Cheerios,Kix,-0.04662864495349657
RiceKrispies,Kix,-0.04662864495349657
FrostedFlakes,Kix,-0.04662864495349657
RaisinBran,Kix,-0.04662864495349657
Total,Kix,-0.04662864495349657
HoneyNutCheerios,Kix,-0.04662864495349657
SpecialK,Kix,-0.04662864495349657
GrapeNuts,Kix,-0.04662864495349657
SpoonSizeShdWt,Kix,-0.04662864495349657
100%Natural,Kix,-0.04662864495349657
FrostedMiniWheats,Kix,-0.04662864495349657
NutriGrain,Kix,-0.04662864495349657
Mueslix,Kix,-0.04662864495349657
Wheaties,Kix,-0.04662864495349657
RaisinBran,Kix,-0.04662864495349657
Muesli,Kix,-0.04662864495349657
CornPops,Kix,-0.04662864495349657
RaisinNutBran,Kix,-0.04662864495349657
Basic4,Kix,-0.04662864495349657
CocoaPus,Kix,-0.04662864495349657
GoldenGrahams,Kix,-0.04662864495349657
Cinn.ToastCrunch,Kix,-0.04662864495349657
FrootLoops,Kix,-0.04662864495349657
LowFatGranola,Kix,-0.04662864495349657
Trix,Kix,-0.04662864495349657
Triples,Kix,-0.04662864495349657
Crispix,Kix,-0.04662864495349657
Kix,Kix,4.2708384803702595
LuckyCharms,Kix,-0.04662864495349657
AppleCinn.Cheerios,Kix,-0.04662864495349657
CracklinOatBran,Kix,-0.04662864495349657
BigBiscuitShdWt,Kix,-0.04662864495349657
HoneyBunchesofOats,Kix,-0.04662864495349657
GreatGraines,Kix,-0.04662864495349657
OtmlRaisinCrisp,Kix,-0.04662864495349657
OatSquares,Kix,-0.04662864495349657
RiceChex,Kix,-0.04662864495349657
TotalRaisinBran,Kix,-0.04662864495349657
Product19,Kix,-0.04662864495349657
AppleJacks,Kix,-0.04662864495349657
CaptCrunch,Kix,-0.04662864495349657
ShreddedWheat,Kix,-0.04662864495349657
FruityPebbles,Kix,-0.04662864495349657
Clusters,Kix,-0.04662864495349657
CinnamonMiniBuns,Kix,-0.04662864495349657
DoubleDipCrunch,Kix,-0.04662864495349657
MultiGrainCheerios,Kix,-0.04662864495349657
Honeycomb,Kix,-0.04662864495349657
Popeye,Kix,-0.04662864495349657
CornFlakes,LuckyCharms,-0.04383346732685646
Cheerios,LuckyCharms,-0.04383346732685646
RiceKrispies,LuckyCharms,-0.04383346732685646
FrostedFlakes,LuckyCharms,-0.04383346732685646
RaisinBran,LuckyCharms,-0.04383346732685646
Total,LuckyCharms,-0.04383346732685646
HoneyNutCheerios,LuckyCharms,-0.04383346732685646
SpecialK,LuckyCharms,-0.04383346732685646
GrapeNuts,LuckyCharms,-0.04383346732685646
SpoonSizeShdWt,LuckyCharms,-0.04383346732685646
100%Natural,LuckyCharms,-0.04383346732685646
FrostedMiniWheats,LuckyCharms,-0.04383346732685646
NutriGrain,LuckyCharms,-0.04383346732685646
Mueslix,LuckyCharms,-0.04383346732685646
Wheaties,LuckyCharms,-0.04383346732685646
RaisinBran,LuckyCharms,-0.04383346732685646
Muesli,LuckyCharms,-0.04383346732685646
CornPops,LuckyCharms,-0.04383346732685646
RaisinNutBran,LuckyCharms,-0.04383346732685646
Basic4,LuckyCharms,-0.04383346732685646
CocoaPus,LuckyCharms,-0.04383346732685646
GoldenGrahams,LuckyCharms,-0.04383346732685646
Cinn.ToastCrunch,LuckyCharms,-0.04383346732685646
FrootLoops,LuckyCharms,-0.04383346732685646
LowFatGranola,LuckyCharms,-0.04383346732685646
Trix,LuckyCharms,-0.04383346732685646
Triples,LuckyCharms,-0.04383346732685646
Crispix,LuckyCharms,-0.04383346732685646
Kix,LuckyCharms,-0.04383346732685646
LuckyCharms,LuckyCharms,4.014820914789482
AppleCinn.Cheerios,LuckyCharms,-0.04383346732685646
CracklinOatBran,LuckyCharms,-0.04383346732685646
BigBiscuitShdWt,LuckyCharms,-0.04383346732685646
HoneyBunchesofOats,LuckyCharms,-0.04383346732685646
GreatGraines,LuckyCharms,-0.04383346732685646
OtmlRaisinCrisp,LuckyCharms,-0.04383346732685646
OatSquares,LuckyCharms,-0.04383346732685646
RiceChex,LuckyCharms,-0.04383346732685646
TotalRaisinBran,LuckyCharms,-0.04383346732685646
Product19,LuckyCharms,-0.04383346732685646
AppleJacks,LuckyCharms,-0.04383346732685646
CaptCrunch,LuckyCharms,-0.04383346732685646
ShreddedWheat,LuckyCharms,-0.04383346732685646
FruityPebbles,LuckyCharms,-0.04383346732685646
Clusters,LuckyCharms,-0.04383346732685646
CinnamonMiniBuns,LuckyCharms,-0.04383346732685646
DoubleDipCrunch,LuckyCharms,-0.04383346732685646
MultiGrainCheerios,LuckyCharms,-0.04383346732685646
Honeycomb,LuckyCharms,-0.04383346732685646
Popeye,LuckyCharms,-0.04383346732685646
CornFlakes,AppleCinn.Cheerios,-0.03765960697979948
Cheerios,AppleCinn.Cheerios,-0.03765960697979948
RiceKrispies,AppleCinn.Cheerios,-0.03765960697979948
FrostedFlakes,AppleCinn.Cheerios,-0.03765960697979948
RaisinBran,AppleCinn.Cheerios,-0.03765960697979948
Total,AppleCinn.Cheerios,-0.03765960697979948
HoneyNutCheerios,AppleCinn.Cheerios,-0.03765960697979948
SpecialK,AppleCinn.Cheerios,-0.03765960697979948
GrapeNuts,AppleCinn.Cheerios,-0.03765960697979948
SpoonSizeShdWt,AppleCinn.Cheerios,-0.03765960697979948
100%Natural,AppleCinn.Cheerios,-0.03765960697979948
FrostedMiniWheats,AppleCinn.Cheerios,-0.03765960697979948
NutriGrain,AppleCinn.Cheerios,-0.03765960697979948
Mueslix,AppleCinn.Cheerios,-0.03765960697979948
Wheaties,AppleCinn.Cheerios,-0.03765960697979948
RaisinBran,AppleCinn.Cheerios,-0.03765960697979948
Muesli,AppleCinn.Cheerios,-0.03765960697979948
CornPops,AppleCinn.Cheerios,-0.03765960697979948
RaisinNutBran,AppleCinn.Cheerios,-0.03765960697979948
Basic4,AppleCinn.Cheerios,-0.03765960697979948
CocoaPus,AppleCinn.Cheerios,-0.03765960697979948
GoldenGrahams,AppleCinn.Cheerios,-0.03765960697979948
Cinn.ToastCrunch,AppleCinn.Cheerios,-0.03765960697979948
FrootLoops,AppleCinn.Cheerios,-0.03765960697979948
LowFatGranola,AppleCinn.Cheerios,-0.03765960697979948
Trix,AppleCinn.Cheerios,-0.03765960697979948
Triples,AppleCinn.Cheerios,-0.03765960697979948
Crispix,AppleCinn.Cheerios,-0.03765960697979948
Kix,AppleCinn.Cheerios,-0.03765960697979948
LuckyCharms,AppleCinn.Cheerios,-0.03765960697979948
AppleCinn.Cheerios,AppleCinn.Cheerios,3.515133504322038
CracklinOatBran,AppleCinn.Cheerios,-0.03765960697979948
BigBiscuitShdWt,AppleCinn.Cheerios,-0.03765960697979948
HoneyBunchesofOats,AppleCinn.Cheerios,-0.03765960697979948
GreatGraines,AppleCinn.Cheerios,-0.03765960697979948
OtmlRaisinCrisp,AppleCinn.Cheerios,-0.03765960697979948
OatSquares,AppleCinn.Cheerios,-0.03765960697979948
RiceChex,AppleCinn.Cheerios,-0.03765960697979948
TotalRaisinBran,AppleCinn.Cheerios,-0.03765960697979948
Product19,AppleCinn.Cheerios,-0.03765960697979948
AppleJacks,AppleCinn.Cheerios,-0.03765960697979948
CaptCrunch,AppleCinn.Cheerios,-0.03765960697979948
ShreddedWheat,AppleCinn.Cheerios,-0.03765960697979948
FruityPebbles,AppleCinn.Cheerios,-0.03765960697979948
Clusters,AppleCinn.Cheerios,-0.03765960697979948
CinnamonMiniBuns,AppleCinn.Cheerios,-0.03765960697979948
DoubleDipCrunch,AppleCinn.Cheerios,-0.03765960697979948
MultiGrainCheerios,AppleCinn.Cheerios,-0.03765960697979948
Honeycomb,AppleCinn.Cheerios,-0.03765960697979948
Popeye,AppleCinn.Cheerios,-0.03765960697979948
CornFlakes,CracklinOatBran,-0.03977951863098025
Cheerios,CracklinOatBran,-0.03977951863098025
RiceKrispies,CracklinOatBran,-0.03977951863098025
FrostedFlakes,CracklinOatBran,-0.03977951863098025
RaisinBran,CracklinOatBran,-0.03977951863098025
Total,CracklinOatBran,-0.03977951863098025
HoneyNutCheerios,CracklinOatBran,-0.03977951863098025
SpecialK,CracklinOatBran,-0.03977951863098025
GrapeNuts,CracklinOatBran,-0.03977951863098025
SpoonSizeShdWt,CracklinOatBran,-0.03977951863098025
100%Natural,CracklinOatBran,-0.03977951863098025
FrostedMiniWheats,CracklinOatBran,-0.03977951863098025
NutriGrain,CracklinOatBran,-0.03977951863098025
Mueslix,CracklinOatBran,-0.03977951863098025
Wheaties,CracklinOatBran,-0.03977951863098025
RaisinBran,CracklinOatBran,-0.03977951863098025
Muesli,CracklinOatBran,-0.03977951863098025
CornPops,CracklinOatBran,-0.03977951863098025
RaisinNutBran,CracklinOatBran,-0.03977951863098025
Basic4,CracklinOatBran,-0.03977951863098025
CocoaPus,CracklinOatBran,-0.03977951863098025
GoldenGrahams,CracklinOatBran,-0.03977951863098025
Cinn.ToastCrunch,CracklinOatBran,-0.03977951863098025
FrootLoops,CracklinOatBran,-0.03977951863098025
LowFatGranola,CracklinOatBran,-0.03977951863098025
Trix,CracklinOatBran,-0.03977951863098025
Triples,CracklinOatBran,-0.03977951863098025
Crispix,CracklinOatBran,-0.03977951863098025
Kix,CracklinOatBran,-0.03977951863098025
LuckyCharms,CracklinOatBran,-0.03977951863098025
AppleCinn.Cheerios,CracklinOatBran,-0.03977951863098025
CracklinOatBran,CracklinOatBran,3.7130052578765897
BigBiscuitShdWt,CracklinOatBran,-0.03977951863098025
HoneyBunchesofOats,CracklinOatBran,-0.03977951863098025
GreatGraines,CracklinOatBran,-0.03977951863098025
OtmlRaisinCrisp,CracklinOatBran,-0.03977951863098025
OatSquares,CracklinOatBran,-0.03977951863098025
RiceChex,CracklinOatBran,-0.03977951863098025
TotalRaisinBran,CracklinOatBran,-0.03977951863098025
Product19,CracklinOatBran,-0.03977951863098025
AppleJacks,CracklinOatBran,-0.03977951863098025
CaptCrunch,CracklinOatBran,-0.03977951863098025
ShreddedWheat,CracklinOatBran,-0.03977951863098025
FruityPebbles,CracklinOatBran,-0.03977951863098025
Clusters,CracklinOatBran,-0.03977951863098025
CinnamonMiniBuns,CracklinOatBran,-0.03977951863098025
DoubleDipCrunch,CracklinOatBran,-0.03977951863098025
MultiGrainCheerios,CracklinOatBran,-0.03977951863098025
Honeycomb,CracklinOatBran,-0.03977951863098025
Popeye,CracklinOatBran,-0.03977951863098025
CornFlakes,BigBiscuitShdWt,-0.032493939909691405
Cheerios,BigBiscuitShdWt,-0.032493939909691405
RiceKrispies,BigBiscuitShdWt,-0.032493939909691405
FrostedFlakes,BigBiscuitShdWt,-0.032493939909691405
RaisinBran,BigBiscuitShdWt,-0.032493939909691405
Total,BigBiscuitShdWt,-0.032493939909691405
HoneyNutCheerios,BigBiscuitShdWt,-0.032493939909691405
SpecialK,BigBiscuitShdWt,-0.032493939909691405
GrapeNuts,BigBiscuitShdWt,-0.032493939909691405
SpoonSizeShdWt,BigBiscuitShdWt,-0.032493939909691405
100%Natural,BigBiscuitShdWt,-0.032493939909691405
FrostedMiniWheats,BigBiscuitShdWt,-0.032493939909691405
NutriGrain,BigBiscuitShdWt,-0.032493939909691405
Mueslix,BigBiscuitShdWt,-0.032493939909691405
Wheaties,BigBiscuitShdWt,-0.032493939909691405
RaisinBran,BigBiscuitShdWt,-0.032493939909691405
Muesli,BigBiscuitShdWt,-0.032493939909691405
CornPops,BigBiscuitShdWt,-0.032493939909691405
RaisinNutBran,BigBiscuitShdWt,-0.032493939909691405
Basic4,BigBiscuitShdWt,-0.032493939909691405
CocoaPus,BigBiscuitShdWt,-0.032493939909691405
GoldenGrahams,BigBiscuitShdWt,-0.032493939909691405
Cinn.ToastCrunch,BigBiscuitShdWt,-0.032493939909691405
FrootLoops,BigBiscuitShdWt,-0.032493939909691405
LowFatGranola,BigBiscuitShdWt,-0.032493939909691405
Trix,BigBiscuitShdWt,-0.032493939909691405
Triples,BigBiscuitShdWt,-0.032493939909691405
Crispix,BigBiscuitShdWt,-0.032493939909691405
Kix,BigBiscuitShdWt,-0.032493939909691405
LuckyCharms,BigBiscuitShdWt,-0.032493939909691405
AppleCinn.Cheerios,BigBiscuitShdWt,-0.032493939909691405
CracklinOatBran,BigBiscuitShdWt,-0.032493939909691405
BigBiscuitShdWt,BigBiscuitShdWt,3.2497222125843903
HoneyBunchesofOats,BigBiscuitShdWt,-0.032493939909691405
GreatGraines,BigBiscuitShdWt,-0.032493939909691405
OtmlRaisinCrisp,BigBiscuitShdWt,-0.032493939909691405
OatSquares,BigBiscuitShdWt,-0.032493939909691405
RiceChex,BigBiscuitShdWt,-0.032493939909691405
TotalRaisinBran,BigBiscuitShdWt,-0.032493939909691405
Product19,BigBiscuitShdWt,-0.032493939909691405
AppleJacks,BigBiscuitShdWt,-0.032493939909691405
CaptCrunch,BigBiscuitShdWt,-0.032493939909691405
ShreddedWheat,BigBiscuitShdWt,-0.032493939909691405
FruityPebbles,BigBiscuitShdWt,-0.032493939909691405
Clusters,BigBiscuitShdWt,-0.032493939909691405
CinnamonMiniBuns,BigBiscuitShdWt,-0.032493939909691405
DoubleDipCrunch,BigBiscuitShdWt,-0.032493939909691405
MultiGrainCheerios,BigBiscuitShdWt,-0.032493939909691405
Honeycomb,BigBiscuitShdWt,-0.032493939909691405
Popeye,BigBiscuitShdWt,-0.032493939909691405
CornFlakes,HoneyBunchesofOats,-0.031851613737913
Cheerios,HoneyBunchesofOats,-0.031851613737913
RiceKrispies,HoneyBunchesofOats,-0.031851613737913
FrostedFlakes,HoneyBunchesofOats,-0.031851613737913
RaisinBran,HoneyBunchesofOats,-0.031851613737913
Total,HoneyBunchesofOats,-0.031851613737913
HoneyNutCheerios,HoneyBunchesofOats,-0.031851613737913
SpecialK,HoneyBunchesofOats,-0.031851613737913
GrapeNuts,HoneyBunchesofOats,-0.031851613737913
SpoonSizeShdWt,HoneyBunchesofOats,-0.031851613737913
100%Natural,HoneyBunchesofOats,-0.031851613737913
FrostedMiniWheats,HoneyBunchesofOats,-0.031851613737913
NutriGrain,HoneyBunchesofOats,-0.031851613737913
Mueslix,HoneyBunchesofOats,-0.031851613737913
Wheaties,HoneyBunchesofOats,-0.031851613737913
RaisinBran,HoneyBunchesofOats,-0.031851613737913
Muesli,HoneyBunchesofOats,-0.031851613737913
CornPops,HoneyBunchesofOats,-0.031851613737913
RaisinNutBran,HoneyBunchesofOats,-0.031851613737913
Basic4,HoneyBunchesofOats,-0.031851613737913
CocoaPus,HoneyBunchesofOats,-0.031851613737913
GoldenGrahams,HoneyBunchesofOats,-0.031851613737913
Cinn.ToastCrunch,HoneyBunchesofOats,-0.031851613737913
FrootLoops,HoneyBunchesofOats,-0.031851613737913
LowFatGranola,HoneyBunchesofOats,-0.031851613737913
Trix,HoneyBunchesofOats,-0.031851613737913
Triples,HoneyBunchesofOats,-0.031851613737913
Crispix,HoneyBunchesofOats,-0.031851613737913
Kix,HoneyBunchesofOats,-0.031851613737913
LuckyCharms,HoneyBunchesofOats,-0.031851613737913
AppleCinn.Cheerios,HoneyBunchesofOats,-0.031851613737913
CracklinOatBran,HoneyBunchesofOats,-0.031851613737913
BigBiscuitShdWt,HoneyBunchesofOats,-0.031851613737913
HoneyBunchesofOats,HoneyBunchesofOats,3.3209498323581923
GreatGraines,HoneyBunchesofOats,-0.031851613737913
OtmlRaisinCrisp,HoneyBunchesofOats,-0.031851613737913
OatSquares,HoneyBunchesofOats,-0.031851613737913
RiceChex,HoneyBunchesofOats,-0.031851613737913
TotalRaisinBran,HoneyBunchesofOats,-0.031851613737913
Product19,HoneyBunchesofOats,-0.031851613737913
AppleJacks,HoneyBunchesofOats,-0.031851613737913
CaptCrunch,HoneyBunchesofOats,-0.031851613737913
ShreddedWheat,HoneyBunchesofOats,-0.031851613737913
FruityPebbles,HoneyBunchesofOats,-0.031851613737913
Clusters,HoneyBunchesofOats,-0.031851613737913
CinnamonMiniBuns,HoneyBunchesofOats,-0.031851613737913
DoubleDipCrunch,HoneyBunchesofOats,-0.031851613737913
MultiGrainCheerios,HoneyBunchesofOats,-0.031851613737913
Honeycomb,HoneyBunchesofOats,-0.031851613737913
Popeye,HoneyBunchesofOats,-0.031851613737913
CornFlakes,GreatGraines,-0.030363440464470343
Cheerios,GreatGraines,-0.030363440464470343
RiceKrispies,GreatGraines,-0.030363440464470343
FrostedFlakes,GreatGraines,-0.030363440464470343
RaisinBran,GreatGraines,-0.030363440464470343
Total,GreatGraines,-0.030363440464470343
HoneyNutCheerios,GreatGraines,-0.030363440464470343
SpecialK,GreatGraines,-0.030363440464470343
GrapeNuts,GreatGraines,-0.030363440464470343
SpoonSizeShdWt,GreatGraines,-0.030363440464470343
100%Natural,GreatGraines,-0.030363440464470343
FrostedMiniWheats,GreatGraines,-0.030363440464470343
NutriGrain,GreatGraines,-0.030363440464470343
Mueslix,GreatGraines,-0.030363440464470343
Wheaties,GreatGraines,-0.030363440464470343
RaisinBran,GreatGraines,-0.030363440464470343
Muesli,GreatGraines,-0.030363440464470343
CornPops,GreatGraines,-0.030363440464470343
RaisinNutBran,GreatGraines,-0.030363440464470343
Basic4,GreatGraines,-0.030363440464470343
CocoaPus,GreatGraines,-0.030363440464470343
GoldenGrahams,GreatGraines,-0.030363440464470343
Cinn.ToastCrunch,GreatGraines,-0.030363440464470343
FrootLoops,GreatGraines,-0.030363440464470343
LowFatGranola,GreatGraines,-0.030363440464470343
Trix,GreatGraines,-0.030363440464470343
Triples,GreatGraines,-0.030363440464470343
Crispix,GreatGraines,-0.030363440464470343
Kix,GreatGraines,-0.030363440464470343
LuckyCharms,GreatGraines,-0.030363440464470343
AppleCinn.Cheerios,GreatGraines,-0.030363440464470343
CracklinOatBran,GreatGraines,-0.030363440464470343
BigBiscuitShdWt,GreatGraines,-0.030363440464470343
HoneyBunchesofOats,GreatGraines,-0.030363440464470343
GreatGraines,GreatGraines,3.3812590836333207
OtmlRaisinCrisp,GreatGraines,-0.030363440464470343
OatSquares,GreatGraines,-0.030363440464470343
RiceChex,GreatGraines,-0.030363440464470343
TotalRaisinBran,GreatGraines,-0.030363440464470343
Product19,GreatGraines,-0.030363440464470343
AppleJacks,GreatGraines,-0.030363440464470343
CaptCrunch,GreatGraines,-0.030363440464470343
ShreddedWheat,GreatGraines,-0.030363440464470343
FruityPebbles,GreatGraines,-0.030363440464470343
Clusters,GreatGraines,-0.030363440464470343
CinnamonMiniBuns,GreatGraines,-0.030363440464470343
DoubleDipCrunch,GreatGraines,-0.030363440464470343
MultiGrainCheerios,GreatGraines,-0.030363440464470343
Honeycomb,GreatGraines,-0.030363440464470343
Popeye,GreatGraines,-0.030363440464470343
CornFlakes,OtmlRaisinCrisp,-0.030924593548606428
Cheerios,OtmlRaisinCrisp,-0.030924593548606428
RiceKrispies,OtmlRaisinCrisp,-0.030924593548606428
FrostedFlakes,OtmlRaisinCrisp,-0.030924593548606428
RaisinBran,OtmlRaisinCrisp,-0.030924593548606428
Total,OtmlRaisinCrisp,-0.030924593548606428
HoneyNutCheerios,OtmlRaisinCrisp,-0.030924593548606428
SpecialK,OtmlRaisinCrisp,-0.030924593548606428
GrapeNuts,OtmlRaisinCrisp,-0.030924593548606428
SpoonSizeShdWt,OtmlRaisinCrisp,-0.030924593548606428
100%Natural,OtmlRaisinCrisp,-0.030924593548606428
FrostedMiniWheats,OtmlRaisinCrisp,-0.030924593548606428
NutriGrain,OtmlRaisinCrisp,-0.030924593548606428
Mueslix,OtmlRaisinCrisp,-0.030924593548606428
Wheaties,OtmlRaisinCrisp,-0.030924593548606428
RaisinBran,OtmlRaisinCrisp,-0.030924593548606428
Muesli,OtmlRaisinCrisp,-0.030924593548606428
CornPops,OtmlRaisinCrisp,-0.030924593548606428
RaisinNutBran,OtmlRaisinCrisp,-0.030924593548606428
Basic4,OtmlRaisinCrisp,-0.030924593548606428
CocoaPus,OtmlRaisinCrisp,-0.030924593548606428
GoldenGrahams,OtmlRaisinCrisp,-0.030924593548606428
Cinn.ToastCrunch,OtmlRaisinCrisp,-0.030924593548606428
FrootLoops,OtmlRaisinCrisp,-0.030924593548606428
LowFatGranola,OtmlRaisinCrisp,-0.030924593548606428
Trix,OtmlRaisinCrisp,-0.030924593548606428
Triples,OtmlRaisinCrisp,-0.030924593548606428
Crispix,OtmlRaisinCrisp,-0.030924593548606428
Kix,OtmlRaisinCrisp,-0.030924593548606428
LuckyCharms,OtmlRaisinCrisp,-0.030924593548606428
AppleCinn.Cheerios,OtmlRaisinCrisp,-0.030924593548606428
CracklinOatBran,OtmlRaisinCrisp,-0.030924593548606428
BigBiscuitShdWt,OtmlRaisinCrisp,-0.030924593548606428
HoneyBunchesofOats,OtmlRaisinCrisp,-0.030924593548606428
GreatGraines,OtmlRaisinCrisp,-0.030924593548606428
OtmlRaisinCrisp,OtmlRaisinCrisp,3.157177834142778
OatSquares,OtmlRaisinCrisp,-0.030924593548606428
RiceChex,OtmlRaisinCrisp,-0.030924593548606428
TotalRaisinBran,OtmlRaisinCrisp,-0.030924593548606428
Product19,OtmlRaisinCrisp,-0.030924593548606428
AppleJacks,OtmlRaisinCrisp,-0.030924593548606428
CaptCrunch,OtmlRaisinCrisp,-0.030924593548606428
ShreddedWheat,OtmlRaisinCrisp,-0.030924593548606428
FruityPebbles,OtmlRaisinCrisp,-0.030924593548606428
Clusters,OtmlRaisinCrisp,-0.030924593548606428
CinnamonMiniBuns,OtmlRaisinCrisp,-0.030924593548606428
DoubleDipCrunch,OtmlRaisinCrisp,-0.030924593548606428
MultiGrainCheerios,OtmlRaisinCrisp,-0.030924593548606428
Honeycomb,OtmlRaisinCrisp,-0.030924593548606428
Popeye,OtmlRaisinCrisp,-0.030924593548606428
CornFlakes,OatSquares,-0.026871821274290254
Cheerios,OatSquares,-0.026871821274290254
RiceKrispies,OatSquares,-0.026871821274290254
FrostedFlakes,OatSquares,-0.026871821274290254
RaisinBran,OatSquares,-0.026871821274290254
Total,OatSquares,-0.026871821274290254
HoneyNutCheerios,OatSquares,-0.026871821274290254
SpecialK,OatSquares,-0.026871821274290254
GrapeNuts,OatSquares,-0.026871821274290254
SpoonSizeShdWt,OatSquares,-0.026871821274290254
100%Natural,OatSquares,-0.026871821274290254
FrostedMiniWheats,OatSquares,-0.026871821274290254
NutriGrain,OatSquares,-0.026871821274290254
Mueslix,OatSquares,-0.026871821274290254
Wheaties,OatSquares,-0.026871821274290254
RaisinBran,OatSquares,-0.026871821274290254
Muesli,OatSquares,-0.026871821274290254
CornPops,OatSquares,-0.026871821274290254
RaisinNutBran,OatSquares,-0.026871821274290254
Basic4,OatSquares,-0.026871821274290254
CocoaPus,OatSquares,-0.026871821274290254
GoldenGrahams,OatSquares,-0.026871821274290254
Cinn.ToastCrunch,OatSquares,-0.026871821274290254
FrootLoops,OatSquares,-0.026871821274290254
LowFatGranola,OatSquares,-0.026871821274290254
Trix,OatSquares,-0.026871821274290254
Triples,OatSquares,-0.026871821274290254
Crispix,OatSquares,-0.026871821274290254
Kix,OatSquares,-0.026871821274290254
LuckyCharms,OatSquares,-0.026871821274290254
AppleCinn.Cheerios,OatSquares,-0.026871821274290254
CracklinOatBran,OatSquares,-0.026871821274290254
BigBiscuitShdWt,OatSquares,-0.026871821274290254
HoneyBunchesofOats,OatSquares,-0.026871821274290254
GreatGraines,OatSquares,-0.026871821274290254
OtmlRaisinCrisp,OatSquares,-0.026871821274290254
OatSquares,OatSquares,2.831832569607652
RiceChex,OatSquares,-0.026871821274290254
TotalRaisinBran,OatSquares,-0.026871821274290254
Product19,OatSquares,-0.026871821274290254
AppleJacks,OatSquares,-0.026871821274290254
CaptCrunch,OatSquares,-0.026871821274290254
ShreddedWheat,OatSquares,-0.026871821274290254
FruityPebbles,OatSquares,-0.026871821274290254
Clusters,OatSquares,-0.026871821274290254
CinnamonMiniBuns,OatSquares,-0.026871821274290254
DoubleDipCrunch,OatSquares,-0.026871821274290254
MultiGrainCheerios,OatSquares,-0.026871821274290254
Honeycomb,OatSquares,-0.026871821274290254
Popeye,OatSquares,-0.026871821274290254
CornFlakes,RiceChex,-0.0355985164066204
Cheerios,RiceChex,-0.0355985164066204
RiceKrispies,RiceChex,-0.0355985164066204
FrostedFlakes,RiceChex,-0.0355985164066204
RaisinBran,RiceChex,-0.0355985164066204
Total,RiceChex,-0.0355985164066204
HoneyNutCheerios,RiceChex,-0.0355985164066204
SpecialK,RiceChex,-0.0355985164066204
GrapeNuts,RiceChex,-0.0355985164066204
SpoonSizeShdWt,RiceChex,-0.0355985164066204
100%Natural,RiceChex,-0.0355985164066204
FrostedMiniWheats,RiceChex,-0.0355985164066204
NutriGrain,RiceChex,-0.0355985164066204
Mueslix,RiceChex,-0.0355985164066204
Wheaties,RiceChex,-0.0355985164066204
RaisinBran,RiceChex,-0.0355985164066204
Muesli,RiceChex,-0.0355985164066204
CornPops,RiceChex,-0.0355985164066204
RaisinNutBran,RiceChex,-0.0355985164066204
Basic4,RiceChex,-0.0355985164066204
CocoaPus,RiceChex,-0.0355985164066204
GoldenGrahams,RiceChex,-0.0355985164066204
Cinn.ToastCrunch,RiceChex,-0.0355985164066204
FrootLoops,RiceChex,-0.0355985164066204
LowFatGranola,RiceChex,-0.0355985164066204
Trix,RiceChex,-0.0355985164066204
Triples,RiceChex,-0.0355985164066204
Crispix,RiceChex,-0.0355985164066204
Kix,RiceChex,-0.0355985164066204
LuckyCharms,RiceChex,-0.0355985164066204
AppleCinn.Cheerios,RiceChex,-0.0355985164066204
CracklinOatBran,RiceChex,-0.0355985164066204
BigBiscuitShdWt,RiceChex,-0.0355985164066204
HoneyBunchesofOats,RiceChex,-0.0355985164066204
GreatGraines,RiceChex,-0.0355985164066204
OtmlRaisinCrisp,RiceChex,-0.0355985164066204
OatSquares,RiceChex,-0.0355985164066204
RiceChex,RiceChex,3.9642347877080315
TotalRaisinBran,RiceChex,-0.0355985164066204
Product19,RiceChex,-0.0355985164066204
AppleJacks,RiceChex,-0.0355985164066204
CaptCrunch,RiceChex,-0.0355985164066204
ShreddedWheat,RiceChex,-0.0355985164066204
FruityPebbles,RiceChex,-0.0355985164066204
Clusters,RiceChex,-0.0355985164066204
CinnamonMiniBuns,RiceChex,-0.0355985164066204
DoubleDipCrunch,RiceChex,-0.0355985164066204
MultiGrainCheerios,RiceChex,-0.0355985164066204
Honeycomb,RiceChex,-0.0355985164066204
Popeye,RiceChex,-0.0355985164066204
CornFlakes,TotalRaisinBran,-0.031410455652900356
Cheerios,TotalRaisinBran,-0.031410455652900356
RiceKrispies,TotalRaisinBran,-0.031410455652900356
FrostedFlakes,TotalRaisinBran,-0.031410455652900356
RaisinBran,TotalRaisinBran,-0.031410455652900356
Total,TotalRaisinBran,-0.031410455652900356
HoneyNutCheerios,TotalRaisinBran,-0.031410455652900356
SpecialK,TotalRaisinBran,-0.031410455652900356
GrapeNuts,TotalRaisinBran,-0.031410455652900356
SpoonSizeShdWt,TotalRaisinBran,-0.031410455652900356
100%Natural,TotalRaisinBran,-0.031410455652900356
FrostedMiniWheats,TotalRaisinBran,-0.031410455652900356
NutriGrain,TotalRaisinBran,-0.031410455652900356
Mueslix,TotalRaisinBran,-0.031410455652900356
Wheaties,TotalRaisinBran,-0.031410455652900356
RaisinBran,TotalRaisinBran,-0.031410455652900356
Muesli,TotalRaisinBran,-0.031410455652900356
CornPops,TotalRaisinBran,-0.031410455652900356
RaisinNutBran,TotalRaisinBran,-0.031410455652900356
Basic4,TotalRaisinBran,-0.031410455652900356
CocoaPus,TotalRaisinBran,-0.031410455652900356
GoldenGrahams,TotalRaisinBran,-0.031410455652900356
Cinn.ToastCrunch,TotalRaisinBran,-0.031410455652900356
FrootLoops,TotalRaisinBran,-0.031410455652900356
LowFatGranola,TotalRaisinBran,-0.031410455652900356
Trix,TotalRaisinBran,-0.031410455652900356
Triples,TotalRaisinBran,-0.031410455652900356
Crispix,TotalRaisinBran,-0.031410455652900356
Kix,TotalRaisinBran,-0.031410455652900356
LuckyCharms,TotalRaisinBran,-0.031410455652900356
AppleCinn.Cheerios,TotalRaisinBran,-0.031410455652900356
CracklinOatBran,TotalRaisinBran,-0.031410455652900356
BigBiscuitShdWt,TotalRaisinBran,-0.031410455652900356
HoneyBunchesofOats,TotalRaisinBran,-0.031410455652900356
GreatGraines,TotalRaisinBran,-0.031410455652900356
OtmlRaisinCrisp,TotalRaisinBran,-0.031410455652900356
OatSquares,TotalRaisinBran,-0.031410455652900356
RiceChex,TotalRaisinBran,-0.031410455652900356
TotalRaisinBran,TotalRaisinBran,3.497854224448263
Product19,TotalRaisinBran,-0.031410455652900356
AppleJacks,TotalRaisinBran,-0.031410455652900356
CaptCrunch,TotalRaisinBran,-0.031410455652900356
ShreddedWheat,TotalRaisinBran,-0.031410455652900356
FruityPebbles,TotalRaisinBran,-0.031410455652900356
Clusters,TotalRaisinBran,-0.031410455652900356
CinnamonMiniBuns,TotalRaisinBran,-0.031410455652900356
DoubleDipCrunch,TotalRaisinBran,-0.031410455652900356
MultiGrainCheerios,TotalRaisinBran,-0.031410455652900356
Honeycomb,TotalRaisinBran,-0.031410455652900356
Popeye,TotalRaisinBran,-0.031410455652900356
CornFlakes,Product19,-0.0353891133689344
Cheerios,Product19,-0.0353891133689344
RiceKrispies,Product19,-0.0353891133689344
FrostedFlakes,Product19,-0.0353891133689344
RaisinBran,Product19,-0.0353891133689344
Total,Product19,-0.0353891133689344
HoneyNutCheerios,Product19,-0.0353891133689344
SpecialK,Product19,-0.0353891133689344
GrapeNuts,Product19,-0.0353891133689344
SpoonSizeShdWt,Product19,-0.0353891133689344
100%Natural,Product19,-0.0353891133689344
FrostedMiniWheats,Product19,-0.0353891133689344
NutriGrain,Product19,-0.0353891133689344
Mueslix,Product19,-0.0353891133689344
Wheaties,Product19,-0.0353891133689344
RaisinBran,Product19,-0.0353891133689344
Muesli,Product19,-0.0353891133689344
CornPops,Product19,-0.0353891133689344
RaisinNutBran,Product19,-0.0353891133689344
Basic4,Product19,-0.0353891133689344
CocoaPus,Product19,-0.0353891133689344
GoldenGrahams,Product19,-0.0353891133689344
Cinn.ToastCrunch,Product19,-0.0353891133689344
FrootLoops,Product19,-0.0353891133689344
LowFatGranola,Product19,-0.0353891133689344
Trix,Product19,-0.0353891133689344
Triples,Product19,-0.0353891133689344
Crispix,Product19,-0.0353891133689344
Kix,Product19,-0.0353891133689344
LuckyCharms,Product19,-0.0353891133689344
AppleCinn.Cheerios,Product19,-0.0353891133689344
CracklinOatBran,Product19,-0.0353891133689344
BigBiscuitShdWt,Product19,-0.0353891133689344
HoneyBunchesofOats,Product19,-0.0353891133689344
GreatGraines,Product19,-0.0353891133689344
OtmlRaisinCrisp,Product19,-0.0353891133689344
OatSquares,Product19,-0.0353891133689344
RiceChex,Product19,-0.0353891133689344
TotalRaisinBran,Product19,-0.0353891133689344
Product19,Product19,3.940915759545043
AppleJacks,Product19,-0.0353891133689344
CaptCrunch,Product19,-0.0353891133689344
ShreddedWheat,Product19,-0.0353891133689344
FruityPebbles,Product19,-0.0353891133689344
Clusters,Product19,-0.0353891133689344
CinnamonMiniBuns,Product19,-0.0353891133689344
DoubleDipCrunch,Product19,-0.0353891133689344
MultiGrainCheerios,Product19,-0.0353891133689344
Honeycomb,Product19,-0.0353891133689344
Popeye,Product19,-0.0353891133689344
CornFlakes,AppleJacks,-0.03597026561959106
Cheerios,AppleJacks,-0.03597026561959106
RiceKrispies,AppleJacks,-0.03597026561959106
FrostedFlakes,AppleJacks,-0.03597026561959106
RaisinBran,AppleJacks,-0.03597026561959106
Total,AppleJacks,-0.03597026561959106
HoneyNutCheerios,AppleJacks,-0.03597026561959106
SpecialK,AppleJacks,-0.03597026561959106
GrapeNuts,AppleJacks,-0.03597026561959106
SpoonSizeShdWt,AppleJacks,-0.03597026561959106
100%Natural,AppleJacks,-0.03597026561959106
FrostedMiniWheats,AppleJacks,-0.03597026561959106
NutriGrain,AppleJacks,-0.03597026561959106
Mueslix,AppleJacks,-0.03597026561959106
Wheaties,AppleJacks,-0.03597026561959106
RaisinBran,AppleJacks,-0.03597026561959106
Muesli,AppleJacks,-0.03597026561959106
CornPops,AppleJacks,-0.03597026561959106
RaisinNutBran,AppleJacks,-0.03597026561959106
Basic4,AppleJacks,-0.03597026561959106
CocoaPus,AppleJacks,-0.03597026561959106
GoldenGrahams,AppleJacks,-0.03597026561959106
Cinn.ToastCrunch,AppleJacks,-0.03597026561959106
FrootLoops,AppleJacks,-0.03597026561959106
LowFatGranola,AppleJacks,-0.03597026561959106
Trix,AppleJacks,-0.03597026561959106
Triples,AppleJacks,-0.03597026561959106
Crispix,AppleJacks,-0.03597026561959106
Kix,AppleJacks,-0.03597026561959106
LuckyCharms,AppleJacks,-0.03597026561959106
AppleCinn.Cheerios,AppleJacks,-0.03597026561959106
CracklinOatBran,AppleJacks,-0.03597026561959106
BigBiscuitShdWt,AppleJacks,-0.03597026561959106
HoneyBunchesofOats,AppleJacks,-0.03597026561959106
GreatGraines,AppleJacks,-0.03597026561959106
OtmlRaisinCrisp,AppleJacks,-0.03597026561959106
OatSquares,AppleJacks,-0.03597026561959106
RiceChex,AppleJacks,-0.03597026561959106
TotalRaisinBran,AppleJacks,-0.03597026561959106
Product19,AppleJacks,-0.03597026561959106
AppleJacks,AppleJacks,4.246204212903154
CaptCrunch,AppleJacks,-0.03597026561959106
ShreddedWheat,AppleJacks,-0.03597026561959106
FruityPebbles,AppleJacks,-0.03597026561959106
Clusters,AppleJacks,-0.03597026561959106
CinnamonMiniBuns,AppleJacks,-0.03597026561959106
DoubleDipCrunch,AppleJacks,-0.03597026561959106
MultiGrainCheerios,AppleJacks,-0.03597026561959106
Honeycomb,AppleJacks,-0.03597026561959106
Popeye,AppleJacks,-0.03597026561959106
CornFlakes,CaptCrunch,-0.024898962318113706
Cheerios,CaptCrunch,-0.024898962318113706
RiceKrispies,CaptCrunch,-0.024898962318113706
FrostedFlakes,CaptCrunch,-0.024898962318113706
RaisinBran,CaptCrunch,-0.024898962318113706
Total,CaptCrunch,-0.024898962318113706
HoneyNutCheerios,CaptCrunch,-0.024898962318113706
SpecialK,CaptCrunch,-0.024898962318113706
GrapeNuts,CaptCrunch,-0.024898962318113706
SpoonSizeShdWt,CaptCrunch,-0.024898962318113706
100%Natural,CaptCrunch,-0.024898962318113706
FrostedMiniWheats,CaptCrunch,-0.024898962318113706
NutriGrain,CaptCrunch,-0.024898962318113706
Mueslix,CaptCrunch,-0.024898962318113706
Wheaties,CaptCrunch,-0.024898962318113706
RaisinBran,CaptCrunch,-0.024898962318113706
Muesli,CaptCrunch,-0.024898962318113706
CornPops,CaptCrunch,-0.024898962318113706
RaisinNutBran,CaptCrunch,-0.024898962318113706
Basic4,CaptCrunch,-0.024898962318113706
CocoaPus,CaptCrunch,-0.024898962318113706
GoldenGrahams,CaptCrunch,-0.024898962318113706
Cinn.ToastCrunch,CaptCrunch,-0.024898962318113706
FrootLoops,CaptCrunch,-0.024898962318113706
LowFatGranola,CaptCrunch,-0.024898962318113706
Trix,CaptCrunch,-0.024898962318113706
Triples,CaptCrunch,-0.024898962318113706
Crispix,CaptCrunch,-0.024898962318113706
Kix,CaptCrunch,-0.024898962318113706
LuckyCharms,CaptCrunch,-0.024898962318113706
AppleCinn.Cheerios,CaptCrunch,-0.024898962318113706
CracklinOatBran,CaptCrunch,-0.024898962318113706
BigBiscuitShdWt,CaptCrunch,-0.024898962318113706
HoneyBunchesofOats,CaptCrunch,-0.024898962318113706
GreatGraines,CaptCrunch,-0.024898962318113706
OtmlRaisinCrisp,CaptCrunch,-0.024898962318113706
OatSquares,CaptCrunch,-0.024898962318113706
RiceChex,CaptCrunch,-0.024898962318113706
TotalRaisinBran,CaptCrunch,-0.024898962318113706
Product19,CaptCrunch,-0.024898962318113706
AppleJacks,CaptCrunch,-0.024898962318113706
CaptCrunch,CaptCrunch,2.9749760157678753
ShreddedWheat,CaptCrunch,-0.024898962318113706
FruityPebbles,CaptCrunch,-0.024898962318113706
Clusters,CaptCrunch,-0.024898962318113706
CinnamonMiniBuns,CaptCrunch,-0.024898962318113706
DoubleDipCrunch,CaptCrunch,-0.024898962318113706
MultiGrainCheerios,CaptCrunch,-0.024898962318113706
Honeycomb,CaptCrunch,-0.024898962318113706
Popeye,CaptCrunch,-0.024898962318113706
CornFlakes,ShreddedWheat,-0.026540070394360748
Cheerios,ShreddedWheat,-0.026540070394360748
RiceKrispies,ShreddedWheat,-0.026540070394360748
FrostedFlakes,ShreddedWheat,-0.026540070394360748
RaisinBran,ShreddedWheat,-0.026540070394360748
Total,ShreddedWheat,-0.026540070394360748
HoneyNutCheerios,ShreddedWheat,-0.026540070394360748
SpecialK,ShreddedWheat,-0.026540070394360748
GrapeNuts,ShreddedWheat,-0.026540070394360748
SpoonSizeShdWt,ShreddedWheat,-0.026540070394360748
100%Natural,ShreddedWheat,-0.026540070394360748
FrostedMiniWheats,ShreddedWheat,-0.026540070394360748
NutriGrain,ShreddedWheat,-0.026540070394360748
Mueslix,ShreddedWheat,-0.026540070394360748
Wheaties,ShreddedWheat,-0.026540070394360748
RaisinBran,ShreddedWheat,-0.026540070394360748
Muesli,ShreddedWheat,-0.026540070394360748
CornPops,ShreddedWheat,-0.026540070394360748
RaisinNutBran,ShreddedWheat,-0.026540070394360748
Basic4,ShreddedWheat,-0.026540070394360748
CocoaPus,ShreddedWheat,-0.026540070394360748
GoldenGrahams,ShreddedWheat,-0.026540070394360748
Cinn.ToastCrunch,ShreddedWheat,-0.026540070394360748
FrootLoops,ShreddedWheat,-0.026540070394360748
LowFatGranola,ShreddedWheat,-0.026540070394360748
Trix,ShreddedWheat,-0.026540070394360748
Triples,ShreddedWheat,-0.026540070394360748
Crispix,ShreddedWheat,-0.026540070394360748
Kix,ShreddedWheat,-0.026540070394360748
LuckyCharms,ShreddedWheat,-0.026540070394360748
AppleCinn.Cheerios,ShreddedWheat,-0.026540070394360748
CracklinOatBran,ShreddedWheat,-0.026540070394360748
BigBiscuitShdWt,ShreddedWheat,-0.026540070394360748
HoneyBunchesofOats,ShreddedWheat,-0.026540070394360748
GreatGraines,ShreddedWheat,-0.026540070394360748
OtmlRaisinCrisp,ShreddedWheat,-0.026540070394360748
OatSquares,ShreddedWheat,-0.026540070394360748
RiceChex,ShreddedWheat,-0.026540070394360748
TotalRaisinBran,ShreddedWheat,-0.026540070394360748
Product19,ShreddedWheat,-0.026540070394360748
AppleJacks,ShreddedWheat,-0.026540070394360748
CaptCrunch,ShreddedWheat,-0.026540070394360748
ShreddedWheat,ShreddedWheat,3.2909687289007326
FruityPebbles,ShreddedWheat,-0.026540070394360748
Clusters,ShreddedWheat,-0.026540070394360748
CinnamonMiniBuns,ShreddedWheat,-0.026540070394360748
DoubleDipCrunch,ShreddedWheat,-0.026540070394360748
MultiGrainCheerios,ShreddedWheat,-0.026540070394360748
Honeycomb,ShreddedWheat,-0.026540070394360748
Popeye,ShreddedWheat,-0.026540070394360748
CornFlakes,FruityPebbles,-0.03134339962397843
Cheerios,FruityPebbles,-0.03134339962397843
RiceKrispies,FruityPebbles,-0.03134339962397843
FrostedFlakes,FruityPebbles,-0.03134339962397843
RaisinBran,FruityPebbles,-0.03134339962397843
Total,FruityPebbles,-0.03134339962397843
HoneyNutCheerios,FruityPebbles,-0.03134339962397843
SpecialK,FruityPebbles,-0.03134339962397843
GrapeNuts,FruityPebbles,-0.03134339962397843
SpoonSizeShdWt,FruityPebbles,-0.03134339962397843
100%Natural,FruityPebbles,-0.03134339962397843
FrostedMiniWheats,FruityPebbles,-0.03134339962397843
NutriGrain,FruityPebbles,-0.03134339962397843
Mueslix,FruityPebbles,-0.03134339962397843
Wheaties,FruityPebbles,-0.03134339962397843
RaisinBran,FruityPebbles,-0.03134339962397843
Muesli,FruityPebbles,-0.03134339962397843
CornPops,FruityPebbles,-0.03134339962397843
RaisinNutBran,FruityPebbles,-0.03134339962397843
Basic4,FruityPebbles,-0.03134339962397843
CocoaPus,FruityPebbles,-0.03134339962397843
GoldenGrahams,FruityPebbles,-0.03134339962397843
Cinn.ToastCrunch,FruityPebbles,-0.03134339962397843
FrootLoops,FruityPebbles,-0.03134339962397843
LowFatGranola,FruityPebbles,-0.03134339962397843
Trix,FruityPebbles,-0.03134339962397843
Triples,FruityPebbles,-0.03134339962397843
Crispix,FruityPebbles,-0.03134339962397843
Kix,FruityPebbles,-0.03134339962397843
LuckyCharms,FruityPebbles,-0.03134339962397843
AppleCinn.Cheerios,FruityPebbles,-0.03134339962397843
CracklinOatBran,FruityPebbles,-0.03134339962397843
BigBiscuitShdWt,FruityPebbles,-0.03134339962397843
HoneyBunchesofOats,FruityPebbles,-0.03134339962397843
GreatGraines,FruityPebbles,-0.03134339962397843
OtmlRaisinCrisp,FruityPebbles,-0.03134339962397843
OatSquares,FruityPebbles,-0.03134339962397843
RiceChex,FruityPebbles,-0.03134339962397843
TotalRaisinBran,FruityPebbles,-0.03134339962397843
Product19,FruityPebbles,-0.03134339962397843
AppleJacks,FruityPebbles,-0.03134339962397843
CaptCrunch,FruityPebbles,-0.03134339962397843
ShreddedWheat,FruityPebbles,-0.03134339962397843
FruityPebbles,FruityPebbles,3.7449698080842664
Clusters,FruityPebbles,-0.03134339962397843
CinnamonMiniBuns,FruityPebbles,-0.03134339962397843
DoubleDipCrunch,FruityPebbles,-0.03134339962397843
MultiGrainCheerios,FruityPebbles,-0.03134339962397843
Honeycomb,FruityPebbles,-0.03134339962397843
Popeye,FruityPebbles,-0.03134339962397843
CornFlakes,Clusters,-0.0288129168483459
Cheerios,Clusters,-0.0288129168483459
RiceKrispies,Clusters,-0.0288129168483459
FrostedFlakes,Clusters,-0.0288129168483459
RaisinBran,Clusters,-0.0288129168483459
Total,Clusters,-0.0288129168483459
HoneyNutCheerios,Clusters,-0.0288129168483459
SpecialK,Clusters,-0.0288129168483459
GrapeNuts,Clusters,-0.0288129168483459
SpoonSizeShdWt,Clusters,-0.0288129168483459
100%Natural,Clusters,-0.0288129168483459
FrostedMiniWheats,Clusters,-0.0288129168483459
NutriGrain,Clusters,-0.0288129168483459
Mueslix,Clusters,-0.0288129168483459
Wheaties,Clusters,-0.0288129168483459
RaisinBran,Clusters,-0.0288129168483459
Muesli,Clusters,-0.0288129168483459
CornPops,Clusters,-0.0288129168483459
RaisinNutBran,Clusters,-0.0288129168483459
Basic4,Clusters,-0.0288129168483459
CocoaPus,Clusters,-0.0288129168483459
GoldenGrahams,Clusters,-0.0288129168483459
Cinn.ToastCrunch,Clusters,-0.0288129168483459
FrootLoops,Clusters,-0.0288129168483459
LowFatGranola,Clusters,-0.0288129168483459
Trix,Clusters,-0.0288129168483459
Triples,Clusters,-0.0288129168483459
Crispix,Clusters,-0.0288129168483459
Kix,Clusters,-0.0288129168483459
LuckyCharms,Clusters,-0.0288129168483459
AppleCinn.Cheerios,Clusters,-0.0288129168483459
CracklinOatBran,Clusters,-0.0288129168483459
BigBiscuitShdWt,Clusters,-0.0288129168483459
HoneyBunchesofOats,Clusters,-0.0288129168483459
GreatGraines,Clusters,-0.0288129168483459
OtmlRaisinCrisp,Clusters,-0.0288129168483459
OatSquares,Clusters,-0.0288129168483459
RiceChex,Clusters,-0.0288129168483459
TotalRaisinBran,Clusters,-0.0288129168483459
Product19,Clusters,-0.0288129168483459
AppleJacks,Clusters,-0.0288129168483459
CaptCrunch,Clusters,-0.0288129168483459
ShreddedWheat,Clusters,-0.0288129168483459
FruityPebbles,Clusters,-0.0288129168483459
Clusters,Clusters,3.6651507816575384
CinnamonMiniBuns,Clusters,-0.0288129168483459
DoubleDipCrunch,Clusters,-0.0288129168483459
MultiGrainCheerios,Clusters,-0.0288129168483459
Honeycomb,Clusters,-0.0288129168483459
Popeye,Clusters,-0.0288129168483459
CornFlakes,CinnamonMiniBuns,-0.024587210604704774
Cheerios,CinnamonMiniBuns,-0.024587210604704774
RiceKrispies,CinnamonMiniBuns,-0.024587210604704774
FrostedFlakes,CinnamonMiniBuns,-0.024587210604704774
RaisinBran,CinnamonMiniBuns,-0.024587210604704774
Total,CinnamonMiniBuns,-0.024587210604704774
HoneyNutCheerios,CinnamonMiniBuns,-0.024587210604704774
SpecialK,CinnamonMiniBuns,-0.024587210604704774
GrapeNuts,CinnamonMiniBuns,-0.024587210604704774
SpoonSizeShdWt,CinnamonMiniBuns,-0.024587210604704774
100%Natural,CinnamonMiniBuns,-0.024587210604704774
FrostedMiniWheats,CinnamonMiniBuns,-0.024587210604704774
NutriGrain,CinnamonMiniBuns,-0.024587210604704774
Mueslix,CinnamonMiniBuns,-0.024587210604704774
Wheaties,CinnamonMiniBuns,-0.024587210604704774
RaisinBran,CinnamonMiniBuns,-0.024587210604704774
Muesli,CinnamonMiniBuns,-0.024587210604704774
CornPops,CinnamonMiniBuns,-0.024587210604704774
RaisinNutBran,CinnamonMiniBuns,-0.024587210604704774
Basic4,CinnamonMiniBuns,-0.024587210604704774
CocoaPus,CinnamonMiniBuns,-0.024587210604704774
GoldenGrahams,CinnamonMiniBuns,-0.024587210604704774
Cinn.ToastCrunch,CinnamonMiniBuns,-0.024587210604704774
FrootLoops,CinnamonMiniBuns,-0.024587210604704774
LowFatGranola,CinnamonMiniBuns,-0.024587210604704774
Trix,CinnamonMiniBuns,-0.024587210604704774
Triples,CinnamonMiniBuns,-0.024587210604704774
Crispix,CinnamonMiniBuns,-0.024587210604704774
Kix,CinnamonMiniBuns,-0.024587210604704774
LuckyCharms,CinnamonMiniBuns,-0.024587210604704774
AppleCinn.Cheerios,CinnamonMiniBuns,-0.024587210604704774
CracklinOatBran,CinnamonMiniBuns,-0.024587210604704774
BigBiscuitShdWt,CinnamonMiniBuns,-0.024587210604704774
HoneyBunchesofOats,CinnamonMiniBuns,-0.024587210604704774
GreatGraines,CinnamonMiniBuns,-0.024587210604704774
OtmlRaisinCrisp,CinnamonMiniBuns,-0.024587210604704774
OatSquares,CinnamonMiniBuns,-0.024587210604704774
RiceChex,CinnamonMiniBuns,-0.024587210604704774
TotalRaisinBran,CinnamonMiniBuns,-0.024587210604704774
Product19,CinnamonMiniBuns,-0.024587210604704774
AppleJacks,CinnamonMiniBuns,-0.024587210604704774
CaptCrunch,CinnamonMiniBuns,-0.024587210604704774
ShreddedWheat,CinnamonMiniBuns,-0.024587210604704774
FruityPebbles,CinnamonMiniBuns,-0.024587210604704774
Clusters,CinnamonMiniBuns,-0.024587210604704774
CinnamonMiniBuns,CinnamonMiniBuns,3.210572079488028
DoubleDipCrunch,CinnamonMiniBuns,-0.024587210604704774
MultiGrainCheerios,CinnamonMiniBuns,-0.024587210604704774
Honeycomb,CinnamonMiniBuns,-0.024587210604704774
Popeye,CinnamonMiniBuns,-0.024587210604704774
CornFlakes,DoubleDipCrunch,-0.025849510938620954
Cheerios,DoubleDipCrunch,-0.025849510938620954
RiceKrispies,DoubleDipCrunch,-0.025849510938620954
FrostedFlakes,DoubleDipCrunch,-0.025849510938620954
RaisinBran,DoubleDipCrunch,-0.025849510938620954
Total,DoubleDipCrunch,-0.025849510938620954
HoneyNutCheerios,DoubleDipCrunch,-0.025849510938620954
SpecialK,DoubleDipCrunch,-0.025849510938620954
GrapeNuts,DoubleDipCrunch,-0.025849510938620954
SpoonSizeShdWt,DoubleDipCrunch,-0.025849510938620954
100%Natural,DoubleDipCrunch,-0.025849510938620954
FrostedMiniWheats,DoubleDipCrunch,-0.025849510938620954
NutriGrain,DoubleDipCrunch,-0.025849510938620954
Mueslix,DoubleDipCrunch,-0.025849510938620954
Wheaties,DoubleDipCrunch,-0.025849510938620954
RaisinBran,DoubleDipCrunch,-0.025849510938620954
Muesli,DoubleDipCrunch,-0.025849510938620954
CornPops,DoubleDipCrunch,-0.025849510938620954
RaisinNutBran,DoubleDipCrunch,-0.025849510938620954
Basic4,DoubleDipCrunch,-0.025849510938620954
CocoaPus,DoubleDipCrunch,-0.025849510938620954
GoldenGrahams,DoubleDipCrunch,-0.025849510938620954
Cinn.ToastCrunch,DoubleDipCrunch,-0.025849510938620954
FrootLoops,DoubleDipCrunch,-0.025849510938620954
LowFatGranola,DoubleDipCrunch,-0.025849510938620954
Trix,DoubleDipCrunch,-0.025849510938620954
Triples,DoubleDipCrunch,-0.025849510938620954
Crispix,DoubleDipCrunch,-0.025849510938620954
Kix,DoubleDipCrunch,-0.025849510938620954
LuckyCharms,DoubleDipCrunch,-0.025849510938620954
AppleCinn.Cheerios,DoubleDipCrunch,-0.025849510938620954
CracklinOatBran,DoubleDipCrunch,-0.025849510938620954
BigBiscuitShdWt,DoubleDipCrunch,-0.025849510938620954
HoneyBunchesofOats,DoubleDipCrunch,-0.025849510938620954
GreatGraines,DoubleDipCrunch,-0.025849510938620954
OtmlRaisinCrisp,DoubleDipCrunch,-0.025849510938620954
OatSquares,DoubleDipCrunch,-0.025849510938620954
RiceChex,DoubleDipCrunch,-0.025849510938620954
TotalRaisinBran,DoubleDipCrunch,-0.025849510938620954
Product19,DoubleDipCrunch,-0.025849510938620954
AppleJacks,DoubleDipCrunch,-0.025849510938620954
CaptCrunch,DoubleDipCrunch,-0.025849510938620954
ShreddedWheat,DoubleDipCrunch,-0.025849510938620954
FruityPebbles,DoubleDipCrunch,-0.025849510938620954
Clusters,DoubleDipCrunch,-0.025849510938620954
CinnamonMiniBuns,DoubleDipCrunch,-0.025849510938620954
DoubleDipCrunch,DoubleDipCrunch,3.5151793847628796
MultiGrainCheerios,DoubleDipCrunch,-0.025849510938620954
Honeycomb,DoubleDipCrunch,-0.025849510938620954
Popeye,DoubleDipCrunch,-0.025849510938620954
CornFlakes,MultiGrainCheerios,-0.029469360078844712
Cheerios,MultiGrainCheerios,-0.029469360078844712
RiceKrispies,MultiGrainCheerios,-0.029469360078844712
FrostedFlakes,MultiGrainCheerios,-0.029469360078844712
RaisinBran,MultiGrainCheerios,-0.029469360078844712
Total,MultiGrainCheerios,-0.029469360078844712
HoneyNutCheerios,MultiGrainCheerios,-0.029469360078844712
SpecialK,MultiGrainCheerios,-0.029469360078844712
GrapeNuts,MultiGrainCheerios,-0.029469360078844712
SpoonSizeShdWt,MultiGrainCheerios,-0.029469360078844712
100%Natural,MultiGrainCheerios,-0.029469360078844712
FrostedMiniWheats,MultiGrainCheerios,-0.029469360078844712
NutriGrain,MultiGrainCheerios,-0.029469360078844712
Mueslix,MultiGrainCheerios,-0.029469360078844712
Wheaties,MultiGrainCheerios,-0.029469360078844712
RaisinBran,MultiGrainCheerios,-0.029469360078844712
Muesli,MultiGrainCheerios,-0.029469360078844712
CornPops,MultiGrainCheerios,-0.029469360078844712
RaisinNutBran,MultiGrainCheerios,-0.029469360078844712
Basic4,MultiGrainCheerios,-0.029469360078844712
CocoaPus,MultiGrainCheerios,-0.029469360078844712
GoldenGrahams,MultiGrainCheerios,-0.029469360078844712
Cinn.ToastCrunch,MultiGrainCheerios,-0.029469360078844712
FrootLoops,MultiGrainCheerios,-0.029469360078844712
LowFatGranola,MultiGrainCheerios,-0.029469360078844712
Trix,MultiGrainCheerios,-0.029469360078844712
Triples,MultiGrainCheerios,-0.029469360078844712
Crispix,MultiGrainCheerios,-0.029469360078844712
Kix,MultiGrainCheerios,-0.029469360078844712
LuckyCharms,MultiGrainCheerios,-0.029469360078844712
AppleCinn.Cheerios,MultiGrainCheerios,-0.029469360078844712
CracklinOatBran,MultiGrainCheerios,-0.029469360078844712
BigBiscuitShdWt,MultiGrainCheerios,-0.029469360078844712
HoneyBunchesofOats,MultiGrainCheerios,-0.029469360078844712
GreatGraines,MultiGrainCheerios,-0.029469360078844712
OtmlRaisinCrisp,MultiGrainCheerios,-0.029469360078844712
OatSquares,MultiGrainCheerios,-0.029469360078844712
RiceChex,MultiGrainCheerios,-0.029469360078844712
TotalRaisinBran,MultiGrainCheerios,-0.029469360078844712
Product19,MultiGrainCheerios,-0.029469360078844712
AppleJacks,MultiGrainCheerios,-0.029469360078844712
CaptCrunch,MultiGrainCheerios,-0.029469360078844712
ShreddedWheat,MultiGrainCheerios,-0.029469360078844712
FruityPebbles,MultiGrainCheerios,-0.029469360078844712
Clusters,MultiGrainCheerios,-0.029469360078844712
CinnamonMiniBuns,MultiGrainCheerios,-0.029469360078844712
DoubleDipCrunch,MultiGrainCheerios,-0.029469360078844712
MultiGrainCheerios,MultiGrainCheerios,3.8997786504337837
Honeycomb,MultiGrainCheerios,-0.029469360078844712
Popeye,MultiGrainCheerios,-0.029469360078844712
CornFlakes,Honeycomb,-0.029598766450448424
Cheerios,Honeycomb,-0.029598766450448424
RiceKrispies,Honeycomb,-0.029598766450448424
FrostedFlakes,Honeycomb,-0.029598766450448424
RaisinBran,Honeycomb,-0.029598766450448424
Total,Honeycomb,-0.029598766450448424
HoneyNutCheerios,Honeycomb,-0.029598766450448424
SpecialK,Honeycomb,-0.029598766450448424
GrapeNuts,Honeycomb,-0.029598766450448424
SpoonSizeShdWt,Honeycomb,-0.029598766450448424
100%Natural,Honeycomb,-0.029598766450448424
FrostedMiniWheats,Honeycomb,-0.029598766450448424
NutriGrain,Honeycomb,-0.029598766450448424
Mueslix,Honeycomb,-0.029598766450448424
Wheaties,Honeycomb,-0.029598766450448424
RaisinBran,Honeycomb,-0.029598766450448424
Muesli,Honeycomb,-0.029598766450448424
CornPops,Honeycomb,-0.029598766450448424
RaisinNutBran,Honeycomb,-0.029598766450448424
Basic4,Honeycomb,-0.029598766450448424
CocoaPus,Honeycomb,-0.029598766450448424
GoldenGrahams,Honeycomb,-0.029598766450448424
Cinn.ToastCrunch,Honeycomb,-0.029598766450448424
FrootLoops,Honeycomb,-0.029598766450448424
LowFatGranola,Honeycomb,-0.029598766450448424
Trix,Honeycomb,-0.029598766450448424
Triples,Honeycomb,-0.029598766450448424
Crispix,Honeycomb,-0.029598766450448424
Kix,Honeycomb,-0.029598766450448424
LuckyCharms,Honeycomb,-0.029598766450448424
AppleCinn.Cheerios,Honeycomb,-0.029598766450448424
CracklinOatBran,Honeycomb,-0.029598766450448424
BigBiscuitShdWt,Honeycomb,-0.029598766450448424
HoneyBunchesofOats,Honeycomb,-0.029598766450448424
GreatGraines,Honeycomb,-0.029598766450448424
OtmlRaisinCrisp,Honeycomb,-0.029598766450448424
OatSquares,Honeycomb,-0.029598766450448424
RiceChex,Honeycomb,-0.029598766450448424
TotalRaisinBran,Honeycomb,-0.029598766450448424
Product19,Honeycomb,-0.029598766450448424
AppleJacks,Honeycomb,-0.029598766450448424
CaptCrunch,Honeycomb,-0.029598766450448424
ShreddedWheat,Honeycomb,-0.029598766450448424
FruityPebbles,Honeycomb,-0.029598766450448424
Clusters,Honeycomb,-0.029598766450448424
CinnamonMiniBuns,Honeycomb,-0.029598766450448424
DoubleDipCrunch,Honeycomb,-0.029598766450448424
MultiGrainCheerios,Honeycomb,-0.029598766450448424
Honeycomb,Honeycomb,3.9702345376642034
Popeye,Honeycomb,-0.029598766450448424
CornFlakes,Popeye,-0.013951183280439898
Cheerios,Popeye,-0.013951183280439898
RiceKrispies,Popeye,-0.013951183280439898
FrostedFlakes,Popeye,-0.013951183280439898
RaisinBran,Popeye,-0.013951183280439898
Total,Popeye,-0.013951183280439898
HoneyNutCheerios,Popeye,-0.013951183280439898
SpecialK,Popeye,-0.013951183280439898
GrapeNuts,Popeye,-0.013951183280439898
SpoonSizeShdWt,Popeye,-0.013951183280439898
100%Natural,Popeye,-0.013951183280439898
FrostedMiniWheats,Popeye,-0.013951183280439898
NutriGrain,Popeye,-0.013951183280439898
Mueslix,Popeye,-0.013951183280439898
Wheaties,Popeye,-0.013951183280439898
RaisinBran,Popeye,-0.013951183280439898
Muesli,Popeye,-0.013951183280439898
CornPops,Popeye,-0.013951183280439898
RaisinNutBran,Popeye,-0.013951183280439898
Basic4,Popeye,-0.013951183280439898
CocoaPus,Popeye,-0.013951183280439898
GoldenGrahams,Popeye,-0.013951183280439898
Cinn.ToastCrunch,Popeye,-0.013951183280439898
FrootLoops,Popeye,-0.013951183280439898
LowFatGranola,Popeye,-0.013951183280439898
Trix,Popeye,-0.013951183280439898
Triples,Popeye,-0.013951183280439898
Crispix,Popeye,-0.013951183280439898
Kix,Popeye,-0.013951183280439898
LuckyCharms,Popeye,-0.013951183280439898
AppleCinn.Cheerios,Popeye,-0.013951183280439898
CracklinOatBran,Popeye,-0.013951183280439898
BigBiscuitShdWt,Popeye,-0.013951183280439898
HoneyBunchesofOats,Popeye,-0.013951183280439898
GreatGraines,Popeye,-0.013951183280439898
OtmlRaisinCrisp,Popeye,-0.013951183280439898
OatSquares,Popeye,-0.013951183280439898
RiceChex,Popeye,-0.013951183280439898
TotalRaisinBran,Popeye,-0.013951183280439898
Product19,Popeye,-0.013951183280439898
AppleJacks,Popeye,-0.013951183280439898
CaptCrunch,Popeye,-0.013951183280439898
ShreddedWheat,Popeye,-0.013951183280439898
FruityPebbles,Popeye,-0.013951183280439898
Clusters,Popeye,-0.013951183280439898
CinnamonMiniBuns,Popeye,-0.013951183280439898
DoubleDipCrunch,Popeye,-0.013951183280439898
MultiGrainCheerios,Popeye,-0.013951183280439898
Honeycomb,Popeye,-0.013951183280439898
Popeye,Popeye,2.0683149779792465
