row_product,column_product,elasticity
CornFlakes,CornFlakes,-1.261475466603896
Cheerios,CornFlakes,0.13863635044236827
RiceKrispies,CornFlakes,0.13863635035969765
FrostedFlakes,CornFlakes,0.13863635056728066
RaisinBran,CornFlakes,0.13863635055710907
Total,CornFlakes,0.03929131647084671
HoneyNutCheerios,CornFlakes,0.13863635036251012
SpecialK,CornFlakes,0.039291316893352926
GrapeNuts,CornFlakes,0.039291316669491094
SpoonSizeShdWt,CornFlakes,0.0392913163737562
100%Natural,CornFlakes,0.03929131659361232
FrostedMiniWheats,CornFlakes,0.03929131673227304
NutriGrain,CornFlakes,0.03929131671518334
Mueslix,CornFlakes,0.03929131662229295
Wheaties,CornFlakes,0.13863635048483122
RaisinBran,CornFlakes,0.13863635048383452
Muesli,CornFlakes,0.03929131652097381
CornPops,CornFlakes,0.1386363502097223
RaisinNutBran,CornFlakes,0.039291316564668374
Basic4,CornFlakes,0.03929131666047696
CocoaPus,CornFlakes,0.03929131643734646
GoldenGrahams,CornFlakes,0.03929131626974999
Cinn.ToastCrunch,CornFlakes,0.039291316439774474
FrootLoops,CornFlakes,0.039291316371211006
LowFatGranola,CornFlakes,0.039291316446350595
Trix,CornFlakes,0.039291316408957104
Triples,CornFlakes,0.0392913166739998
Crispix,CornFlakes,0.039291316659766456
Kix,CornFlakes,0.039291316654350754
LuckyCharms,CornFlakes,0.039291316321907174
AppleCinn.Cheerios,CornFlakes,0.1386363503849201
CracklinOatBran,CornFlakes,0.03929131674379004
BigBiscuitShdWt,CornFlakes,0.03929131646515384
HoneyBunchesofOats,CornFlakes,0.039291316584952614
GreatGraines,CornFlakes,0.03929131661110443
OtmlRaisinCrisp,CornFlakes,0.03929131651781155
OatSquares,CornFlakes,0.03929131673365058
RiceChex,CornFlakes,0.039291316455028445
TotalRaisinBran,CornFlakes,0.03929131656794843
Product19,CornFlakes,0.03929131681239523
AppleJacks,CornFlakes,0.03929131627727857
CaptCrunch,CornFlakes,0.03929131644692677
ShreddedWheat,CornFlakes,0.039291316571491576
FruityPebbles,CornFlakes,0.03929131641439549
Clusters,CornFlakes,0.13863635054391404
CinnamonMiniBuns,CornFlakes,0.1386363507841483
DoubleDipCrunch,CornFlakes,0.039291316655692195
MultiGrainCheerios,CornFlakes,0.13863635053321463
Honeycomb,CornFlakes,0.039291316431286645
Popeye,CornFlakes,0.039291316485864036
CornFlakes,Cheerios,0.08908299732648772
Cheerios,Cheerios,-2.3553109980167717
RiceKrispies,Cheerios,0.08908299705361528
FrostedFlakes,Cheerios,0.08908299787211933
RaisinBran,Cheerios,0.08908299776243853
Total,Cheerios,0.025247262413745603
HoneyNutCheerios,Cheerios,0.0890829971462788
SpecialK,Cheerios,0.025247262806293094
GrapeNuts,Cheerios,0.02524726310786358
SpoonSizeShdWt,Cheerios,0.025247262927375926
100%Natural,Cheerios,0.025247262789876285
FrostedMiniWheats,Cheerios,0.02524726294292537
NutriGrain,Cheerios,0.025247263087711445
Mueslix,Cheerios,0.025247262686528688
Wheaties,Cheerios,0.08908299733453301
RaisinBran,Cheerios,0.08908299723339502
Muesli,Cheerios,0.02524726247001654
CornPops,Cheerios,0.08908299690174348
RaisinNutBran,Cheerios,0.02524726277684808
Basic4,Cheerios,0.02524726322314293
CocoaPus,Cheerios,0.02524726243003606
GoldenGrahams,Cheerios,0.02524726273950252
Cinn.ToastCrunch,Cheerios,0.02524726266345097
FrootLoops,Cheerios,0.025247262610912428
LowFatGranola,Cheerios,0.025247262560457884
Trix,Cheerios,0.025247262914144003
Triples,Cheerios,0.02524726270305336
Crispix,Cheerios,0.025247262867383647
Kix,Cheerios,0.025247263142236274
LuckyCharms,Cheerios,0.025247262616500482
AppleCinn.Cheerios,Cheerios,0.08908299796112734
CracklinOatBran,Cheerios,0.025247263355764923
BigBiscuitShdWt,Cheerios,0.025247262609720253
HoneyBunchesofOats,Cheerios,0.025247262915990623
GreatGraines,Cheerios,0.02524726283800462
OtmlRaisinCrisp,Cheerios,0.025247262610771908
OatSquares,Cheerios,0.025247263208251585
RiceChex,Cheerios,0.0252472626566658
TotalRaisinBran,Cheerios,0.02524726240724817
Product19,Cheerios,0.025247262822357466
AppleJacks,Cheerios,0.025247262647264814
CaptCrunch,Cheerios,0.02524726288762865
ShreddedWheat,Cheerios,0.025247262756031202
FruityPebbles,Cheerios,0.025247262769283404
Clusters,Cheerios,0.08908299736118375
CinnamonMiniBuns,Cheerios,0.08908299804716625
DoubleDipCrunch,Cheerios,0.025247262831322625
MultiGrainCheerios,Cheerios,0.08908299782316621
Honeycomb,Cheerios,0.025247263084756427
Popeye,Cheerios,0.025247263003212738
CornFlakes,RiceKrispies,0.09087675919911975
Cheerios,RiceKrispies,0.09087675914868833
RiceKrispies,RiceKrispies,-2.1988087608875704
FrostedFlakes,RiceKrispies,0.09087675962881847
RaisinBran,RiceKrispies,0.09087675875802256
Total,RiceKrispies,0.02575563749609171
HoneyNutCheerios,RiceKrispies,0.09087675866733975
SpecialK,RiceKrispies,0.025755637945612822
GrapeNuts,RiceKrispies,0.025755637866760734
SpoonSizeShdWt,RiceKrispies,0.02575563747734215
100%Natural,RiceKrispies,0.02575563724675628
FrostedMiniWheats,RiceKrispies,0.025755637543061604
NutriGrain,RiceKrispies,0.025755637469929763
Mueslix,RiceKrispies,0.02575563767029455
Wheaties,RiceKrispies,0.09087675915377115
RaisinBran,RiceKrispies,0.09087675854177928
Muesli,RiceKrispies,0.025755637513419638
CornPops,RiceKrispies,0.09087675888986718
RaisinNutBran,RiceKrispies,0.02575563797510565
Basic4,RiceKrispies,0.025755638051154616
CocoaPus,RiceKrispies,0.025755637615137203
GoldenGrahams,RiceKrispies,0.025755637359662138
Cinn.ToastCrunch,RiceKrispies,0.02575563748218918
FrootLoops,RiceKrispies,0.02575563769027921
LowFatGranola,RiceKrispies,0.025755637584247055
Trix,RiceKrispies,0.025755637441181835
Triples,RiceKrispies,0.025755637560840938
Crispix,RiceKrispies,0.025755637710667925
Kix,RiceKrispies,0.02575563777356924
LuckyCharms,RiceKrispies,0.025755637323911326
AppleCinn.Cheerios,RiceKrispies,0.09087675907707753
CracklinOatBran,RiceKrispies,0.02575563784485259
BigBiscuitShdWt,RiceKrispies,0.025755637414334273
HoneyBunchesofOats,RiceKrispies,0.02575563752477346
GreatGraines,RiceKrispies,0.025755637494163822
OtmlRaisinCrisp,RiceKrispies,0.025755637427488594
OatSquares,RiceKrispies,0.025755637620233002
RiceChex,RiceKrispies,0.025755637614135837
TotalRaisinBran,RiceKrispies,0.025755637395340373
Product19,RiceKrispies,0.025755638079726292
AppleJacks,RiceKrispies,0.025755637242544586
CaptCrunch,RiceKrispies,0.025755637437676497
ShreddedWheat,RiceKrispies,0.02575563781675374
FruityPebbles,RiceKrispies,0.02575563752435884
Clusters,RiceKrispies,0.09087675852624091
CinnamonMiniBuns,RiceKrispies,0.0908767590321287
DoubleDipCrunch,RiceKrispies,0.025755637550419482
MultiGrainCheerios,RiceKrispies,0.09087675884220715
Honeycomb,RiceKrispies,0.025755637716967112
Popeye,RiceKrispies,0.025755637780377188
CornFlakes,FrostedFlakes,0.08285383683599652
Cheerios,FrostedFlakes,0.08285383680506574
RiceKrispies,FrostedFlakes,0.0828538366059182
FrostedFlakes,FrostedFlakes,-1.8664730275565407
RaisinBran,FrostedFlakes,0.08285383682799384
Total,FrostedFlakes,0.023481839365142712
HoneyNutCheerios,FrostedFlakes,0.08285383669783607
SpecialK,FrostedFlakes,0.02348183938188384
GrapeNuts,FrostedFlakes,0.02348183927526084
SpoonSizeShdWt,FrostedFlakes,0.023481838966205208
100%Natural,FrostedFlakes,0.02348183900265597
FrostedMiniWheats,FrostedFlakes,0.02348183921432323
NutriGrain,FrostedFlakes,0.023481839039702416
Mueslix,FrostedFlakes,0.023481838834214383
Wheaties,FrostedFlakes,0.08285383672837734
RaisinBran,FrostedFlakes,0.08285383642618058
Muesli,FrostedFlakes,0.02348183893633739
CornPops,FrostedFlakes,0.08285383695145417
RaisinNutBran,FrostedFlakes,0.023481839497610416
Basic4,FrostedFlakes,0.023481839237754393
CocoaPus,FrostedFlakes,0.023481838728212363
GoldenGrahams,FrostedFlakes,0.02348183860617765
Cinn.ToastCrunch,FrostedFlakes,0.023481838564011665
FrootLoops,FrostedFlakes,0.023481838991513137
LowFatGranola,FrostedFlakes,0.023481839164709372
Trix,FrostedFlakes,0.023481838830691902
Triples,FrostedFlakes,0.02348183927452814
Crispix,FrostedFlakes,0.023481839251729086
Kix,FrostedFlakes,0.023481838801855753
LuckyCharms,FrostedFlakes,0.02348183873073179
AppleCinn.Cheerios,FrostedFlakes,0.08285383703724845
CracklinOatBran,FrostedFlakes,0.023481839339604148
BigBiscuitShdWt,FrostedFlakes,0.023481839103232576
HoneyBunchesofOats,FrostedFlakes,0.023481839130923766
GreatGraines,FrostedFlakes,0.023481839224933812
OtmlRaisinCrisp,FrostedFlakes,0.023481839059968916
OatSquares,FrostedFlakes,0.023481839216763323
RiceChex,FrostedFlakes,0.02348183900046854
TotalRaisinBran,FrostedFlakes,0.02348183914208147
Product19,FrostedFlakes,0.023481839552011063
AppleJacks,FrostedFlakes,0.023481838668587388
CaptCrunch,FrostedFlakes,0.02348183886996596
ShreddedWheat,FrostedFlakes,0.023481839331988476
FruityPebbles,FrostedFlakes,0.023481838698159365
Clusters,FrostedFlakes,0.08285383673203334
CinnamonMiniBuns,FrostedFlakes,0.0828538373067456
DoubleDipCrunch,FrostedFlakes,0.023481839257482658
MultiGrainCheerios,FrostedFlakes,0.08285383694192103
Honeycomb,FrostedFlakes,0.023481838909204265
Popeye,FrostedFlakes,0.02348183885821223
CornFlakes,RaisinBran,0.0789400362107391
Cheerios,RaisinBran,0.078940035928592
RiceKrispies,RaisinBran,0.07894003550238408
FrostedFlakes,RaisinBran,0.0789400359645651
RaisinBran,RaisinBran,-1.7311491963554801
Total,RaisinBran,0.02237261782261492
HoneyNutCheerios,RaisinBran,0.07894003589399072
SpecialK,RaisinBran,0.02237261812172905
GrapeNuts,RaisinBran,0.022372617778966132
SpoonSizeShdWt,RaisinBran,0.022372617823135186
100%Natural,RaisinBran,0.02237261753512823
FrostedMiniWheats,RaisinBran,0.022372618027941785
NutriGrain,RaisinBran,0.022372617600369564
Mueslix,RaisinBran,0.022372617488123636
Wheaties,RaisinBran,0.078940035886585
RaisinBran,RaisinBran,0.07894003579969534
Muesli,RaisinBran,0.022372617482210005
CornPops,RaisinBran,0.07894003632263893
RaisinNutBran,RaisinBran,0.022372617690155187
Basic4,RaisinBran,0.022372617757653257
CocoaPus,RaisinBran,0.022372617583031763
GoldenGrahams,RaisinBran,0.022372617643938338
Cinn.ToastCrunch,RaisinBran,0.022372617716079696
FrootLoops,RaisinBran,0.022372617807525766
LowFatGranola,RaisinBran,0.02237261768290267
Trix,RaisinBran,0.022372617747257798
Triples,RaisinBran,0.0223726176154514
Crispix,RaisinBran,0.02237261759039315
Kix,RaisinBran,0.022372617881332206
LuckyCharms,RaisinBran,0.022372617482201446
AppleCinn.Cheerios,RaisinBran,0.07894003594411264
CracklinOatBran,RaisinBran,0.022372618036020687
BigBiscuitShdWt,RaisinBran,0.022372617554638367
HoneyBunchesofOats,RaisinBran,0.022372617687711562
GreatGraines,RaisinBran,0.022372617628605675
OtmlRaisinCrisp,RaisinBran,0.02237261771661376
OatSquares,RaisinBran,0.022372618027915455
RiceChex,RaisinBran,0.02237261778097674
TotalRaisinBran,RaisinBran,0.022372617537943937
Product19,RaisinBran,0.022372618105143894
AppleJacks,RaisinBran,0.022372617335014843
CaptCrunch,RaisinBran,0.0223726178649469
ShreddedWheat,RaisinBran,0.022372617904167783
FruityPebbles,RaisinBran,0.022372617594486915
Clusters,RaisinBran,0.07894003607789178
CinnamonMiniBuns,RaisinBran,0.07894003643870655
DoubleDipCrunch,RaisinBran,0.022372617680683958
MultiGrainCheerios,RaisinBran,0.07894003639720674
Honeycomb,RaisinBran,0.022372617759814147
Popeye,RaisinBran,0.022372617633853
CornFlakes,Total,0.014587664418519048
Cheerios,Total,0.014587664327262722
RiceKrispies,Total,0.014587664069031397
FrostedFlakes,Total,0.01458766423893871
RaisinBran,Total,0.01458766420401837
Total,Total,-2.7522643719565725
HoneyNutCheerios,Total,0.014587663906820012
SpecialK,Total,0.040223654507557556
GrapeNuts,Total,0.04022365458898052
SpoonSizeShdWt,Total,0.0402236536138755
100%Natural,Total,0.040223653551960094
FrostedMiniWheats,Total,0.040223653811419374
NutriGrain,Total,0.040223654559314787
Mueslix,Total,0.04022365418408095
Wheaties,Total,0.014587664198350487
RaisinBran,Total,0.014587663819161547
Muesli,Total,0.040223653272629854
CornPops,Total,0.014587664436841589
RaisinNutBran,Total,0.04022365442781162
Basic4,Total,0.04022365423834475
CocoaPus,Total,0.014587664207364182
GoldenGrahams,Total,0.0145876639542689
Cinn.ToastCrunch,Total,0.01458766418486745
FrootLoops,Total,0.014587664567295672
LowFatGranola,Total,0.04022365361876462
Trix,Total,0.01458766436400278
Triples,Total,0.040223653859265525
Crispix,Total,0.04022365399857354
Kix,Total,0.014587664728311724
LuckyCharms,Total,0.01458766423318178
AppleCinn.Cheerios,Total,0.014587664465503617
CracklinOatBran,Total,0.04022365390600427
BigBiscuitShdWt,Total,0.04022365373988181
HoneyBunchesofOats,Total,0.04022365381711128
GreatGraines,Total,0.04022365419406684
OtmlRaisinCrisp,Total,0.040223654048055495
OatSquares,Total,0.040223653937007296
RiceChex,Total,0.04022365373215027
TotalRaisinBran,Total,0.04022365375918522
Product19,Total,0.040223654927144345
AppleJacks,Total,0.014587663700977456
CaptCrunch,Total,0.014587664366271316
ShreddedWheat,Total,0.04022365434706475
FruityPebbles,Total,0.014587664265054597
Clusters,Total,0.014587663892835116
CinnamonMiniBuns,Total,0.014587664772301147
DoubleDipCrunch,Total,0.04022365418153515
MultiGrainCheerios,Total,0.014587664438514275
Honeycomb,Total,0.014587664447972508
Popeye,Total,0.014587664400421049
CornFlakes,HoneyNutCheerios,0.06830861478175734
Cheerios,HoneyNutCheerios,0.06830861378423944
RiceKrispies,HoneyNutCheerios,0.06830861357032497
FrostedFlakes,HoneyNutCheerios,0.06830861447604991
RaisinBran,HoneyNutCheerios,0.06830861405921798
Total,HoneyNutCheerios,0.019359537165046656
HoneyNutCheerios,HoneyNutCheerios,-2.3606145176643953
SpecialK,HoneyNutCheerios,0.019359537232746724
GrapeNuts,HoneyNutCheerios,0.01935953718782493
SpoonSizeShdWt,HoneyNutCheerios,0.01935953667248741
100%Natural,HoneyNutCheerios,0.019359536781498262
FrostedMiniWheats,HoneyNutCheerios,0.019359537231671196
NutriGrain,HoneyNutCheerios,0.01935953730375462
Mueslix,HoneyNutCheerios,0.019359536726096794
Wheaties,HoneyNutCheerios,0.06830861465416135
RaisinBran,HoneyNutCheerios,0.06830861384145841
Muesli,HoneyNutCheerios,0.019359536631033906
CornPops,HoneyNutCheerios,0.06830861424440673
RaisinNutBran,HoneyNutCheerios,0.019359537066823605
Basic4,HoneyNutCheerios,0.019359537642306072
CocoaPus,HoneyNutCheerios,0.019359536869165715
GoldenGrahams,HoneyNutCheerios,0.019359536496791802
Cinn.ToastCrunch,HoneyNutCheerios,0.019359536436329254
FrootLoops,HoneyNutCheerios,0.01935953693975523
LowFatGranola,HoneyNutCheerios,0.01935953707655119
Trix,HoneyNutCheerios,0.019359536793671764
Triples,HoneyNutCheerios,0.019359537257855226
Crispix,HoneyNutCheerios,0.019359537160789798
Kix,HoneyNutCheerios,0.01935953707174317
LuckyCharms,HoneyNutCheerios,0.019359536671914136
AppleCinn.Cheerios,HoneyNutCheerios,0.06830861459341966
CracklinOatBran,HoneyNutCheerios,0.019359537611338986
BigBiscuitShdWt,HoneyNutCheerios,0.01935953713704597
HoneyBunchesofOats,HoneyNutCheerios,0.01935953693622513
GreatGraines,HoneyNutCheerios,0.019359537127474777
OtmlRaisinCrisp,HoneyNutCheerios,0.0193595372293412
OatSquares,HoneyNutCheerios,0.019359536974518244
RiceChex,HoneyNutCheerios,0.01935953691673734
TotalRaisinBran,HoneyNutCheerios,0.019359536708420007
Product19,HoneyNutCheerios,0.019359537097262246
AppleJacks,HoneyNutCheerios,0.01935953656141842
CaptCrunch,HoneyNutCheerios,0.019359536582392166
ShreddedWheat,HoneyNutCheerios,0.019359536954675616
FruityPebbles,HoneyNutCheerios,0.019359536558969683
Clusters,HoneyNutCheerios,0.06830861394386004
CinnamonMiniBuns,HoneyNutCheerios,0.06830861446614801
DoubleDipCrunch,HoneyNutCheerios,0.019359537065402374
MultiGrainCheerios,HoneyNutCheerios,0.06830861465071741
Honeycomb,HoneyNutCheerios,0.019359536890465216
Popeye,HoneyNutCheerios,0.01935953689138213
CornFlakes,SpecialK,0.01628567576385642
Cheerios,SpecialK,0.016285675977866423
RiceKrispies,SpecialK,0.01628567546266825
FrostedFlakes,SpecialK,0.016285675780936697
RaisinBran,SpecialK,0.016285675952266668
Total,SpecialK,0.044905708787820985
HoneyNutCheerios,SpecialK,0.016285675845734596
SpecialK,SpecialK,-2.647021814424206
GrapeNuts,SpecialK,0.04490570945519815
SpoonSizeShdWt,SpecialK,0.044905708723477954
100%Natural,SpecialK,0.0449057085539225
FrostedMiniWheats,SpecialK,0.0449057090578084
NutriGrain,SpecialK,0.04490570953131697
Mueslix,SpecialK,0.04490570919986549
Wheaties,SpecialK,0.016285675930860638
RaisinBran,SpecialK,0.01628567593895895
Muesli,SpecialK,0.04490570818923019
CornPops,SpecialK,0.01628567614343311
RaisinNutBran,SpecialK,0.044905708995635965
Basic4,SpecialK,0.044905709427076314
CocoaPus,SpecialK,0.01628567586946702
GoldenGrahams,SpecialK,0.016285675633961477
Cinn.ToastCrunch,SpecialK,0.01628567594086192
FrootLoops,SpecialK,0.01628567620575727
LowFatGranola,SpecialK,0.044905708639557146
Trix,SpecialK,0.016285675994004233
Triples,SpecialK,0.04490570868348353
Crispix,SpecialK,0.044905708906918376
Kix,SpecialK,0.016285676153530736
LuckyCharms,SpecialK,0.01628567614191259
AppleCinn.Cheerios,SpecialK,0.01628567587570478
CracklinOatBran,SpecialK,0.044905709214075766
BigBiscuitShdWt,SpecialK,0.04490570896414702
HoneyBunchesofOats,SpecialK,0.044905708782693045
GreatGraines,SpecialK,0.0449057094230302
OtmlRaisinCrisp,SpecialK,0.04490570916327969
OatSquares,SpecialK,0.044905708628432836
RiceChex,SpecialK,0.04490570842994222
TotalRaisinBran,SpecialK,0.04490570852127341
Product19,SpecialK,0.044905709291373073
AppleJacks,SpecialK,0.016285675702619604
CaptCrunch,SpecialK,0.016285676076625413
ShreddedWheat,SpecialK,0.04490570943757963
FruityPebbles,SpecialK,0.0162856759804663
Clusters,SpecialK,0.016285675622796536
CinnamonMiniBuns,SpecialK,0.016285676248631167
DoubleDipCrunch,SpecialK,0.044905709018413426
MultiGrainCheerios,SpecialK,0.016285675840677073
Honeycomb,SpecialK,0.016285676115528756
Popeye,SpecialK,0.016285676018484366
CornFlakes,GrapeNuts,0.025828366296044365
Cheerios,GrapeNuts,0.025828366279610233
RiceKrispies,GrapeNuts,0.02582836608357915
FrostedFlakes,GrapeNuts,0.0258283664362558
RaisinBran,GrapeNuts,0.0258283663887686
Total,GrapeNuts,0.07121847946354189
HoneyNutCheerios,GrapeNuts,0.02582836637297506
SpecialK,GrapeNuts,0.07121847975005843
GrapeNuts,GrapeNuts,-1.5841622717185029
SpoonSizeShdWt,GrapeNuts,0.0712184789965919
100%Natural,GrapeNuts,0.07121847937024085
FrostedMiniWheats,GrapeNuts,0.07121847986263732
NutriGrain,GrapeNuts,0.07121847963064036
Mueslix,GrapeNuts,0.0712184794627681
Wheaties,GrapeNuts,0.025828366511763942
RaisinBran,GrapeNuts,0.02582836604518792
Muesli,GrapeNuts,0.07121847934784231
CornPops,GrapeNuts,0.025828366546782833
RaisinNutBran,GrapeNuts,0.07121847961053702
Basic4,GrapeNuts,0.0712184794295162
CocoaPus,GrapeNuts,0.02582836610157665
GoldenGrahams,GrapeNuts,0.025828366227488277
Cinn.ToastCrunch,GrapeNuts,0.02582836626668554
FrootLoops,GrapeNuts,0.025828366299450987
LowFatGranola,GrapeNuts,0.07121847924267496
Trix,GrapeNuts,0.025828366354603317
Triples,GrapeNuts,0.07121847902782162
Crispix,GrapeNuts,0.0712184794825187
Kix,GrapeNuts,0.025828366263459
LuckyCharms,GrapeNuts,0.02582836633579947
AppleCinn.Cheerios,GrapeNuts,0.025828366307458363
CracklinOatBran,GrapeNuts,0.07121847938668034
BigBiscuitShdWt,GrapeNuts,0.07121847930804052
HoneyBunchesofOats,GrapeNuts,0.0712184793459669
GreatGraines,GrapeNuts,0.0712184793883107
OtmlRaisinCrisp,GrapeNuts,0.07121847933832896
OatSquares,GrapeNuts,0.07121847961539206
RiceChex,GrapeNuts,0.07121847961279311
TotalRaisinBran,GrapeNuts,0.07121847907479632
Product19,GrapeNuts,0.07121847982537928
AppleJacks,GrapeNuts,0.02582836610109055
CaptCrunch,GrapeNuts,0.02582836626432156
ShreddedWheat,GrapeNuts,0.07121847956054787
FruityPebbles,GrapeNuts,0.025828366119819493
Clusters,GrapeNuts,0.025828366261027757
CinnamonMiniBuns,GrapeNuts,0.025828366566402708
DoubleDipCrunch,GrapeNuts,0.07121847955659974
MultiGrainCheerios,GrapeNuts,0.0258283664682647
Honeycomb,GrapeNuts,0.02582836638002762
Popeye,GrapeNuts,0.025828366446752987
CornFlakes,SpoonSizeShdWt,0.024239481099891592
Cheerios,SpoonSizeShdWt,0.02423948086161012
RiceKrispies,SpoonSizeShdWt,0.024239481089757084
FrostedFlakes,SpoonSizeShdWt,0.024239481478464966
RaisinBran,SpoonSizeShdWt,0.024239481310141132
Total,SpoonSizeShdWt,0.06683732889393318
HoneyNutCheerios,SpoonSizeShdWt,0.024239480909535063
SpecialK,SpoonSizeShdWt,0.06683732895390859
GrapeNuts,SpoonSizeShdWt,0.06683732901708823
SpoonSizeShdWt,SpoonSizeShdWt,-2.1068168148667787
100%Natural,SpoonSizeShdWt,0.06683732864210735
FrostedMiniWheats,SpoonSizeShdWt,0.06683732882961785
NutriGrain,SpoonSizeShdWt,0.0668373289394232
Mueslix,SpoonSizeShdWt,0.06683732866575884
Wheaties,SpoonSizeShdWt,0.024239481247986795
RaisinBran,SpoonSizeShdWt,0.024239480984697834
Muesli,SpoonSizeShdWt,0.06683732854440075
CornPops,SpoonSizeShdWt,0.024239481156156383
RaisinNutBran,SpoonSizeShdWt,0.06683732891336713
Basic4,SpoonSizeShdWt,0.06683732894912697
CocoaPus,SpoonSizeShdWt,0.02423948146305052
GoldenGrahams,SpoonSizeShdWt,0.02423948110221386
Cinn.ToastCrunch,SpoonSizeShdWt,0.024239481421228545
FrootLoops,SpoonSizeShdWt,0.024239481719635622
LowFatGranola,SpoonSizeShdWt,0.066837328724968
Trix,SpoonSizeShdWt,0.02423948145691419
Triples,SpoonSizeShdWt,0.06683732801406413
Crispix,SpoonSizeShdWt,0.06683732828395907
Kix,SpoonSizeShdWt,0.024239481689197373
LuckyCharms,SpoonSizeShdWt,0.02423948151465751
AppleCinn.Cheerios,SpoonSizeShdWt,0.024239481244262315
CracklinOatBran,SpoonSizeShdWt,0.0668373288328318
BigBiscuitShdWt,SpoonSizeShdWt,0.06683732875918943
HoneyBunchesofOats,SpoonSizeShdWt,0.06683732866175343
GreatGraines,SpoonSizeShdWt,0.06683732882620547
OtmlRaisinCrisp,SpoonSizeShdWt,0.06683732893167428
OatSquares,SpoonSizeShdWt,0.06683732901204067
RiceChex,SpoonSizeShdWt,0.06683732869624678
TotalRaisinBran,SpoonSizeShdWt,0.06683732836465017
Product19,SpoonSizeShdWt,0.06683732913664515
AppleJacks,SpoonSizeShdWt,0.024239480998408496
CaptCrunch,SpoonSizeShdWt,0.024239481452829285
ShreddedWheat,SpoonSizeShdWt,0.06683732889757683
FruityPebbles,SpoonSizeShdWt,0.02423948123612743
Clusters,SpoonSizeShdWt,0.02423948097134197
CinnamonMiniBuns,SpoonSizeShdWt,0.024239481585290375
DoubleDipCrunch,SpoonSizeShdWt,0.06683732876321857
MultiGrainCheerios,SpoonSizeShdWt,0.024239481171868454
Honeycomb,SpoonSizeShdWt,0.02423948161266754
Popeye,SpoonSizeShdWt,0.024239481418747863
CornFlakes,100%Natural,0.02225696376809158
Cheerios,100%Natural,0.022256963413065274
RiceKrispies,100%Natural,0.02225696342847528
FrostedFlakes,100%Natural,0.022256963986182324
RaisinBran,100%Natural,0.022256963952617826
Total,100%Natural,0.06137078482705471
HoneyNutCheerios,100%Natural,0.02225696353357428
SpecialK,100%Natural,0.06137078518102196
GrapeNuts,100%Natural,0.06137078475483808
SpoonSizeShdWt,100%Natural,0.06137078491463042
100%Natural,100%Natural,-1.6713641969770645
FrostedMiniWheats,100%Natural,0.06137078504810847
NutriGrain,100%Natural,0.061370785168231
Mueslix,100%Natural,0.0613707848176445
Wheaties,100%Natural,0.022256963794942703
RaisinBran,100%Natural,0.022256963589520163
Muesli,100%Natural,0.06137078459887073
CornPops,100%Natural,0.022256963971030323
RaisinNutBran,100%Natural,0.061370785099870505
Basic4,100%Natural,0.061370784868173836
CocoaPus,100%Natural,0.022256963817944897
GoldenGrahams,100%Natural,0.022256963695619202
Cinn.ToastCrunch,100%Natural,0.02225696369381581
FrootLoops,100%Natural,0.022256963982601793
LowFatGranola,100%Natural,0.06137078465004622
Trix,100%Natural,0.02225696406135311
Triples,100%Natural,0.06137078460185846
Crispix,100%Natural,0.061370785198219154
Kix,100%Natural,0.02225696400299556
LuckyCharms,100%Natural,0.022256963727515594
AppleCinn.Cheerios,100%Natural,0.022256963921264566
CracklinOatBran,100%Natural,0.061370785003917835
BigBiscuitShdWt,100%Natural,0.06137078481199363
HoneyBunchesofOats,100%Natural,0.0613707850219335
GreatGraines,100%Natural,0.06137078493184364
OtmlRaisinCrisp,100%Natural,0.061370785011568785
OatSquares,100%Natural,0.06137078497703531
RiceChex,100%Natural,0.06137078485535517
TotalRaisinBran,100%Natural,0.0613707848313407
Product19,100%Natural,0.06137078519242052
AppleJacks,100%Natural,0.022256963648943428
CaptCrunch,100%Natural,0.02225696405928872
ShreddedWheat,100%Natural,0.0613707852871528
FruityPebbles,100%Natural,0.022256963930456487
Clusters,100%Natural,0.022256963641921305
CinnamonMiniBuns,100%Natural,0.022256963879703093
DoubleDipCrunch,100%Natural,0.061370784943202444
MultiGrainCheerios,100%Natural,0.022256963775823584
Honeycomb,100%Natural,0.02225696411542974
Popeye,100%Natural,0.02225696401161133
CornFlakes,FrostedMiniWheats,0.020028659182319622
Cheerios,FrostedMiniWheats,0.020028659379621096
RiceKrispies,FrostedMiniWheats,0.02002865912326796
FrostedFlakes,FrostedMiniWheats,0.020028659608790394
RaisinBran,FrostedMiniWheats,0.020028659390344903
Total,FrostedMiniWheats,0.055226515451351106
HoneyNutCheerios,FrostedMiniWheats,0.020028659080032162
SpecialK,FrostedMiniWheats,0.0552265160450618
GrapeNuts,FrostedMiniWheats,0.05522651584386984
SpoonSizeShdWt,FrostedMiniWheats,0.05522651542404004
100%Natural,FrostedMiniWheats,0.055226515288283734
FrostedMiniWheats,FrostedMiniWheats,-1.971454564702675
NutriGrain,FrostedMiniWheats,0.05522651569843949
Mueslix,FrostedMiniWheats,0.05522651574600753
Wheaties,FrostedMiniWheats,0.0200286594874629
RaisinBran,FrostedMiniWheats,0.020028659082692052
Muesli,FrostedMiniWheats,0.05522651531654669
CornPops,FrostedMiniWheats,0.02002865954767025
RaisinNutBran,FrostedMiniWheats,0.05522651580216391
Basic4,FrostedMiniWheats,0.055226515210120744
CocoaPus,FrostedMiniWheats,0.020028659525575913
GoldenGrahams,FrostedMiniWheats,0.02002865944773066
Cinn.ToastCrunch,FrostedMiniWheats,0.020028659667663058
FrootLoops,FrostedMiniWheats,0.020028659672120707
LowFatGranola,FrostedMiniWheats,0.05522651494591727
Trix,FrostedMiniWheats,0.020028659693139376
Triples,FrostedMiniWheats,0.055226515284341186
Crispix,FrostedMiniWheats,0.05522651540431465
Kix,FrostedMiniWheats,0.02002865968310625
LuckyCharms,FrostedMiniWheats,0.02002865944036309
AppleCinn.Cheerios,FrostedMiniWheats,0.020028659225855942
CracklinOatBran,FrostedMiniWheats,0.05522651567581715
BigBiscuitShdWt,FrostedMiniWheats,0.055226515319562665
HoneyBunchesofOats,FrostedMiniWheats,0.0552265154807639
GreatGraines,FrostedMiniWheats,0.055226515541788174
OtmlRaisinCrisp,FrostedMiniWheats,0.055226515573305754
OatSquares,FrostedMiniWheats,0.055226515564426884
RiceChex,FrostedMiniWheats,0.055226515546268645
TotalRaisinBran,FrostedMiniWheats,0.05522651546459914
Product19,FrostedMiniWheats,0.05522651604651243
AppleJacks,FrostedMiniWheats,0.020028659676807774
CaptCrunch,FrostedMiniWheats,0.020028659723733976
ShreddedWheat,FrostedMiniWheats,0.05522651575269808
FruityPebbles,FrostedMiniWheats,0.020028659665532342
Clusters,FrostedMiniWheats,0.020028658930173953
CinnamonMiniBuns,FrostedMiniWheats,0.020028659567667844
DoubleDipCrunch,FrostedMiniWheats,0.05522651580336383
MultiGrainCheerios,FrostedMiniWheats,0.020028659572706997
Honeycomb,FrostedMiniWheats,0.02002865981335316
Popeye,FrostedMiniWheats,0.02002865954509956
CornFlakes,NutriGrain,0.023520111962978894
Cheerios,NutriGrain,0.023520111842478382
RiceKrispies,NutriGrain,0.023520111890964344
FrostedFlakes,NutriGrain,0.023520112313627155
RaisinBran,NutriGrain,0.023520112309638515
Total,NutriGrain,0.06485375697172484
HoneyNutCheerios,NutriGrain,0.02352011190408354
SpecialK,NutriGrain,0.06485375736477754
GrapeNuts,NutriGrain,0.0648537573967708
SpoonSizeShdWt,NutriGrain,0.06485375716394988
100%Natural,NutriGrain,0.06485375709490626
FrostedMiniWheats,NutriGrain,0.06485375737963682
NutriGrain,NutriGrain,-2.155212925923537
Mueslix,NutriGrain,0.06485375762366334
Wheaties,NutriGrain,0.023520111961994706
RaisinBran,NutriGrain,0.023520111626227958
Muesli,NutriGrain,0.06485375726493435
CornPops,NutriGrain,0.023520112158171656
RaisinNutBran,NutriGrain,0.06485375771003411
Basic4,NutriGrain,0.06485375721569984
CocoaPus,NutriGrain,0.023520112270318905
GoldenGrahams,NutriGrain,0.02352011203146395
Cinn.ToastCrunch,NutriGrain,0.023520111929283997
FrootLoops,NutriGrain,0.02352011241597662
LowFatGranola,NutriGrain,0.06485375673926037
Trix,NutriGrain,0.023520112063687877
Triples,NutriGrain,0.06485375684638832
Crispix,NutriGrain,0.06485375699564304
Kix,NutriGrain,0.02352011259532409
LuckyCharms,NutriGrain,0.023520112247380407
AppleCinn.Cheerios,NutriGrain,0.023520112100153805
CracklinOatBran,NutriGrain,0.06485375757418671
BigBiscuitShdWt,NutriGrain,0.0648537573151969
HoneyBunchesofOats,NutriGrain,0.06485375717491274
GreatGraines,NutriGrain,0.06485375756998787
OtmlRaisinCrisp,NutriGrain,0.06485375769900108
OatSquares,NutriGrain,0.06485375752265612
RiceChex,NutriGrain,0.06485375738962124
TotalRaisinBran,NutriGrain,0.06485375735501221
Product19,NutriGrain,0.06485375749836002
AppleJacks,NutriGrain,0.023520112159624598
CaptCrunch,NutriGrain,0.023520112345282323
ShreddedWheat,NutriGrain,0.06485375720417709
FruityPebbles,NutriGrain,0.02352011195342468
Clusters,NutriGrain,0.02352011170267681
CinnamonMiniBuns,NutriGrain,0.023520112072859572
DoubleDipCrunch,NutriGrain,0.06485375685867395
MultiGrainCheerios,NutriGrain,0.02352011227874757
Honeycomb,NutriGrain,0.023520112339521528
Popeye,NutriGrain,0.023520112256000886
CornFlakes,Mueslix,0.014067918113865631
Cheerios,Mueslix,0.01406791753327943
RiceKrispies,Mueslix,0.014067917619374797
FrostedFlakes,Mueslix,0.014067918300612443
RaisinBran,Mueslix,0.01406791806720352
Total,Mueslix,0.03879051906061797
HoneyNutCheerios,Mueslix,0.0140679178571934
SpecialK,Mueslix,0.03879051913370529
GrapeNuts,Mueslix,0.03879051972906198
SpoonSizeShdWt,Mueslix,0.03879051876781646
100%Natural,Mueslix,0.03879051909238187
FrostedMiniWheats,Mueslix,0.03879051896475568
NutriGrain,Mueslix,0.038790519150698165
Mueslix,Mueslix,-2.5216347932020016
Wheaties,Mueslix,0.014067917971938475
RaisinBran,Mueslix,0.014067917485004867
Muesli,Mueslix,0.038790518595643995
CornPops,Mueslix,0.014067917992321845
RaisinNutBran,Mueslix,0.03879051932391399
Basic4,Mueslix,0.03879051875430206
CocoaPus,Mueslix,0.014067918156924132
GoldenGrahams,Mueslix,0.014067917948980053
Cinn.ToastCrunch,Mueslix,0.014067917994770245
FrootLoops,Mueslix,0.01406791823510758
LowFatGranola,Mueslix,0.03879051861919265
Trix,Mueslix,0.014067918340626378
Triples,Mueslix,0.03879051830586599
Crispix,Mueslix,0.038790518821312264
Kix,Mueslix,0.014067918446225547
LuckyCharms,Mueslix,0.01406791786567539
AppleCinn.Cheerios,Mueslix,0.014067917952923174
CracklinOatBran,Mueslix,0.038790519029523775
BigBiscuitShdWt,Mueslix,0.03879051881875808
HoneyBunchesofOats,Mueslix,0.03879051884557182
GreatGraines,Mueslix,0.03879051919309757
OtmlRaisinCrisp,Mueslix,0.038790519604980256
OatSquares,Mueslix,0.038790519325048047
RiceChex,Mueslix,0.03879051920869268
TotalRaisinBran,Mueslix,0.03879051884302316
Product19,Mueslix,0.038790519304497985
AppleJacks,Mueslix,0.014067918259255987
CaptCrunch,Mueslix,0.014067918198050398
ShreddedWheat,Mueslix,0.038790519164321156
FruityPebbles,Mueslix,0.014067918254492605
Clusters,Mueslix,0.014067917405458624
CinnamonMiniBuns,Mueslix,0.01406791775530389
DoubleDipCrunch,Mueslix,0.038790519032766174
MultiGrainCheerios,Mueslix,0.01406791770507909
Honeycomb,Mueslix,0.01406791859874174
Popeye,Mueslix,0.014067918222227726
CornFlakes,Wheaties,0.10534578833724997
Cheerios,Wheaties,0.10534578815530499
RiceKrispies,Wheaties,0.10534578797061318
FrostedFlakes,Wheaties,0.1053457883262298
RaisinBran,Wheaties,0.10534578842882807
Total,Wheaties,0.02985634587133974
HoneyNutCheerios,Wheaties,0.10534578822472342
SpecialK,Wheaties,0.029856346188762456
GrapeNuts,Wheaties,0.0298563458892812
SpoonSizeShdWt,Wheaties,0.02985634594131188
100%Natural,Wheaties,0.029856345645351345
FrostedMiniWheats,Wheaties,0.0298563458462461
NutriGrain,Wheaties,0.029856346025965118
Mueslix,Wheaties,0.029856345869857415
Wheaties,Wheaties,-1.8671873645416475
RaisinBran,Wheaties,0.10534578806990234
Muesli,Wheaties,0.029856345755792896
CornPops,Wheaties,0.10534578841489377
RaisinNutBran,Wheaties,0.029856346066361984
Basic4,Wheaties,0.029856346295625422
CocoaPus,Wheaties,0.02985634568659606
GoldenGrahams,Wheaties,0.029856345708105643
Cinn.ToastCrunch,Wheaties,0.029856345668092865
FrootLoops,Wheaties,0.02985634589796395
LowFatGranola,Wheaties,0.029856345944541694
Trix,Wheaties,0.029856345957194216
Triples,Wheaties,0.029856345985785005
Crispix,Wheaties,0.02985634582860245
Kix,Wheaties,0.029856345996487142
LuckyCharms,Wheaties,0.02985634582088861
AppleCinn.Cheerios,Wheaties,0.10534578853298648
CracklinOatBran,Wheaties,0.029856345954125743
BigBiscuitShdWt,Wheaties,0.02985634587778263
HoneyBunchesofOats,Wheaties,0.02985634597752496
GreatGraines,Wheaties,0.029856346005033733
OtmlRaisinCrisp,Wheaties,0.02985634606024063
OatSquares,Wheaties,0.029856345999534968
RiceChex,Wheaties,0.029856345624812403
TotalRaisinBran,Wheaties,0.029856345676605
Product19,Wheaties,0.02985634631689518
AppleJacks,Wheaties,0.02985634546882399
CaptCrunch,Wheaties,0.029856345777992913
ShreddedWheat,Wheaties,0.02985634591789987
FruityPebbles,Wheaties,0.029856345755811704
Clusters,Wheaties,0.10534578829819766
CinnamonMiniBuns,Wheaties,0.10534578866576823
DoubleDipCrunch,Wheaties,0.029856346102379965
MultiGrainCheerios,Wheaties,0.10534578838061623
Honeycomb,Wheaties,0.02985634589094968
Popeye,Wheaties,0.029856346020337175
CornFlakes,RaisinBran,0.07716231699875331
Cheerios,RaisinBran,0.07716231684559008
RiceKrispies,RaisinBran,0.07716231666522969
FrostedFlakes,RaisinBran,0.0771623172900224
RaisinBran,RaisinBran,0.07716231670841099
Total,RaisinBran,0.021868788836588157
HoneyNutCheerios,RaisinBran,0.07716231683531419
SpecialK,RaisinBran,0.021868789281908937
GrapeNuts,RaisinBran,0.02186878910775429
SpoonSizeShdWt,RaisinBran,0.021868789133863066
100%Natural,RaisinBran,0.021868788811536522
FrostedMiniWheats,RaisinBran,0.021868789288883663
NutriGrain,RaisinBran,0.021868789054306507
Mueslix,RaisinBran,0.02186878907711329
Wheaties,RaisinBran,0.07716231686724176
RaisinBran,RaisinBran,-1.6478372536126016
Muesli,RaisinBran,0.021868788646639676
CornPops,RaisinBran,0.07716231677382678
RaisinNutBran,RaisinBran,0.021868789098658643
Basic4,RaisinBran,0.021868789288767034
CocoaPus,RaisinBran,0.021868789176683702
GoldenGrahams,RaisinBran,0.0218687889579602
Cinn.ToastCrunch,RaisinBran,0.021868788935889717
FrootLoops,RaisinBran,0.021868789285963527
LowFatGranola,RaisinBran,0.021868788926466626
Trix,RaisinBran,0.02186878927775869
Triples,RaisinBran,0.021868789037401352
Crispix,RaisinBran,0.021868789150436916
Kix,RaisinBran,0.021868789347405573
LuckyCharms,RaisinBran,0.021868789069673208
AppleCinn.Cheerios,RaisinBran,0.07716231689192238
CracklinOatBran,RaisinBran,0.0218687894854098
BigBiscuitShdWt,RaisinBran,0.02186878892281283
HoneyBunchesofOats,RaisinBran,0.021868789063436145
GreatGraines,RaisinBran,0.021868789014567493
OtmlRaisinCrisp,RaisinBran,0.02186878917352077
OatSquares,RaisinBran,0.021868789172484398
RiceChex,RaisinBran,0.021868789068317507
TotalRaisinBran,RaisinBran,0.02186878903539902
Product19,RaisinBran,0.021868789463575865
AppleJacks,RaisinBran,0.021868788891609762
CaptCrunch,RaisinBran,0.021868789286930344
ShreddedWheat,RaisinBran,0.02186878923175377
FruityPebbles,RaisinBran,0.021868789011108603
Clusters,RaisinBran,0.07716231701960542
CinnamonMiniBuns,RaisinBran,0.0771623169973661
DoubleDipCrunch,RaisinBran,0.02186878908016419
MultiGrainCheerios,RaisinBran,0.07716231698337275
Honeycomb,RaisinBran,0.021868789325230512
Popeye,RaisinBran,0.021868789185121446
CornFlakes,Muesli,0.013372643787188306
Cheerios,Muesli,0.013372643405245474
RiceKrispies,Muesli,0.01337264352531284
FrostedFlakes,Muesli,0.013372644351149437
RaisinBran,Muesli,0.013372644050999822
Total,Muesli,0.03687338815561434
HoneyNutCheerios,Muesli,0.01337264377048389
SpecialK,Muesli,0.03687338870127058
GrapeNuts,Muesli,0.03687338883150834
SpoonSizeShdWt,Muesli,0.03687338821977834
100%Natural,Muesli,0.03687338841196036
FrostedMiniWheats,Muesli,0.03687338858915692
NutriGrain,Muesli,0.036873388803608936
Mueslix,Muesli,0.03687338785407538
Wheaties,Muesli,0.013372643905229867
RaisinBran,Muesli,0.013372643778356674
Muesli,Muesli,-2.546758193881249
CornPops,Muesli,0.013372644367418496
RaisinNutBran,Muesli,0.036873388405881696
Basic4,Muesli,0.03687338846634978
CocoaPus,Muesli,0.013372643805789588
GoldenGrahams,Muesli,0.01337264380260088
Cinn.ToastCrunch,Muesli,0.013372643597886959
FrootLoops,Muesli,0.013372643804575313
LowFatGranola,Muesli,0.0368733878835144
Trix,Muesli,0.013372643789956876
Triples,Muesli,0.03687338778907098
Crispix,Muesli,0.036873388211835
Kix,Muesli,0.013372643928730985
LuckyCharms,Muesli,0.013372643690869853
AppleCinn.Cheerios,Muesli,0.013372643817745184
CracklinOatBran,Muesli,0.03687338842948782
BigBiscuitShdWt,Muesli,0.036873388058672685
HoneyBunchesofOats,Muesli,0.03687338803043153
GreatGraines,Muesli,0.03687338807445328
OtmlRaisinCrisp,Muesli,0.03687338828910621
OatSquares,Muesli,0.03687338813045346
RiceChex,Muesli,0.036873388647577617
TotalRaisinBran,Muesli,0.03687338798992546
Product19,Muesli,0.03687338868111055
AppleJacks,Muesli,0.013372643497536299
CaptCrunch,Muesli,0.013372643868428055
ShreddedWheat,Muesli,0.036873388299082994
FruityPebbles,Muesli,0.013372643727209976
Clusters,Muesli,0.01337264348955238
CinnamonMiniBuns,Muesli,0.013372643956343197
DoubleDipCrunch,Muesli,0.03687338823867851
MultiGrainCheerios,Muesli,0.013372644029508211
Honeycomb,Muesli,0.013372644114834093
Popeye,Muesli,0.01337264391005521
CornFlakes,CornPops,0.052218793387952926
Cheerios,CornPops,0.05221879313765742
RiceKrispies,CornPops,0.05221879315720045
FrostedFlakes,CornPops,0.05221879388651443
RaisinBran,CornPops,0.05221879371554967
Total,CornPops,0.01479947552751469
HoneyNutCheerios,CornPops,0.05221879290885892
SpecialK,CornPops,0.014799476047687886
GrapeNuts,CornPops,0.014799475617774512
SpoonSizeShdWt,CornPops,0.014799475856514548
100%Natural,CornPops,0.014799475349319314
FrostedMiniWheats,CornPops,0.014799475484325897
NutriGrain,CornPops,0.014799475645104155
Mueslix,CornPops,0.014799475309158526
Wheaties,CornPops,0.052218793278463224
RaisinBran,CornPops,0.05221879253412037
Muesli,CornPops,0.014799475002013302
CornPops,CornPops,-2.662915007560541
RaisinNutBran,CornPops,0.014799475958297866
Basic4,CornPops,0.014799475839144219
CocoaPus,CornPops,0.014799475492082432
GoldenGrahams,CornPops,0.014799475042171361
Cinn.ToastCrunch,CornPops,0.01479947511606025
FrootLoops,CornPops,0.014799475299414219
LowFatGranola,CornPops,0.014799475300138995
Trix,CornPops,0.014799475299999828
Triples,CornPops,0.014799475441782112
Crispix,CornPops,0.01479947527557422
Kix,CornPops,0.014799475676398052
LuckyCharms,CornPops,0.014799475438506664
AppleCinn.Cheerios,CornPops,0.05221879314830178
CracklinOatBran,CornPops,0.01479947621906392
BigBiscuitShdWt,CornPops,0.014799475613143395
HoneyBunchesofOats,CornPops,0.01479947566354342
GreatGraines,CornPops,0.014799475617128644
OtmlRaisinCrisp,CornPops,0.01479947580802044
OatSquares,CornPops,0.014799475754225863
RiceChex,CornPops,0.014799475715051235
TotalRaisinBran,CornPops,0.01479947567302182
Product19,CornPops,0.0147994761653711
AppleJacks,CornPops,0.014799475295960185
CaptCrunch,CornPops,0.014799475374817891
ShreddedWheat,CornPops,0.01479947585834508
FruityPebbles,CornPops,0.014799475121836322
Clusters,CornPops,0.052218792791673664
CinnamonMiniBuns,CornPops,0.05221879371240574
DoubleDipCrunch,CornPops,0.014799475845422752
MultiGrainCheerios,CornPops,0.052218793310528595
Honeycomb,CornPops,0.01479947532339671
Popeye,CornPops,0.014799475369339206
CornFlakes,RaisinNutBran,0.015148953584506034
Cheerios,RaisinNutBran,0.015148953342761135
RiceKrispies,RaisinNutBran,0.015148953494170522
FrostedFlakes,RaisinNutBran,0.015148953783748418
RaisinBran,RaisinNutBran,0.015148953553391114
Total,RaisinNutBran,0.041771338273210515
HoneyNutCheerios,RaisinNutBran,0.015148953251566746
SpecialK,RaisinNutBran,0.041771338464669724
GrapeNuts,RaisinNutBran,0.04177133832856646
SpoonSizeShdWt,RaisinNutBran,0.0417713379913157
100%Natural,RaisinNutBran,0.04177133782406555
FrostedMiniWheats,RaisinNutBran,0.041771338515487796
NutriGrain,RaisinNutBran,0.041771338344046366
Mueslix,RaisinNutBran,0.041771338273101706
Wheaties,RaisinNutBran,0.015148953816827447
RaisinBran,RaisinNutBran,0.015148953406742754
Muesli,RaisinNutBran,0.04177133815025045
CornPops,RaisinNutBran,0.015148953752067103
RaisinNutBran,RaisinNutBran,-2.26338499159007
Basic4,RaisinNutBran,0.041771338454640546
CocoaPus,RaisinNutBran,0.01514895343650289
GoldenGrahams,RaisinNutBran,0.015148953551580753
Cinn.ToastCrunch,RaisinNutBran,0.015148953386414572
FrootLoops,RaisinNutBran,0.015148953723587912
LowFatGranola,RaisinNutBran,0.04177133781264608
Trix,RaisinNutBran,0.015148953548177971
Triples,RaisinNutBran,0.041771338255474806
Crispix,RaisinNutBran,0.04177133859861086
Kix,RaisinNutBran,0.015148953854157838
LuckyCharms,RaisinNutBran,0.015148953790857338
AppleCinn.Cheerios,RaisinNutBran,0.015148953519204962
CracklinOatBran,RaisinNutBran,0.04177133864344461
BigBiscuitShdWt,RaisinNutBran,0.04177133778980183
HoneyBunchesofOats,RaisinNutBran,0.04177133856854004
GreatGraines,RaisinNutBran,0.04177133840470074
OtmlRaisinCrisp,RaisinNutBran,0.0417713386711178
OatSquares,RaisinNutBran,0.041771338425535355
RiceChex,RaisinNutBran,0.04177133828438014
TotalRaisinBran,RaisinNutBran,0.041771337541696575
Product19,RaisinNutBran,0.04177133860237118
AppleJacks,RaisinNutBran,0.015148953343253845
CaptCrunch,RaisinNutBran,0.015148953945468523
ShreddedWheat,RaisinNutBran,0.04177133880575972
FruityPebbles,RaisinNutBran,0.015148953610889866
Clusters,RaisinNutBran,0.01514895304267474
CinnamonMiniBuns,RaisinNutBran,0.015148953891625528
DoubleDipCrunch,RaisinNutBran,0.04177133784471659
MultiGrainCheerios,RaisinNutBran,0.015148953393699822
Honeycomb,RaisinNutBran,0.01514895368535959
Popeye,RaisinNutBran,0.015148953932534003
CornFlakes,Basic4,0.014628813910792541
Cheerios,Basic4,0.014628813484758814
RiceKrispies,Basic4,0.014628813791277298
FrostedFlakes,Basic4,0.014628813889266894
RaisinBran,Basic4,0.014628813881232125
Total,Basic4,0.04033711838091917
HoneyNutCheerios,Basic4,0.014628813749579476
SpecialK,Basic4,0.04033711922511053
GrapeNuts,Basic4,0.040337119038711074
SpoonSizeShdWt,Basic4,0.040337118562123186
100%Natural,Basic4,0.040337118727719265
FrostedMiniWheats,Basic4,0.04033711897132294
NutriGrain,Basic4,0.04033711956157438
Mueslix,Basic4,0.04033711865498676
Wheaties,Basic4,0.014628813821349328
RaisinBran,Basic4,0.01462881355031318
Muesli,Basic4,0.040337118512778415
CornPops,Basic4,0.01462881415504864
RaisinNutBran,Basic4,0.04033711880405015
Basic4,Basic4,-2.4891464998203308
CocoaPus,Basic4,0.014628813883469163
GoldenGrahams,Basic4,0.01462881371943267
Cinn.ToastCrunch,Basic4,0.014628814047532893
FrootLoops,Basic4,0.014628814067711457
LowFatGranola,Basic4,0.04033711837658937
Trix,Basic4,0.014628814198398609
Triples,Basic4,0.040337118662434036
Crispix,Basic4,0.040337118330024256
Kix,Basic4,0.014628814219904028
LuckyCharms,Basic4,0.014628813791557123
AppleCinn.Cheerios,Basic4,0.014628813770152788
CracklinOatBran,Basic4,0.0403371188639433
BigBiscuitShdWt,Basic4,0.040337118484290814
HoneyBunchesofOats,Basic4,0.040337119016527555
GreatGraines,Basic4,0.04033711904686511
OtmlRaisinCrisp,Basic4,0.04033711908866749
OatSquares,Basic4,0.04033711903639425
RiceChex,Basic4,0.04033711872053327
TotalRaisinBran,Basic4,0.040337118383711866
Product19,Basic4,0.040337119294879535
AppleJacks,Basic4,0.014628813513791944
CaptCrunch,Basic4,0.014628814132555462
ShreddedWheat,Basic4,0.04033711874497687
FruityPebbles,Basic4,0.01462881402457468
Clusters,Basic4,0.014628813657579755
CinnamonMiniBuns,Basic4,0.014628813923349575
DoubleDipCrunch,Basic4,0.040337118840644996
MultiGrainCheerios,Basic4,0.01462881396953058
Honeycomb,Basic4,0.014628814185989077
Popeye,Basic4,0.014628814353612017
CornFlakes,CocoaPus,0.018122046647012263
Cheerios,CocoaPus,0.01812204683258631
RiceKrispies,CocoaPus,0.01812204667406758
FrostedFlakes,CocoaPus,0.0181220473259587
RaisinBran,CocoaPus,0.01812204694057649
Total,CocoaPus,0.01812204656409603
HoneyNutCheerios,CocoaPus,0.01812204680497253
SpecialK,CocoaPus,0.018122047152791303
GrapeNuts,CocoaPus,0.01812204676014797
SpoonSizeShdWt,CocoaPus,0.018122046444299884
100%Natural,CocoaPus,0.018122046815104237
FrostedMiniWheats,CocoaPus,0.018122046817319
NutriGrain,CocoaPus,0.018122047177934607
Mueslix,CocoaPus,0.018122046837863275
Wheaties,CocoaPus,0.01812204691005981
RaisinBran,CocoaPus,0.01812204662726468
Muesli,CocoaPus,0.018122046339048507
CornPops,CocoaPus,0.018122047010149456
RaisinNutBran,CocoaPus,0.018122047182625632
Basic4,CocoaPus,0.018122046980855514
CocoaPus,CocoaPus,-2.597374892872266
GoldenGrahams,CocoaPus,0.07908180752810082
Cinn.ToastCrunch,CocoaPus,0.07908180771391735
FrootLoops,CocoaPus,0.07908180789128473
LowFatGranola,CocoaPus,0.01812204683858033
Trix,CocoaPus,0.079081808018188
Triples,CocoaPus,0.018122046834923987
Crispix,CocoaPus,0.018122046469945384
Kix,CocoaPus,0.07908180769510485
LuckyCharms,CocoaPus,0.07908180739591712
AppleCinn.Cheerios,CocoaPus,0.018122046714312633
CracklinOatBran,CocoaPus,0.018122047166154
BigBiscuitShdWt,CocoaPus,0.018122046613516074
HoneyBunchesofOats,CocoaPus,0.018122046696849713
GreatGraines,CocoaPus,0.018122046984461137
OtmlRaisinCrisp,CocoaPus,0.018122046553452467
OatSquares,CocoaPus,0.018122046695378008
RiceChex,CocoaPus,0.018122046490205275
TotalRaisinBran,CocoaPus,0.018122046568817815
Product19,CocoaPus,0.018122047268311615
AppleJacks,CocoaPus,0.07908180716728529
CaptCrunch,CocoaPus,0.07908180716943555
ShreddedWheat,CocoaPus,0.018122047087517926
FruityPebbles,CocoaPus,0.07908180776804646
Clusters,CocoaPus,0.018122046721601316
CinnamonMiniBuns,CocoaPus,0.018122046691581916
DoubleDipCrunch,CocoaPus,0.018122046551545277
MultiGrainCheerios,CocoaPus,0.018122047062137523
Honeycomb,CocoaPus,0.07908180758845602
Popeye,CocoaPus,0.0790818082359635
CornFlakes,GoldenGrahams,0.021827481786385154
Cheerios,GoldenGrahams,0.021827481517240323
RiceKrispies,GoldenGrahams,0.021827481550173052
FrostedFlakes,GoldenGrahams,0.021827481925289348
RaisinBran,GoldenGrahams,0.02182748207467442
Total,GoldenGrahams,0.021827481798516606
HoneyNutCheerios,GoldenGrahams,0.021827481835820846
SpecialK,GoldenGrahams,0.02182748221987683
GrapeNuts,GoldenGrahams,0.0218274824292278
SpoonSizeShdWt,GoldenGrahams,0.02182748180373679
100%Natural,GoldenGrahams,0.02182748199069321
FrostedMiniWheats,GoldenGrahams,0.02182748257655189
NutriGrain,GoldenGrahams,0.021827482438955263
Mueslix,GoldenGrahams,0.021827482117940587
Wheaties,GoldenGrahams,0.02182748209247215
RaisinBran,GoldenGrahams,0.021827481758571562
Muesli,GoldenGrahams,0.021827481913456508
CornPops,GoldenGrahams,0.021827482179775
RaisinNutBran,GoldenGrahams,0.02182748227547113
Basic4,GoldenGrahams,0.02182748230399485
CocoaPus,GoldenGrahams,0.09525175094843157
GoldenGrahams,GoldenGrahams,-2.4110256386374336
Cinn.ToastCrunch,GoldenGrahams,0.09525175094041462
FrootLoops,GoldenGrahams,0.09525175114236199
LowFatGranola,GoldenGrahams,0.021827482187247938
Trix,GoldenGrahams,0.09525175110657436
Triples,GoldenGrahams,0.02182748196283042
Crispix,GoldenGrahams,0.02182748189813171
Kix,GoldenGrahams,0.09525175090990598
LuckyCharms,GoldenGrahams,0.09525175045054174
AppleCinn.Cheerios,GoldenGrahams,0.02182748219701509
CracklinOatBran,GoldenGrahams,0.0218274827201118
BigBiscuitShdWt,GoldenGrahams,0.02182748207982249
HoneyBunchesofOats,GoldenGrahams,0.021827482030384142
GreatGraines,GoldenGrahams,0.02182748216065805
OtmlRaisinCrisp,GoldenGrahams,0.021827482117344515
OatSquares,GoldenGrahams,0.021827482549373292
RiceChex,GoldenGrahams,0.021827481837614234
TotalRaisinBran,GoldenGrahams,0.021827482264269737
Product19,GoldenGrahams,0.02182748257302437
AppleJacks,GoldenGrahams,0.09525175083902851
CaptCrunch,GoldenGrahams,0.09525175098985732
ShreddedWheat,GoldenGrahams,0.021827482297815844
FruityPebbles,GoldenGrahams,0.0952517508385324
Clusters,GoldenGrahams,0.021827481919252087
CinnamonMiniBuns,GoldenGrahams,0.02182748223996044
DoubleDipCrunch,GoldenGrahams,0.021827482334556208
MultiGrainCheerios,GoldenGrahams,0.021827482375220714
Honeycomb,GoldenGrahams,0.09525175078537142
Popeye,GoldenGrahams,0.09525175147981933
CornFlakes,Cinn.ToastCrunch,0.021573462965078744
Cheerios,Cinn.ToastCrunch,0.02157346232507357
RiceKrispies,Cinn.ToastCrunch,0.021573462570760534
FrostedFlakes,Cinn.ToastCrunch,0.02157346283587426
RaisinBran,Cinn.ToastCrunch,0.02157346278975832
Total,Cinn.ToastCrunch,0.021573462745740707
HoneyNutCheerios,Cinn.ToastCrunch,0.02157346254951762
SpecialK,Cinn.ToastCrunch,0.021573463342555693
GrapeNuts,Cinn.ToastCrunch,0.021573463493279803
SpoonSizeShdWt,Cinn.ToastCrunch,0.021573463358150993
100%Natural,Cinn.ToastCrunch,0.021573462671108507
FrostedMiniWheats,Cinn.ToastCrunch,0.021573463356996815
NutriGrain,Cinn.ToastCrunch,0.02157346326515822
Mueslix,Cinn.ToastCrunch,0.021573462821829696
Wheaties,Cinn.ToastCrunch,0.021573463069935548
RaisinBran,Cinn.ToastCrunch,0.021573462400805127
Muesli,Cinn.ToastCrunch,0.0215734628879105
CornPops,Cinn.ToastCrunch,0.02157346288415717
RaisinNutBran,Cinn.ToastCrunch,0.021573463300596448
Basic4,Cinn.ToastCrunch,0.021573463449454135
CocoaPus,Cinn.ToastCrunch,0.09414325216715735
GoldenGrahams,Cinn.ToastCrunch,0.09414325240154435
Cinn.ToastCrunch,Cinn.ToastCrunch,-2.504959221517262
FrootLoops,Cinn.ToastCrunch,0.09414325189678985
LowFatGranola,Cinn.ToastCrunch,0.021573463194173956
Trix,Cinn.ToastCrunch,0.09414325275353255
Triples,Cinn.ToastCrunch,0.021573463146949523
Crispix,Cinn.ToastCrunch,0.02157346321021574
Kix,Cinn.ToastCrunch,0.0941432520901345
LuckyCharms,Cinn.ToastCrunch,0.09414325215418774
AppleCinn.Cheerios,Cinn.ToastCrunch,0.021573462709326023
CracklinOatBran,Cinn.ToastCrunch,0.021573463545159963
BigBiscuitShdWt,Cinn.ToastCrunch,0.021573463040493367
HoneyBunchesofOats,Cinn.ToastCrunch,0.02157346335126276
GreatGraines,Cinn.ToastCrunch,0.02157346317638937
OtmlRaisinCrisp,Cinn.ToastCrunch,0.02157346316241617
OatSquares,Cinn.ToastCrunch,0.02157346351434871
RiceChex,Cinn.ToastCrunch,0.021573463028418973
TotalRaisinBran,Cinn.ToastCrunch,0.021573462884121278
Product19,Cinn.ToastCrunch,0.021573463465288857
AppleJacks,Cinn.ToastCrunch,0.09414325205243283
CaptCrunch,Cinn.ToastCrunch,0.09414325284994396
ShreddedWheat,Cinn.ToastCrunch,0.021573463330438702
FruityPebbles,Cinn.ToastCrunch,0.09414325226186639
Clusters,Cinn.ToastCrunch,0.02157346264545383
CinnamonMiniBuns,Cinn.ToastCrunch,0.021573462657351706
DoubleDipCrunch,Cinn.ToastCrunch,0.0215734633322872
MultiGrainCheerios,Cinn.ToastCrunch,0.02157346288619002
Honeycomb,Cinn.ToastCrunch,0.0941432522253985
Popeye,Cinn.ToastCrunch,0.09414325270255584
CornFlakes,FrootLoops,0.017044458121223353
Cheerios,FrootLoops,0.017044457693182836
RiceKrispies,FrootLoops,0.017044457788594033
FrostedFlakes,FrootLoops,0.01704445825524975
RaisinBran,FrootLoops,0.017044457824187943
Total,FrootLoops,0.017044457768120552
HoneyNutCheerios,FrootLoops,0.01704445756105221
SpecialK,FrootLoops,0.017044458302769266
GrapeNuts,FrootLoops,0.017044458116033192
SpoonSizeShdWt,FrootLoops,0.017044458049822023
100%Natural,FrootLoops,0.0170444579618347
FrostedMiniWheats,FrootLoops,0.017044458068434895
NutriGrain,FrootLoops,0.017044458002168347
Mueslix,FrootLoops,0.017044457699784937
Wheaties,FrootLoops,0.017044458261097965
RaisinBran,FrootLoops,0.017044458026632583
Muesli,FrootLoops,0.01704445787578949
CornPops,FrootLoops,0.01704445819425903
RaisinNutBran,FrootLoops,0.01704445825232733
Basic4,FrootLoops,0.017044458617775475
CocoaPus,FrootLoops,0.07437937524353977
GoldenGrahams,FrootLoops,0.07437937495012652
Cinn.ToastCrunch,FrootLoops,0.07437937525322078
FrootLoops,FrootLoops,-2.65622528887572
LowFatGranola,FrootLoops,0.017044457974464338
Trix,FrootLoops,0.07437937567875379
Triples,FrootLoops,0.017044458205362344
Crispix,FrootLoops,0.017044457988816254
Kix,FrootLoops,0.07437937511369348
LuckyCharms,FrootLoops,0.07437937523532334
AppleCinn.Cheerios,FrootLoops,0.017044458114133555
CracklinOatBran,FrootLoops,0.017044458484909618
BigBiscuitShdWt,FrootLoops,0.0170444578972679
HoneyBunchesofOats,FrootLoops,0.01704445825041568
GreatGraines,FrootLoops,0.017044457948103584
OtmlRaisinCrisp,FrootLoops,0.017044458012407237
OatSquares,FrootLoops,0.017044457933264687
RiceChex,FrootLoops,0.017044458083987954
TotalRaisinBran,FrootLoops,0.017044458222584255
Product19,FrootLoops,0.01704445861702129
AppleJacks,FrootLoops,0.07437937450550837
CaptCrunch,FrootLoops,0.07437937489877001
ShreddedWheat,FrootLoops,0.017044458599540787
FruityPebbles,FrootLoops,0.07437937478669625
Clusters,FrootLoops,0.017044457833193458
CinnamonMiniBuns,FrootLoops,0.017044458462897004
DoubleDipCrunch,FrootLoops,0.017044458115978333
MultiGrainCheerios,FrootLoops,0.01704445782741605
Honeycomb,FrootLoops,0.0743793752362587
Popeye,FrootLoops,0.07437937496208813
CornFlakes,LowFatGranola,0.01887546592213932
Cheerios,LowFatGranola,0.018875465879926452
RiceKrispies,LowFatGranola,0.018875465935020045
FrostedFlakes,LowFatGranola,0.01887546630807191
RaisinBran,LowFatGranola,0.01887546604443676
Total,LowFatGranola,0.052046729070550336
HoneyNutCheerios,LowFatGranola,0.01887546574509608
SpecialK,LowFatGranola,0.05204672933873556
GrapeNuts,LowFatGranola,0.05204672960647131
SpoonSizeShdWt,LowFatGranola,0.05204672881969515
100%Natural,LowFatGranola,0.052046728852369266
FrostedMiniWheats,LowFatGranola,0.052046729006676624
NutriGrain,LowFatGranola,0.05204672945715177
Mueslix,LowFatGranola,0.052046729127388246
Wheaties,LowFatGranola,0.018875466061660354
RaisinBran,LowFatGranola,0.01887546595265623
Muesli,LowFatGranola,0.05204672923522362
CornPops,LowFatGranola,0.01887546634409649
RaisinNutBran,LowFatGranola,0.05204672908641076
Basic4,LowFatGranola,0.05204672920103038
CocoaPus,LowFatGranola,0.018875465691424058
GoldenGrahams,LowFatGranola,0.018875465911283997
Cinn.ToastCrunch,LowFatGranola,0.018875465678542255
FrootLoops,LowFatGranola,0.018875466099765873
LowFatGranola,LowFatGranola,-2.0210468935202757
Trix,LowFatGranola,0.018875465916069988
Triples,LowFatGranola,0.05204672883260371
Crispix,LowFatGranola,0.05204672887343803
Kix,LowFatGranola,0.018875466045393228
LuckyCharms,LowFatGranola,0.018875465807803266
AppleCinn.Cheerios,LowFatGranola,0.01887546589902228
CracklinOatBran,LowFatGranola,0.05204672954965476
BigBiscuitShdWt,LowFatGranola,0.05204672892829422
HoneyBunchesofOats,LowFatGranola,0.052046729123544785
GreatGraines,LowFatGranola,0.05204672907180075
OtmlRaisinCrisp,LowFatGranola,0.052046729153482185
OatSquares,LowFatGranola,0.05204672946430837
RiceChex,LowFatGranola,0.05204672913158598
TotalRaisinBran,LowFatGranola,0.0520467290504491
Product19,LowFatGranola,0.05204672935878422
AppleJacks,LowFatGranola,0.018875465574538442
CaptCrunch,LowFatGranola,0.018875466126239762
ShreddedWheat,LowFatGranola,0.052046729356486986
FruityPebbles,LowFatGranola,0.018875465959007215
Clusters,LowFatGranola,0.018875465816536433
CinnamonMiniBuns,LowFatGranola,0.018875465991401538
DoubleDipCrunch,LowFatGranola,0.052046729159637886
MultiGrainCheerios,LowFatGranola,0.018875465979730943
Honeycomb,LowFatGranola,0.01887546623830428
Popeye,LowFatGranola,0.018875466012471927
CornFlakes,Trix,0.014535472285139683
Cheerios,Trix,0.0145354718393158
RiceKrispies,Trix,0.014535471405294008
FrostedFlakes,Trix,0.01453547229344647
RaisinBran,Trix,0.014535472332566721
Total,Trix,0.0145354718296814
HoneyNutCheerios,Trix,0.014535471615002162
SpecialK,Trix,0.014535472769388788
GrapeNuts,Trix,0.014535472085889099
SpoonSizeShdWt,Trix,0.014535472088935372
100%Natural,Trix,0.014535471588874116
FrostedMiniWheats,Trix,0.014535472327178525
NutriGrain,Trix,0.014535472520514061
Mueslix,Trix,0.01453547167094242
Wheaties,Trix,0.014535472353862986
RaisinBran,Trix,0.014535471583975
Muesli,Trix,0.014535471895579957
CornPops,Trix,0.01453547198417811
RaisinNutBran,Trix,0.014535472519899768
Basic4,Trix,0.01453547228094258
CocoaPus,Trix,0.06343054850097835
GoldenGrahams,Trix,0.06343054819308501
Cinn.ToastCrunch,Trix,0.06343054828307698
FrootLoops,Trix,0.06343054810758719
LowFatGranola,Trix,0.014535472127527616
Trix,Trix,-2.999797330745943
Triples,Trix,0.014535471982186585
Crispix,Trix,0.014535471807512336
Kix,Trix,0.06343054826906576
LuckyCharms,Trix,0.06343054818126932
AppleCinn.Cheerios,Trix,0.0145354721479305
CracklinOatBran,Trix,0.014535472367786397
BigBiscuitShdWt,Trix,0.014535471899241124
HoneyBunchesofOats,Trix,0.01453547236708084
GreatGraines,Trix,0.014535471994590408
OtmlRaisinCrisp,Trix,0.01453547236102526
OatSquares,Trix,0.014535472411977998
RiceChex,Trix,0.014535472211862927
TotalRaisinBran,Trix,0.014535472282726499
Product19,Trix,0.014535472314620929
AppleJacks,Trix,0.06343054810035725
CaptCrunch,Trix,0.06343054829509523
ShreddedWheat,Trix,0.014535472157687721
FruityPebbles,Trix,0.06343054792622216
Clusters,Trix,0.014535471512654748
CinnamonMiniBuns,Trix,0.014535472080978842
DoubleDipCrunch,Trix,0.014535472131990346
MultiGrainCheerios,Trix,0.014535472157450656
Honeycomb,Trix,0.06343054863808321
Popeye,Trix,0.06343054842147376
CornFlakes,Triples,0.02469398107675681
Cheerios,Triples,0.024693980712504403
RiceKrispies,Triples,0.024693981082974686
FrostedFlakes,Triples,0.02469398126596205
RaisinBran,Triples,0.024693981042151623
Total,Triples,0.0680905543304059
HoneyNutCheerios,Triples,0.02469398091280868
SpecialK,Triples,0.06809055451994461
GrapeNuts,Triples,0.06809055442778997
SpoonSizeShdWt,Triples,0.06809055434005803
100%Natural,Triples,0.06809055423911221
FrostedMiniWheats,Triples,0.06809055466104164
NutriGrain,Triples,0.06809055454284713
Mueslix,Triples,0.06809055435810074
Wheaties,Triples,0.024693981135299883
RaisinBran,Triples,0.024693980815951783
Muesli,Triples,0.06809055396650505
CornPops,Triples,0.024693981073367188
RaisinNutBran,Triples,0.06809055462126383
Basic4,Triples,0.06809055433682316
CocoaPus,Triples,0.024693981191099005
GoldenGrahams,Triples,0.024693981066091206
Cinn.ToastCrunch,Triples,0.02469398129539345
FrootLoops,Triples,0.024693981316614842
LowFatGranola,Triples,0.06809055421110084
Trix,Triples,0.024693981298122163
Triples,Triples,-1.7342632458984355
Crispix,Triples,0.06809055422373615
Kix,Triples,0.024693981586691716
LuckyCharms,Triples,0.024693981074579128
AppleCinn.Cheerios,Triples,0.024693981200156378
CracklinOatBran,Triples,0.0680905544109432
BigBiscuitShdWt,Triples,0.06809055426002336
HoneyBunchesofOats,Triples,0.06809055454986376
GreatGraines,Triples,0.06809055438364943
OtmlRaisinCrisp,Triples,0.06809055467330374
OatSquares,Triples,0.0680905545416413
RiceChex,Triples,0.06809055446171763
TotalRaisinBran,Triples,0.06809055434274167
Product19,Triples,0.06809055468107085
AppleJacks,Triples,0.024693981211573433
CaptCrunch,Triples,0.02469398130874994
ShreddedWheat,Triples,0.06809055472663939
FruityPebbles,Triples,0.0246939811970742
Clusters,Triples,0.024693980851483
CinnamonMiniBuns,Triples,0.024693981035327717
DoubleDipCrunch,Triples,0.06809055473260589
MultiGrainCheerios,Triples,0.024693981325745063
Honeycomb,Triples,0.02469398149285296
Popeye,Triples,0.024693981448055718
CornFlakes,Crispix,0.01791799687798462
Cheerios,Crispix,0.0179179965456272
RiceKrispies,Crispix,0.017917996847853262
FrostedFlakes,Crispix,0.017917996910118764
RaisinBran,Crispix,0.0179179970483456
Total,Crispix,0.049406629264412916
HoneyNutCheerios,Crispix,0.017917996744566938
SpecialK,Crispix,0.04940662924484909
GrapeNuts,Crispix,0.04940662941632892
SpoonSizeShdWt,Crispix,0.049406629024667914
100%Natural,Crispix,0.049406628513149795
FrostedMiniWheats,Crispix,0.04940662909061604
NutriGrain,Crispix,0.049406629734365645
Mueslix,Crispix,0.049406629120268386
Wheaties,Crispix,0.01791799709295009
RaisinBran,Crispix,0.017917996722633948
Muesli,Crispix,0.04940662870314006
CornPops,Crispix,0.017917997506615567
RaisinNutBran,Crispix,0.04940662954485606
Basic4,Crispix,0.04940662936452934
CocoaPus,Crispix,0.017917997078942503
GoldenGrahams,Crispix,0.017917996704434083
Cinn.ToastCrunch,Crispix,0.017917996725106654
FrootLoops,Crispix,0.01791799731950724
LowFatGranola,Crispix,0.04940662883390716
Trix,Crispix,0.01791799694267954
Triples,Crispix,0.0494066288893859
Crispix,Crispix,-2.4878124213176185
Kix,Crispix,0.017917997276642113
LuckyCharms,Crispix,0.017917997026381402
AppleCinn.Cheerios,Crispix,0.01791799709997044
CracklinOatBran,Crispix,0.04940662927306753
BigBiscuitShdWt,Crispix,0.049406629543777024
HoneyBunchesofOats,Crispix,0.04940662889056026
GreatGraines,Crispix,0.0494066296580918
OtmlRaisinCrisp,Crispix,0.049406629242127936
OatSquares,Crispix,0.04940662908714652
RiceChex,Crispix,0.049406629024237
TotalRaisinBran,Crispix,0.049406628744633765
Product19,Crispix,0.04940662924051641
AppleJacks,Crispix,0.01791799654594528
CaptCrunch,Crispix,0.01791799721873823
ShreddedWheat,Crispix,0.04940662900747034
FruityPebbles,Crispix,0.017917997032212755
Clusters,Crispix,0.017917996657161303
CinnamonMiniBuns,Crispix,0.017917997239772835
DoubleDipCrunch,Crispix,0.049406629238759416
MultiGrainCheerios,Crispix,0.01791799702955969
Honeycomb,Crispix,0.017917997035245225
Popeye,Crispix,0.017917997333798442
CornFlakes,Kix,0.02027650486233716
Cheerios,Kix,0.020276504708393102
RiceKrispies,Kix,0.02027650487406989
FrostedFlakes,Kix,0.020276505172197125
RaisinBran,Kix,0.02027650499158863
Total,Kix,0.020276505311482177
HoneyNutCheerios,Kix,0.02027650512398901
SpecialK,Kix,0.0202765055635532
GrapeNuts,Kix,0.020276505729015185
SpoonSizeShdWt,Kix,0.020276505397330877
100%Natural,Kix,0.02027650507089343
FrostedMiniWheats,Kix,0.02027650545605651
NutriGrain,Kix,0.020276505951634608
Mueslix,Kix,0.02027650531067054
Wheaties,Kix,0.020276505477447478
RaisinBran,Kix,0.0202765048681453
Muesli,Kix,0.020276505292824095
CornPops,Kix,0.020276505379145982
RaisinNutBran,Kix,0.020276505838462647
Basic4,Kix,0.020276506209882507
CocoaPus,Kix,0.0884835297997354
GoldenGrahams,Kix,0.08848352997946594
Cinn.ToastCrunch,Kix,0.08848352969255717
FrootLoops,Kix,0.08848352991469896
LowFatGranola,Kix,0.020276505274736872
Trix,Kix,0.08848353011234225
Triples,Kix,0.020276505247181248
Crispix,Kix,0.020276505301711368
Kix,Kix,-2.7504170786808086
LuckyCharms,Kix,0.08848352990046245
AppleCinn.Cheerios,Kix,0.02027650537021349
CracklinOatBran,Kix,0.020276506070899886
BigBiscuitShdWt,Kix,0.02027650540014306
HoneyBunchesofOats,Kix,0.020276505722419555
GreatGraines,Kix,0.02027650573016458
OtmlRaisinCrisp,Kix,0.02027650533902004
OatSquares,Kix,0.0202765056295334
RiceChex,Kix,0.020276505298845234
TotalRaisinBran,Kix,0.020276505287633754
Product19,Kix,0.02027650583623231
AppleJacks,Kix,0.08848352952665108
CaptCrunch,Kix,0.08848353025197964
ShreddedWheat,Kix,0.02027650571814416
FruityPebbles,Kix,0.08848352923935698
Clusters,Kix,0.020276504711777305
CinnamonMiniBuns,Kix,0.02027650494119231
DoubleDipCrunch,Kix,0.020276505633360822
MultiGrainCheerios,Kix,0.02027650529667441
Honeycomb,Kix,0.08848353010673474
Popeye,Kix,0.08848353032267996
CornFlakes,LuckyCharms,0.01871182780528699
Cheerios,LuckyCharms,0.0187118272246826
RiceKrispies,LuckyCharms,0.018711827388884328
FrostedFlakes,LuckyCharms,0.01871182789637217
RaisinBran,LuckyCharms,0.018711827729219657
Total,LuckyCharms,0.01871182754744204
HoneyNutCheerios,LuckyCharms,0.018711827358428877
SpecialK,LuckyCharms,0.018711828315162913
GrapeNuts,LuckyCharms,0.01871182790670576
SpoonSizeShdWt,LuckyCharms,0.018711827745400207
100%Natural,LuckyCharms,0.018711827876229038
FrostedMiniWheats,LuckyCharms,0.018711828130257017
NutriGrain,LuckyCharms,0.018711827778521643
Mueslix,LuckyCharms,0.018711828056895526
Wheaties,LuckyCharms,0.01871182799873361
RaisinBran,LuckyCharms,0.01871182709740252
Muesli,LuckyCharms,0.018711827852436018
CornPops,LuckyCharms,0.018711827901730545
RaisinNutBran,LuckyCharms,0.01871182787270727
Basic4,LuckyCharms,0.018711828406155363
CocoaPus,LuckyCharms,0.08165551818763117
GoldenGrahams,LuckyCharms,0.08165551855796148
Cinn.ToastCrunch,LuckyCharms,0.08165551833271087
FrootLoops,LuckyCharms,0.08165551818310571
LowFatGranola,LuckyCharms,0.018711828019000683
Trix,LuckyCharms,0.08165551851038434
Triples,LuckyCharms,0.018711827828403436
Crispix,LuckyCharms,0.018711827725308754
Kix,LuckyCharms,0.08165551855055282
LuckyCharms,LuckyCharms,-2.587065762228189
AppleCinn.Cheerios,LuckyCharms,0.018711827518340638
CracklinOatBran,LuckyCharms,0.018711828291316828
BigBiscuitShdWt,LuckyCharms,0.018711827791512765
HoneyBunchesofOats,LuckyCharms,0.018711827930879096
GreatGraines,LuckyCharms,0.018711827910651596
OtmlRaisinCrisp,LuckyCharms,0.0187118280187696
OatSquares,LuckyCharms,0.01871182784291204
RiceChex,LuckyCharms,0.018711827575327262
TotalRaisinBran,LuckyCharms,0.01871182775129694
Product19,LuckyCharms,0.01871182847634716
AppleJacks,LuckyCharms,0.08165551788549712
CaptCrunch,LuckyCharms,0.0816555186569979
ShreddedWheat,LuckyCharms,0.01871182823453567
FruityPebbles,LuckyCharms,0.08165551846201047
Clusters,LuckyCharms,0.018711827250328935
CinnamonMiniBuns,LuckyCharms,0.018711827524944328
DoubleDipCrunch,LuckyCharms,0.018711828060056324
MultiGrainCheerios,LuckyCharms,0.01871182770963858
Honeycomb,LuckyCharms,0.0816555186563346
Popeye,LuckyCharms,0.08165551872465802
CornFlakes,AppleCinn.Cheerios,0.06855232107283393
Cheerios,AppleCinn.Cheerios,0.0685523210206709
RiceKrispies,AppleCinn.Cheerios,0.06855232079031787
FrostedFlakes,AppleCinn.Cheerios,0.06855232134110323
RaisinBran,AppleCinn.Cheerios,0.06855232072010486
Total,AppleCinn.Cheerios,0.01942860614091205
HoneyNutCheerios,AppleCinn.Cheerios,0.06855232076614948
SpecialK,AppleCinn.Cheerios,0.019428606225994228
GrapeNuts,AppleCinn.Cheerios,0.019428606261021143
SpoonSizeShdWt,AppleCinn.Cheerios,0.019428606176904905
100%Natural,AppleCinn.Cheerios,0.01942860615581704
FrostedMiniWheats,AppleCinn.Cheerios,0.019428606221861617
NutriGrain,AppleCinn.Cheerios,0.01942860606679902
Mueslix,AppleCinn.Cheerios,0.019428605777938125
Wheaties,AppleCinn.Cheerios,0.06855232081716535
RaisinBran,AppleCinn.Cheerios,0.06855232000077141
Muesli,AppleCinn.Cheerios,0.01942860621334488
CornPops,AppleCinn.Cheerios,0.06855232048747904
RaisinNutBran,AppleCinn.Cheerios,0.019428606437395753
Basic4,AppleCinn.Cheerios,0.019428606600317647
CocoaPus,AppleCinn.Cheerios,0.01942860581455922
GoldenGrahams,AppleCinn.Cheerios,0.019428605632617627
Cinn.ToastCrunch,AppleCinn.Cheerios,0.019428605735589237
FrootLoops,AppleCinn.Cheerios,0.01942860604241049
LowFatGranola,AppleCinn.Cheerios,0.01942860603716638
Trix,AppleCinn.Cheerios,0.019428606007441954
Triples,AppleCinn.Cheerios,0.01942860605477359
Crispix,AppleCinn.Cheerios,0.01942860612641785
Kix,AppleCinn.Cheerios,0.019428605918722665
LuckyCharms,AppleCinn.Cheerios,0.019428605918266867
AppleCinn.Cheerios,AppleCinn.Cheerios,-2.2675457252159554
CracklinOatBran,AppleCinn.Cheerios,0.019428606482388346
BigBiscuitShdWt,AppleCinn.Cheerios,0.019428606118524355
HoneyBunchesofOats,AppleCinn.Cheerios,0.01942860613894478
GreatGraines,AppleCinn.Cheerios,0.019428606327362125
OtmlRaisinCrisp,AppleCinn.Cheerios,0.019428606066912067
OatSquares,AppleCinn.Cheerios,0.019428606505556174
RiceChex,AppleCinn.Cheerios,0.019428606198518102
TotalRaisinBran,AppleCinn.Cheerios,0.019428606367467183
Product19,AppleCinn.Cheerios,0.019428606486238773
AppleJacks,AppleCinn.Cheerios,0.01942860557219399
CaptCrunch,AppleCinn.Cheerios,0.019428605726186685
ShreddedWheat,AppleCinn.Cheerios,0.019428606391919553
FruityPebbles,AppleCinn.Cheerios,0.01942860565345985
Clusters,AppleCinn.Cheerios,0.06855232052191795
CinnamonMiniBuns,AppleCinn.Cheerios,0.0685523213318155
DoubleDipCrunch,AppleCinn.Cheerios,0.019428606383824196
MultiGrainCheerios,AppleCinn.Cheerios,0.06855232068855395
Honeycomb,AppleCinn.Cheerios,0.01942860621815234
Popeye,AppleCinn.Cheerios,0.01942860613226308
CornFlakes,CracklinOatBran,0.014302622090981678
Cheerios,CracklinOatBran,0.014302621932025231
RiceKrispies,CracklinOatBran,0.014302622013688267
FrostedFlakes,CracklinOatBran,0.014302621977699062
RaisinBran,CracklinOatBran,0.014302621805152673
Total,CracklinOatBran,0.039437684621484025
HoneyNutCheerios,CracklinOatBran,0.014302621757832739
SpecialK,CracklinOatBran,0.03943768558563409
GrapeNuts,CracklinOatBran,0.03943768556821562
SpoonSizeShdWt,CracklinOatBran,0.03943768536824131
100%Natural,CracklinOatBran,0.039437685105442495
FrostedMiniWheats,CracklinOatBran,0.03943768515528814
NutriGrain,CracklinOatBran,0.03943768533690574
Mueslix,CracklinOatBran,0.03943768549369842
Wheaties,CracklinOatBran,0.0143026219150323
RaisinBran,CracklinOatBran,0.014302621713419538
Muesli,CracklinOatBran,0.03943768503682419
CornPops,CracklinOatBran,0.014302621906580795
RaisinNutBran,CracklinOatBran,0.039437685540454896
Basic4,CracklinOatBran,0.039437685419584284
CocoaPus,CracklinOatBran,0.014302622054960428
GoldenGrahams,CracklinOatBran,0.014302621624571339
Cinn.ToastCrunch,CracklinOatBran,0.014302621715690907
FrootLoops,CracklinOatBran,0.014302621978591301
LowFatGranola,CracklinOatBran,0.039437685208954715
Trix,CracklinOatBran,0.014302621937465697
Triples,CracklinOatBran,0.039437685014067025
Crispix,CracklinOatBran,0.039437685317813734
Kix,CracklinOatBran,0.014302622140691851
LuckyCharms,CracklinOatBran,0.01430262173327211
AppleCinn.Cheerios,CracklinOatBran,0.014302622129951093
CracklinOatBran,CracklinOatBran,-2.4281625410832173
BigBiscuitShdWt,CracklinOatBran,0.03943768527573657
HoneyBunchesofOats,CracklinOatBran,0.039437685282421815
GreatGraines,CracklinOatBran,0.03943768538664931
OtmlRaisinCrisp,CracklinOatBran,0.039437685190310066
OatSquares,CracklinOatBran,0.03943768556028329
RiceChex,CracklinOatBran,0.03943768512776955
TotalRaisinBran,CracklinOatBran,0.03943768501181742
Product19,CracklinOatBran,0.03943768572363422
AppleJacks,CracklinOatBran,0.014302621714818355
CaptCrunch,CracklinOatBran,0.014302622157645403
ShreddedWheat,CracklinOatBran,0.03943768578285074
FruityPebbles,CracklinOatBran,0.014302621946363416
Clusters,CracklinOatBran,0.014302621730806271
CinnamonMiniBuns,CracklinOatBran,0.01430262201542302
DoubleDipCrunch,CracklinOatBran,0.039437685317011285
MultiGrainCheerios,CracklinOatBran,0.014302621999590155
Honeycomb,CracklinOatBran,0.014302622016984831
Popeye,CracklinOatBran,0.01430262193402435
CornFlakes,BigBiscuitShdWt,0.018901658777656736
Cheerios,BigBiscuitShdWt,0.018901658383230133
RiceKrispies,BigBiscuitShdWt,0.018901658571397528
FrostedFlakes,BigBiscuitShdWt,0.01890165902085786
RaisinBran,BigBiscuitShdWt,0.018901658688872985
Total,BigBiscuitShdWt,0.05211895199387861
HoneyNutCheerios,BigBiscuitShdWt,0.01890165853175307
SpecialK,BigBiscuitShdWt,0.05211895253333966
GrapeNuts,BigBiscuitShdWt,0.052118952733909665
SpoonSizeShdWt,BigBiscuitShdWt,0.05211895238832314
100%Natural,BigBiscuitShdWt,0.052118952007143976
FrostedMiniWheats,BigBiscuitShdWt,0.05211895234464387
NutriGrain,BigBiscuitShdWt,0.052118952364119946
Mueslix,BigBiscuitShdWt,0.05211895218731248
Wheaties,BigBiscuitShdWt,0.018901658976039765
RaisinBran,BigBiscuitShdWt,0.018901658472504433
Muesli,BigBiscuitShdWt,0.05211895165865219
CornPops,BigBiscuitShdWt,0.018901658959316062
RaisinNutBran,BigBiscuitShdWt,0.05211895235617179
Basic4,BigBiscuitShdWt,0.052118952660988406
CocoaPus,BigBiscuitShdWt,0.018901658675646197
GoldenGrahams,BigBiscuitShdWt,0.01890165856303726
Cinn.ToastCrunch,BigBiscuitShdWt,0.018901658652462766
FrootLoops,BigBiscuitShdWt,0.018901658785732075
LowFatGranola,BigBiscuitShdWt,0.05211895187563145
Trix,BigBiscuitShdWt,0.018901658685780833
Triples,BigBiscuitShdWt,0.052118951903702984
Crispix,BigBiscuitShdWt,0.05211895247317268
Kix,BigBiscuitShdWt,0.018901658933794942
LuckyCharms,BigBiscuitShdWt,0.018901658748806793
AppleCinn.Cheerios,BigBiscuitShdWt,0.018901658735576452
CracklinOatBran,BigBiscuitShdWt,0.05211895243580939
BigBiscuitShdWt,BigBiscuitShdWt,-2.106064330896378
HoneyBunchesofOats,BigBiscuitShdWt,0.05211895208680667
GreatGraines,BigBiscuitShdWt,0.052118952011076664
OtmlRaisinCrisp,BigBiscuitShdWt,0.0521189522965562
OatSquares,BigBiscuitShdWt,0.052118952204575325
RiceChex,BigBiscuitShdWt,0.0521189520156257
TotalRaisinBran,BigBiscuitShdWt,0.05211895232582139
Product19,BigBiscuitShdWt,0.05211895247323473
AppleJacks,BigBiscuitShdWt,0.018901658505537308
CaptCrunch,BigBiscuitShdWt,0.018901658635144338
ShreddedWheat,BigBiscuitShdWt,0.05211895283070002
FruityPebbles,BigBiscuitShdWt,0.018901658475889777
Clusters,BigBiscuitShdWt,0.018901658536216316
CinnamonMiniBuns,BigBiscuitShdWt,0.01890165885163185
DoubleDipCrunch,BigBiscuitShdWt,0.052118952092532866
MultiGrainCheerios,BigBiscuitShdWt,0.018901658788088346
Honeycomb,BigBiscuitShdWt,0.01890165903652634
Popeye,BigBiscuitShdWt,0.01890165885990062
CornFlakes,HoneyBunchesofOats,0.020413172713923466
Cheerios,HoneyBunchesofOats,0.020413172384287807
RiceKrispies,HoneyBunchesofOats,0.020413172157921725
FrostedFlakes,HoneyBunchesofOats,0.020413172615296342
RaisinBran,HoneyBunchesofOats,0.020413172631818438
Total,HoneyBunchesofOats,0.05628676233941334
HoneyNutCheerios,HoneyBunchesofOats,0.020413172417689765
SpecialK,HoneyBunchesofOats,0.056286762625078986
GrapeNuts,HoneyBunchesofOats,0.056286762555413594
SpoonSizeShdWt,HoneyBunchesofOats,0.056286762087482456
100%Natural,HoneyBunchesofOats,0.05628676183769592
FrostedMiniWheats,HoneyBunchesofOats,0.05628676252882475
NutriGrain,HoneyBunchesofOats,0.05628676288651607
Mueslix,HoneyBunchesofOats,0.05628676248249481
Wheaties,HoneyBunchesofOats,0.020413172508326388
RaisinBran,HoneyBunchesofOats,0.020413172413553674
Muesli,HoneyBunchesofOats,0.05628676185982888
CornPops,HoneyBunchesofOats,0.020413172558076502
RaisinNutBran,HoneyBunchesofOats,0.056286762298478045
Basic4,HoneyBunchesofOats,0.056286762629582036
CocoaPus,HoneyBunchesofOats,0.02041317232818379
GoldenGrahams,HoneyBunchesofOats,0.02041317223521259
Cinn.ToastCrunch,HoneyBunchesofOats,0.020413172261924194
FrootLoops,HoneyBunchesofOats,0.020413172763564025
LowFatGranola,HoneyBunchesofOats,0.05628676206186998
Trix,HoneyBunchesofOats,0.02041317242532602
Triples,HoneyBunchesofOats,0.056286762040929035
Crispix,HoneyBunchesofOats,0.05628676209778134
Kix,HoneyBunchesofOats,0.020413172887543185
LuckyCharms,HoneyBunchesofOats,0.02041317253254594
AppleCinn.Cheerios,HoneyBunchesofOats,0.020413172453053036
CracklinOatBran,HoneyBunchesofOats,0.05628676222090186
BigBiscuitShdWt,HoneyBunchesofOats,0.056286762399590386
HoneyBunchesofOats,HoneyBunchesofOats,-2.14830906673215
GreatGraines,HoneyBunchesofOats,0.05628676214862601
OtmlRaisinCrisp,HoneyBunchesofOats,0.05628676248616317
OatSquares,HoneyBunchesofOats,0.05628676239679208
RiceChex,HoneyBunchesofOats,0.056286762227362105
TotalRaisinBran,HoneyBunchesofOats,0.05628676206797918
Product19,HoneyBunchesofOats,0.05628676304681793
AppleJacks,HoneyBunchesofOats,0.02041317242733896
CaptCrunch,HoneyBunchesofOats,0.020413172694197478
ShreddedWheat,HoneyBunchesofOats,0.056286762741824405
FruityPebbles,HoneyBunchesofOats,0.020413172490145823
Clusters,HoneyBunchesofOats,0.020413172225921
CinnamonMiniBuns,HoneyBunchesofOats,0.020413172787716885
DoubleDipCrunch,HoneyBunchesofOats,0.056286762200064434
MultiGrainCheerios,HoneyBunchesofOats,0.020413172793709147
Honeycomb,HoneyBunchesofOats,0.020413172641296773
Popeye,HoneyBunchesofOats,0.020413172514990433
CornFlakes,GreatGraines,0.018373427367658478
Cheerios,GreatGraines,0.018373426788302175
RiceKrispies,GreatGraines,0.018373427188668214
FrostedFlakes,GreatGraines,0.018373427141611443
RaisinBran,GreatGraines,0.018373427546830988
Total,GreatGraines,0.050662420170957824
HoneyNutCheerios,GreatGraines,0.018373427025351073
SpecialK,GreatGraines,0.05066242067893206
GrapeNuts,GreatGraines,0.05066242047031621
SpoonSizeShdWt,GreatGraines,0.05066241999297038
100%Natural,GreatGraines,0.05066242017237769
FrostedMiniWheats,GreatGraines,0.050662420669003325
NutriGrain,GreatGraines,0.0506624209614068
Mueslix,GreatGraines,0.05066242030169631
Wheaties,GreatGraines,0.01837342719144885
RaisinBran,GreatGraines,0.01837342709860843
Muesli,GreatGraines,0.05066241985948509
CornPops,GreatGraines,0.018373427494421654
RaisinNutBran,GreatGraines,0.05066242077349257
Basic4,GreatGraines,0.05066242045962504
CocoaPus,GreatGraines,0.018373427191870104
GoldenGrahams,GreatGraines,0.018373426800877755
Cinn.ToastCrunch,GreatGraines,0.018373426939979176
FrootLoops,GreatGraines,0.018373427413030566
LowFatGranola,GreatGraines,0.05066242012648396
Trix,GreatGraines,0.018373427027864833
Triples,GreatGraines,0.05066242006884864
Crispix,GreatGraines,0.05066242067836436
Kix,GreatGraines,0.018373427359797093
LuckyCharms,GreatGraines,0.018373426960533977
AppleCinn.Cheerios,GreatGraines,0.01837342748240197
CracklinOatBran,GreatGraines,0.05066242073149755
BigBiscuitShdWt,GreatGraines,0.05066242050087075
HoneyBunchesofOats,GreatGraines,0.05066242066959704
GreatGraines,GreatGraines,-2.192610524716218
OtmlRaisinCrisp,GreatGraines,0.05066242088660815
OatSquares,GreatGraines,0.05066242042385944
RiceChex,GreatGraines,0.05066242067865224
TotalRaisinBran,GreatGraines,0.05066242008537659
Product19,GreatGraines,0.05066242092023709
AppleJacks,GreatGraines,0.01837342689663211
CaptCrunch,GreatGraines,0.018373427341043358
ShreddedWheat,GreatGraines,0.05066242101604624
FruityPebbles,GreatGraines,0.018373427070217774
Clusters,GreatGraines,0.018373426789235408
CinnamonMiniBuns,GreatGraines,0.01837342732451026
DoubleDipCrunch,GreatGraines,0.05066242072582699
MultiGrainCheerios,GreatGraines,0.018373427270400387
Honeycomb,GreatGraines,0.018373427349417742
Popeye,GreatGraines,0.018373427234872602
CornFlakes,OtmlRaisinCrisp,0.015393791531015133
Cheerios,OtmlRaisinCrisp,0.015393791501596261
RiceKrispies,OtmlRaisinCrisp,0.015393791164758638
FrostedFlakes,OtmlRaisinCrisp,0.015393791514724356
RaisinBran,OtmlRaisinCrisp,0.015393791591230895
Total,OtmlRaisinCrisp,0.04244644849901677
HoneyNutCheerios,OtmlRaisinCrisp,0.015393791323085328
SpecialK,OtmlRaisinCrisp,0.04244644877483536
GrapeNuts,OtmlRaisinCrisp,0.042446449115311986
SpoonSizeShdWt,OtmlRaisinCrisp,0.04244644845797135
100%Natural,OtmlRaisinCrisp,0.042446448326843966
FrostedMiniWheats,OtmlRaisinCrisp,0.042446448738149574
NutriGrain,OtmlRaisinCrisp,0.04244644906337865
Mueslix,OtmlRaisinCrisp,0.04244644813804393
Wheaties,OtmlRaisinCrisp,0.01539379185329683
RaisinBran,OtmlRaisinCrisp,0.015393791481974405
Muesli,OtmlRaisinCrisp,0.04244644807057117
CornPops,OtmlRaisinCrisp,0.01539379189243406
RaisinNutBran,OtmlRaisinCrisp,0.042446448473705926
Basic4,OtmlRaisinCrisp,0.04244644888060717
CocoaPus,OtmlRaisinCrisp,0.015393792000406257
GoldenGrahams,OtmlRaisinCrisp,0.015393791709759796
Cinn.ToastCrunch,OtmlRaisinCrisp,0.015393791911740649
FrootLoops,OtmlRaisinCrisp,0.01539379221164996
LowFatGranola,OtmlRaisinCrisp,0.04244644826707703
Trix,OtmlRaisinCrisp,0.015393791993178092
Triples,OtmlRaisinCrisp,0.0424464481707552
Crispix,OtmlRaisinCrisp,0.04244644861937148
Kix,OtmlRaisinCrisp,0.015393792122343078
LuckyCharms,OtmlRaisinCrisp,0.01539379172468487
AppleCinn.Cheerios,OtmlRaisinCrisp,0.015393791496709372
CracklinOatBran,OtmlRaisinCrisp,0.04244644890565577
BigBiscuitShdWt,OtmlRaisinCrisp,0.0424464484656905
HoneyBunchesofOats,OtmlRaisinCrisp,0.04244644837836255
GreatGraines,OtmlRaisinCrisp,0.04244644883465437
OtmlRaisinCrisp,OtmlRaisinCrisp,-2.0538534376932716
OatSquares,OtmlRaisinCrisp,0.04244644854439434
RiceChex,OtmlRaisinCrisp,0.042446448552194815
TotalRaisinBran,OtmlRaisinCrisp,0.04244644833741307
Product19,OtmlRaisinCrisp,0.04244644875011254
AppleJacks,OtmlRaisinCrisp,0.01539379149026993
CaptCrunch,OtmlRaisinCrisp,0.015393792022078804
ShreddedWheat,OtmlRaisinCrisp,0.04244644862747631
FruityPebbles,OtmlRaisinCrisp,0.015393792006713291
Clusters,OtmlRaisinCrisp,0.015393791170710283
CinnamonMiniBuns,OtmlRaisinCrisp,0.015393791951600315
DoubleDipCrunch,OtmlRaisinCrisp,0.04244644867968152
MultiGrainCheerios,OtmlRaisinCrisp,0.015393791878837682
Honeycomb,OtmlRaisinCrisp,0.015393792278407828
Popeye,OtmlRaisinCrisp,0.015393792036145802
CornFlakes,OatSquares,0.02261696406241059
Cheerios,OatSquares,0.022616963687841902
RiceKrispies,OatSquares,0.022616963730879566
FrostedFlakes,OatSquares,0.02261696420696448
RaisinBran,OatSquares,0.022616964048474245
Total,OatSquares,0.062363440672305766
HoneyNutCheerios,OatSquares,0.02261696383152563
SpecialK,OatSquares,0.062363440622725315
GrapeNuts,OatSquares,0.0623634406759552
SpoonSizeShdWt,OatSquares,0.06236344044126806
100%Natural,OatSquares,0.06236344022447937
FrostedMiniWheats,OatSquares,0.0623634404295851
NutriGrain,OatSquares,0.06236344071844367
Mueslix,OatSquares,0.062363440419303105
Wheaties,OatSquares,0.022616963815185666
RaisinBran,OatSquares,0.02261696357604946
Muesli,OatSquares,0.062363440283632054
CornPops,OatSquares,0.022616964073424884
RaisinNutBran,OatSquares,0.06236344096573101
Basic4,OatSquares,0.0623634405868813
CocoaPus,OatSquares,0.02261696377818356
GoldenGrahams,OatSquares,0.02261696379378699
Cinn.ToastCrunch,OatSquares,0.022616963773346096
FrootLoops,OatSquares,0.0226169640013594
LowFatGranola,OatSquares,0.06236344005245977
Trix,OatSquares,0.0226169639007806
Triples,OatSquares,0.062363440171712824
Crispix,OatSquares,0.06236344061847657
Kix,OatSquares,0.02261696401676027
LuckyCharms,OatSquares,0.022616963735613796
AppleCinn.Cheerios,OatSquares,0.022616963827584092
CracklinOatBran,OatSquares,0.06236344054173966
BigBiscuitShdWt,OatSquares,0.06236344058874137
HoneyBunchesofOats,OatSquares,0.062363440412067185
GreatGraines,OatSquares,0.06236344042479675
OtmlRaisinCrisp,OatSquares,0.06236344079618176
OatSquares,OatSquares,-1.8173445956969476
RiceChex,OatSquares,0.062363440284347774
TotalRaisinBran,OatSquares,0.06236344041321972
Product19,OatSquares,0.06236344066470706
AppleJacks,OatSquares,0.0226169636514048
CaptCrunch,OatSquares,0.022616963840527186
ShreddedWheat,OatSquares,0.062363440638535474
FruityPebbles,OatSquares,0.022616963831451016
Clusters,OatSquares,0.022616963554622064
CinnamonMiniBuns,OatSquares,0.022616964152741975
DoubleDipCrunch,OatSquares,0.062363440219698134
MultiGrainCheerios,OatSquares,0.022616963790153405
Honeycomb,OatSquares,0.02261696398785381
Popeye,OatSquares,0.02261696396737451
CornFlakes,RiceChex,0.017415691194273
Cheerios,RiceChex,0.017415690617337932
RiceKrispies,RiceChex,0.01741569062999815
FrostedFlakes,RiceChex,0.017415691144952342
RaisinBran,RiceChex,0.01741569101263777
Total,RiceChex,0.04802158201845512
HoneyNutCheerios,RiceChex,0.01741569092846964
SpecialK,RiceChex,0.04802158297925006
GrapeNuts,RiceChex,0.04802158221737592
SpoonSizeShdWt,RiceChex,0.048021581669254895
100%Natural,RiceChex,0.048021582023407526
FrostedMiniWheats,RiceChex,0.04802158295086243
NutriGrain,RiceChex,0.04802158234253245
Mueslix,RiceChex,0.048021581998912564
Wheaties,RiceChex,0.017415691229154606
RaisinBran,RiceChex,0.017415690749127598
Muesli,RiceChex,0.04802158231477414
CornPops,RiceChex,0.017415691565103638
RaisinNutBran,RiceChex,0.048021582159643486
Basic4,RiceChex,0.048021582251084494
CocoaPus,RiceChex,0.017415690685753955
GoldenGrahams,RiceChex,0.017415690591455597
Cinn.ToastCrunch,RiceChex,0.017415690531369928
FrootLoops,RiceChex,0.0174156909633185
LowFatGranola,RiceChex,0.04802158206805763
Trix,RiceChex,0.017415690960003796
Triples,RiceChex,0.04802158174822034
Crispix,RiceChex,0.04802158253826461
Kix,RiceChex,0.017415690821948722
LuckyCharms,RiceChex,0.01741569040871017
AppleCinn.Cheerios,RiceChex,0.017415691134054646
CracklinOatBran,RiceChex,0.048021582702775296
BigBiscuitShdWt,RiceChex,0.04802158254661327
HoneyBunchesofOats,RiceChex,0.04802158241956783
GreatGraines,RiceChex,0.048021582208071
OtmlRaisinCrisp,RiceChex,0.048021582182028975
OatSquares,RiceChex,0.04802158241397138
RiceChex,RiceChex,-2.5820225529562375
TotalRaisinBran,RiceChex,0.04802158221264141
Product19,RiceChex,0.04802158305052111
AppleJacks,RiceChex,0.01741569051439468
CaptCrunch,RiceChex,0.01741569098971205
ShreddedWheat,RiceChex,0.04802158266736542
FruityPebbles,RiceChex,0.017415690700890746
Clusters,RiceChex,0.01741569059793518
CinnamonMiniBuns,RiceChex,0.01741569129662221
DoubleDipCrunch,RiceChex,0.048021582083155635
MultiGrainCheerios,RiceChex,0.017415691056034473
Honeycomb,RiceChex,0.01741569101439726
Popeye,RiceChex,0.017415690633518735
CornFlakes,TotalRaisinBran,0.013400075704574231
Cheerios,TotalRaisinBran,0.013400075543979931
RiceKrispies,TotalRaisinBran,0.013400075285631053
FrostedFlakes,TotalRaisinBran,0.01340007539131576
RaisinBran,TotalRaisinBran,0.013400075577721663
Total,TotalRaisinBran,0.03694902726329347
HoneyNutCheerios,TotalRaisinBran,0.013400075350415675
SpecialK,TotalRaisinBran,0.03694902764618844
GrapeNuts,TotalRaisinBran,0.03694902791471095
SpoonSizeShdWt,TotalRaisinBran,0.036949027213548244
100%Natural,TotalRaisinBran,0.03694902711952712
FrostedMiniWheats,TotalRaisinBran,0.0369490274601728
NutriGrain,TotalRaisinBran,0.036949027624767185
Mueslix,TotalRaisinBran,0.03694902741559949
Wheaties,TotalRaisinBran,0.013400075807396687
RaisinBran,TotalRaisinBran,0.013400075507820651
Muesli,TotalRaisinBran,0.0369490267225026
CornPops,TotalRaisinBran,0.013400075809609979
RaisinNutBran,TotalRaisinBran,0.03694902765094047
Basic4,TotalRaisinBran,0.03694902764561117
CocoaPus,TotalRaisinBran,0.013400075407510615
GoldenGrahams,TotalRaisinBran,0.013400075536375981
Cinn.ToastCrunch,TotalRaisinBran,0.013400075510709299
FrootLoops,TotalRaisinBran,0.013400075569447879
LowFatGranola,TotalRaisinBran,0.036949026967140385
Trix,TotalRaisinBran,0.01340007565811685
Triples,TotalRaisinBran,0.036949027101049685
Crispix,TotalRaisinBran,0.036949027491113236
Kix,TotalRaisinBran,0.013400075866795471
LuckyCharms,TotalRaisinBran,0.013400075622733668
AppleCinn.Cheerios,TotalRaisinBran,0.013400075446569602
CracklinOatBran,TotalRaisinBran,0.03694902770222066
BigBiscuitShdWt,TotalRaisinBran,0.0369490273074256
HoneyBunchesofOats,TotalRaisinBran,0.03694902764490847
GreatGraines,TotalRaisinBran,0.03694902781437996
OtmlRaisinCrisp,TotalRaisinBran,0.03694902725457913
OatSquares,TotalRaisinBran,0.03694902757622724
RiceChex,TotalRaisinBran,0.036949027359864425
TotalRaisinBran,TotalRaisinBran,-2.2836781457136284
Product19,TotalRaisinBran,0.03694902779630716
AppleJacks,TotalRaisinBran,0.013400075099146267
CaptCrunch,TotalRaisinBran,0.013400075802067354
ShreddedWheat,TotalRaisinBran,0.03694902756510052
FruityPebbles,TotalRaisinBran,0.013400075532442685
Clusters,TotalRaisinBran,0.013400075441637913
CinnamonMiniBuns,TotalRaisinBran,0.013400075634093369
DoubleDipCrunch,TotalRaisinBran,0.03694902768649864
MultiGrainCheerios,TotalRaisinBran,0.013400075673669794
Honeycomb,TotalRaisinBran,0.013400075824590877
Popeye,TotalRaisinBran,0.013400075613041079
CornFlakes,Product19,0.01661032725413721
Cheerios,Product19,0.016610327406577523
RiceKrispies,Product19,0.016610326928667173
FrostedFlakes,Product19,0.016610327239537894
RaisinBran,Product19,0.016610327561876446
Total,Product19,0.045800892769671565
HoneyNutCheerios,Product19,0.01661032738916747
SpecialK,Product19,0.04580089341287275
GrapeNuts,Product19,0.04580089329193614
SpoonSizeShdWt,Product19,0.0458008927140353
100%Natural,Product19,0.04580089270565837
FrostedMiniWheats,Product19,0.04580089297756398
NutriGrain,Product19,0.04580089314456243
Mueslix,Product19,0.04580089288031149
Wheaties,Product19,0.01661032769190106
RaisinBran,Product19,0.016610327080552198
Muesli,Product19,0.04580089240184296
CornPops,Product19,0.0166103276914785
RaisinNutBran,Product19,0.04580089324200429
Basic4,Product19,0.04580089302312481
CocoaPus,Product19,0.016610327214043857
GoldenGrahams,Product19,0.016610327052155493
Cinn.ToastCrunch,Product19,0.016610327192650858
FrootLoops,Product19,0.01661032721701502
LowFatGranola,Product19,0.04580089260234835
Trix,Product19,0.016610327384778172
Triples,Product19,0.04580089261582134
Crispix,Product19,0.04580089295575253
Kix,Product19,0.016610327591623484
LuckyCharms,Product19,0.016610327011755265
AppleCinn.Cheerios,Product19,0.016610327253234334
CracklinOatBran,Product19,0.04580089288692498
BigBiscuitShdWt,Product19,0.04580089243995296
HoneyBunchesofOats,Product19,0.04580089264973407
GreatGraines,Product19,0.04580089270929454
OtmlRaisinCrisp,Product19,0.04580089314856243
OatSquares,Product19,0.04580089312225558
RiceChex,Product19,0.045800892633198635
TotalRaisinBran,Product19,0.045800892238016006
Product19,Product19,-2.568772391674211
AppleJacks,Product19,0.016610326656125447
CaptCrunch,Product19,0.016610327469286642
ShreddedWheat,Product19,0.0458008930358306
FruityPebbles,Product19,0.01661032705673236
Clusters,Product19,0.016610327096251896
CinnamonMiniBuns,Product19,0.016610327578957723
DoubleDipCrunch,Product19,0.04580089275284009
MultiGrainCheerios,Product19,0.016610327633818152
Honeycomb,Product19,0.01661032767371952
Popeye,Product19,0.01661032737205976
CornFlakes,AppleJacks,0.015709030558053484
Cheerios,AppleJacks,0.015709030893107972
RiceKrispies,AppleJacks,0.015709030305541688
FrostedFlakes,AppleJacks,0.015709030830048213
RaisinBran,AppleJacks,0.015709031209495673
Total,AppleJacks,0.015709031179231746
HoneyNutCheerios,AppleJacks,0.015709030490304955
SpecialK,AppleJacks,0.015709031328118277
GrapeNuts,AppleJacks,0.01570903079712766
SpoonSizeShdWt,AppleJacks,0.015709030744194132
100%Natural,AppleJacks,0.015709030507440335
FrostedMiniWheats,AppleJacks,0.015709030877579366
NutriGrain,AppleJacks,0.0157090313489789
Mueslix,AppleJacks,0.01570903056110228
Wheaties,AppleJacks,0.015709031087117655
RaisinBran,AppleJacks,0.01570903051894973
Muesli,AppleJacks,0.0157090304168635
CornPops,AppleJacks,0.015709030986202716
RaisinNutBran,AppleJacks,0.015709031251138938
Basic4,AppleJacks,0.01570903154228678
CocoaPus,AppleJacks,0.06855177716381614
GoldenGrahams,AppleJacks,0.06855177761228748
Cinn.ToastCrunch,AppleJacks,0.06855177738629006
FrootLoops,AppleJacks,0.06855177774516315
LowFatGranola,AppleJacks,0.015709030784792882
Trix,AppleJacks,0.06855177739505687
Triples,AppleJacks,0.015709030644456327
Crispix,AppleJacks,0.015709030682668833
Kix,AppleJacks,0.06855177786630376
LuckyCharms,AppleJacks,0.06855177747405201
AppleCinn.Cheerios,AppleJacks,0.015709031011637554
CracklinOatBran,AppleJacks,0.015709031040543144
BigBiscuitShdWt,AppleJacks,0.015709030935107088
HoneyBunchesofOats,AppleJacks,0.01570903082826994
GreatGraines,AppleJacks,0.015709030804630063
OtmlRaisinCrisp,AppleJacks,0.015709031106643408
OatSquares,AppleJacks,0.015709031164020948
RiceChex,AppleJacks,0.01570903048330637
TotalRaisinBran,AppleJacks,0.0157090305374165
Product19,AppleJacks,0.01570903153808844
AppleJacks,AppleJacks,-2.7471425461569776
CaptCrunch,AppleJacks,0.0685517781704707
ShreddedWheat,AppleJacks,0.01570903096294048
FruityPebbles,AppleJacks,0.06855177751127421
Clusters,AppleJacks,0.01570903038125125
CinnamonMiniBuns,AppleJacks,0.01570903091269576
DoubleDipCrunch,AppleJacks,0.01570903110477889
MultiGrainCheerios,AppleJacks,0.01570903103150296
Honeycomb,AppleJacks,0.06855177769467594
Popeye,AppleJacks,0.06855177785904765
CornFlakes,CaptCrunch,0.02896257172118678
Cheerios,CaptCrunch,0.028962571387280166
RiceKrispies,CaptCrunch,0.02896257138918027
FrostedFlakes,CaptCrunch,0.028962571703926368
RaisinBran,CaptCrunch,0.02896257179061511
Total,CaptCrunch,0.02896257175874163
HoneyNutCheerios,CaptCrunch,0.02896257131563739
SpecialK,CaptCrunch,0.028962571999709696
GrapeNuts,CaptCrunch,0.028962571828322736
SpoonSizeShdWt,CaptCrunch,0.028962571720091645
100%Natural,CaptCrunch,0.028962571502455736
FrostedMiniWheats,CaptCrunch,0.028962571711804233
NutriGrain,CaptCrunch,0.02896257201533229
Mueslix,CaptCrunch,0.028962571382525157
Wheaties,CaptCrunch,0.028962571653441523
RaisinBran,CaptCrunch,0.02896257152075641
Muesli,CaptCrunch,0.02896257123399742
CornPops,CaptCrunch,0.02896257194609804
RaisinNutBran,CaptCrunch,0.028962571812817355
Basic4,CaptCrunch,0.028962571969115978
CocoaPus,CaptCrunch,0.12638817916506054
GoldenGrahams,CaptCrunch,0.12638817899683868
Cinn.ToastCrunch,CaptCrunch,0.12638817900632845
FrootLoops,CaptCrunch,0.12638817888619996
LowFatGranola,CaptCrunch,0.02896257156602101
Trix,CaptCrunch,0.12638817939439198
Triples,CaptCrunch,0.02896257170425642
Crispix,CaptCrunch,0.02896257156305838
Kix,CaptCrunch,0.12638817925405807
LuckyCharms,CaptCrunch,0.1263881790039457
AppleCinn.Cheerios,CaptCrunch,0.02896257168237618
CracklinOatBran,CaptCrunch,0.028962571977921105
BigBiscuitShdWt,CaptCrunch,0.028962571504125397
HoneyBunchesofOats,CaptCrunch,0.028962571780264443
GreatGraines,CaptCrunch,0.028962571773589206
OtmlRaisinCrisp,CaptCrunch,0.028962571512279177
OatSquares,CaptCrunch,0.028962571562088268
RiceChex,CaptCrunch,0.028962571565103516
TotalRaisinBran,CaptCrunch,0.028962571671727173
Product19,CaptCrunch,0.028962571858107643
AppleJacks,CaptCrunch,0.12638817876382977
CaptCrunch,CaptCrunch,-1.84614499076138
ShreddedWheat,CaptCrunch,0.028962572005758656
FruityPebbles,CaptCrunch,0.12638817867320976
Clusters,CaptCrunch,0.028962571208370494
CinnamonMiniBuns,CaptCrunch,0.028962571560101954
DoubleDipCrunch,CaptCrunch,0.028962571674246013
MultiGrainCheerios,CaptCrunch,0.028962571844480638
Honeycomb,CaptCrunch,0.12638817905111302
Popeye,CaptCrunch,0.12638817929877422
CornFlakes,ShreddedWheat,0.024107576651067344
Cheerios,ShreddedWheat,0.02410757628691681
RiceKrispies,ShreddedWheat,0.02410757640725031
FrostedFlakes,ShreddedWheat,0.024107576852003994
RaisinBran,ShreddedWheat,0.024107576888121873
Total,ShreddedWheat,0.0664736174723984
HoneyNutCheerios,ShreddedWheat,0.024107576640889156
SpecialK,ShreddedWheat,0.06647361803247853
GrapeNuts,ShreddedWheat,0.06647361805874902
SpoonSizeShdWt,ShreddedWheat,0.06647361741702941
100%Natural,ShreddedWheat,0.06647361755788475
FrostedMiniWheats,ShreddedWheat,0.0664736177450308
NutriGrain,ShreddedWheat,0.0664736180786273
Mueslix,ShreddedWheat,0.06647361788095832
Wheaties,ShreddedWheat,0.02410757703582135
RaisinBran,ShreddedWheat,0.024107576572840017
Muesli,ShreddedWheat,0.06647361781167145
CornPops,ShreddedWheat,0.024107576710774088
RaisinNutBran,ShreddedWheat,0.06647361780000201
Basic4,ShreddedWheat,0.06647361777914142
CocoaPus,ShreddedWheat,0.024107576876717832
GoldenGrahams,ShreddedWheat,0.02410757664621113
Cinn.ToastCrunch,ShreddedWheat,0.024107576755868998
FrootLoops,ShreddedWheat,0.024107577007272486
LowFatGranola,ShreddedWheat,0.06647361726054918
Trix,ShreddedWheat,0.02410757689087584
Triples,ShreddedWheat,0.0664736173512038
Crispix,ShreddedWheat,0.06647361808205227
Kix,ShreddedWheat,0.02410757707205223
LuckyCharms,ShreddedWheat,0.024107576706055865
AppleCinn.Cheerios,ShreddedWheat,0.02410757687691702
CracklinOatBran,ShreddedWheat,0.06647361805621926
BigBiscuitShdWt,ShreddedWheat,0.06647361749356946
HoneyBunchesofOats,ShreddedWheat,0.06647361796119379
GreatGraines,ShreddedWheat,0.06647361794651953
OtmlRaisinCrisp,ShreddedWheat,0.0664736181413687
OatSquares,ShreddedWheat,0.06647361825072613
RiceChex,ShreddedWheat,0.0664736176766324
TotalRaisinBran,ShreddedWheat,0.06647361752422898
Product19,ShreddedWheat,0.06647361812616574
AppleJacks,ShreddedWheat,0.024107576883862062
CaptCrunch,ShreddedWheat,0.024107577103421977
ShreddedWheat,ShreddedWheat,-2.114915947820719
FruityPebbles,ShreddedWheat,0.024107576795429554
Clusters,ShreddedWheat,0.024107576370470722
CinnamonMiniBuns,ShreddedWheat,0.024107577137597504
DoubleDipCrunch,ShreddedWheat,0.06647361784614755
MultiGrainCheerios,ShreddedWheat,0.024107577019059304
Honeycomb,ShreddedWheat,0.02410757713782036
Popeye,ShreddedWheat,0.02410757689666545
CornFlakes,FruityPebbles,0.02151208043328555
Cheerios,FruityPebbles,0.021512080452913418
RiceKrispies,FruityPebbles,0.021512080261459756
FrostedFlakes,FruityPebbles,0.021512080579378413
RaisinBran,FruityPebbles,0.021512080875611357
Total,FruityPebbles,0.02151208083396171
HoneyNutCheerios,FruityPebbles,0.021512080474510413
SpecialK,FruityPebbles,0.021512081250696813
GrapeNuts,FruityPebbles,0.021512080904090958
SpoonSizeShdWt,FruityPebbles,0.021512080808859243
100%Natural,FruityPebbles,0.02151208051477681
FrostedMiniWheats,FruityPebbles,0.02151208066869077
NutriGrain,FruityPebbles,0.02151208126130651
Mueslix,FruityPebbles,0.021512080522152924
Wheaties,FruityPebbles,0.021512080693942903
RaisinBran,FruityPebbles,0.021512080381567544
Muesli,FruityPebbles,0.021512080367718855
CornPops,FruityPebbles,0.02151208086355599
RaisinNutBran,FruityPebbles,0.021512080925719698
Basic4,FruityPebbles,0.021512081321870477
CocoaPus,FruityPebbles,0.09387538823607622
GoldenGrahams,FruityPebbles,0.0938753878348331
Cinn.ToastCrunch,FruityPebbles,0.09387538863681892
FrootLoops,FruityPebbles,0.09387538849585836
LowFatGranola,FruityPebbles,0.02151208081017354
Trix,FruityPebbles,0.09387538844525697
Triples,FruityPebbles,0.021512080900738067
Crispix,FruityPebbles,0.021512080865533457
Kix,FruityPebbles,0.09387538809970832
LuckyCharms,FruityPebbles,0.09387538783723982
AppleCinn.Cheerios,FruityPebbles,0.021512080369265944
CracklinOatBran,FruityPebbles,0.02151208116832081
BigBiscuitShdWt,FruityPebbles,0.021512080550886957
HoneyBunchesofOats,FruityPebbles,0.0215120808717516
GreatGraines,FruityPebbles,0.021512081047609228
OtmlRaisinCrisp,FruityPebbles,0.021512080625121204
OatSquares,FruityPebbles,0.021512080860531902
RiceChex,FruityPebbles,0.021512080545123203
TotalRaisinBran,FruityPebbles,0.02151208082769497
Product19,FruityPebbles,0.02151208114365332
AppleJacks,FruityPebbles,0.09387538770354753
CaptCrunch,FruityPebbles,0.09387538844539994
ShreddedWheat,FruityPebbles,0.02151208099720012
FruityPebbles,FruityPebbles,-2.389195728399263
Clusters,FruityPebbles,0.021512080081803858
CinnamonMiniBuns,FruityPebbles,0.021512080407133198
DoubleDipCrunch,FruityPebbles,0.021512081061037944
MultiGrainCheerios,FruityPebbles,0.021512080369534746
Honeycomb,FruityPebbles,0.09387538818811479
Popeye,FruityPebbles,0.09387538882215923
CornFlakes,Clusters,0.06473061610340733
Cheerios,Clusters,0.06473061616313074
RiceKrispies,Clusters,0.06473061571772484
FrostedFlakes,Clusters,0.06473061648763097
RaisinBran,Clusters,0.06473061591152253
Total,Clusters,0.018345486244328676
HoneyNutCheerios,Clusters,0.06473061609507133
SpecialK,Clusters,0.018345486714375435
GrapeNuts,Clusters,0.018345486132791734
SpoonSizeShdWt,Clusters,0.01834548644081227
100%Natural,Clusters,0.01834548603487181
FrostedMiniWheats,Clusters,0.018345486120095046
NutriGrain,Clusters,0.01834548651545949
Mueslix,Clusters,0.01834548587272779
Wheaties,Clusters,0.06473061652957438
RaisinBran,Clusters,0.06473061598597475
Muesli,Clusters,0.018345485990339954
CornPops,Clusters,0.0647306161022388
RaisinNutBran,Clusters,0.018345486521058926
Basic4,Clusters,0.01834548665207998
CocoaPus,Clusters,0.01834548599656735
GoldenGrahams,Clusters,0.018345485857604205
Cinn.ToastCrunch,Clusters,0.018345485814006978
FrootLoops,Clusters,0.018345485855653862
LowFatGranola,Clusters,0.018345486107347254
Trix,Clusters,0.018345486009581594
Triples,Clusters,0.01834548615982884
Crispix,Clusters,0.018345486311751067
Kix,Clusters,0.0183454859234519
LuckyCharms,Clusters,0.01834548577805119
AppleCinn.Cheerios,Clusters,0.0647306165193225
CracklinOatBran,Clusters,0.018345486704545288
BigBiscuitShdWt,Clusters,0.018345486072208924
HoneyBunchesofOats,Clusters,0.018345486112778153
GreatGraines,Clusters,0.018345486190044766
OtmlRaisinCrisp,Clusters,0.018345486300214677
OatSquares,Clusters,0.018345486168410474
RiceChex,Clusters,0.01834548625620908
TotalRaisinBran,Clusters,0.018345485975633406
Product19,Clusters,0.018345486453087635
AppleJacks,Clusters,0.018345485533517652
CaptCrunch,Clusters,0.018345485960122986
ShreddedWheat,Clusters,0.018345486131031343
FruityPebbles,Clusters,0.018345485903460305
Clusters,Clusters,-2.364192511672117
CinnamonMiniBuns,Clusters,0.06473061669385786
DoubleDipCrunch,Clusters,0.018345486275178513
MultiGrainCheerios,Clusters,0.06473061599245157
Honeycomb,Clusters,0.018345486204196154
Popeye,Clusters,0.018345486128619533
CornFlakes,CinnamonMiniBuns,0.07808233642916668
Cheerios,CinnamonMiniBuns,0.07808233610297272
RiceKrispies,CinnamonMiniBuns,0.07808233576202842
FrostedFlakes,CinnamonMiniBuns,0.0780823365838346
RaisinBran,CinnamonMiniBuns,0.07808233654825739
Total,CinnamonMiniBuns,0.022129534374797605
HoneyNutCheerios,CinnamonMiniBuns,0.07808233574485635
SpecialK,CinnamonMiniBuns,0.022129534486808017
GrapeNuts,CinnamonMiniBuns,0.022129534361016417
SpoonSizeShdWt,CinnamonMiniBuns,0.022129534306897427
100%Natural,CinnamonMiniBuns,0.022129534135403518
FrostedMiniWheats,CinnamonMiniBuns,0.022129534338305057
NutriGrain,CinnamonMiniBuns,0.022129534515145287
Mueslix,CinnamonMiniBuns,0.022129534308574388
Wheaties,CinnamonMiniBuns,0.07808233623011056
RaisinBran,CinnamonMiniBuns,0.07808233576118916
Muesli,CinnamonMiniBuns,0.022129534069716385
CornPops,CinnamonMiniBuns,0.07808233601136046
RaisinNutBran,CinnamonMiniBuns,0.02212953448301975
Basic4,CinnamonMiniBuns,0.022129534603974356
CocoaPus,CinnamonMiniBuns,0.022129534556541975
GoldenGrahams,CinnamonMiniBuns,0.02212953426204504
Cinn.ToastCrunch,CinnamonMiniBuns,0.022129534470437747
FrootLoops,CinnamonMiniBuns,0.022129534486909526
LowFatGranola,CinnamonMiniBuns,0.022129534204662443
Trix,CinnamonMiniBuns,0.02212953445030854
Triples,CinnamonMiniBuns,0.022129534379417264
Crispix,CinnamonMiniBuns,0.02212953425186654
Kix,CinnamonMiniBuns,0.02212953474108503
LuckyCharms,CinnamonMiniBuns,0.022129534379454842
AppleCinn.Cheerios,CinnamonMiniBuns,0.07808233645616845
CracklinOatBran,CinnamonMiniBuns,0.02212953470760156
BigBiscuitShdWt,CinnamonMiniBuns,0.022129534308634676
HoneyBunchesofOats,CinnamonMiniBuns,0.02212953450094318
GreatGraines,CinnamonMiniBuns,0.022129534555879113
OtmlRaisinCrisp,CinnamonMiniBuns,0.022129534278520272
OatSquares,CinnamonMiniBuns,0.022129534426337253
RiceChex,CinnamonMiniBuns,0.02212953444594566
TotalRaisinBran,CinnamonMiniBuns,0.02212953441548486
Product19,CinnamonMiniBuns,0.02212953486389721
AppleJacks,CinnamonMiniBuns,0.022129533972501166
CaptCrunch,CinnamonMiniBuns,0.022129534416275062
ShreddedWheat,CinnamonMiniBuns,0.02212953481205875
FruityPebbles,CinnamonMiniBuns,0.022129534195542686
Clusters,CinnamonMiniBuns,0.07808233610368874
CinnamonMiniBuns,CinnamonMiniBuns,-2.049159272590273
DoubleDipCrunch,CinnamonMiniBuns,0.02212953444843025
MultiGrainCheerios,CinnamonMiniBuns,0.07808233627753487
Honeycomb,CinnamonMiniBuns,0.022129534568698348
Popeye,CinnamonMiniBuns,0.022129534383392973
CornFlakes,DoubleDipCrunch,0.016301793347441546
Cheerios,DoubleDipCrunch,0.016301792958322903
RiceKrispies,DoubleDipCrunch,0.01630179310649253
FrostedFlakes,DoubleDipCrunch,0.0163017934996845
RaisinBran,DoubleDipCrunch,0.01630179313950333
Total,DoubleDipCrunch,0.04495014903539343
HoneyNutCheerios,DoubleDipCrunch,0.016301792856786318
SpecialK,DoubleDipCrunch,0.04495014945951153
GrapeNuts,DoubleDipCrunch,0.04495014921126327
SpoonSizeShdWt,DoubleDipCrunch,0.044950148633450135
100%Natural,DoubleDipCrunch,0.04495014895795107
FrostedMiniWheats,DoubleDipCrunch,0.04495014931796451
NutriGrain,DoubleDipCrunch,0.04495014915810724
Mueslix,DoubleDipCrunch,0.04495014894429152
Wheaties,DoubleDipCrunch,0.016301793432246626
RaisinBran,DoubleDipCrunch,0.016301792716260713
Muesli,DoubleDipCrunch,0.044950148979891566
CornPops,DoubleDipCrunch,0.016301793257805668
RaisinNutBran,DoubleDipCrunch,0.044950149259910546
Basic4,DoubleDipCrunch,0.04495014892418167
CocoaPus,DoubleDipCrunch,0.01630179340218975
GoldenGrahams,DoubleDipCrunch,0.016301793195839333
Cinn.ToastCrunch,DoubleDipCrunch,0.01630179339336621
FrootLoops,DoubleDipCrunch,0.01630179318183747
LowFatGranola,DoubleDipCrunch,0.04495014903506756
Trix,DoubleDipCrunch,0.016301793423126446
Triples,DoubleDipCrunch,0.04495014857196457
Crispix,DoubleDipCrunch,0.04495014926019121
Kix,DoubleDipCrunch,0.016301793746004198
LuckyCharms,DoubleDipCrunch,0.01630179308115423
AppleCinn.Cheerios,DoubleDipCrunch,0.01630179307308144
CracklinOatBran,DoubleDipCrunch,0.04495014939653846
BigBiscuitShdWt,DoubleDipCrunch,0.044950149122888985
HoneyBunchesofOats,DoubleDipCrunch,0.04495014891815951
GreatGraines,DoubleDipCrunch,0.04495014882436033
OtmlRaisinCrisp,DoubleDipCrunch,0.04495014931320417
OatSquares,DoubleDipCrunch,0.04495014918500902
RiceChex,DoubleDipCrunch,0.044950149159743845
TotalRaisinBran,DoubleDipCrunch,0.044950148584971164
Product19,DoubleDipCrunch,0.04495014962944116
AppleJacks,DoubleDipCrunch,0.016301793375953156
CaptCrunch,DoubleDipCrunch,0.016301793473015344
ShreddedWheat,DoubleDipCrunch,0.044950149310078166
FruityPebbles,DoubleDipCrunch,0.01630179331820751
Clusters,DoubleDipCrunch,0.016301792850917932
CinnamonMiniBuns,DoubleDipCrunch,0.016301793132473062
DoubleDipCrunch,DoubleDipCrunch,-2.2834124534532347
MultiGrainCheerios,DoubleDipCrunch,0.016301793091205823
Honeycomb,DoubleDipCrunch,0.016301793347210432
Popeye,DoubleDipCrunch,0.016301793681542602
CornFlakes,MultiGrainCheerios,0.05553351723497015
Cheerios,MultiGrainCheerios,0.05553351688468097
RiceKrispies,MultiGrainCheerios,0.05553351639063446
FrostedFlakes,MultiGrainCheerios,0.055533517454710316
RaisinBran,MultiGrainCheerios,0.05553351711381963
Total,MultiGrainCheerios,0.01573891067209203
HoneyNutCheerios,MultiGrainCheerios,0.0555335166692763
SpecialK,MultiGrainCheerios,0.01573891087146231
GrapeNuts,MultiGrainCheerios,0.01573891077280732
SpoonSizeShdWt,MultiGrainCheerios,0.015738910346019343
100%Natural,MultiGrainCheerios,0.0157389101418066
FrostedMiniWheats,MultiGrainCheerios,0.01573891031514608
NutriGrain,MultiGrainCheerios,0.015738910917465078
Mueslix,MultiGrainCheerios,0.015738910120733047
Wheaties,MultiGrainCheerios,0.05553351723163686
RaisinBran,MultiGrainCheerios,0.05553351664175122
Muesli,MultiGrainCheerios,0.015738910496996335
CornPops,MultiGrainCheerios,0.055533517114529175
RaisinNutBran,MultiGrainCheerios,0.015738910772858335
Basic4,MultiGrainCheerios,0.01573891081000978
CocoaPus,MultiGrainCheerios,0.015738910160165688
GoldenGrahams,MultiGrainCheerios,0.015738910008920193
Cinn.ToastCrunch,MultiGrainCheerios,0.01573891031594397
FrootLoops,MultiGrainCheerios,0.01573891075241807
LowFatGranola,MultiGrainCheerios,0.015738910605202095
Trix,MultiGrainCheerios,0.01573891031509055
Triples,MultiGrainCheerios,0.015738910260505817
Crispix,MultiGrainCheerios,0.015738910579221322
Kix,MultiGrainCheerios,0.015738910786563347
LuckyCharms,MultiGrainCheerios,0.01573891049580287
AppleCinn.Cheerios,MultiGrainCheerios,0.05553351715623981
CracklinOatBran,MultiGrainCheerios,0.015738910816026346
BigBiscuitShdWt,MultiGrainCheerios,0.015738910237173134
HoneyBunchesofOats,MultiGrainCheerios,0.015738910593989446
GreatGraines,MultiGrainCheerios,0.01573891060329855
OtmlRaisinCrisp,MultiGrainCheerios,0.015738910483824007
OatSquares,MultiGrainCheerios,0.015738910423251373
RiceChex,MultiGrainCheerios,0.01573891049141835
TotalRaisinBran,MultiGrainCheerios,0.01573891067315633
Product19,MultiGrainCheerios,0.015738910736978834
AppleJacks,MultiGrainCheerios,0.015738909900339507
CaptCrunch,MultiGrainCheerios,0.015738910316210462
ShreddedWheat,MultiGrainCheerios,0.01573891057073906
FruityPebbles,MultiGrainCheerios,0.01573891042757146
Clusters,MultiGrainCheerios,0.05553351700583338
CinnamonMiniBuns,MultiGrainCheerios,0.055533517731224405
DoubleDipCrunch,MultiGrainCheerios,0.015738910349666842
MultiGrainCheerios,MultiGrainCheerios,-2.5280980793254573
Honeycomb,MultiGrainCheerios,0.015738910563482332
Popeye,MultiGrainCheerios,0.01573891020263992
CornFlakes,Honeycomb,0.02004911861924714
Cheerios,Honeycomb,0.02004911858484559
RiceKrispies,Honeycomb,0.02004911833509108
FrostedFlakes,Honeycomb,0.020049118413411917
RaisinBran,Honeycomb,0.020049118373058398
Total,Honeycomb,0.02004911876109896
HoneyNutCheerios,Honeycomb,0.020049118128127895
SpecialK,Honeycomb,0.02004911921113441
GrapeNuts,Honeycomb,0.020049118926218197
SpoonSizeShdWt,Honeycomb,0.020049118791871438
100%Natural,Honeycomb,0.020049118916470543
FrostedMiniWheats,Honeycomb,0.020049119086180466
NutriGrain,Honeycomb,0.02004911920263817
Mueslix,Honeycomb,0.020049118655385112
Wheaties,Honeycomb,0.020049118792699237
RaisinBran,Honeycomb,0.02004911833056245
Muesli,Honeycomb,0.02004911865132984
CornPops,Honeycomb,0.020049118751277423
RaisinNutBran,Honeycomb,0.02004911929894362
Basic4,Honeycomb,0.02004911923765351
CocoaPus,Honeycomb,0.08749124908459045
GoldenGrahams,Honeycomb,0.08749124963413718
Cinn.ToastCrunch,Honeycomb,0.08749124918843679
FrootLoops,Honeycomb,0.08749124950356832
LowFatGranola,Honeycomb,0.02004911901335965
Trix,Honeycomb,0.08749124909582431
Triples,Honeycomb,0.02004911887493682
Crispix,Honeycomb,0.020049118682453782
Kix,Honeycomb,0.08749124951448775
LuckyCharms,Honeycomb,0.08749124894184192
AppleCinn.Cheerios,Honeycomb,0.020049118361453934
CracklinOatBran,Honeycomb,0.020049119611103235
BigBiscuitShdWt,Honeycomb,0.020049119057498274
HoneyBunchesofOats,Honeycomb,0.020049118975623545
GreatGraines,Honeycomb,0.020049119262401438
OtmlRaisinCrisp,Honeycomb,0.020049119206545785
OatSquares,Honeycomb,0.02004911901420807
RiceChex,Honeycomb,0.02004911864788022
TotalRaisinBran,Honeycomb,0.020049118992217816
Product19,Honeycomb,0.020049119056784335
AppleJacks,Honeycomb,0.08749124886687253
CaptCrunch,Honeycomb,0.087491249404338
ShreddedWheat,Honeycomb,0.02004911923008269
FruityPebbles,Honeycomb,0.0874912495878112
Clusters,Honeycomb,0.020049118185601098
CinnamonMiniBuns,Honeycomb,0.02004911867495729
DoubleDipCrunch,Honeycomb,0.02004911883009517
MultiGrainCheerios,Honeycomb,0.020049118787612594
Honeycomb,Honeycomb,-2.542552917373139
Popeye,Honeycomb,0.08749124933384796
CornFlakes,Popeye,0.034923404638460456
Cheerios,Popeye,0.03492340449547464
RiceKrispies,Popeye,0.034923404519884946
FrostedFlakes,Popeye,0.03492340473076626
RaisinBran,Popeye,0.0349234047113327
Total,Popeye,0.03492340478308348
HoneyNutCheerios,Popeye,0.03492340443400295
SpecialK,Popeye,0.03492340491115354
GrapeNuts,Popeye,0.03492340487112576
SpoonSizeShdWt,Popeye,0.034923404496594215
100%Natural,Popeye,0.03492340462627636
FrostedMiniWheats,Popeye,0.03492340492401556
NutriGrain,Popeye,0.034923404683205296
Mueslix,Popeye,0.034923404551580745
Wheaties,Popeye,0.03492340463422841
RaisinBran,Popeye,0.03492340456848385
Muesli,Popeye,0.03492340455175532
CornPops,Popeye,0.03492340471667149
RaisinNutBran,Popeye,0.034923404739093306
Basic4,Popeye,0.03492340470175156
CocoaPus,Popeye,0.15240033765003988
GoldenGrahams,Popeye,0.15240033773401784
Cinn.ToastCrunch,Popeye,0.15240033764872807
FrootLoops,Popeye,0.15240033777691714
LowFatGranola,Popeye,0.03492340471312565
Trix,Popeye,0.15240033766697675
Triples,Popeye,0.03492340461604003
Crispix,Popeye,0.03492340454242737
Kix,Popeye,0.15240033760358979
LuckyCharms,Popeye,0.15240033757427768
AppleCinn.Cheerios,Popeye,0.03492340453706757
CracklinOatBran,Popeye,0.03492340496763227
BigBiscuitShdWt,Popeye,0.034923404692379756
HoneyBunchesofOats,Popeye,0.03492340476435847
GreatGraines,Popeye,0.03492340464717129
OtmlRaisinCrisp,Popeye,0.03492340466970652
OatSquares,Popeye,0.034923404857613305
RiceChex,Popeye,0.034923404701870456
TotalRaisinBran,Popeye,0.03492340465497461
Product19,Popeye,0.034923404708789046
AppleJacks,Popeye,0.15240033739306807
CaptCrunch,Popeye,0.15240033776426462
ShreddedWheat,Popeye,0.03492340484899253
FruityPebbles,Popeye,0.15240033747825615
Clusters,Popeye,0.03492340438974087
CinnamonMiniBuns,Popeye,0.03492340458665508
DoubleDipCrunch,Popeye,0.034923404755747504
MultiGrainCheerios,Popeye,0.03492340474418991
Honeycomb,Popeye,0.15240033784515408
Popeye,Popeye,-1.2167697941677713
