---------------------------------------------------------------------------------------------------------------------------------------------------------------------------------------------------------------------------------------------------------------
      name:  <unnamed>
       log:  C:\Users\B03531855158\Documents\Replication\Códigos_Lista2/output/logs/07_statistical_extra_figs_aids_stata.log
  log type:  text
 opened on:   7 Jun 2026, 19:06:55

. 
. global EXTRA_FIGS "$FIGURES/Extra_Figs"

. global EXTRA_PDF  "$EXTRA_FIGS/PDF"

. global EXTRA_PNG  "$EXTRA_FIGS/PNG"

. 
. capture mkdir "$EXTRA_FIGS"

. capture mkdir "$EXTRA_PDF"

. capture mkdir "$EXTRA_PNG"

. 
. set scheme s2color

. graph set window fontface "Arial"

. 
. local cor_bovina   "navy"

. local cor_suina    "cranberry"

. local cor_frango   "forest_green"

. local cor_pescados "orange"

. local cor_pos      "navy"

. local cor_neg      "cranberry"

. local cor_neutro   "gs8"

. local cor_extra    "purple"

. local tema_base    "graphregion(color(white)) plotregion(color(white)) bgcolor(white)"

. 
. ********************************************************************************
. * Parametros ajustaveis dos graficos pesados.
. ********************************************************************************
. 
. local BOOT_REPS = 200       // Aumente para 500 ou 1000 se quiser ICs mais estaveis.

. local ROLL_W    = 10        // Tamanho da janela movel, em anos.

. local ACF_LAGS  = 10        // Maximo de defasagens nos graficos ACF/PACF.

. 
. ********************************************************************************
. * Checagem de arquivos necessarios.
. ********************************************************************************
. 
. foreach arq in ///
>     "$PROC_DTA" ///
>     "$MODELS/aids_hsym.ster" ///
>     "$MODELS/aids_hsym_L2.ster" {
  2. 
.     capture confirm file "`arq'"
  3.     if _rc {
  4.         di as error "Arquivo necessario nao encontrado: `arq'"
  5.         di as error "Rode antes o pacote principal: do stata/run_all_aids_stata.do"
  6.         log close
  7.         exit 601
  8.     }
  9. }

. 
. ********************************************************************************
. * Programas auxiliares.
. ********************************************************************************
. 
. capture program drop _fit_hsym_aids

. program define _fit_hsym_aids
  1.     syntax [, L2]
  2. 
.     if "`l2'" == "" {
  3.         local Z "ln_real_x L1_lngp_bfvl L1_lngp_pork L1_lngp_poult L1_lngp_fish"
  4.     }
  5.     else {
  6.         local Z "ln_real_x L1_lngp_bfvl L1_lngp_pork L1_lngp_poult L1_lngp_fish L2_lngp_bfvl L2_lngp_pork L2_lngp_poult L2_lngp_fish"
  7.     }
  8. 
.     gmm                                                                          ///
>         (eq_bfvl: w_bfvl - {a_bfvl} - {g11}*(lngp_bfvl-lngp_poult) - {g12}*(lngp_pork-lngp_poult) - {g14}*(lngp_fish-lngp_poult) - {b_bfvl}*ln_real_x) ///
>         (eq_pork: w_pork - {a_pork} - {g12}*(lngp_bfvl-lngp_poult) - {g22}*(lngp_pork-lngp_poult) - {g24}*(lngp_fish-lngp_poult) - {b_pork}*ln_real_x) ///
>         (eq_fish: w_fish - {a_fish} - {g14}*(lngp_bfvl-lngp_poult) - {g24}*(lngp_pork-lngp_poult) - {g44}*(lngp_fish-lngp_poult) - {b_fish}*ln_real_x), ///
>         instruments(eq_bfvl: `Z')                                               ///
>         instruments(eq_pork: `Z')                                               ///
>         instruments(eq_fish: `Z')                                               ///
>         winitial(unadjusted, independent) wmatrix(unadjusted) twostep nolog
  9. end

. 
. capture program drop _calc_own_elast_hsym

. program define _calc_own_elast_hsym, rclass
  1. 
.     quietly summarize w_bfvl if e(sample), meanonly
  2.     scalar wbar_bfvl = r(mean)
  3.     quietly summarize w_pork if e(sample), meanonly
  4.     scalar wbar_pork = r(mean)
  5.     quietly summarize w_poult if e(sample), meanonly
  6.     scalar wbar_poult = r(mean)
  7.     quietly summarize w_fish if e(sample), meanonly
  8.     scalar wbar_fish = r(mean)
  9. 
.     scalar b_bfvl  = _b[/b_bfvl]
 10.     scalar b_pork  = _b[/b_pork]
 11.     scalar b_fish  = _b[/b_fish]
 12.     scalar b_poult = - b_bfvl - b_pork - b_fish
 13. 
.     scalar g11 = _b[/g11]
 14.     scalar g12 = _b[/g12]
 15.     scalar g14 = _b[/g14]
 16.     scalar g22 = _b[/g22]
 17.     scalar g24 = _b[/g24]
 18.     scalar g44 = _b[/g44]
 19. 
.     scalar g13 = -(g11 + g12 + g14)
 20.     scalar g21 = g12
 21.     scalar g23 = -(g21 + g22 + g24)
 22.     scalar g31 = g13
 23.     scalar g32 = g23
 24.     scalar g34 = -(g14 + g24 + g44)
 25.     scalar g41 = g14
 26.     scalar g42 = g24
 27.     scalar g43 = g34
 28.     scalar g33 = -(g31 + g32 + g34)
 29. 
.     scalar eta_bfvl  = 1 + b_bfvl/wbar_bfvl
 30.     scalar eta_pork  = 1 + b_pork/wbar_pork
 31.     scalar eta_poult = 1 + b_poult/wbar_poult
 32.     scalar eta_fish  = 1 + b_fish/wbar_fish
 33. 
.     scalar em_bfvl  = -1 + g11/wbar_bfvl  - b_bfvl
 34.     scalar em_pork  = -1 + g22/wbar_pork  - b_pork
 35.     scalar em_poult = -1 + g33/wbar_poult - b_poult
 36.     scalar em_fish  = -1 + g44/wbar_fish  - b_fish
 37. 
.     scalar eh_bfvl  = em_bfvl  + eta_bfvl*wbar_bfvl
 38.     scalar eh_pork  = em_pork  + eta_pork*wbar_pork
 39.     scalar eh_poult = em_poult + eta_poult*wbar_poult
 40.     scalar eh_fish  = em_fish  + eta_fish*wbar_fish
 41. 
.     return scalar eta_bfvl  = eta_bfvl
 42.     return scalar eta_pork  = eta_pork
 43.     return scalar eta_poult = eta_poult
 44.     return scalar eta_fish  = eta_fish
 45. 
.     return scalar em_bfvl  = em_bfvl
 46.     return scalar em_pork  = em_pork
 47.     return scalar em_poult = em_poult
 48.     return scalar em_fish  = em_fish
 49. 
.     return scalar eh_bfvl  = eh_bfvl
 50.     return scalar eh_pork  = eh_pork
 51.     return scalar eh_poult = eh_poult
 52.     return scalar eh_fish  = eh_fish
 53. end

. 
. capture program drop _make_residual_data_hsym

. program define _make_residual_data_hsym
  1. 
.     use "$PROC_DTA", clear
  2.     drop if missing(w_bfvl, w_pork, w_poult, w_fish, lngp_bfvl, lngp_pork, lngp_poult, lngp_fish, ln_real_x, L1_lngp_bfvl, L1_lngp_pork, L1_lngp_poult, L1_lngp_fish)
  3. 
.     estimates use "$MODELS/aids_hsym.ster"
  4. 
.     scalar a_bfvl = _b[/a_bfvl]
  5.     scalar a_pork = _b[/a_pork]
  6.     scalar a_fish = _b[/a_fish]
  7. 
.     scalar b_bfvl = _b[/b_bfvl]
  8.     scalar b_pork = _b[/b_pork]
  9.     scalar b_fish = _b[/b_fish]
 10. 
.     scalar g11 = _b[/g11]
 11.     scalar g12 = _b[/g12]
 12.     scalar g14 = _b[/g14]
 13.     scalar g22 = _b[/g22]
 14.     scalar g24 = _b[/g24]
 15.     scalar g44 = _b[/g44]
 16. 
.     gen double fit_bfvl = a_bfvl + g11*(lngp_bfvl-lngp_poult) + g12*(lngp_pork-lngp_poult) + g14*(lngp_fish-lngp_poult) + b_bfvl*ln_real_x
 17.     gen double fit_pork = a_pork + g12*(lngp_bfvl-lngp_poult) + g22*(lngp_pork-lngp_poult) + g24*(lngp_fish-lngp_poult) + b_pork*ln_real_x
 18.     gen double fit_fish = a_fish + g14*(lngp_bfvl-lngp_poult) + g24*(lngp_pork-lngp_poult) + g44*(lngp_fish-lngp_poult) + b_fish*ln_real_x
 19.     gen double fit_poult = 1 - fit_bfvl - fit_pork - fit_fish
 20. 
.     gen double res_bfvl  = w_bfvl  - fit_bfvl
 21.     gen double res_pork  = w_pork  - fit_pork
 22.     gen double res_poult = w_poult - fit_poult
 23.     gen double res_fish  = w_fish  - fit_fish
 24. 
.     foreach g in bfvl pork poult fish {
 25.         quietly summarize res_`g'
 26.         gen double zres_`g' = (res_`g' - r(mean))/r(sd)
 27.     }
 28. 
.     order year w_* fit_* res_* zres_*
 29.     save "$TABLES/diagnosticos_residuos_hsym_stata.dta", replace
 30.     export delimited using "$TABLES/diagnosticos_residuos_hsym_stata.csv", replace
 31. end

. 
. ********************************************************************************
. * Cria base padrao de residuos e ajustados do modelo final.
. ********************************************************************************
. 
. _make_residual_data_hsym
(1 observation deleted)
file C:\Users\B03531855158\Documents\Replication\Códigos_Lista2/output/tables/diagnosticos_residuos_hsym_stata.dta saved
file C:\Users\B03531855158\Documents\Replication\Códigos_Lista2/output/tables/diagnosticos_residuos_hsym_stata.csv saved

. 
. ********************************************************************************
. * 1. QQ-plots dos residuos por equacao.
. ********************************************************************************
. 
. use "$TABLES/diagnosticos_residuos_hsym_stata.dta", clear

. 
. local qqgraphs ""

. foreach g in bfvl pork poult fish {
  2. 
.     local titulo ""
  3.     if "`g'" == "bfvl"  local titulo "Carne bovina e vitela"
  4.     if "`g'" == "pork"  local titulo "Carne suina"
  5.     if "`g'" == "poult" local titulo "Frango"
  6.     if "`g'" == "fish"  local titulo "Pescados"
  7. 
.     qnorm zres_`g', ///
>         title("`titulo'", size(small)) ///
>         xtitle("Quantis teoricos normais", size(vsmall)) ///
>         ytitle("Quantis dos residuos", size(vsmall)) ///
>         xlabel(, labsize(vsmall) grid glcolor(gs14)) ///
>         ylabel(, labsize(vsmall) grid glcolor(gs14)) ///
>         mcolor(`cor_bovina'%70) msymbol(circle) ///
>         `tema_base' ///
>         name(g_qq_`g', replace)
  8. 
.     local qqgraphs "`qqgraphs' g_qq_`g'"
  9. }

. 
. graph combine `qqgraphs', cols(2) ///
>     title("QQ-plots dos residuos padronizados", size(medsmall)) ///
>     graphregion(color(white)) ///
>     name(g_extra_stat_qq, replace)

. 
. graph export "$EXTRA_PDF/stata_extra_stat_01_qqplot_residuos.pdf", replace
file C:\Users\B03531855158\Documents\Replication\Códigos_Lista2/output/figures/Extra_Figs/PDF/stata_extra_stat_01_qqplot_residuos.pdf saved as PDF format

. graph export "$EXTRA_PNG/stata_extra_stat_01_qqplot_residuos.png", replace width(2400)
file C:\Users\B03531855158\Documents\Replication\Códigos_Lista2/output/figures/Extra_Figs/PNG/stata_extra_stat_01_qqplot_residuos.png saved as PNG format

. 
. ********************************************************************************
. * 2. ACF dos residuos por equacao.
. ********************************************************************************
. 
. use "$TABLES/diagnosticos_residuos_hsym_stata.dta", clear

. tsset year

Time variable: year, 1971 to 2010
        Delta: 1 unit

. 
. local acgraphs ""

. foreach g in bfvl pork poult fish {
  2. 
.     local titulo ""
  3.     if "`g'" == "bfvl"  local titulo "Carne bovina e vitela"
  4.     if "`g'" == "pork"  local titulo "Carne suina"
  5.     if "`g'" == "poult" local titulo "Frango"
  6.     if "`g'" == "fish"  local titulo "Pescados"
  7. 
.     ac zres_`g', lags(`ACF_LAGS') ///
>         title("`titulo'", size(small)) ///
>         xlabel(, labsize(vsmall) grid glcolor(gs14)) ///
>         ylabel(, labsize(vsmall) grid glcolor(gs14)) ///
>         `tema_base' ///
>         name(g_ac_`g', replace)
  8. 
.     local acgraphs "`acgraphs' g_ac_`g'"
  9. }

. 
. graph combine `acgraphs', cols(2) ///
>     title("ACF dos residuos padronizados", size(medsmall)) ///
>     graphregion(color(white)) ///
>     name(g_extra_stat_acf, replace)

. 
. graph export "$EXTRA_PDF/stata_extra_stat_02_acf_residuos.pdf", replace
file C:\Users\B03531855158\Documents\Replication\Códigos_Lista2/output/figures/Extra_Figs/PDF/stata_extra_stat_02_acf_residuos.pdf saved as PDF format

. graph export "$EXTRA_PNG/stata_extra_stat_02_acf_residuos.png", replace width(2400)
file C:\Users\B03531855158\Documents\Replication\Códigos_Lista2/output/figures/Extra_Figs/PNG/stata_extra_stat_02_acf_residuos.png saved as PNG format

. 
. ********************************************************************************
. * 3. PACF dos residuos por equacao.
. ********************************************************************************
. 
. use "$TABLES/diagnosticos_residuos_hsym_stata.dta", clear

. tsset year

Time variable: year, 1971 to 2010
        Delta: 1 unit

. 
. local pacgraphs ""

. foreach g in bfvl pork poult fish {
  2. 
.     local titulo ""
  3.     if "`g'" == "bfvl"  local titulo "Carne bovina e vitela"
  4.     if "`g'" == "pork"  local titulo "Carne suina"
  5.     if "`g'" == "poult" local titulo "Frango"
  6.     if "`g'" == "fish"  local titulo "Pescados"
  7. 
.     pac zres_`g', lags(`ACF_LAGS') ///
>         title("`titulo'", size(small)) ///
>         xlabel(, labsize(vsmall) grid glcolor(gs14)) ///
>         ylabel(, labsize(vsmall) grid glcolor(gs14)) ///
>         `tema_base' ///
>         name(g_pac_`g', replace)
  8. 
.     local pacgraphs "`pacgraphs' g_pac_`g'"
  9. }

. 
. graph combine `pacgraphs', cols(2) ///
>     title("PACF dos residuos padronizados", size(medsmall)) ///
>     graphregion(color(white)) ///
>     name(g_extra_stat_pacf, replace)

. 
. graph export "$EXTRA_PDF/stata_extra_stat_03_pacf_residuos.pdf", replace
file C:\Users\B03531855158\Documents\Replication\Códigos_Lista2/output/figures/Extra_Figs/PDF/stata_extra_stat_03_pacf_residuos.pdf saved as PDF format

. graph export "$EXTRA_PNG/stata_extra_stat_03_pacf_residuos.png", replace width(2400)
file C:\Users\B03531855158\Documents\Replication\Códigos_Lista2/output/figures/Extra_Figs/PNG/stata_extra_stat_03_pacf_residuos.png saved as PNG format

. 
. ********************************************************************************
. * 4. Residuos padronizados com bandas de +/- 2 desvios-padrao.
. ********************************************************************************
. 
. use "$TABLES/diagnosticos_residuos_hsym_stata.dta", clear

. keep year zres_bfvl zres_pork zres_poult zres_fish

. reshape long zres_, i(year) j(produto) string
(j = bfvl fish pork poult)

Data                               Wide   ->   Long
-----------------------------------------------------------------------------
Number of observations               40   ->   160         
Number of variables                   5   ->   3           
j variable (4 values)                     ->   produto
xij variables:
     zres_bfvl zres_fish ... zres_poult   ->   zres_
-----------------------------------------------------------------------------

. rename zres_ zresiduo

. 
. gen str28 produto_nome = ""
(160 missing values generated)

. replace produto_nome = "Carne bovina e vitela" if produto == "bfvl"
(40 real changes made)

. replace produto_nome = "Carne suina"           if produto == "pork"
(40 real changes made)

. replace produto_nome = "Frango"                if produto == "poult"
(40 real changes made)

. replace produto_nome = "Pescados"              if produto == "fish"
(40 real changes made)

. 
. twoway ///
>     (line zresiduo year, lcolor(`cor_bovina') lwidth(medthick)), ///
>     by(produto_nome, cols(2) note("") graphregion(color(white))) ///
>     yline(0, lcolor(black) lpattern(solid) lwidth(thin)) ///
>     yline(-2 2, lcolor(`cor_neg') lpattern(dash) lwidth(thin)) ///
>     title("Residuos padronizados por equacao", size(medsmall)) ///
>     subtitle("Bandas de referencia: +/- 2 desvios-padrao", size(small)) ///
>     xtitle("Ano", size(small)) ///
>     ytitle("Residuo padronizado", size(small)) ///
>     xlabel(, labsize(small) grid glcolor(gs14)) ///
>     ylabel(, labsize(small) grid glcolor(gs14)) ///
>     legend(off) ///
>     `tema_base' ///
>     name(g_extra_stat_zres, replace)

. 
. graph export "$EXTRA_PDF/stata_extra_stat_04_residuos_padronizados_bandas.pdf", replace
file C:\Users\B03531855158\Documents\Replication\Códigos_Lista2/output/figures/Extra_Figs/PDF/stata_extra_stat_04_residuos_padronizados_bandas.pdf saved as PDF format

. graph export "$EXTRA_PNG/stata_extra_stat_04_residuos_padronizados_bandas.png", replace width(2400)
file C:\Users\B03531855158\Documents\Replication\Códigos_Lista2/output/figures/Extra_Figs/PNG/stata_extra_stat_04_residuos_padronizados_bandas.png saved as PNG format

. 
. ********************************************************************************
. * 5. Distancia de Cook e leverage na primeira etapa.
. ********************************************************************************
. 
. tempfile diag_fs

. tempname postfs

. postfile `postfs' str8 produto int year double cook leverage rstandard fitted observed using `diag_fs', replace
(file C:\Users\B03531~1\AppData\Local\Temp\21\ST_2b24_000001.tmp not found)

. 
. use "$PROC_DTA", clear

. drop if missing(ln_real_x, L1_lngp_bfvl, L1_lngp_pork, L1_lngp_poult, L1_lngp_fish)
(1 observation deleted)

. 
. foreach g in bfvl pork poult fish {
  2. 
.     quietly regress lngp_`g' ln_real_x L1_lngp_bfvl L1_lngp_pork L1_lngp_poult L1_lngp_fish
  3.     predict double cook_`g' if e(sample), cooksd
  4.     predict double lev_`g'  if e(sample), hat
  5.     predict double rst_`g'  if e(sample), rstandard
  6.     predict double fit_`g'  if e(sample), xb
  7. 
.     quietly levelsof year if e(sample), local(anos_fs)
  8.     foreach yy of local anos_fs {
  9.         quietly summarize cook_`g' if year == `yy', meanonly
 10.         scalar scook = r(mean)
 11.         quietly summarize lev_`g' if year == `yy', meanonly
 12.         scalar slev = r(mean)
 13.         quietly summarize rst_`g' if year == `yy', meanonly
 14.         scalar srst = r(mean)
 15.         quietly summarize fit_`g' if year == `yy', meanonly
 16.         scalar sfit = r(mean)
 17.         quietly summarize lngp_`g' if year == `yy', meanonly
 18.         scalar sobs = r(mean)
 19.         post `postfs' ("`g'") (`yy') (scook) (slev) (srst) (sfit) (sobs)
 20.     }
 21. 
.     drop cook_`g' lev_`g' rst_`g' fit_`g'
 22. }

. 
. postclose `postfs'

. use `diag_fs', clear

. 
. gen str28 produto_nome = ""
(160 missing values generated)

. replace produto_nome = "Carne bovina e vitela" if produto == "bfvl"
(40 real changes made)

. replace produto_nome = "Carne suina"           if produto == "pork"
(40 real changes made)

. replace produto_nome = "Frango"                if produto == "poult"
(40 real changes made)

. replace produto_nome = "Pescados"              if produto == "fish"
(40 real changes made)

. 
. quietly count

. local Nfs = r(N)/4

. local cook_ref = 4/`Nfs'

. 
. twoway ///
>     (bar cook year, fcolor(`cor_bovina'%65) lcolor(`cor_bovina')), ///
>     by(produto_nome, cols(2) note("") graphregion(color(white))) ///
>     yline(`cook_ref', lcolor(`cor_neg') lpattern(dash) lwidth(thin)) ///
>     title("Distancia de Cook na primeira etapa", size(medsmall)) ///
>     subtitle("Linha tracejada: referencia 4/n", size(small)) ///
>     xtitle("Ano", size(small)) ///
>     ytitle("Distancia de Cook", size(small)) ///
>     xlabel(, labsize(vsmall) angle(45) grid glcolor(gs14)) ///
>     ylabel(, labsize(small) grid glcolor(gs14)) ///
>     legend(off) ///
>     `tema_base' ///
>     name(g_extra_stat_cook, replace)

. 
. graph export "$EXTRA_PDF/stata_extra_stat_05_cook_primeira_etapa.pdf", replace
file C:\Users\B03531855158\Documents\Replication\Códigos_Lista2/output/figures/Extra_Figs/PDF/stata_extra_stat_05_cook_primeira_etapa.pdf saved as PDF format

. graph export "$EXTRA_PNG/stata_extra_stat_05_cook_primeira_etapa.png", replace width(2400)
file C:\Users\B03531855158\Documents\Replication\Códigos_Lista2/output/figures/Extra_Figs/PNG/stata_extra_stat_05_cook_primeira_etapa.png saved as PNG format

. 
. quietly summarize leverage

. local lev_ref = 2*r(mean)

. 
. twoway ///
>     (bar leverage year, fcolor(`cor_suina'%65) lcolor(`cor_suina')), ///
>     by(produto_nome, cols(2) note("") graphregion(color(white))) ///
>     yline(`lev_ref', lcolor(`cor_neg') lpattern(dash) lwidth(thin)) ///
>     title("Leverage na primeira etapa", size(medsmall)) ///
>     subtitle("Linha tracejada: duas vezes o leverage medio", size(small)) ///
>     xtitle("Ano", size(small)) ///
>     ytitle("Leverage", size(small)) ///
>     xlabel(, labsize(vsmall) angle(45) grid glcolor(gs14)) ///
>     ylabel(, labsize(small) grid glcolor(gs14)) ///
>     legend(off) ///
>     `tema_base' ///
>     name(g_extra_stat_leverage, replace)

. 
. graph export "$EXTRA_PDF/stata_extra_stat_06_leverage_primeira_etapa.pdf", replace
file C:\Users\B03531855158\Documents\Replication\Códigos_Lista2/output/figures/Extra_Figs/PDF/stata_extra_stat_06_leverage_primeira_etapa.pdf saved as PDF format

. graph export "$EXTRA_PNG/stata_extra_stat_06_leverage_primeira_etapa.png", replace width(2400)
file C:\Users\B03531855158\Documents\Replication\Códigos_Lista2/output/figures/Extra_Figs/PNG/stata_extra_stat_06_leverage_primeira_etapa.png saved as PNG format

. 
. save "$TABLES/diagnostico_influencia_primeira_etapa_stata.dta", replace
file C:\Users\B03531855158\Documents\Replication\Códigos_Lista2/output/tables/diagnostico_influencia_primeira_etapa_stata.dta saved

. export delimited using "$TABLES/diagnostico_influencia_primeira_etapa_stata.csv", replace
file C:\Users\B03531855158\Documents\Replication\Códigos_Lista2/output/tables/diagnostico_influencia_primeira_etapa_stata.csv saved

. 
. ********************************************************************************
. * 6. Partial regression plot da primeira etapa.
. *    Para cada preco corrente, residualiza o preco corrente e o proprio preco
. *    defasado contra os demais controles/instrumentos.
. ********************************************************************************
. 
. use "$PROC_DTA", clear

. drop if missing(ln_real_x, L1_lngp_bfvl, L1_lngp_pork, L1_lngp_poult, L1_lngp_fish)
(1 observation deleted)

. 
. local prgraphs ""

. foreach g in bfvl pork poult fish {
  2. 
.     local others ""
  3.     foreach h in bfvl pork poult fish {
  4.         if "`h'" != "`g'" local others "`others' L1_lngp_`h'"
  5.     }
  6. 
.     quietly regress lngp_`g' ln_real_x `others'
  7.     predict double yres_`g' if e(sample), resid
  8. 
.     quietly regress L1_lngp_`g' ln_real_x `others'
  9.     predict double xres_`g' if e(sample), resid
 10. 
.     local titulo ""
 11.     if "`g'" == "bfvl"  local titulo "Carne bovina e vitela"
 12.     if "`g'" == "pork"  local titulo "Carne suina"
 13.     if "`g'" == "poult" local titulo "Frango"
 14.     if "`g'" == "fish"  local titulo "Pescados"
 15. 
.     twoway ///
>         (scatter yres_`g' xres_`g', mcolor(`cor_bovina'%70) msymbol(circle) msize(medium)) ///
>         (lfit yres_`g' xres_`g', lcolor(`cor_neg') lwidth(medthick)), ///
>         title("`titulo'", size(small)) ///
>         xtitle("Residuo do proprio preco defasado", size(vsmall)) ///
>         ytitle("Residuo do preco corrente", size(vsmall)) ///
>         xlabel(, labsize(vsmall) grid glcolor(gs14)) ///
>         ylabel(, labsize(vsmall) grid glcolor(gs14)) ///
>         legend(off) ///
>         `tema_base' ///
>         name(g_pr_`g', replace)
 16. 
.     local prgraphs "`prgraphs' g_pr_`g'"
 17. }

. 
. graph combine `prgraphs', cols(2) ///
>     title("Partial regression plots da primeira etapa", size(medsmall)) ///
>     subtitle("Relacao parcial entre preco corrente e proprio preco defasado", size(small)) ///
>     graphregion(color(white)) ///
>     name(g_extra_stat_partial, replace)

. 
. graph export "$EXTRA_PDF/stata_extra_stat_07_partial_regression_primeira_etapa.pdf", replace
file C:\Users\B03531855158\Documents\Replication\Códigos_Lista2/output/figures/Extra_Figs/PDF/stata_extra_stat_07_partial_regression_primeira_etapa.pdf saved as PDF format

. graph export "$EXTRA_PNG/stata_extra_stat_07_partial_regression_primeira_etapa.png", replace width(2400)
file C:\Users\B03531855158\Documents\Replication\Códigos_Lista2/output/figures/Extra_Figs/PNG/stata_extra_stat_07_partial_regression_primeira_etapa.png saved as PNG format

. 
. ********************************************************************************
. * 7. Residuos versus valores ajustados.
. ********************************************************************************
. 
. use "$TABLES/diagnosticos_residuos_hsym_stata.dta", clear

. 
. local rvfgraphs ""

. foreach g in bfvl pork poult fish {
  2. 
.     local titulo ""
  3.     if "`g'" == "bfvl"  local titulo "Carne bovina e vitela"
  4.     if "`g'" == "pork"  local titulo "Carne suina"
  5.     if "`g'" == "poult" local titulo "Frango"
  6.     if "`g'" == "fish"  local titulo "Pescados"
  7. 
.     twoway ///
>         (scatter res_`g' fit_`g', mcolor(`cor_bovina'%70) msymbol(circle) msize(medium)) ///
>         (lfit res_`g' fit_`g', lcolor(`cor_neg') lpattern(solid) lwidth(medthick)), ///
>         yline(0, lcolor(black) lpattern(dash) lwidth(thin)) ///
>         title("`titulo'", size(small)) ///
>         xtitle("Valor ajustado", size(vsmall)) ///
>         ytitle("Residuo", size(vsmall)) ///
>         xlabel(, labsize(vsmall) grid glcolor(gs14)) ///
>         ylabel(, labsize(vsmall) grid glcolor(gs14)) ///
>         legend(off) ///
>         `tema_base' ///
>         name(g_rvf_`g', replace)
  8. 
.     local rvfgraphs "`rvfgraphs' g_rvf_`g'"
  9. }

. 
. graph combine `rvfgraphs', cols(2) ///
>     title("Residuos versus valores ajustados", size(medsmall)) ///
>     graphregion(color(white)) ///
>     name(g_extra_stat_rvf, replace)

. 
. graph export "$EXTRA_PDF/stata_extra_stat_08_residuos_vs_ajustados.pdf", replace
file C:\Users\B03531855158\Documents\Replication\Códigos_Lista2/output/figures/Extra_Figs/PDF/stata_extra_stat_08_residuos_vs_ajustados.pdf saved as PDF format

. graph export "$EXTRA_PNG/stata_extra_stat_08_residuos_vs_ajustados.png", replace width(2400)
file C:\Users\B03531855158\Documents\Replication\Códigos_Lista2/output/figures/Extra_Figs/PNG/stata_extra_stat_08_residuos_vs_ajustados.png saved as PNG format

. 
. ********************************************************************************
. * 8. Heatmap da matriz de correlacao dos residuos entre equacoes.
. ********************************************************************************
. 
. use "$TABLES/diagnosticos_residuos_hsym_stata.dta", clear

. corr res_bfvl res_pork res_poult res_fish
(obs=40)

             | res_bfvl res_pork res_po~t res_fish
-------------+------------------------------------
    res_bfvl |   1.0000
    res_pork |   0.3748   1.0000
   res_poult |  -0.9329  -0.5352   1.0000
    res_fish |  -0.0518  -0.1558  -0.2181   1.0000


. matrix C = r(C)

. 
. tempfile corr_resid

. tempname postcorr

. postfile `postcorr' str8 linha str8 coluna double corr using `corr_resid', replace
(file C:\Users\B03531~1\AppData\Local\Temp\21\ST_2b24_000002.tmp not found)

. 
. local names "bfvl pork poult fish"

. forvalues i = 1/4 {
  2.     local li : word `i' of `names'
  3.     forvalues j = 1/4 {
  4.         local cj : word `j' of `names'
  5.         scalar cc = C[`i',`j']
  6.         post `postcorr' ("`li'") ("`cj'") (cc)
  7.     }
  8. }

. postclose `postcorr'

. 
. use `corr_resid', clear

. 
. gen byte row = .
(16 missing values generated)

. replace row = 4 if linha == "bfvl"
(4 real changes made)

. replace row = 3 if linha == "pork"
(4 real changes made)

. replace row = 2 if linha == "poult"
(4 real changes made)

. replace row = 1 if linha == "fish"
(4 real changes made)

. 
. gen byte col = .
(16 missing values generated)

. replace col = 1 if coluna == "bfvl"
(4 real changes made)

. replace col = 2 if coluna == "pork"
(4 real changes made)

. replace col = 3 if coluna == "poult"
(4 real changes made)

. replace col = 4 if coluna == "fish"
(4 real changes made)

. 
. gen double peso = abs(corr) + 0.10

. gen str8 rotulo = string(corr, "%5.2f")

. 
. twoway ///
>     (scatter row col if corr >= 0 [aw=peso], msymbol(square) msize(vlarge) mcolor(`cor_pos'%65) mlabel(rotulo) mlabposition(0) mlabsize(small) mlabcolor(black)) ///
>     (scatter row col if corr < 0  [aw=peso], msymbol(square) msize(vlarge) mcolor(`cor_neg'%65) mlabel(rotulo) mlabposition(0) mlabsize(small) mlabcolor(black)), ///
>     xlabel(1 "bfvl" 2 "pork" 3 "poult" 4 "fish", labsize(small)) ///
>     ylabel(1 "fish" 2 "poult" 3 "pork" 4 "bfvl", labsize(small)) ///
>     title("Correlacao dos residuos entre equacoes", size(medsmall)) ///
>     xtitle("Equacao", size(small)) ///
>     ytitle("Equacao", size(small)) ///
>     legend(order(1 "Correlacao positiva" 2 "Correlacao negativa") cols(1) position(3) ring(1) region(lcolor(none) fcolor(none)) size(small)) ///
>     `tema_base' ///
>     name(g_extra_stat_corr_resid, replace)

. 
. graph export "$EXTRA_PDF/stata_extra_stat_09_heatmap_correlacao_residuos.pdf", replace
file C:\Users\B03531855158\Documents\Replication\Códigos_Lista2/output/figures/Extra_Figs/PDF/stata_extra_stat_09_heatmap_correlacao_residuos.pdf saved as PDF format

. graph export "$EXTRA_PNG/stata_extra_stat_09_heatmap_correlacao_residuos.png", replace width(2400)
file C:\Users\B03531855158\Documents\Replication\Códigos_Lista2/output/figures/Extra_Figs/PNG/stata_extra_stat_09_heatmap_correlacao_residuos.png saved as PNG format

. 
. ********************************************************************************
. * 9. Leave-one-out das elasticidades-preco proprias.
. ********************************************************************************
. 
. use "$PROC_DTA", clear

. drop if missing(w_bfvl, w_pork, w_poult, w_fish, lngp_bfvl, lngp_pork, lngp_poult, lngp_fish, ln_real_x, L1_lngp_bfvl, L1_lngp_pork, L1_lngp_poult, L1_lngp_fish)
(1 observation deleted)

. 
. _fit_hsym_aids

Final GMM criterion Q(b) = .9101264

GMM estimation 

Number of parameters =  12
Number of moments    =  18
Initial weight matrix: Unadjusted                 Number of obs   =         40
GMM weight matrix:     Unadjusted

------------------------------------------------------------------------------
             | Coefficient  Std. err.      z    P>|z|     [95% conf. interval]
-------------+----------------------------------------------------------------
     /a_bfvl |   .2924222   .2728471     1.07   0.284    -.2423482    .8271926
        /g11 |  -.1072271   .0642449    -1.67   0.095    -.2331447    .0186906
        /g12 |  -.1023288   .0324542    -3.15   0.002    -.1659379   -.0387198
        /g14 |  -.1495251   .0259872    -5.75   0.000     -.200459   -.0985911
     /b_bfvl |   .1307326   .2030335     0.64   0.520    -.2672057    .5286709
     /a_pork |   .3756636   .0980486     3.83   0.000     .1834919    .5678353
        /g22 |  -.0165287   .0955957    -0.17   0.863    -.2038929    .1708356
        /g24 |  -.0059634   .0226273    -0.26   0.792    -.0503121    .0383854
     /b_pork |  -.0994567    .072948    -1.36   0.173    -.2424321    .0435188
     /a_fish |   .1742442    .147043     1.18   0.236    -.1139548    .4624432
        /g44 |   .1679034   .0167835    10.00   0.000     .1350084    .2007983
     /b_fish |  -.0433144   .1094093    -0.40   0.692    -.2577528     .171124
------------------------------------------------------------------------------
Instruments for equation eq_bfvl: ln_real_x L1_lngp_bfvl L1_lngp_pork L1_lngp_poult L1_lngp_fish _cons
Instruments for equation eq_pork: ln_real_x L1_lngp_bfvl L1_lngp_pork L1_lngp_poult L1_lngp_fish _cons
Instruments for equation eq_fish: ln_real_x L1_lngp_bfvl L1_lngp_pork L1_lngp_poult L1_lngp_fish _cons

. _calc_own_elast_hsym

. scalar full_em_bfvl  = r(em_bfvl)

. scalar full_em_pork  = r(em_pork)

. scalar full_em_poult = r(em_poult)

. scalar full_em_fish  = r(em_fish)

. 
. levelsof year, local(anos_loo)
1971 1972 1973 1974 1975 1976 1977 1978 1979 1980 1981 1982 1983 1984 1985 1986 1987 1988 1989 1990 1991 1992 1993 1994 1995 1996 1997 1998 1999 2000 2001 2002 2003 2004 2005 2006 2007 2008 2009 2010

. 
. tempfile loo_elast

. tempname postloo

. postfile `postloo' int omitted_year str8 produto double em_full em_loo dev using `loo_elast', replace
(file C:\Users\B03531~1\AppData\Local\Temp\21\ST_2b24_000003.tmp not found)

. 
. foreach yy of local anos_loo {
  2. 
.     preserve
  3.     keep if year != `yy'
  4. 
.     capture noisily _fit_hsym_aids
  5.     if !_rc {
  6.         capture noisily _calc_own_elast_hsym
  7.         if !_rc {
  8.             foreach g in bfvl pork poult fish {
  9.                 scalar full = full_em_`g'
 10.                 scalar loo  = r(em_`g')
 11.                 scalar dev  = loo - full
 12.                 post `postloo' (`yy') ("`g'") (full) (loo) (dev)
 13.             }
 14.         }
 15.     }
 16.     restore
 17. }
(1 observation deleted)

Final GMM criterion Q(b) = .9419897

GMM estimation 

Number of parameters =  12
Number of moments    =  18
Initial weight matrix: Unadjusted                 Number of obs   =         39
GMM weight matrix:     Unadjusted

------------------------------------------------------------------------------
             | Coefficient  Std. err.      z    P>|z|     [95% conf. interval]
-------------+----------------------------------------------------------------
     /a_bfvl |   .2420334   .2769039     0.87   0.382    -.3006882     .784755
        /g11 |  -.1036001   .0640973    -1.62   0.106    -.2292285    .0220284
        /g12 |  -.1086584   .0312585    -3.48   0.001     -.169924   -.0473928
        /g14 |  -.1641923   .0269678    -6.09   0.000    -.2170482   -.1113365
     /b_bfvl |   .1690879   .2062045     0.82   0.412    -.2350654    .5732412
     /a_pork |   .3865562    .092432     4.18   0.000     .2053928    .5677197
        /g22 |  -.0299891    .101629    -0.30   0.768    -.2291782       .1692
        /g24 |   .0030024   .0191416     0.16   0.875    -.0345144    .0405192
     /b_pork |  -.1077901   .0688805    -1.56   0.118    -.2427934    .0272132
     /a_fish |   .1905658   .1608901     1.18   0.236    -.1247729    .5059045
        /g44 |   .1748782   .0182169     9.60   0.000     .1391737    .2105827
     /b_fish |  -.0557217   .1197977    -0.47   0.642    -.2905209    .1790776
------------------------------------------------------------------------------
Instruments for equation eq_bfvl: ln_real_x L1_lngp_bfvl L1_lngp_pork L1_lngp_poult L1_lngp_fish _cons
Instruments for equation eq_pork: ln_real_x L1_lngp_bfvl L1_lngp_pork L1_lngp_poult L1_lngp_fish _cons
Instruments for equation eq_fish: ln_real_x L1_lngp_bfvl L1_lngp_pork L1_lngp_poult L1_lngp_fish _cons
(1 observation deleted)

Final GMM criterion Q(b) =  .872904

GMM estimation 

Number of parameters =  12
Number of moments    =  18
Initial weight matrix: Unadjusted                 Number of obs   =         39
GMM weight matrix:     Unadjusted

------------------------------------------------------------------------------
             | Coefficient  Std. err.      z    P>|z|     [95% conf. interval]
-------------+----------------------------------------------------------------
     /a_bfvl |   .3233211   .2837125     1.14   0.254    -.2327451    .8793873
        /g11 |   -.107906   .0655134    -1.65   0.100    -.2363099    .0204979
        /g12 |  -.1022134   .0291527    -3.51   0.000    -.1593516   -.0450751
        /g14 |  -.1472023   .0271369    -5.42   0.000    -.2003896    -.094015
     /b_bfvl |   .1073921   .2112575     0.51   0.611     -.306665    .5214492
     /a_pork |   .3846624   .0982793     3.91   0.000     .1920386    .5772862
        /g22 |   .0063584   .0785374     0.08   0.935     -.147572    .1602888
        /g24 |  -.0056506    .019714    -0.29   0.774    -.0442894    .0329882
     /b_pork |  -.1063967   .0731654    -1.45   0.146    -.2497982    .0370048
     /a_fish |   .1971762   .1499518     1.31   0.189     -.096724    .4910763
        /g44 |   .1701756   .0176562     9.64   0.000       .13557    .2047812
     /b_fish |  -.0606875   .1116399    -0.54   0.587    -.2794976    .1581226
------------------------------------------------------------------------------
Instruments for equation eq_bfvl: ln_real_x L1_lngp_bfvl L1_lngp_pork L1_lngp_poult L1_lngp_fish _cons
Instruments for equation eq_pork: ln_real_x L1_lngp_bfvl L1_lngp_pork L1_lngp_poult L1_lngp_fish _cons
Instruments for equation eq_fish: ln_real_x L1_lngp_bfvl L1_lngp_pork L1_lngp_poult L1_lngp_fish _cons
(1 observation deleted)

Final GMM criterion Q(b) = 1.283058

GMM estimation 

Number of parameters =  12
Number of moments    =  18
Initial weight matrix: Unadjusted                 Number of obs   =         39
GMM weight matrix:     Unadjusted

------------------------------------------------------------------------------
             | Coefficient  Std. err.      z    P>|z|     [95% conf. interval]
-------------+----------------------------------------------------------------
     /a_bfvl |   .5180176   .2589276     2.00   0.045     .0105289    1.025506
        /g11 |  -.0553935   .0557702    -0.99   0.321     -.164701     .053914
        /g12 |  -.0660102   .0325091    -2.03   0.042    -.1297269   -.0022934
        /g14 |  -.2011971   .0260159    -7.73   0.000    -.2521872    -.150207
     /b_bfvl |  -.0355734   .1924132    -0.18   0.853    -.4126963    .3415495
     /a_pork |   .4301623   .1201678     3.58   0.000     .1946377    .6656869
        /g22 |   .0397331   .0987031     0.40   0.687    -.1537214    .2331875
        /g24 |  -.0344071   .0218082    -1.58   0.115    -.0771503    .0083362
     /b_pork |  -.1396169   .0892238    -1.56   0.118    -.3144924    .0352586
     /a_fish |   .0832361   .1844508     0.45   0.652    -.2782808    .4447529
        /g44 |   .2013695   .0207988     9.68   0.000     .1606045    .2421344
     /b_fish |   .0237745   .1370324     0.17   0.862     -.244804    .2923531
------------------------------------------------------------------------------
Instruments for equation eq_bfvl: ln_real_x L1_lngp_bfvl L1_lngp_pork L1_lngp_poult L1_lngp_fish _cons
Instruments for equation eq_pork: ln_real_x L1_lngp_bfvl L1_lngp_pork L1_lngp_poult L1_lngp_fish _cons
Instruments for equation eq_fish: ln_real_x L1_lngp_bfvl L1_lngp_pork L1_lngp_poult L1_lngp_fish _cons
(1 observation deleted)

Final GMM criterion Q(b) =  .926893

GMM estimation 

Number of parameters =  12
Number of moments    =  18
Initial weight matrix: Unadjusted                 Number of obs   =         39
GMM weight matrix:     Unadjusted

------------------------------------------------------------------------------
             | Coefficient  Std. err.      z    P>|z|     [95% conf. interval]
-------------+----------------------------------------------------------------
     /a_bfvl |   .2942101   .2811582     1.05   0.295    -.2568498      .84527
        /g11 |   -.111133   .0672352    -1.65   0.098    -.2429115    .0206455
        /g12 |  -.1294294   .0316046    -4.10   0.000    -.1913733   -.0674855
        /g14 |  -.1436436   .0274697    -5.23   0.000    -.1974832    -.089804
     /b_bfvl |   .1293969    .209246     0.62   0.536    -.2807178    .5395116
     /a_pork |   .3709682   .0970679     3.82   0.000     .1807185    .5612179
        /g22 |  -.0831438   .0899137    -0.92   0.355    -.2593714    .0930838
        /g24 |   .0177193   .0210758     0.84   0.400    -.0235885    .0590271
     /b_pork |  -.0960584   .0722155    -1.33   0.183    -.2375983    .0454814
     /a_fish |   .1743685   .1502245     1.16   0.246     -.120066     .468803
        /g44 |   .1626173   .0178693     9.10   0.000     .1275942    .1976404
     /b_fish |  -.0434771   .1117837    -0.39   0.697    -.2625692    .1756149
------------------------------------------------------------------------------
Instruments for equation eq_bfvl: ln_real_x L1_lngp_bfvl L1_lngp_pork L1_lngp_poult L1_lngp_fish _cons
Instruments for equation eq_pork: ln_real_x L1_lngp_bfvl L1_lngp_pork L1_lngp_poult L1_lngp_fish _cons
Instruments for equation eq_fish: ln_real_x L1_lngp_bfvl L1_lngp_pork L1_lngp_poult L1_lngp_fish _cons
(1 observation deleted)

Final GMM criterion Q(b) = .8874809

GMM estimation 

Number of parameters =  12
Number of moments    =  18
Initial weight matrix: Unadjusted                 Number of obs   =         39
GMM weight matrix:     Unadjusted

------------------------------------------------------------------------------
             | Coefficient  Std. err.      z    P>|z|     [95% conf. interval]
-------------+----------------------------------------------------------------
     /a_bfvl |   .2728419   .2827805     0.96   0.335    -.2813977    .8270815
        /g11 |  -.1001404   .0652518    -1.53   0.125    -.2280315    .0277508
        /g12 |  -.0846272   .0325578    -2.60   0.009    -.1484393   -.0208151
        /g14 |  -.1520795   .0262271    -5.80   0.000    -.2034837   -.1006753
     /b_bfvl |   .1451119   .2102615     0.69   0.490     -.266993    .5572168
     /a_pork |   .4360355   .1006188     4.33   0.000     .2388263    .6332446
        /g22 |   .0322159   .0980396     0.33   0.742    -.1599382      .22437
        /g24 |  -.0293889   .0247626    -1.19   0.235    -.0779227     .019145
     /b_pork |  -.1437587   .0748058    -1.92   0.055    -.2903754    .0028581
     /a_fish |    .181682    .153131     1.19   0.235    -.1184491    .4818132
        /g44 |    .172147   .0178332     9.65   0.000     .1371946    .2070995
     /b_fish |   -.048771   .1138431    -0.43   0.668    -.2718994    .1743574
------------------------------------------------------------------------------
Instruments for equation eq_bfvl: ln_real_x L1_lngp_bfvl L1_lngp_pork L1_lngp_poult L1_lngp_fish _cons
Instruments for equation eq_pork: ln_real_x L1_lngp_bfvl L1_lngp_pork L1_lngp_poult L1_lngp_fish _cons
Instruments for equation eq_fish: ln_real_x L1_lngp_bfvl L1_lngp_pork L1_lngp_poult L1_lngp_fish _cons
(1 observation deleted)

Final GMM criterion Q(b) = .8900843

GMM estimation 

Number of parameters =  12
Number of moments    =  18
Initial weight matrix: Unadjusted                 Number of obs   =         39
GMM weight matrix:     Unadjusted

------------------------------------------------------------------------------
             | Coefficient  Std. err.      z    P>|z|     [95% conf. interval]
-------------+----------------------------------------------------------------
     /a_bfvl |   .3257403   .2758484     1.18   0.238    -.2149125    .8663932
        /g11 |  -.0910653   .0649583    -1.40   0.161    -.2183812    .0362506
        /g12 |  -.0652619   .0410893    -1.59   0.112    -.1457955    .0152716
        /g14 |  -.1592747   .0257666    -6.18   0.000    -.2097764   -.1087731
     /b_bfvl |   .1055731   .2054086     0.51   0.607    -.2970203    .5081665
     /a_pork |   .3210231   .1349012     2.38   0.017     .0566215    .5854247
        /g22 |    .134369   .1503138     0.89   0.371    -.1602406    .4289785
        /g24 |  -.0472155   .0339947    -1.39   0.165    -.1138439    .0194128
     /b_pork |  -.0582655   .1005407    -0.58   0.562    -.2553216    .1387906
     /a_fish |   .1502328   .1487271     1.01   0.312     -.141267    .4417326
        /g44 |   .1756865   .0172284    10.20   0.000     .1419195    .2094536
     /b_fish |  -.0251329   .1107386    -0.23   0.820    -.2421766    .1919107
------------------------------------------------------------------------------
Instruments for equation eq_bfvl: ln_real_x L1_lngp_bfvl L1_lngp_pork L1_lngp_poult L1_lngp_fish _cons
Instruments for equation eq_pork: ln_real_x L1_lngp_bfvl L1_lngp_pork L1_lngp_poult L1_lngp_fish _cons
Instruments for equation eq_fish: ln_real_x L1_lngp_bfvl L1_lngp_pork L1_lngp_poult L1_lngp_fish _cons
(1 observation deleted)

Final GMM criterion Q(b) =  .871017

GMM estimation 

Number of parameters =  12
Number of moments    =  18
Initial weight matrix: Unadjusted                 Number of obs   =         39
GMM weight matrix:     Unadjusted

------------------------------------------------------------------------------
             | Coefficient  Std. err.      z    P>|z|     [95% conf. interval]
-------------+----------------------------------------------------------------
     /a_bfvl |   .3342404   .2727014     1.23   0.220    -.2002446    .8687253
        /g11 |  -.0825272    .068083    -1.21   0.225    -.2159675     .050913
        /g12 |  -.1018793   .0332391    -3.07   0.002    -.1670267   -.0367318
        /g14 |  -.1602344   .0263811    -6.07   0.000    -.2119404   -.1085283
     /b_bfvl |   .0992609    .203022     0.49   0.625    -.2986549    .4971766
     /a_pork |   .3457422   .1020336     3.39   0.001     .1457601    .5457243
        /g22 |   .0281203   .0948147     0.30   0.767     -.157713    .2139537
        /g24 |  -.0137637   .0223011    -0.62   0.537     -.057473    .0299456
     /b_pork |  -.0768745   .0759535    -1.01   0.311    -.2257407    .0719916
     /a_fish |   .1329805   .1444399     0.92   0.357    -.1501165    .4160774
        /g44 |   .1697593    .016331    10.39   0.000     .1377511    .2017675
     /b_fish |  -.0119987   .1075249    -0.11   0.911    -.2227436    .1987462
------------------------------------------------------------------------------
Instruments for equation eq_bfvl: ln_real_x L1_lngp_bfvl L1_lngp_pork L1_lngp_poult L1_lngp_fish _cons
Instruments for equation eq_pork: ln_real_x L1_lngp_bfvl L1_lngp_pork L1_lngp_poult L1_lngp_fish _cons
Instruments for equation eq_fish: ln_real_x L1_lngp_bfvl L1_lngp_pork L1_lngp_poult L1_lngp_fish _cons
(1 observation deleted)

Final GMM criterion Q(b) = .9303081

GMM estimation 

Number of parameters =  12
Number of moments    =  18
Initial weight matrix: Unadjusted                 Number of obs   =         39
GMM weight matrix:     Unadjusted

------------------------------------------------------------------------------
             | Coefficient  Std. err.      z    P>|z|     [95% conf. interval]
-------------+----------------------------------------------------------------
     /a_bfvl |   .3188457    .273653     1.17   0.244    -.2175043    .8551956
        /g11 |  -.0784242   .0645896    -1.21   0.225    -.2050176    .0481691
        /g12 |  -.1338654   .0288901    -4.63   0.000    -.1904889   -.0772419
        /g14 |  -.1493472   .0259136    -5.76   0.000    -.2001368   -.0985575
     /b_bfvl |   .1103067   .2036768     0.54   0.588    -.2888925     .509506
     /a_pork |    .363261   .0980683     3.70   0.000     .1710506    .5554714
        /g22 |   -.048267   .0918019    -0.53   0.599    -.2281955    .1316615
        /g24 |    .011227   .0210344     0.53   0.594    -.0299996    .0524535
     /b_pork |  -.0900779   .0729952    -1.23   0.217    -.2331459    .0529901
     /a_fish |   .1717998   .1488983     1.15   0.249    -.1200356    .4636352
        /g44 |   .1618359   .0168374     9.61   0.000     .1288352    .1948366
     /b_fish |  -.0412494    .110813    -0.37   0.710    -.2584389    .1759401
------------------------------------------------------------------------------
Instruments for equation eq_bfvl: ln_real_x L1_lngp_bfvl L1_lngp_pork L1_lngp_poult L1_lngp_fish _cons
Instruments for equation eq_pork: ln_real_x L1_lngp_bfvl L1_lngp_pork L1_lngp_poult L1_lngp_fish _cons
Instruments for equation eq_fish: ln_real_x L1_lngp_bfvl L1_lngp_pork L1_lngp_poult L1_lngp_fish _cons
(1 observation deleted)

Final GMM criterion Q(b) = .9483692

GMM estimation 

Number of parameters =  12
Number of moments    =  18
Initial weight matrix: Unadjusted                 Number of obs   =         39
GMM weight matrix:     Unadjusted

------------------------------------------------------------------------------
             | Coefficient  Std. err.      z    P>|z|     [95% conf. interval]
-------------+----------------------------------------------------------------
     /a_bfvl |   .2659967    .269874     0.99   0.324    -.2629466      .79494
        /g11 |  -.1010682   .0614121    -1.65   0.100    -.2214337    .0192973
        /g12 |  -.1120067   .0318564    -3.52   0.000     -.174444   -.0495693
        /g14 |  -.1378664   .0255994    -5.39   0.000    -.1880403   -.0876926
     /b_bfvl |   .1491216   .2008334     0.74   0.458    -.2445046    .5427477
     /a_pork |   .3741296   .0953103     3.93   0.000     .1873247    .5609344
        /g22 |   -.054628   .0992706    -0.55   0.582    -.2491949    .1399389
        /g24 |   .0055785   .0236095     0.24   0.813    -.0406953    .0518523
     /b_pork |  -.0986613   .0709255    -1.39   0.164    -.2376728    .0403503
     /a_fish |    .178206   .1430388     1.25   0.213    -.1021448    .4585569
        /g44 |   .1609278   .0169515     9.49   0.000     .1277036    .1941521
     /b_fish |   -.046315   .1064263    -0.44   0.663    -.2549066    .1622767
------------------------------------------------------------------------------
Instruments for equation eq_bfvl: ln_real_x L1_lngp_bfvl L1_lngp_pork L1_lngp_poult L1_lngp_fish _cons
Instruments for equation eq_pork: ln_real_x L1_lngp_bfvl L1_lngp_pork L1_lngp_poult L1_lngp_fish _cons
Instruments for equation eq_fish: ln_real_x L1_lngp_bfvl L1_lngp_pork L1_lngp_poult L1_lngp_fish _cons
(1 observation deleted)

Final GMM criterion Q(b) = .8603273

GMM estimation 

Number of parameters =  12
Number of moments    =  18
Initial weight matrix: Unadjusted                 Number of obs   =         39
GMM weight matrix:     Unadjusted

------------------------------------------------------------------------------
             | Coefficient  Std. err.      z    P>|z|     [95% conf. interval]
-------------+----------------------------------------------------------------
     /a_bfvl |    .293648   .2739346     1.07   0.284    -.2432539      .83055
        /g11 |  -.1461008   .0655221    -2.23   0.026    -.2745218   -.0176798
        /g12 |  -.1035061   .0307701    -3.36   0.001    -.1638144   -.0431979
        /g14 |   -.136244   .0259919    -5.24   0.000    -.1871873   -.0853007
     /b_bfvl |   .1286108    .203851     0.63   0.528    -.2709298    .5281514
     /a_pork |   .3737188   .0960042     3.89   0.000     .1855541    .5618835
        /g22 |  -9.19e-07   .0899331    -0.00   1.000    -.1762666    .1762647
        /g24 |  -.0077471   .0208493    -0.37   0.710    -.0486109    .0331167
     /b_pork |  -.0982955   .0714126    -1.38   0.169    -.2382616    .0416707
     /a_fish |   .1725707   .1418655     1.22   0.224    -.1054806     .450622
        /g44 |   .1646454   .0162189    10.15   0.000      .132857    .1964338
     /b_fish |  -.0420363    .105554    -0.40   0.690    -.2489184    .1648457
------------------------------------------------------------------------------
Instruments for equation eq_bfvl: ln_real_x L1_lngp_bfvl L1_lngp_pork L1_lngp_poult L1_lngp_fish _cons
Instruments for equation eq_pork: ln_real_x L1_lngp_bfvl L1_lngp_pork L1_lngp_poult L1_lngp_fish _cons
Instruments for equation eq_fish: ln_real_x L1_lngp_bfvl L1_lngp_pork L1_lngp_poult L1_lngp_fish _cons
(1 observation deleted)

Final GMM criterion Q(b) = .9251703

GMM estimation 

Number of parameters =  12
Number of moments    =  18
Initial weight matrix: Unadjusted                 Number of obs   =         39
GMM weight matrix:     Unadjusted

------------------------------------------------------------------------------
             | Coefficient  Std. err.      z    P>|z|     [95% conf. interval]
-------------+----------------------------------------------------------------
     /a_bfvl |   .2783996   .2703588     1.03   0.303    -.2514939    .8082931
        /g11 |   -.143444   .0626605    -2.29   0.022    -.2662563   -.0206316
        /g12 |  -.0893156   .0340514    -2.62   0.009    -.1560551   -.0225761
        /g14 |  -.1389002   .0250734    -5.54   0.000    -.1880432   -.0897572
     /b_bfvl |   .1400223   .2011772     0.70   0.486    -.2542779    .5343225
     /a_pork |   .3751799    .103515     3.62   0.000     .1722942    .5780656
        /g22 |    .026113   .0989807     0.26   0.792    -.1678856    .2201117
        /g24 |  -.0184822   .0235464    -0.78   0.432    -.0646324    .0276679
     /b_pork |  -.0993088   .0770088    -1.29   0.197    -.2502432    .0516256
     /a_fish |   .1738052   .1419616     1.22   0.221    -.1044345    .4520449
        /g44 |   .1674873   .0160311    10.45   0.000     .1360669    .1989078
     /b_fish |  -.0428487   .1056219    -0.41   0.685    -.2498638    .1641663
------------------------------------------------------------------------------
Instruments for equation eq_bfvl: ln_real_x L1_lngp_bfvl L1_lngp_pork L1_lngp_poult L1_lngp_fish _cons
Instruments for equation eq_pork: ln_real_x L1_lngp_bfvl L1_lngp_pork L1_lngp_poult L1_lngp_fish _cons
Instruments for equation eq_fish: ln_real_x L1_lngp_bfvl L1_lngp_pork L1_lngp_poult L1_lngp_fish _cons
(1 observation deleted)

Final GMM criterion Q(b) = .8701628

GMM estimation 

Number of parameters =  12
Number of moments    =  18
Initial weight matrix: Unadjusted                 Number of obs   =         39
GMM weight matrix:     Unadjusted

------------------------------------------------------------------------------
             | Coefficient  Std. err.      z    P>|z|     [95% conf. interval]
-------------+----------------------------------------------------------------
     /a_bfvl |   .1138991   .2659073     0.43   0.668    -.4072695    .6350678
        /g11 |  -.1430661   .0622242    -2.30   0.021    -.2650232   -.0211089
        /g12 |  -.1265217   .0336655    -3.76   0.000    -.1925048   -.0605386
        /g14 |   -.133002   .0254305    -5.23   0.000    -.1828449   -.0831592
     /b_bfvl |   .2617913   .1977637     1.32   0.186    -.1258185    .6494011
     /a_pork |   .3296231   .0983641     3.35   0.001     .1368329    .5224133
        /g22 |  -.0497482   .0883967    -0.56   0.574    -.2230026    .1235061
        /g24 |   .0094025   .0232962     0.40   0.687    -.0362573    .0550623
     /b_pork |  -.0656336   .0731267    -0.90   0.369    -.2089592    .0776921
     /a_fish |   .1988664   .1424243     1.40   0.163    -.0802801    .4780129
        /g44 |   .1599335   .0162208     9.86   0.000     .1281412    .1917257
     /b_fish |  -.0613827   .1059117    -0.58   0.562    -.2689658    .1462003
------------------------------------------------------------------------------
Instruments for equation eq_bfvl: ln_real_x L1_lngp_bfvl L1_lngp_pork L1_lngp_poult L1_lngp_fish _cons
Instruments for equation eq_pork: ln_real_x L1_lngp_bfvl L1_lngp_pork L1_lngp_poult L1_lngp_fish _cons
Instruments for equation eq_fish: ln_real_x L1_lngp_bfvl L1_lngp_pork L1_lngp_poult L1_lngp_fish _cons
(1 observation deleted)

Final GMM criterion Q(b) = .6680607

GMM estimation 

Number of parameters =  12
Number of moments    =  18
Initial weight matrix: Unadjusted                 Number of obs   =         39
GMM weight matrix:     Unadjusted

------------------------------------------------------------------------------
             | Coefficient  Std. err.      z    P>|z|     [95% conf. interval]
-------------+----------------------------------------------------------------
     /a_bfvl |   .3050054   .2875125     1.06   0.289    -.2585087    .8685195
        /g11 |  -.1665392   .0713263    -2.33   0.020    -.3063362   -.0267423
        /g12 |  -.1990698   .0464479    -4.29   0.000    -.2901059   -.1080337
        /g14 |  -.1176037   .0287449    -4.09   0.000    -.1739426   -.0612649
     /b_bfvl |   .1198851   .2139591     0.56   0.575     -.299467    .5392372
     /a_pork |   .3652862   .1268484     2.88   0.004      .116668    .6139044
        /g22 |  -.1733346   .1339501    -1.29   0.196    -.4358719    .0892027
        /g24 |   .0569591   .0319363     1.78   0.075    -.0056349     .119553
     /b_pork |  -.0925674   .0944251    -0.98   0.327    -.2776372    .0925024
     /a_fish |   .1708815      .1428     1.20   0.231    -.1090013    .4507643
        /g44 |    .147312   .0176983     8.32   0.000     .1126239    .1820001
     /b_fish |  -.0405406   .1062554    -0.38   0.703    -.2487973    .1677161
------------------------------------------------------------------------------
Instruments for equation eq_bfvl: ln_real_x L1_lngp_bfvl L1_lngp_pork L1_lngp_poult L1_lngp_fish _cons
Instruments for equation eq_pork: ln_real_x L1_lngp_bfvl L1_lngp_pork L1_lngp_poult L1_lngp_fish _cons
Instruments for equation eq_fish: ln_real_x L1_lngp_bfvl L1_lngp_pork L1_lngp_poult L1_lngp_fish _cons
(1 observation deleted)

Final GMM criterion Q(b) = .9394966

GMM estimation 

Number of parameters =  12
Number of moments    =  18
Initial weight matrix: Unadjusted                 Number of obs   =         39
GMM weight matrix:     Unadjusted

------------------------------------------------------------------------------
             | Coefficient  Std. err.      z    P>|z|     [95% conf. interval]
-------------+----------------------------------------------------------------
     /a_bfvl |    .297093   .2704076     1.10   0.272    -.2328961    .8270822
        /g11 |  -.0974966   .0630446    -1.55   0.122    -.2210617    .0260685
        /g12 |  -.0818417   .0325292    -2.52   0.012    -.1455978   -.0180856
        /g14 |  -.1551722    .025794    -6.02   0.000    -.2057275   -.1046169
     /b_bfvl |   .1267671   .2012349     0.63   0.529    -.2676461    .5211803
     /a_pork |   .3733263   .1031874     3.62   0.000     .1710827    .5755699
        /g22 |    .025122   .0948189     0.26   0.791    -.1607198    .2109637
        /g24 |  -.0195896   .0226392    -0.87   0.387    -.0639616    .0247824
     /b_pork |  -.0976883   .0767735    -1.27   0.203    -.2481615    .0527849
     /a_fish |   .1743479    .149174     1.17   0.243    -.1180277    .4667235
        /g44 |   .1719072   .0169436    10.15   0.000     .1386983     .205116
     /b_fish |  -.0433401   .1110032    -0.39   0.696    -.2609023    .1742222
------------------------------------------------------------------------------
Instruments for equation eq_bfvl: ln_real_x L1_lngp_bfvl L1_lngp_pork L1_lngp_poult L1_lngp_fish _cons
Instruments for equation eq_pork: ln_real_x L1_lngp_bfvl L1_lngp_pork L1_lngp_poult L1_lngp_fish _cons
Instruments for equation eq_fish: ln_real_x L1_lngp_bfvl L1_lngp_pork L1_lngp_poult L1_lngp_fish _cons
(1 observation deleted)

Final GMM criterion Q(b) = .9234783

GMM estimation 

Number of parameters =  12
Number of moments    =  18
Initial weight matrix: Unadjusted                 Number of obs   =         39
GMM weight matrix:     Unadjusted

------------------------------------------------------------------------------
             | Coefficient  Std. err.      z    P>|z|     [95% conf. interval]
-------------+----------------------------------------------------------------
     /a_bfvl |   .3248054   .2768701     1.17   0.241      -.21785    .8674608
        /g11 |  -.1080376   .0639907    -1.69   0.091     -.233457    .0173818
        /g12 |  -.0980518   .0334111    -2.93   0.003    -.1635363   -.0325673
        /g14 |  -.1512018   .0260722    -5.80   0.000    -.2023024   -.1001011
     /b_bfvl |   .1062535   .2061204     0.52   0.606    -.2977351     .510242
     /a_pork |    .375697    .101199     3.71   0.000     .1773506    .5740433
        /g22 |  -.0142305   .0989143    -0.14   0.886     -.208099     .179638
        /g24 |  -.0082386   .0234404    -0.35   0.725    -.0541809    .0377038
     /b_pork |  -.0994555   .0753228    -1.32   0.187    -.2470854    .0481744
     /a_fish |   .1701805   .1511285     1.13   0.260    -.1260259    .4663869
        /g44 |   .1692375   .0169879     9.96   0.000     .1359418    .2025333
     /b_fish |   -.040255   .1125013    -0.36   0.720    -.2607535    .1802435
------------------------------------------------------------------------------
Instruments for equation eq_bfvl: ln_real_x L1_lngp_bfvl L1_lngp_pork L1_lngp_poult L1_lngp_fish _cons
Instruments for equation eq_pork: ln_real_x L1_lngp_bfvl L1_lngp_pork L1_lngp_poult L1_lngp_fish _cons
Instruments for equation eq_fish: ln_real_x L1_lngp_bfvl L1_lngp_pork L1_lngp_poult L1_lngp_fish _cons
(1 observation deleted)

Final GMM criterion Q(b) = .9423323

GMM estimation 

Number of parameters =  12
Number of moments    =  18
Initial weight matrix: Unadjusted                 Number of obs   =         39
GMM weight matrix:     Unadjusted

------------------------------------------------------------------------------
             | Coefficient  Std. err.      z    P>|z|     [95% conf. interval]
-------------+----------------------------------------------------------------
     /a_bfvl |   .2969212   .2744316     1.08   0.279     -.240955    .8347973
        /g11 |  -.1039227   .0649072    -1.60   0.109    -.2311385    .0232931
        /g12 |  -.0987337   .0340032    -2.90   0.004    -.1653788   -.0320887
        /g14 |  -.1522336   .0265485    -5.73   0.000    -.2042677   -.1001994
     /b_bfvl |   .1273552   .2042563     0.62   0.533    -.2729799    .5276902
     /a_pork |    .368322   .0990531     3.72   0.000     .1741815    .5624624
        /g22 |  -.0246565   .0994911    -0.25   0.804    -.2196555    .1703425
        /g24 |  -.0060019    .023762    -0.25   0.801    -.0525746    .0405708
     /b_pork |  -.0937615   .0737062    -1.27   0.203    -.2382229       .0507
     /a_fish |   .1691315    .150031     1.13   0.260    -.1249239    .4631869
        /g44 |   .1692221   .0172249     9.82   0.000     .1354618    .2029824
     /b_fish |  -.0394184   .1116608    -0.35   0.724    -.2582694    .1794327
------------------------------------------------------------------------------
Instruments for equation eq_bfvl: ln_real_x L1_lngp_bfvl L1_lngp_pork L1_lngp_poult L1_lngp_fish _cons
Instruments for equation eq_pork: ln_real_x L1_lngp_bfvl L1_lngp_pork L1_lngp_poult L1_lngp_fish _cons
Instruments for equation eq_fish: ln_real_x L1_lngp_bfvl L1_lngp_pork L1_lngp_poult L1_lngp_fish _cons
(1 observation deleted)

Final GMM criterion Q(b) = .9548171

GMM estimation 

Number of parameters =  12
Number of moments    =  18
Initial weight matrix: Unadjusted                 Number of obs   =         39
GMM weight matrix:     Unadjusted

------------------------------------------------------------------------------
             | Coefficient  Std. err.      z    P>|z|     [95% conf. interval]
-------------+----------------------------------------------------------------
     /a_bfvl |   .2881788   .2713468     1.06   0.288    -.2436511    .8200087
        /g11 |  -.0901484   .0645017    -1.40   0.162    -.2165694    .0362727
        /g12 |  -.1006439   .0300981    -3.34   0.001    -.1596351   -.0416527
        /g14 |  -.1540243   .0265199    -5.81   0.000    -.2060023   -.1020462
     /b_bfvl |   .1335221   .2019255     0.66   0.508    -.2622447    .5292889
     /a_pork |   .3744637   .0973044     3.85   0.000     .1837506    .5651769
        /g22 |  -.0219891   .0901407    -0.24   0.807    -.1986616    .1546834
        /g24 |  -.0051522   .0210626    -0.24   0.807    -.0464341    .0361298
     /b_pork |  -.0986888   .0724161    -1.36   0.173    -.2406217    .0432441
     /a_fish |   .1749308   .1510377     1.16   0.247    -.1210976    .4709593
        /g44 |   .1688874   .0173328     9.74   0.000     .1349156    .2028591
     /b_fish |  -.0438558    .112391    -0.39   0.696    -.2641381    .1764264
------------------------------------------------------------------------------
Instruments for equation eq_bfvl: ln_real_x L1_lngp_bfvl L1_lngp_pork L1_lngp_poult L1_lngp_fish _cons
Instruments for equation eq_pork: ln_real_x L1_lngp_bfvl L1_lngp_pork L1_lngp_poult L1_lngp_fish _cons
Instruments for equation eq_fish: ln_real_x L1_lngp_bfvl L1_lngp_pork L1_lngp_poult L1_lngp_fish _cons
(1 observation deleted)

Final GMM criterion Q(b) = .9317947

GMM estimation 

Number of parameters =  12
Number of moments    =  18
Initial weight matrix: Unadjusted                 Number of obs   =         39
GMM weight matrix:     Unadjusted

------------------------------------------------------------------------------
             | Coefficient  Std. err.      z    P>|z|     [95% conf. interval]
-------------+----------------------------------------------------------------
     /a_bfvl |   .2972361   .2694852     1.10   0.270    -.2309452    .8254173
        /g11 |  -.0944154   .0635783    -1.49   0.138    -.2190266    .0301959
        /g12 |  -.0761153   .0347283    -2.19   0.028    -.1441816    -.008049
        /g14 |  -.1603653   .0263371    -6.09   0.000    -.2119852   -.1087455
     /b_bfvl |   .1270464   .2005314     0.63   0.526    -.2659879    .5200807
     /a_pork |   .3782465   .1053464     3.59   0.000     .1717714    .5847215
        /g22 |    .031551   .0968066     0.33   0.744    -.1581865    .2212886
        /g24 |    -.02433   .0238967    -1.02   0.309    -.0711667    .0225067
     /b_pork |  -.1014744   .0783702    -1.29   0.195    -.2550771    .0521283
     /a_fish |   .1736207    .151498     1.15   0.252    -.1233099    .4705514
        /g44 |   .1752083   .0174081    10.06   0.000     .1410891    .2093276
     /b_fish |  -.0427449    .112729    -0.38   0.705    -.2636898    .1781999
------------------------------------------------------------------------------
Instruments for equation eq_bfvl: ln_real_x L1_lngp_bfvl L1_lngp_pork L1_lngp_poult L1_lngp_fish _cons
Instruments for equation eq_pork: ln_real_x L1_lngp_bfvl L1_lngp_pork L1_lngp_poult L1_lngp_fish _cons
Instruments for equation eq_fish: ln_real_x L1_lngp_bfvl L1_lngp_pork L1_lngp_poult L1_lngp_fish _cons
(1 observation deleted)

Final GMM criterion Q(b) = .9422113

GMM estimation 

Number of parameters =  12
Number of moments    =  18
Initial weight matrix: Unadjusted                 Number of obs   =         39
GMM weight matrix:     Unadjusted

------------------------------------------------------------------------------
             | Coefficient  Std. err.      z    P>|z|     [95% conf. interval]
-------------+----------------------------------------------------------------
     /a_bfvl |   .3171741    .272703     1.16   0.245    -.2173139    .8516622
        /g11 |  -.1013363   .0638643    -1.59   0.113    -.2265079    .0238354
        /g12 |  -.0639309   .0468483    -1.36   0.172    -.1557518    .0278901
        /g14 |  -.1584805   .0268401    -5.90   0.000    -.2110861   -.1058749
     /b_bfvl |    .112665   .2028358     0.56   0.579     -.284886    .5102159
     /a_pork |   .3797849   .1280531     2.97   0.003     .1288056    .6307643
        /g22 |   .0700598   .1371253     0.51   0.609    -.1987008    .3388203
        /g24 |  -.0354601   .0332871    -1.07   0.287    -.1007016    .0297814
     /b_pork |  -.1024917   .0951052    -1.08   0.281    -.2888945    .0839111
     /a_fish |   .1764141   .1513813     1.17   0.244    -.1202877     .473116
        /g44 |    .176004   .0178682     9.85   0.000      .140983    .2110251
     /b_fish |  -.0449106    .112591    -0.40   0.690     -.265585    .1757638
------------------------------------------------------------------------------
Instruments for equation eq_bfvl: ln_real_x L1_lngp_bfvl L1_lngp_pork L1_lngp_poult L1_lngp_fish _cons
Instruments for equation eq_pork: ln_real_x L1_lngp_bfvl L1_lngp_pork L1_lngp_poult L1_lngp_fish _cons
Instruments for equation eq_fish: ln_real_x L1_lngp_bfvl L1_lngp_pork L1_lngp_poult L1_lngp_fish _cons
(1 observation deleted)

Final GMM criterion Q(b) = .9783831

GMM estimation 

Number of parameters =  12
Number of moments    =  18
Initial weight matrix: Unadjusted                 Number of obs   =         39
GMM weight matrix:     Unadjusted

------------------------------------------------------------------------------
             | Coefficient  Std. err.      z    P>|z|     [95% conf. interval]
-------------+----------------------------------------------------------------
     /a_bfvl |   .2710125   .2803081     0.97   0.334    -.2783813    .8204064
        /g11 |  -.0870156   .0633237    -1.37   0.169    -.2111277    .0370965
        /g12 |  -.0818324   .0309731    -2.64   0.008    -.1425386   -.0211262
        /g14 |  -.1577204   .0259651    -6.07   0.000    -.2086111   -.1068297
     /b_bfvl |   .1465356   .2084427     0.70   0.482    -.2620045    .5550757
     /a_pork |   .3626242   .1046079     3.47   0.001     .1575966    .5676519
        /g22 |    .017468   .0888754     0.20   0.844    -.1567246    .1916607
        /g24 |  -.0184009   .0213827    -0.86   0.389    -.0603103    .0235084
     /b_pork |  -.0898405   .0777833    -1.16   0.248     -.242293    .0626121
     /a_fish |   .1731344   .1560689     1.11   0.267    -.1327551    .4790239
        /g44 |   .1720347   .0171273    10.04   0.000     .1384658    .2056036
     /b_fish |  -.0425099   .1160483    -0.37   0.714    -.2699604    .1849405
------------------------------------------------------------------------------
Instruments for equation eq_bfvl: ln_real_x L1_lngp_bfvl L1_lngp_pork L1_lngp_poult L1_lngp_fish _cons
Instruments for equation eq_pork: ln_real_x L1_lngp_bfvl L1_lngp_pork L1_lngp_poult L1_lngp_fish _cons
Instruments for equation eq_fish: ln_real_x L1_lngp_bfvl L1_lngp_pork L1_lngp_poult L1_lngp_fish _cons
(1 observation deleted)

Final GMM criterion Q(b) = .9189845

GMM estimation 

Number of parameters =  12
Number of moments    =  18
Initial weight matrix: Unadjusted                 Number of obs   =         39
GMM weight matrix:     Unadjusted

------------------------------------------------------------------------------
             | Coefficient  Std. err.      z    P>|z|     [95% conf. interval]
-------------+----------------------------------------------------------------
     /a_bfvl |    .255505   .2866001     0.89   0.373    -.3062209    .8172309
        /g11 |  -.1081742   .0650309    -1.66   0.096    -.2356325    .0192841
        /g12 |  -.1072487   .0328654    -3.26   0.001    -.1716638   -.0428337
        /g14 |  -.1476036   .0263586    -5.60   0.000    -.1992655   -.0959417
     /b_bfvl |   .1579421   .2131222     0.74   0.459    -.2597698    .5756541
     /a_pork |    .333198   .0988873     3.37   0.001     .1393826    .5270135
        /g22 |  -.0402893   .1017245    -0.40   0.692    -.2396656     .159087
        /g24 |  -.0003089   .0235794    -0.01   0.990    -.0465237    .0459059
     /b_pork |  -.0681742   .0735292    -0.93   0.354    -.2122887    .0759404
     /a_fish |   .1725658   .1538715     1.12   0.262    -.1290168    .4741484
        /g44 |   .1664209    .017047     9.76   0.000     .1330095    .1998324
     /b_fish |  -.0420747   .1144132    -0.37   0.713    -.2663205    .1821711
------------------------------------------------------------------------------
Instruments for equation eq_bfvl: ln_real_x L1_lngp_bfvl L1_lngp_pork L1_lngp_poult L1_lngp_fish _cons
Instruments for equation eq_pork: ln_real_x L1_lngp_bfvl L1_lngp_pork L1_lngp_poult L1_lngp_fish _cons
Instruments for equation eq_fish: ln_real_x L1_lngp_bfvl L1_lngp_pork L1_lngp_poult L1_lngp_fish _cons
(1 observation deleted)

Final GMM criterion Q(b) = .8964601

GMM estimation 

Number of parameters =  12
Number of moments    =  18
Initial weight matrix: Unadjusted                 Number of obs   =         39
GMM weight matrix:     Unadjusted

------------------------------------------------------------------------------
             | Coefficient  Std. err.      z    P>|z|     [95% conf. interval]
-------------+----------------------------------------------------------------
     /a_bfvl |   .2922152   .2805761     1.04   0.298    -.2577039    .8421343
        /g11 |  -.1120996   .0656915    -1.71   0.088    -.2408526    .0166533
        /g12 |    -.11444   .0315598    -3.63   0.000    -.1762961   -.0525838
        /g14 |  -.1467024   .0264926    -5.54   0.000     -.198627   -.0947778
     /b_bfvl |   .1308531   .2087109     0.63   0.531    -.2782127    .5399189
     /a_pork |   .3575973   .0954777     3.75   0.000     .1704644    .5447303
        /g22 |  -.0534102   .0922353    -0.58   0.563     -.234188    .1273676
        /g24 |   .0036709   .0218238     0.17   0.866     -.039103    .0464448
     /b_pork |  -.0862849   .0710155    -1.22   0.224    -.2254727    .0529029
     /a_fish |   .1759616   .1501944     1.17   0.241     -.118414    .4703372
        /g44 |   .1657907   .0170071     9.75   0.000     .1324574    .1991241
     /b_fish |  -.0445516   .1117166    -0.40   0.690     -.263512    .1744088
------------------------------------------------------------------------------
Instruments for equation eq_bfvl: ln_real_x L1_lngp_bfvl L1_lngp_pork L1_lngp_poult L1_lngp_fish _cons
Instruments for equation eq_pork: ln_real_x L1_lngp_bfvl L1_lngp_pork L1_lngp_poult L1_lngp_fish _cons
Instruments for equation eq_fish: ln_real_x L1_lngp_bfvl L1_lngp_pork L1_lngp_poult L1_lngp_fish _cons
(1 observation deleted)

Final GMM criterion Q(b) = .9070348

GMM estimation 

Number of parameters =  12
Number of moments    =  18
Initial weight matrix: Unadjusted                 Number of obs   =         39
GMM weight matrix:     Unadjusted

------------------------------------------------------------------------------
             | Coefficient  Std. err.      z    P>|z|     [95% conf. interval]
-------------+----------------------------------------------------------------
     /a_bfvl |   .3074948   .2806296     1.10   0.273    -.2425291    .8575188
        /g11 |  -.1080935   .0650996    -1.66   0.097    -.2356865    .0194994
        /g12 |  -.1040099   .0324938    -3.20   0.001    -.1676966   -.0403232
        /g14 |  -.1489792   .0263141    -5.66   0.000    -.2005539   -.0974046
     /b_bfvl |   .1196743    .208729     0.57   0.566    -.2894269    .5287756
     /a_pork |   .3593123   .0994781     3.61   0.000     .1643389    .5542858
        /g22 |  -.0213314   .0955594    -0.22   0.823    -.2086244    .1659615
        /g24 |   -.004907   .0226306    -0.22   0.828    -.0492622    .0394483
     /b_pork |  -.0874706   .0739802    -1.18   0.237    -.2324692     .057528
     /a_fish |   .1737173   .1509913     1.15   0.250    -.1222202    .4696547
        /g44 |   .1676545   .0169839     9.87   0.000     .1343667    .2009424
     /b_fish |   -.042925   .1122977    -0.38   0.702    -.2630243    .1771744
------------------------------------------------------------------------------
Instruments for equation eq_bfvl: ln_real_x L1_lngp_bfvl L1_lngp_pork L1_lngp_poult L1_lngp_fish _cons
Instruments for equation eq_pork: ln_real_x L1_lngp_bfvl L1_lngp_pork L1_lngp_poult L1_lngp_fish _cons
Instruments for equation eq_fish: ln_real_x L1_lngp_bfvl L1_lngp_pork L1_lngp_poult L1_lngp_fish _cons
(1 observation deleted)

Final GMM criterion Q(b) = .9184577

GMM estimation 

Number of parameters =  12
Number of moments    =  18
Initial weight matrix: Unadjusted                 Number of obs   =         39
GMM weight matrix:     Unadjusted

------------------------------------------------------------------------------
             | Coefficient  Std. err.      z    P>|z|     [95% conf. interval]
-------------+----------------------------------------------------------------
     /a_bfvl |   .2997034    .274847     1.09   0.276    -.2389867    .8383935
        /g11 |  -.1029812   .0645354    -1.60   0.111    -.2294682    .0235058
        /g12 |  -.1000119   .0328628    -3.04   0.002    -.1644219    -.035602
        /g14 |  -.1497168   .0262535    -5.70   0.000    -.2011727   -.0982609
     /b_bfvl |   .1256868   .2044969     0.61   0.539    -.2751197    .5264933
     /a_pork |   .3729588   .0997453     3.74   0.000     .1774615     .568456
        /g22 |  -.0088322    .097475    -0.09   0.928    -.1998796    .1822153
        /g24 |  -.0085118   .0231912    -0.37   0.714    -.0539658    .0369422
     /b_pork |  -.0975627   .0741961    -1.31   0.189    -.2429844    .0478591
     /a_fish |   .1767004   .1484847     1.19   0.234    -.1143242     .467725
        /g44 |   .1683711   .0170723     9.86   0.000       .13491    .2018321
     /b_fish |  -.0450695   .1104726    -0.41   0.683    -.2615917    .1714528
------------------------------------------------------------------------------
Instruments for equation eq_bfvl: ln_real_x L1_lngp_bfvl L1_lngp_pork L1_lngp_poult L1_lngp_fish _cons
Instruments for equation eq_pork: ln_real_x L1_lngp_bfvl L1_lngp_pork L1_lngp_poult L1_lngp_fish _cons
Instruments for equation eq_fish: ln_real_x L1_lngp_bfvl L1_lngp_pork L1_lngp_poult L1_lngp_fish _cons
(1 observation deleted)

Final GMM criterion Q(b) = .9120285

GMM estimation 

Number of parameters =  12
Number of moments    =  18
Initial weight matrix: Unadjusted                 Number of obs   =         39
GMM weight matrix:     Unadjusted

------------------------------------------------------------------------------
             | Coefficient  Std. err.      z    P>|z|     [95% conf. interval]
-------------+----------------------------------------------------------------
     /a_bfvl |   .3043504    .275856     1.10   0.270    -.2363175    .8450183
        /g11 |  -.1089924   .0649176    -1.68   0.093    -.2362286    .0182438
        /g12 |  -.0982913   .0343324    -2.86   0.004    -.1655815   -.0310011
        /g14 |   -.148229   .0264684    -5.60   0.000    -.2001061    -.096352
     /b_bfvl |   .1222302   .2052341     0.60   0.551    -.2800213    .5244818
     /a_pork |   .3749487   .1012069     3.70   0.000     .1765869    .5733105
        /g22 |  -.0063858   .1011456    -0.06   0.950    -.2046276    .1918559
        /g24 |  -.0095225   .0243589    -0.39   0.696     -.057265      .03822
     /b_pork |  -.0989638   .0752709    -1.31   0.189    -.2464921    .0485646
     /a_fish |    .179413   .1473388     1.22   0.223    -.1093658    .4681917
        /g44 |    .168792   .0171446     9.85   0.000     .1351892    .2023947
     /b_fish |  -.0470005    .109615    -0.43   0.668     -.261842    .1678411
------------------------------------------------------------------------------
Instruments for equation eq_bfvl: ln_real_x L1_lngp_bfvl L1_lngp_pork L1_lngp_poult L1_lngp_fish _cons
Instruments for equation eq_pork: ln_real_x L1_lngp_bfvl L1_lngp_pork L1_lngp_poult L1_lngp_fish _cons
Instruments for equation eq_fish: ln_real_x L1_lngp_bfvl L1_lngp_pork L1_lngp_poult L1_lngp_fish _cons
(1 observation deleted)

Final GMM criterion Q(b) = .9013381

GMM estimation 

Number of parameters =  12
Number of moments    =  18
Initial weight matrix: Unadjusted                 Number of obs   =         39
GMM weight matrix:     Unadjusted

------------------------------------------------------------------------------
             | Coefficient  Std. err.      z    P>|z|     [95% conf. interval]
-------------+----------------------------------------------------------------
     /a_bfvl |   .3405148   .2785685     1.22   0.222    -.2054695    .8864991
        /g11 |  -.1171628   .0662958    -1.77   0.077    -.2471001    .0127745
        /g12 |  -.1039907   .0338582    -3.07   0.002    -.1703516   -.0376297
        /g14 |  -.1443527   .0267627    -5.39   0.000    -.1968067   -.0918988
     /b_bfvl |   .0956416   .2072019     0.46   0.644    -.3104666    .5017499
     /a_pork |    .381851   .0998486     3.82   0.000     .1861512    .5775507
        /g22 |  -.0228529    .097173    -0.24   0.814    -.2133085    .1676027
        /g24 |   -.004097   .0233859    -0.18   0.861    -.0499325    .0417384
     /b_pork |  -.1039738   .0742553    -1.40   0.161    -.2495115    .0415639
     /a_fish |   .1919129   .1452729     1.32   0.186    -.0928168    .4766427
        /g44 |   .1665301   .0169397     9.83   0.000     .1333288    .1997313
     /b_fish |  -.0562058   .1080547    -0.52   0.603    -.2679891    .1555776
------------------------------------------------------------------------------
Instruments for equation eq_bfvl: ln_real_x L1_lngp_bfvl L1_lngp_pork L1_lngp_poult L1_lngp_fish _cons
Instruments for equation eq_pork: ln_real_x L1_lngp_bfvl L1_lngp_pork L1_lngp_poult L1_lngp_fish _cons
Instruments for equation eq_fish: ln_real_x L1_lngp_bfvl L1_lngp_pork L1_lngp_poult L1_lngp_fish _cons
(1 observation deleted)

Final GMM criterion Q(b) = .8731205

GMM estimation 

Number of parameters =  12
Number of moments    =  18
Initial weight matrix: Unadjusted                 Number of obs   =         39
GMM weight matrix:     Unadjusted

------------------------------------------------------------------------------
             | Coefficient  Std. err.      z    P>|z|     [95% conf. interval]
-------------+----------------------------------------------------------------
     /a_bfvl |   .3911497   .2813173     1.39   0.164    -.1602222    .9425215
        /g11 |  -.1278921   .0669119    -1.91   0.056    -.2590371    .0032529
        /g12 |  -.1010886   .0332756    -3.04   0.002    -.1663076   -.0358695
        /g14 |  -.1442397    .026659    -5.41   0.000    -.1964903   -.0919891
     /b_bfvl |   .0581833    .209207     0.28   0.781    -.3518549    .4682216
     /a_pork |   .3773541   .1008103     3.74   0.000     .1797696    .5749386
        /g22 |  -.0186802   .0967196    -0.19   0.847    -.2082472    .1708868
        /g24 |  -.0061179   .0228976    -0.27   0.789    -.0509963    .0387605
     /b_pork |  -.1007016   .0749651    -1.34   0.179    -.2476305    .0462273
     /a_fish |   .2058127   .1449961     1.42   0.156    -.0783744    .4899998
        /g44 |    .166723    .016669    10.00   0.000     .1340523    .1993936
     /b_fish |  -.0664947   .1078301    -0.62   0.537     -.277838    .1448485
------------------------------------------------------------------------------
Instruments for equation eq_bfvl: ln_real_x L1_lngp_bfvl L1_lngp_pork L1_lngp_poult L1_lngp_fish _cons
Instruments for equation eq_pork: ln_real_x L1_lngp_bfvl L1_lngp_pork L1_lngp_poult L1_lngp_fish _cons
Instruments for equation eq_fish: ln_real_x L1_lngp_bfvl L1_lngp_pork L1_lngp_poult L1_lngp_fish _cons
(1 observation deleted)

Final GMM criterion Q(b) = .8627726

GMM estimation 

Number of parameters =  12
Number of moments    =  18
Initial weight matrix: Unadjusted                 Number of obs   =         39
GMM weight matrix:     Unadjusted

------------------------------------------------------------------------------
             | Coefficient  Std. err.      z    P>|z|     [95% conf. interval]
-------------+----------------------------------------------------------------
     /a_bfvl |   .3026444   .2738003     1.11   0.269    -.2339944    .8392831
        /g11 |  -.1340228   .0674523    -1.99   0.047    -.2662268   -.0018188
        /g12 |  -.1127674   .0333252    -3.38   0.001    -.1780836   -.0474512
        /g14 |  -.1374132   .0271995    -5.05   0.000    -.1907233   -.0841031
     /b_bfvl |   .1242153   .2037275     0.61   0.542    -.2750832    .5235139
     /a_pork |   .3759575   .0957811     3.93   0.000       .18823    .5636851
        /g22 |  -.0473375   .0882358    -0.54   0.592    -.2202766    .1256015
        /g24 |   .0029829   .0224823     0.13   0.894    -.0410816    .0470474
     /b_pork |  -.0996844   .0712496    -1.40   0.162    -.2393311    .0399622
     /a_fish |   .1743225   .1396748     1.25   0.212     -.099435      .44808
        /g44 |    .163818    .016891     9.70   0.000     .1307122    .1969238
     /b_fish |   -.043086   .1039279    -0.41   0.678     -.246781     .160609
------------------------------------------------------------------------------
Instruments for equation eq_bfvl: ln_real_x L1_lngp_bfvl L1_lngp_pork L1_lngp_poult L1_lngp_fish _cons
Instruments for equation eq_pork: ln_real_x L1_lngp_bfvl L1_lngp_pork L1_lngp_poult L1_lngp_fish _cons
Instruments for equation eq_fish: ln_real_x L1_lngp_bfvl L1_lngp_pork L1_lngp_poult L1_lngp_fish _cons
(1 observation deleted)

Final GMM criterion Q(b) = .8525163

GMM estimation 

Number of parameters =  12
Number of moments    =  18
Initial weight matrix: Unadjusted                 Number of obs   =         39
GMM weight matrix:     Unadjusted

------------------------------------------------------------------------------
             | Coefficient  Std. err.      z    P>|z|     [95% conf. interval]
-------------+----------------------------------------------------------------
     /a_bfvl |   .1904592   .2766708     0.69   0.491    -.3518056    .7327239
        /g11 |  -.1345787   .0666348    -2.02   0.043    -.2651805   -.0039769
        /g12 |  -.1090979   .0382742    -2.85   0.004    -.1841139   -.0340819
        /g14 |  -.1333021   .0273481    -4.87   0.000    -.1869035   -.0797008
     /b_bfvl |   .2077902   .2059731     1.01   0.313    -.1959096    .6114901
     /a_pork |   .3727085   .0999941     3.73   0.000     .1767237    .5686933
        /g22 |  -.0238457   .1072918    -0.22   0.824    -.2341339    .1864424
        /g24 |  -.0023082   .0274365    -0.08   0.933    -.0560827    .0514663
     /b_pork |  -.0972243   .0744349    -1.31   0.191     -.243114    .0486654
     /a_fish |   .1514919   .1405577     1.08   0.281    -.1239962      .42698
        /g44 |   .1639594   .0173047     9.47   0.000     .1300428     .197876
     /b_fish |  -.0261308   .1046381    -0.25   0.803    -.2312177    .1789561
------------------------------------------------------------------------------
Instruments for equation eq_bfvl: ln_real_x L1_lngp_bfvl L1_lngp_pork L1_lngp_poult L1_lngp_fish _cons
Instruments for equation eq_pork: ln_real_x L1_lngp_bfvl L1_lngp_pork L1_lngp_poult L1_lngp_fish _cons
Instruments for equation eq_fish: ln_real_x L1_lngp_bfvl L1_lngp_pork L1_lngp_poult L1_lngp_fish _cons
(1 observation deleted)

Final GMM criterion Q(b) = .8839714

GMM estimation 

Number of parameters =  12
Number of moments    =  18
Initial weight matrix: Unadjusted                 Number of obs   =         39
GMM weight matrix:     Unadjusted

------------------------------------------------------------------------------
             | Coefficient  Std. err.      z    P>|z|     [95% conf. interval]
-------------+----------------------------------------------------------------
     /a_bfvl |   .2384814    .277247     0.86   0.390    -.3049127    .7818755
        /g11 |  -.1162806   .0651983    -1.78   0.075    -.2440669    .0115057
        /g12 |   -.096937   .0328156    -2.95   0.003    -.1612544   -.0326197
        /g14 |  -.1434694    .026625    -5.39   0.000    -.1956534   -.0912854
     /b_bfvl |   .1715875   .2063881     0.83   0.406    -.2329257    .5761007
     /a_pork |   .3797647   .1004883     3.78   0.000     .1828113    .5767181
        /g22 |  -.0081456   .0941632    -0.09   0.931    -.1927022    .1764109
        /g24 |  -.0094327   .0226767    -0.42   0.677    -.0538783    .0350129
     /b_pork |  -.1025687   .0747954    -1.37   0.170    -.2491651    .0440277
     /a_fish |   .1600161   .1464229     1.09   0.274    -.1269676    .4469998
        /g44 |   .1680874   .0170951     9.83   0.000     .1345816    .2015932
     /b_fish |  -.0325531   .1089957    -0.30   0.765    -.2461808    .1810746
------------------------------------------------------------------------------
Instruments for equation eq_bfvl: ln_real_x L1_lngp_bfvl L1_lngp_pork L1_lngp_poult L1_lngp_fish _cons
Instruments for equation eq_pork: ln_real_x L1_lngp_bfvl L1_lngp_pork L1_lngp_poult L1_lngp_fish _cons
Instruments for equation eq_fish: ln_real_x L1_lngp_bfvl L1_lngp_pork L1_lngp_poult L1_lngp_fish _cons
(1 observation deleted)

Final GMM criterion Q(b) =   .90421

GMM estimation 

Number of parameters =  12
Number of moments    =  18
Initial weight matrix: Unadjusted                 Number of obs   =         39
GMM weight matrix:     Unadjusted

------------------------------------------------------------------------------
             | Coefficient  Std. err.      z    P>|z|     [95% conf. interval]
-------------+----------------------------------------------------------------
     /a_bfvl |    .292741   .2752918     1.06   0.288    -.2468209     .832303
        /g11 |  -.1077067   .0646108    -1.67   0.096    -.2343417    .0189282
        /g12 |  -.0998509   .0324081    -3.08   0.002    -.1633696   -.0363321
        /g14 |  -.1477505   .0261405    -5.65   0.000    -.1989849   -.0965161
     /b_bfvl |   .1308851   .2048475     0.64   0.523    -.2706087    .5323789
     /a_pork |   .3758732   .0990767     3.79   0.000     .1816864    .5700601
        /g22 |  -.0164468   .0967315    -0.17   0.865     -.206037    .1731434
        /g24 |  -.0071391   .0225741    -0.32   0.752    -.0513835    .0371054
     /b_pork |  -.0996679   .0737183    -1.35   0.176    -.2441532    .0448173
     /a_fish |   .1745439   .1472144     1.19   0.236    -.1139911    .4630789
        /g44 |   .1681375   .0169041     9.95   0.000      .135006     .201269
     /b_fish |   -.043419   .1095374    -0.40   0.692    -.2581083    .1712703
------------------------------------------------------------------------------
Instruments for equation eq_bfvl: ln_real_x L1_lngp_bfvl L1_lngp_pork L1_lngp_poult L1_lngp_fish _cons
Instruments for equation eq_pork: ln_real_x L1_lngp_bfvl L1_lngp_pork L1_lngp_poult L1_lngp_fish _cons
Instruments for equation eq_fish: ln_real_x L1_lngp_bfvl L1_lngp_pork L1_lngp_poult L1_lngp_fish _cons
(1 observation deleted)

Final GMM criterion Q(b) = .9131045

GMM estimation 

Number of parameters =  12
Number of moments    =  18
Initial weight matrix: Unadjusted                 Number of obs   =         39
GMM weight matrix:     Unadjusted

------------------------------------------------------------------------------
             | Coefficient  Std. err.      z    P>|z|     [95% conf. interval]
-------------+----------------------------------------------------------------
     /a_bfvl |   .2044537   .2783558     0.73   0.463    -.3411137    .7500211
        /g11 |  -.1030332   .0640608    -1.61   0.108      -.22859    .0225237
        /g12 |  -.1013355   .0328464    -3.09   0.002    -.1657134   -.0369577
        /g14 |  -.1452825   .0261149    -5.56   0.000    -.1964668   -.0940982
     /b_bfvl |   .1969305   .2072574     0.95   0.342    -.2092865    .6031474
     /a_pork |   .3808829   .1022199     3.73   0.000     .1805357    .5812302
        /g22 |  -.0171452   .0967338    -0.18   0.859    -.2067399    .1724496
        /g24 |  -.0066241   .0228299    -0.29   0.772    -.0513698    .0381217
     /b_pork |  -.1033785   .0760997    -1.36   0.174    -.2525311    .0457741
     /a_fish |   .1736309   .1498012     1.16   0.246    -.1199742    .4672359
        /g44 |   .1665297   .0169423     9.83   0.000     .1333234     .199736
     /b_fish |  -.0428422   .1115308    -0.38   0.701    -.2614386    .1757542
------------------------------------------------------------------------------
Instruments for equation eq_bfvl: ln_real_x L1_lngp_bfvl L1_lngp_pork L1_lngp_poult L1_lngp_fish _cons
Instruments for equation eq_pork: ln_real_x L1_lngp_bfvl L1_lngp_pork L1_lngp_poult L1_lngp_fish _cons
Instruments for equation eq_fish: ln_real_x L1_lngp_bfvl L1_lngp_pork L1_lngp_poult L1_lngp_fish _cons
(1 observation deleted)

Final GMM criterion Q(b) = .9263342

GMM estimation 

Number of parameters =  12
Number of moments    =  18
Initial weight matrix: Unadjusted                 Number of obs   =         39
GMM weight matrix:     Unadjusted

------------------------------------------------------------------------------
             | Coefficient  Std. err.      z    P>|z|     [95% conf. interval]
-------------+----------------------------------------------------------------
     /a_bfvl |   .2552292   .2748573     0.93   0.353    -.2834813    .7939396
        /g11 |  -.1020879   .0638756    -1.60   0.110    -.2272819    .0231061
        /g12 |  -.0955567   .0332359    -2.88   0.004     -.160698   -.0304155
        /g14 |  -.1492596    .025611    -5.83   0.000    -.1994562    -.099063
     /b_bfvl |   .1588814   .2046159     0.78   0.437    -.2421584    .5599212
     /a_pork |   .3843316   .1024478     3.75   0.000     .1835376    .5851256
        /g22 |  -.0075656   .0981189    -0.08   0.939    -.1998752     .184744
        /g24 |  -.0107857   .0227723    -0.47   0.636    -.0554185    .0338472
     /b_pork |  -.1059963    .076262    -1.39   0.165     -.255467    .0434744
     /a_fish |   .1927719   .1473121     1.31   0.191    -.0959546    .4814984
        /g44 |   .1672319   .0165581    10.10   0.000     .1347786    .1996852
     /b_fish |  -.0573397   .1096551    -0.52   0.601    -.2722598    .1575803
------------------------------------------------------------------------------
Instruments for equation eq_bfvl: ln_real_x L1_lngp_bfvl L1_lngp_pork L1_lngp_poult L1_lngp_fish _cons
Instruments for equation eq_pork: ln_real_x L1_lngp_bfvl L1_lngp_pork L1_lngp_poult L1_lngp_fish _cons
Instruments for equation eq_fish: ln_real_x L1_lngp_bfvl L1_lngp_pork L1_lngp_poult L1_lngp_fish _cons
(1 observation deleted)

Final GMM criterion Q(b) = .9282762

GMM estimation 

Number of parameters =  12
Number of moments    =  18
Initial weight matrix: Unadjusted                 Number of obs   =         39
GMM weight matrix:     Unadjusted

------------------------------------------------------------------------------
             | Coefficient  Std. err.      z    P>|z|     [95% conf. interval]
-------------+----------------------------------------------------------------
     /a_bfvl |   .2609191    .276858     0.94   0.346    -.2817125    .8035507
        /g11 |  -.0944688   .0654312    -1.44   0.149    -.2227116     .033774
        /g12 |  -.0951897   .0345661    -2.75   0.006    -.1629381   -.0274413
        /g14 |  -.1542915   .0258054    -5.98   0.000    -.2048691   -.1037139
     /b_bfvl |   .1545261   .2061471     0.75   0.454    -.2495149    .5585671
     /a_pork |    .373895   .1037436     3.60   0.000     .1705612    .5772287
        /g22 |  -.0047581   .0983207    -0.05   0.961    -.1974633     .187947
        /g24 |  -.0108264   .0230246    -0.47   0.638    -.0559538    .0343009
     /b_pork |  -.0980991   .0772428    -1.27   0.204    -.2494922     .053294
     /a_fish |   .2174087   .1479472     1.47   0.142    -.0725626      .50738
        /g44 |    .167635   .0163825    10.23   0.000     .1355258    .1997442
     /b_fish |   -.075827   .1101467    -0.69   0.491    -.2917106    .1400565
------------------------------------------------------------------------------
Instruments for equation eq_bfvl: ln_real_x L1_lngp_bfvl L1_lngp_pork L1_lngp_poult L1_lngp_fish _cons
Instruments for equation eq_pork: ln_real_x L1_lngp_bfvl L1_lngp_pork L1_lngp_poult L1_lngp_fish _cons
Instruments for equation eq_fish: ln_real_x L1_lngp_bfvl L1_lngp_pork L1_lngp_poult L1_lngp_fish _cons
(1 observation deleted)

Final GMM criterion Q(b) = .9224176

GMM estimation 

Number of parameters =  12
Number of moments    =  18
Initial weight matrix: Unadjusted                 Number of obs   =         39
GMM weight matrix:     Unadjusted

------------------------------------------------------------------------------
             | Coefficient  Std. err.      z    P>|z|     [95% conf. interval]
-------------+----------------------------------------------------------------
     /a_bfvl |   .2773689   .2711034     1.02   0.306     -.253984    .8087219
        /g11 |  -.0839553   .0652218    -1.29   0.198    -.2117877    .0438771
        /g12 |  -.0785734   .0362389    -2.17   0.030    -.1496003   -.0075465
        /g14 |  -.1623577   .0261429    -6.21   0.000    -.2135969   -.1111186
     /b_bfvl |   .1422378   .2018355     0.70   0.481    -.2533525     .537828
     /a_pork |   .3646956   .1051823     3.47   0.001     .1585421    .5708491
        /g22 |   .0192391   .1018154     0.19   0.850    -.1803155    .2187936
        /g24 |  -.0201662   .0241642    -0.83   0.404    -.0675272    .0271947
     /b_pork |  -.0911133   .0783041    -1.16   0.245    -.2445864    .0623599
     /a_fish |   .2050806   .1500444     1.37   0.172    -.0890011    .4991623
        /g44 |   .1723938   .0168649    10.22   0.000     .1393392    .2054484
     /b_fish |  -.0666251   .1116935    -0.60   0.551    -.2855404    .1522901
------------------------------------------------------------------------------
Instruments for equation eq_bfvl: ln_real_x L1_lngp_bfvl L1_lngp_pork L1_lngp_poult L1_lngp_fish _cons
Instruments for equation eq_pork: ln_real_x L1_lngp_bfvl L1_lngp_pork L1_lngp_poult L1_lngp_fish _cons
Instruments for equation eq_fish: ln_real_x L1_lngp_bfvl L1_lngp_pork L1_lngp_poult L1_lngp_fish _cons
(1 observation deleted)

Final GMM criterion Q(b) = .9142301

GMM estimation 

Number of parameters =  12
Number of moments    =  18
Initial weight matrix: Unadjusted                 Number of obs   =         39
GMM weight matrix:     Unadjusted

------------------------------------------------------------------------------
             | Coefficient  Std. err.      z    P>|z|     [95% conf. interval]
-------------+----------------------------------------------------------------
     /a_bfvl |   .3025254   .2759268     1.10   0.273    -.2382812    .8433319
        /g11 |  -.0944274   .0664323    -1.42   0.155    -.2246323    .0357775
        /g12 |  -.0757308   .0370496    -2.04   0.041    -.1483467   -.0031149
        /g14 |  -.1609026   .0262776    -6.12   0.000    -.2124057   -.1093994
     /b_bfvl |   .1231978   .2054473     0.60   0.549    -.2794715    .5258672
     /a_pork |   .3569618   .1069518     3.34   0.001     .1473402    .5665835
        /g22 |    .023387   .1024978     0.23   0.820    -.1775049     .224279
        /g24 |  -.0209418    .024294    -0.86   0.389    -.0685571    .0266736
     /b_pork |  -.0853178   .0796343    -1.07   0.284    -.2413981    .0707625
     /a_fish |   .2143359   .1499848     1.43   0.153    -.0796288    .5083007
        /g44 |   .1709679   .0168143    10.17   0.000     .1380126    .2039233
     /b_fish |  -.0735352   .1116602    -0.66   0.510    -.2923852    .1453148
------------------------------------------------------------------------------
Instruments for equation eq_bfvl: ln_real_x L1_lngp_bfvl L1_lngp_pork L1_lngp_poult L1_lngp_fish _cons
Instruments for equation eq_pork: ln_real_x L1_lngp_bfvl L1_lngp_pork L1_lngp_poult L1_lngp_fish _cons
Instruments for equation eq_fish: ln_real_x L1_lngp_bfvl L1_lngp_pork L1_lngp_poult L1_lngp_fish _cons
(1 observation deleted)

Final GMM criterion Q(b) = .9094207

GMM estimation 

Number of parameters =  12
Number of moments    =  18
Initial weight matrix: Unadjusted                 Number of obs   =         39
GMM weight matrix:     Unadjusted

------------------------------------------------------------------------------
             | Coefficient  Std. err.      z    P>|z|     [95% conf. interval]
-------------+----------------------------------------------------------------
     /a_bfvl |   .2942036   .2774496     1.06   0.289    -.2495876    .8379948
        /g11 |  -.0966771   .0671155    -1.44   0.150    -.2282211    .0348668
        /g12 |  -.0926207   .0338096    -2.74   0.006    -.1588862   -.0263551
        /g14 |  -.1563302   .0264113    -5.92   0.000    -.2080955   -.1045649
     /b_bfvl |   .1294777   .2065641     0.63   0.531    -.2753805    .5343358
     /a_pork |   .3636265   .1003213     3.62   0.000     .1670003    .5602526
        /g22 |  -.0073527    .096433    -0.08   0.939     -.196358    .1816526
        /g24 |  -.0097868   .0228365    -0.43   0.668    -.0545455    .0349719
     /b_pork |  -.0903554   .0746784    -1.21   0.226    -.2367223    .0560115
     /a_fish |   .2056882   .1491917     1.38   0.168    -.0867221    .4980985
        /g44 |   .1678644   .0167942    10.00   0.000     .1349484    .2007804
     /b_fish |  -.0670576   .1110609    -0.60   0.546    -.2847329    .1506177
------------------------------------------------------------------------------
Instruments for equation eq_bfvl: ln_real_x L1_lngp_bfvl L1_lngp_pork L1_lngp_poult L1_lngp_fish _cons
Instruments for equation eq_pork: ln_real_x L1_lngp_bfvl L1_lngp_pork L1_lngp_poult L1_lngp_fish _cons
Instruments for equation eq_fish: ln_real_x L1_lngp_bfvl L1_lngp_pork L1_lngp_poult L1_lngp_fish _cons
(1 observation deleted)

Final GMM criterion Q(b) = .8826627

GMM estimation 

Number of parameters =  12
Number of moments    =  18
Initial weight matrix: Unadjusted                 Number of obs   =         39
GMM weight matrix:     Unadjusted

------------------------------------------------------------------------------
             | Coefficient  Std. err.      z    P>|z|     [95% conf. interval]
-------------+----------------------------------------------------------------
     /a_bfvl |   .3002054   .2739511     1.10   0.273    -.2367288    .8371397
        /g11 |  -.0970713   .0668318    -1.45   0.146    -.2280592    .0339166
        /g12 |  -.0972612   .0308041    -3.16   0.002    -.1576361   -.0368862
        /g14 |   -.155061   .0264276    -5.87   0.000    -.2068582   -.1032639
     /b_bfvl |     .12505    .203832     0.61   0.540    -.2744532    .5245533
     /a_pork |   .3812972   .0944542     4.04   0.000     .1961704     .566424
        /g22 |  -.0231255   .0904413    -0.26   0.798    -.2003871    .1541361
        /g24 |  -.0045246   .0213838    -0.21   0.832     -.046436    .0373868
     /b_pork |  -.1033771   .0702584    -1.47   0.141    -.2410811    .0343268
     /a_fish |   .1667315   .1476228     1.13   0.259    -.1226038    .4560668
        /g44 |   .1674425   .0167842     9.98   0.000     .1345459     .200339
     /b_fish |  -.0380553   .1098266    -0.35   0.729    -.2533115    .1772009
------------------------------------------------------------------------------
Instruments for equation eq_bfvl: ln_real_x L1_lngp_bfvl L1_lngp_pork L1_lngp_poult L1_lngp_fish _cons
Instruments for equation eq_pork: ln_real_x L1_lngp_bfvl L1_lngp_pork L1_lngp_poult L1_lngp_fish _cons
Instruments for equation eq_fish: ln_real_x L1_lngp_bfvl L1_lngp_pork L1_lngp_poult L1_lngp_fish _cons
(1 observation deleted)

Final GMM criterion Q(b) = .8243746

GMM estimation 

Number of parameters =  12
Number of moments    =  18
Initial weight matrix: Unadjusted                 Number of obs   =         39
GMM weight matrix:     Unadjusted

------------------------------------------------------------------------------
             | Coefficient  Std. err.      z    P>|z|     [95% conf. interval]
-------------+----------------------------------------------------------------
     /a_bfvl |   .3156415   .2822538     1.12   0.263    -.2375658    .8688488
        /g11 |   -.102743   .0671143    -1.53   0.126    -.2342845    .0287985
        /g12 |  -.1188414   .0283536    -4.19   0.000    -.1744133   -.0632695
        /g14 |  -.1475835   .0266002    -5.55   0.000    -.1997189    -.095448
     /b_bfvl |   .1137178   .2099466     0.54   0.588      -.29777    .5252056
     /a_pork |    .401138   .0968959     4.14   0.000     .2112255    .5910506
        /g22 |  -.0676348   .0865708    -0.78   0.435    -.2373104    .1020408
        /g24 |   .0120169   .0202166     0.59   0.552    -.0276069    .0516407
     /b_pork |    -.11806   .0720314    -1.64   0.101    -.2592389     .023119
     /a_fish |    .149513   .1490948     1.00   0.316    -.1427074    .4417333
        /g44 |   .1623556    .016819     9.65   0.000     .1293908    .1953203
     /b_fish |  -.0252214   .1108903    -0.23   0.820    -.2425623    .1921196
------------------------------------------------------------------------------
Instruments for equation eq_bfvl: ln_real_x L1_lngp_bfvl L1_lngp_pork L1_lngp_poult L1_lngp_fish _cons
Instruments for equation eq_pork: ln_real_x L1_lngp_bfvl L1_lngp_pork L1_lngp_poult L1_lngp_fish _cons
Instruments for equation eq_fish: ln_real_x L1_lngp_bfvl L1_lngp_pork L1_lngp_poult L1_lngp_fish _cons
(1 observation deleted)

Final GMM criterion Q(b) = .8660458

GMM estimation 

Number of parameters =  12
Number of moments    =  18
Initial weight matrix: Unadjusted                 Number of obs   =         39
GMM weight matrix:     Unadjusted

------------------------------------------------------------------------------
             | Coefficient  Std. err.      z    P>|z|     [95% conf. interval]
-------------+----------------------------------------------------------------
     /a_bfvl |   .3072349    .284208     1.08   0.280    -.2498025    .8642723
        /g11 |  -.0961273   .0668842    -1.44   0.151     -.227218    .0349633
        /g12 |   -.108074   .0303103    -3.57   0.000    -.1674811    -.048667
        /g14 |  -.1532414   .0265529    -5.77   0.000    -.2052842   -.1011986
     /b_bfvl |   .1198014   .2113428     0.57   0.571    -.2944229    .5340258
     /a_pork |   .4229282   .0960209     4.40   0.000     .2347307    .6111256
        /g22 |  -.0511044   .0901326    -0.57   0.571     -.227761    .1255521
        /g24 |   .0033859   .0211628     0.16   0.873    -.0380925    .0448643
     /b_pork |  -.1342844   .0713829    -1.88   0.060    -.2741923    .0056234
     /a_fish |   .1269062   .1529154     0.83   0.407    -.1728024    .4266149
        /g44 |   .1658074   .0168307     9.85   0.000     .1328199    .1987949
     /b_fish |  -.0084412   .1137018    -0.07   0.941    -.2312925    .2144101
------------------------------------------------------------------------------
Instruments for equation eq_bfvl: ln_real_x L1_lngp_bfvl L1_lngp_pork L1_lngp_poult L1_lngp_fish _cons
Instruments for equation eq_pork: ln_real_x L1_lngp_bfvl L1_lngp_pork L1_lngp_poult L1_lngp_fish _cons
Instruments for equation eq_fish: ln_real_x L1_lngp_bfvl L1_lngp_pork L1_lngp_poult L1_lngp_fish _cons

. 
. postclose `postloo'

. use `loo_elast', clear

. export delimited using "$TABLES/elasticidades_leave_one_out_stata.csv", replace
file C:\Users\B03531855158\Documents\Replication\Códigos_Lista2/output/tables/elasticidades_leave_one_out_stata.csv saved

. save "$TABLES/elasticidades_leave_one_out_stata.dta", replace
file C:\Users\B03531855158\Documents\Replication\Códigos_Lista2/output/tables/elasticidades_leave_one_out_stata.dta saved

. 
. gen str28 produto_nome = ""
(160 missing values generated)

. replace produto_nome = "Carne bovina e vitela" if produto == "bfvl"
(40 real changes made)

. replace produto_nome = "Carne suina"           if produto == "pork"
(40 real changes made)

. replace produto_nome = "Frango"                if produto == "poult"
(40 real changes made)

. replace produto_nome = "Pescados"              if produto == "fish"
(40 real changes made)

. 
. twoway ///
>     (connected dev omitted_year, lcolor(`cor_bovina') mcolor(`cor_bovina') msymbol(circle) lwidth(medthick)), ///
>     by(produto_nome, cols(2) note("") graphregion(color(white))) ///
>     yline(0, lcolor(black) lpattern(dash) lwidth(thin)) ///
>     title("Leave-one-out das elasticidades-preco proprias", size(medsmall)) ///
>     subtitle("Desvio em relacao a elasticidade do modelo completo", size(small)) ///
>     xtitle("Ano retirado da amostra", size(small)) ///
>     ytitle("Elasticidade sem o ano - elasticidade completa", size(small)) ///
>     xlabel(, labsize(vsmall) angle(45) grid glcolor(gs14)) ///
>     ylabel(, labsize(small) grid glcolor(gs14)) ///
>     legend(off) ///
>     `tema_base' ///
>     name(g_extra_stat_loo, replace)

. 
. graph export "$EXTRA_PDF/stata_extra_stat_10_leave_one_out_elasticidades.pdf", replace
file C:\Users\B03531855158\Documents\Replication\Códigos_Lista2/output/figures/Extra_Figs/PDF/stata_extra_stat_10_leave_one_out_elasticidades.pdf saved as PDF format

. graph export "$EXTRA_PNG/stata_extra_stat_10_leave_one_out_elasticidades.png", replace width(2400)
file C:\Users\B03531855158\Documents\Replication\Códigos_Lista2/output/figures/Extra_Figs/PNG/stata_extra_stat_10_leave_one_out_elasticidades.png saved as PNG format

. 
. ********************************************************************************
. * 10. Bootstrap das elasticidades-preco proprias com IC percentil.
. ********************************************************************************
. 
. use "$PROC_DTA", clear

. drop if missing(w_bfvl, w_pork, w_poult, w_fish, lngp_bfvl, lngp_pork, lngp_poult, lngp_fish, ln_real_x, L1_lngp_bfvl, L1_lngp_pork, L1_lngp_poult, L1_lngp_fish)
(1 observation deleted)

. tempfile base_boot

. save `base_boot', replace
(file C:\Users\B03531~1\AppData\Local\Temp\21\ST_2b24_00001a.tmp not found)
file C:\Users\B03531~1\AppData\Local\Temp\21\ST_2b24_00001a.tmp saved as .dta format

. 
. _fit_hsym_aids

Final GMM criterion Q(b) = .9101264

GMM estimation 

Number of parameters =  12
Number of moments    =  18
Initial weight matrix: Unadjusted                 Number of obs   =         40
GMM weight matrix:     Unadjusted

------------------------------------------------------------------------------
             | Coefficient  Std. err.      z    P>|z|     [95% conf. interval]
-------------+----------------------------------------------------------------
     /a_bfvl |   .2924222   .2728471     1.07   0.284    -.2423482    .8271926
        /g11 |  -.1072271   .0642449    -1.67   0.095    -.2331447    .0186906
        /g12 |  -.1023288   .0324542    -3.15   0.002    -.1659379   -.0387198
        /g14 |  -.1495251   .0259872    -5.75   0.000     -.200459   -.0985911
     /b_bfvl |   .1307326   .2030335     0.64   0.520    -.2672057    .5286709
     /a_pork |   .3756636   .0980486     3.83   0.000     .1834919    .5678353
        /g22 |  -.0165287   .0955957    -0.17   0.863    -.2038929    .1708356
        /g24 |  -.0059634   .0226273    -0.26   0.792    -.0503121    .0383854
     /b_pork |  -.0994567    .072948    -1.36   0.173    -.2424321    .0435188
     /a_fish |   .1742442    .147043     1.18   0.236    -.1139548    .4624432
        /g44 |   .1679034   .0167835    10.00   0.000     .1350084    .2007983
     /b_fish |  -.0433144   .1094093    -0.40   0.692    -.2577528     .171124
------------------------------------------------------------------------------
Instruments for equation eq_bfvl: ln_real_x L1_lngp_bfvl L1_lngp_pork L1_lngp_poult L1_lngp_fish _cons
Instruments for equation eq_pork: ln_real_x L1_lngp_bfvl L1_lngp_pork L1_lngp_poult L1_lngp_fish _cons
Instruments for equation eq_fish: ln_real_x L1_lngp_bfvl L1_lngp_pork L1_lngp_poult L1_lngp_fish _cons

. _calc_own_elast_hsym

. scalar full_em_bfvl  = r(em_bfvl)

. scalar full_em_pork  = r(em_pork)

. scalar full_em_poult = r(em_poult)

. scalar full_em_fish  = r(em_fish)

. 
. tempfile boot_elast

. tempname postboot

. postfile `postboot' int rep str8 produto double em_boot using `boot_elast', replace
(file C:\Users\B03531~1\AppData\Local\Temp\21\ST_2b24_00001b.tmp not found)

. 
. set seed 123456

. forvalues b = 1/`BOOT_REPS' {
  2. 
.     quietly use `base_boot', clear
  3.     quietly bsample
  4. 
.     capture noisily _fit_hsym_aids
  5.     if !_rc {
  6.         capture noisily _calc_own_elast_hsym
  7.         if !_rc {
  8.             foreach g in bfvl pork poult fish {
  9.                 scalar eb = r(em_`g')
 10.                 if !missing(eb) post `postboot' (`b') ("`g'") (eb)
 11.             }
 12.         }
 13.     }
 14. }

Final GMM criterion Q(b) = 1.332194

GMM estimation 

Number of parameters =  12
Number of moments    =  18
Initial weight matrix: Unadjusted                 Number of obs   =         40
GMM weight matrix:     Unadjusted

------------------------------------------------------------------------------
             | Coefficient  Std. err.      z    P>|z|     [95% conf. interval]
-------------+----------------------------------------------------------------
     /a_bfvl |   .5238283   .2761382     1.90   0.058    -.0173926    1.065049
        /g11 |  -.0324514   .0581024    -0.56   0.576    -.1463301    .0814273
        /g12 |  -.0599369    .022356    -2.68   0.007    -.1037538     -.01612
        /g14 |  -.1582983   .0275925    -5.74   0.000    -.2123787    -.104218
     /b_bfvl |  -.0402054   .2052676    -0.20   0.845    -.4425225    .3621117
     /a_pork |   .3702641      .1007     3.68   0.000     .1728958    .5676325
        /g22 |  -.0421777    .037456    -1.13   0.260      -.11559    .0312346
        /g24 |  -.0046158   .0136738    -0.34   0.736     -.031416    .0221844
     /b_pork |  -.0965272    .074869    -1.29   0.197    -.2432677    .0502132
     /a_fish |   .0709898   .1514853     0.47   0.639     -.225916    .3678955
        /g44 |   .1751134   .0195611     8.95   0.000     .1367744    .2134525
     /b_fish |    .035566   .1126052     0.32   0.752    -.1851362    .2562681
------------------------------------------------------------------------------
Instruments for equation eq_bfvl: ln_real_x L1_lngp_bfvl L1_lngp_pork L1_lngp_poult L1_lngp_fish _cons
Instruments for equation eq_pork: ln_real_x L1_lngp_bfvl L1_lngp_pork L1_lngp_poult L1_lngp_fish _cons
Instruments for equation eq_fish: ln_real_x L1_lngp_bfvl L1_lngp_pork L1_lngp_poult L1_lngp_fish _cons

Final GMM criterion Q(b) = 1.048242

GMM estimation 

Number of parameters =  12
Number of moments    =  18
Initial weight matrix: Unadjusted                 Number of obs   =         40
GMM weight matrix:     Unadjusted

------------------------------------------------------------------------------
             | Coefficient  Std. err.      z    P>|z|     [95% conf. interval]
-------------+----------------------------------------------------------------
     /a_bfvl |   .8130752    .314446     2.59   0.010     .1967723    1.429378
        /g11 |   .1122834   .0722125     1.55   0.120    -.0292505    .2538173
        /g12 |  -.1041533   .0227512    -4.58   0.000     -.148745   -.0595617
        /g14 |  -.1897004    .027155    -6.99   0.000    -.2429233   -.1364775
     /b_bfvl |   -.256127   .2353194    -1.09   0.276    -.7173446    .2050906
     /a_pork |   .2296075   .1299741     1.77   0.077    -.0251372    .4843521
        /g22 |   .2215798   .0979599     2.26   0.024      .029582    .4135776
        /g24 |  -.0256966   .0125345    -2.05   0.040    -.0502638   -.0011294
     /b_pork |    .009145   .0962955     0.09   0.924    -.1795907    .1978806
     /a_fish |   .1044702     .16945     0.62   0.538    -.2276456    .4365861
        /g44 |    .160166   .0176032     9.10   0.000     .1256643    .1946676
     /b_fish |   .0083477   .1268159     0.07   0.948    -.2402068    .2569022
------------------------------------------------------------------------------
Instruments for equation eq_bfvl: ln_real_x L1_lngp_bfvl L1_lngp_pork L1_lngp_poult L1_lngp_fish _cons
Instruments for equation eq_pork: ln_real_x L1_lngp_bfvl L1_lngp_pork L1_lngp_poult L1_lngp_fish _cons
Instruments for equation eq_fish: ln_real_x L1_lngp_bfvl L1_lngp_pork L1_lngp_poult L1_lngp_fish _cons

Final GMM criterion Q(b) = 1.352206

GMM estimation 

Number of parameters =  12
Number of moments    =  18
Initial weight matrix: Unadjusted                 Number of obs   =         40
GMM weight matrix:     Unadjusted

------------------------------------------------------------------------------
             | Coefficient  Std. err.      z    P>|z|     [95% conf. interval]
-------------+----------------------------------------------------------------
     /a_bfvl |   .7212632   .2261914     3.19   0.001     .2779362     1.16459
        /g11 |   .0650001   .0491614     1.32   0.186    -.0313544    .1613547
        /g12 |   .1465691   .0625238     2.34   0.019     .0240247    .2691135
        /g14 |  -.3619717   .0329718   -10.98   0.000    -.4265952   -.2973481
     /b_bfvl |  -.1815475    .168338    -1.08   0.281     -.511484     .148389
     /a_pork |    .707571   .2381094     2.97   0.003     .2408851    1.174257
        /g22 |    .349245   .1925399     1.81   0.070    -.0281263    .7266163
        /g24 |  -.1364578   .0398095    -3.43   0.001     -.214483   -.0584326
     /b_pork |  -.3532914   .1777679    -1.99   0.047    -.7017101   -.0048728
     /a_fish |  -.1381039    .280346    -0.49   0.622    -.6875719    .4113642
        /g44 |   .3330494    .041557     8.01   0.000      .251599    .4144997
     /b_fish |   .1920886     .20851     0.92   0.357    -.2165834    .6007606
------------------------------------------------------------------------------
Instruments for equation eq_bfvl: ln_real_x L1_lngp_bfvl L1_lngp_pork L1_lngp_poult L1_lngp_fish _cons
Instruments for equation eq_pork: ln_real_x L1_lngp_bfvl L1_lngp_pork L1_lngp_poult L1_lngp_fish _cons
Instruments for equation eq_fish: ln_real_x L1_lngp_bfvl L1_lngp_pork L1_lngp_poult L1_lngp_fish _cons

Final GMM criterion Q(b) = .8408849

GMM estimation 

Number of parameters =  12
Number of moments    =  18
Initial weight matrix: Unadjusted                 Number of obs   =         40
GMM weight matrix:     Unadjusted

------------------------------------------------------------------------------
             | Coefficient  Std. err.      z    P>|z|     [95% conf. interval]
-------------+----------------------------------------------------------------
     /a_bfvl |   1.012175   .3484979     2.90   0.004     .3291314    1.695218
        /g11 |  -.1139522   .0948363    -1.20   0.230     -.299828    .0719235
        /g12 |  -.2091069    .168793    -1.24   0.215    -.5399352    .1217214
        /g14 |  -.2009516   .0368515    -5.45   0.000    -.2731792   -.1287241
     /b_bfvl |  -.3971255    .258869    -1.53   0.125    -.9044994    .1102484
     /a_pork |  -.0168666   .8131132    -0.02   0.983    -1.610539    1.576806
        /g22 |   .5435628   .7980204     0.68   0.496    -1.020528    2.107654
        /g24 |   -.052796   .1278954    -0.41   0.680    -.3034663    .1978744
     /b_pork |   .1974196   .6040063     0.33   0.744    -.9864111     1.38125
     /a_fish |   .0634957    .189688     0.33   0.738     -.308286    .4352774
        /g44 |   .1763574   .0255922     6.89   0.000     .1261976    .2265173
     /b_fish |   .0409143   .1410125     0.29   0.772    -.2354651    .3172938
------------------------------------------------------------------------------
Instruments for equation eq_bfvl: ln_real_x L1_lngp_bfvl L1_lngp_pork L1_lngp_poult L1_lngp_fish _cons
Instruments for equation eq_pork: ln_real_x L1_lngp_bfvl L1_lngp_pork L1_lngp_poult L1_lngp_fish _cons
Instruments for equation eq_fish: ln_real_x L1_lngp_bfvl L1_lngp_pork L1_lngp_poult L1_lngp_fish _cons

Final GMM criterion Q(b) = 1.166641

GMM estimation 

Number of parameters =  12
Number of moments    =  18
Initial weight matrix: Unadjusted                 Number of obs   =         40
GMM weight matrix:     Unadjusted

------------------------------------------------------------------------------
             | Coefficient  Std. err.      z    P>|z|     [95% conf. interval]
-------------+----------------------------------------------------------------
     /a_bfvl |   .2747189   .3218063     0.85   0.393    -.3560099    .9054476
        /g11 |  -.0376985   .0621125    -0.61   0.544    -.1594367    .0840397
        /g12 |  -.0889593   .0236145    -3.77   0.000    -.1352429   -.0426756
        /g14 |  -.2129532   .0255943    -8.32   0.000    -.2631172   -.1627892
     /b_bfvl |   .1455363   .2393487     0.61   0.543    -.3235785     .614651
     /a_pork |   .4230471    .123561     3.42   0.001     .1808719    .6652222
        /g22 |   .1932769   .0907091     2.13   0.033     .0154903    .3710635
        /g24 |  -.0353438   .0144223    -2.45   0.014     -.063611   -.0070766
     /b_pork |  -.1336442   .0919641    -1.45   0.146    -.3138906    .0466021
     /a_fish |   .4178233   .2069304     2.02   0.043     .0122471    .8233995
        /g44 |   .1728647   .0208001     8.31   0.000     .1320972    .2136322
     /b_fish |  -.2248797    .153977    -1.46   0.144    -.5266689    .0769096
------------------------------------------------------------------------------
Instruments for equation eq_bfvl: ln_real_x L1_lngp_bfvl L1_lngp_pork L1_lngp_poult L1_lngp_fish _cons
Instruments for equation eq_pork: ln_real_x L1_lngp_bfvl L1_lngp_pork L1_lngp_poult L1_lngp_fish _cons
Instruments for equation eq_fish: ln_real_x L1_lngp_bfvl L1_lngp_pork L1_lngp_poult L1_lngp_fish _cons

Final GMM criterion Q(b) = .7288987

GMM estimation 

Number of parameters =  12
Number of moments    =  18
Initial weight matrix: Unadjusted                 Number of obs   =         40
GMM weight matrix:     Unadjusted

------------------------------------------------------------------------------
             | Coefficient  Std. err.      z    P>|z|     [95% conf. interval]
-------------+----------------------------------------------------------------
     /a_bfvl |   .3694989   .2934407     1.26   0.208    -.2056344    .9446322
        /g11 |  -.0676873   .0606697    -1.12   0.265    -.1865978    .0512232
        /g12 |  -.1269578    .026205    -4.84   0.000    -.1783186   -.0755969
        /g14 |  -.1379755    .022991    -6.00   0.000    -.1830371   -.0929139
     /b_bfvl |   .0712509   .2180671     0.33   0.744    -.3561527    .4986544
     /a_pork |   .2985101    .116438     2.56   0.010     .0702958    .5267245
        /g22 |  -.1724648   .1168329    -1.48   0.140    -.4014531    .0565236
        /g24 |   .0259783    .016012     1.62   0.105    -.0054046    .0573612
     /b_pork |  -.0453361   .0863395    -0.53   0.600    -.2145585    .1238863
     /a_fish |   .2134912   .1457247     1.47   0.143     -.072124    .4991063
        /g44 |   .1496041   .0138928    10.77   0.000     .1223748    .1768335
     /b_fish |  -.0703101    .108291    -0.65   0.516    -.2825566    .1419363
------------------------------------------------------------------------------
Instruments for equation eq_bfvl: ln_real_x L1_lngp_bfvl L1_lngp_pork L1_lngp_poult L1_lngp_fish _cons
Instruments for equation eq_pork: ln_real_x L1_lngp_bfvl L1_lngp_pork L1_lngp_poult L1_lngp_fish _cons
Instruments for equation eq_fish: ln_real_x L1_lngp_bfvl L1_lngp_pork L1_lngp_poult L1_lngp_fish _cons

Final GMM criterion Q(b) = 1.459823

GMM estimation 

Number of parameters =  12
Number of moments    =  18
Initial weight matrix: Unadjusted                 Number of obs   =         40
GMM weight matrix:     Unadjusted

------------------------------------------------------------------------------
             | Coefficient  Std. err.      z    P>|z|     [95% conf. interval]
-------------+----------------------------------------------------------------
     /a_bfvl |  -.0872687   .3392624    -0.26   0.797    -.7522108    .5776733
        /g11 |  -.0145883   .0509135    -0.29   0.774    -.1143771    .0852004
        /g12 |    -.08674   .0220618    -3.93   0.000    -.1299803   -.0434996
        /g14 |  -.1300698   .0227624    -5.71   0.000    -.1746833   -.0854564
     /b_bfvl |    .414031   .2519855     1.64   0.100    -.0798516    .9079135
     /a_pork |   .6261066   .1313738     4.77   0.000     .3686187    .8835946
        /g22 |   .0173851   .0782225     0.22   0.824    -.1359282    .1706985
        /g24 |  -.0463087   .0203934    -2.27   0.023     -.086279   -.0063383
     /b_pork |  -.2851961   .0977042    -2.92   0.004    -.4766927   -.0936994
     /a_fish |   .1326844   .2008214     0.66   0.509    -.2609183    .5262871
        /g44 |   .1766671   .0192982     9.15   0.000     .1388433    .2144909
     /b_fish |  -.0143365   .1490805    -0.10   0.923     -.306529     .277856
------------------------------------------------------------------------------
Instruments for equation eq_bfvl: ln_real_x L1_lngp_bfvl L1_lngp_pork L1_lngp_poult L1_lngp_fish _cons
Instruments for equation eq_pork: ln_real_x L1_lngp_bfvl L1_lngp_pork L1_lngp_poult L1_lngp_fish _cons
Instruments for equation eq_fish: ln_real_x L1_lngp_bfvl L1_lngp_pork L1_lngp_poult L1_lngp_fish _cons

Final GMM criterion Q(b) = 1.136508

GMM estimation 

Number of parameters =  12
Number of moments    =  18
Initial weight matrix: Unadjusted                 Number of obs   =         40
GMM weight matrix:     Unadjusted

------------------------------------------------------------------------------
             | Coefficient  Std. err.      z    P>|z|     [95% conf. interval]
-------------+----------------------------------------------------------------
     /a_bfvl |   .4958022   .4020688     1.23   0.218    -.2922381    1.283842
        /g11 |  -.0260047   .0832703    -0.31   0.755    -.1892114    .1372021
        /g12 |  -.0523086   .4147061    -0.13   0.900    -.8651175    .7605004
        /g14 |  -.1831041   .1025286    -1.79   0.074    -.3840564    .0178482
     /b_bfvl |  -.0223968   .3001399    -0.07   0.941    -.6106603    .5658666
     /a_pork |  -1.129379   2.202351    -0.51   0.608    -5.445907    3.187149
        /g22 |   1.980603   3.669218     0.54   0.589    -5.210932    9.172137
        /g24 |  -.3942235   .8783748    -0.45   0.654    -2.115806    1.327359
     /b_pork |   1.033953   1.662883     0.62   0.534    -2.225238    4.293143
     /a_fish |   .2047586   .5460382     0.37   0.708    -.8654565    1.274974
        /g44 |    .243988    .211514     1.15   0.249    -.1705719    .6585478
     /b_fish |  -.0690666   .4117225    -0.17   0.867    -.8760278    .7378947
------------------------------------------------------------------------------
Instruments for equation eq_bfvl: ln_real_x L1_lngp_bfvl L1_lngp_pork L1_lngp_poult L1_lngp_fish _cons
Instruments for equation eq_pork: ln_real_x L1_lngp_bfvl L1_lngp_pork L1_lngp_poult L1_lngp_fish _cons
Instruments for equation eq_fish: ln_real_x L1_lngp_bfvl L1_lngp_pork L1_lngp_poult L1_lngp_fish _cons

Final GMM criterion Q(b) = .4910311

GMM estimation 

Number of parameters =  12
Number of moments    =  18
Initial weight matrix: Unadjusted                 Number of obs   =         40
GMM weight matrix:     Unadjusted

------------------------------------------------------------------------------
             | Coefficient  Std. err.      z    P>|z|     [95% conf. interval]
-------------+----------------------------------------------------------------
     /a_bfvl |   .5638744   .3074956     1.83   0.067    -.0388059    1.166555
        /g11 |  -.3588787   .0828454    -4.33   0.000    -.5212527   -.1965048
        /g12 |  -.2024217   .0439239    -4.61   0.000    -.2885109   -.1163325
        /g14 |  -.0388769   .0280647    -1.39   0.166    -.0938827     .016129
     /b_bfvl |  -.0776188    .228826    -0.34   0.734    -.5261095    .3708718
     /a_pork |   .5004804   .1311341     3.82   0.000     .2434622    .7574986
        /g22 |  -.1200995   .0746471    -1.61   0.108    -.2664052    .0262061
        /g24 |   .0538305   .0278628     1.93   0.053    -.0007796    .1084406
     /b_pork |   -.192316   .0978391    -1.97   0.049    -.3840771   -.0005549
     /a_fish |    .207561   .1039486     2.00   0.046     .0038254    .4112966
        /g44 |   .1103451   .0145241     7.60   0.000     .0818783    .1388118
     /b_fish |  -.0677639   .0773428    -0.88   0.381     -.219353    .0838252
------------------------------------------------------------------------------
Instruments for equation eq_bfvl: ln_real_x L1_lngp_bfvl L1_lngp_pork L1_lngp_poult L1_lngp_fish _cons
Instruments for equation eq_pork: ln_real_x L1_lngp_bfvl L1_lngp_pork L1_lngp_poult L1_lngp_fish _cons
Instruments for equation eq_fish: ln_real_x L1_lngp_bfvl L1_lngp_pork L1_lngp_poult L1_lngp_fish _cons

Final GMM criterion Q(b) = 1.056571

GMM estimation 

Number of parameters =  12
Number of moments    =  18
Initial weight matrix: Unadjusted                 Number of obs   =         40
GMM weight matrix:     Unadjusted

------------------------------------------------------------------------------
             | Coefficient  Std. err.      z    P>|z|     [95% conf. interval]
-------------+----------------------------------------------------------------
     /a_bfvl |   .0264016   .2682761     0.10   0.922      -.49941    .5522131
        /g11 |   -.115929   .0574637    -2.02   0.044    -.2285559   -.0033022
        /g12 |  -.0004896   .0353177    -0.01   0.989    -.0697109    .0687317
        /g14 |    -.15902   .0269413    -5.90   0.000    -.2118241    -.106216
     /b_bfvl |   .3253043   .1995222     1.63   0.103    -.0657521    .7163606
     /a_pork |   .5561704   .1330527     4.18   0.000     .2953919     .816949
        /g22 |   .1695693   .0831179     2.04   0.041     .0066612    .3324774
        /g24 |  -.0792365   .0257794    -3.07   0.002    -.1297631   -.0287099
     /b_pork |  -.2352193   .0990408    -2.37   0.018    -.4293356   -.0411029
     /a_fish |   .0061036   .1541459     0.04   0.968    -.2960168     .308224
        /g44 |   .1935534    .019056    10.16   0.000     .1562043    .2309025
     /b_fish |   .0824148   .1146186     0.72   0.472    -.1422335    .3070632
------------------------------------------------------------------------------
Instruments for equation eq_bfvl: ln_real_x L1_lngp_bfvl L1_lngp_pork L1_lngp_poult L1_lngp_fish _cons
Instruments for equation eq_pork: ln_real_x L1_lngp_bfvl L1_lngp_pork L1_lngp_poult L1_lngp_fish _cons
Instruments for equation eq_fish: ln_real_x L1_lngp_bfvl L1_lngp_pork L1_lngp_poult L1_lngp_fish _cons

Final GMM criterion Q(b) = .9805653

GMM estimation 

Number of parameters =  12
Number of moments    =  18
Initial weight matrix: Unadjusted                 Number of obs   =         40
GMM weight matrix:     Unadjusted

------------------------------------------------------------------------------
             | Coefficient  Std. err.      z    P>|z|     [95% conf. interval]
-------------+----------------------------------------------------------------
     /a_bfvl |   .8376263   .2978283     2.81   0.005     .2538936    1.421359
        /g11 |  -.1060768   .0779996    -1.36   0.174    -.2589532    .0467997
        /g12 |  -.0230919   .0627855    -0.37   0.713    -.1461493    .0999654
        /g14 |  -.1501271   .0328259    -4.57   0.000    -.2144647   -.0857895
     /b_bfvl |  -.2687896   .2221621    -1.21   0.226    -.7042194    .1666401
     /a_pork |   .2458409   .2083011     1.18   0.238    -.1624218    .6541037
        /g22 |   .1535059   .1781338     0.86   0.389    -.1956299    .5026417
        /g24 |  -.0444677   .0428554    -1.04   0.299    -.1284628    .0395274
     /b_pork |  -.0047991    .153727    -0.03   0.975    -.3060985    .2965003
     /a_fish |   .0974615    .128587     0.76   0.448    -.1545644    .3494875
        /g44 |   .1769563   .0194423     9.10   0.000     .1388502    .2150625
     /b_fish |   .0152262   .0958077     0.16   0.874    -.1725533    .2030058
------------------------------------------------------------------------------
Instruments for equation eq_bfvl: ln_real_x L1_lngp_bfvl L1_lngp_pork L1_lngp_poult L1_lngp_fish _cons
Instruments for equation eq_pork: ln_real_x L1_lngp_bfvl L1_lngp_pork L1_lngp_poult L1_lngp_fish _cons
Instruments for equation eq_fish: ln_real_x L1_lngp_bfvl L1_lngp_pork L1_lngp_poult L1_lngp_fish _cons

Final GMM criterion Q(b) = .8529606

GMM estimation 

Number of parameters =  12
Number of moments    =  18
Initial weight matrix: Unadjusted                 Number of obs   =         40
GMM weight matrix:     Unadjusted

------------------------------------------------------------------------------
             | Coefficient  Std. err.      z    P>|z|     [95% conf. interval]
-------------+----------------------------------------------------------------
     /a_bfvl |   .1988186   .2376335     0.84   0.403    -.2669345    .6645717
        /g11 |  -.0916568    .055189    -1.66   0.097    -.1998253    .0165117
        /g12 |  -.0692189   .0496748    -1.39   0.163    -.1665798     .028142
        /g14 |  -.1687977   .0250822    -6.73   0.000    -.2179579   -.1196376
     /b_bfvl |    .193547   .1767033     1.10   0.273    -.1527851    .5398791
     /a_pork |   .2034979   .1253887     1.62   0.105    -.0422595    .4492553
        /g22 |   .1223187    .130201     0.94   0.347    -.1328706    .3775081
        /g24 |  -.0511377   .0394725    -1.30   0.195    -.1285024     .026227
     /b_pork |   .0291967   .0929497     0.31   0.753    -.1529814    .2113747
     /a_fish |   .1727492   .1523424     1.13   0.257    -.1258364    .4713349
        /g44 |    .181231   .0187086     9.69   0.000     .1445627    .2178993
     /b_fish |  -.0411071   .1132619    -0.36   0.717    -.2630963    .1808821
------------------------------------------------------------------------------
Instruments for equation eq_bfvl: ln_real_x L1_lngp_bfvl L1_lngp_pork L1_lngp_poult L1_lngp_fish _cons
Instruments for equation eq_pork: ln_real_x L1_lngp_bfvl L1_lngp_pork L1_lngp_poult L1_lngp_fish _cons
Instruments for equation eq_fish: ln_real_x L1_lngp_bfvl L1_lngp_pork L1_lngp_poult L1_lngp_fish _cons

Final GMM criterion Q(b) = .5684287

GMM estimation 

Number of parameters =  12
Number of moments    =  18
Initial weight matrix: Unadjusted                 Number of obs   =         40
GMM weight matrix:     Unadjusted

------------------------------------------------------------------------------
             | Coefficient  Std. err.      z    P>|z|     [95% conf. interval]
-------------+----------------------------------------------------------------
     /a_bfvl |  -.1201722   .3413806    -0.35   0.725    -.7892659    .5489215
        /g11 |   -.126654   .1015635    -1.25   0.212    -.3257148    .0724067
        /g12 |  -.1018645   .1985694    -0.51   0.608    -.4910533    .2873243
        /g14 |  -.1024551   .0615966    -1.66   0.096    -.2231823     .018272
     /b_bfvl |   .4355828   .2533632     1.72   0.086        -.061    .9321656
     /a_pork |    .192862   .3700125     0.52   0.602    -.5323492    .9180731
        /g22 |   .3885947   .6413713     0.61   0.545    -.8684698    1.645659
        /g24 |  -.0434924   .1750397    -0.25   0.804    -.3865639    .2995791
     /b_pork |   .0392758   .2726714     0.14   0.885    -.4951503    .5737019
     /a_fish |   .3122452   .1569794     1.99   0.047     .0045713    .6199191
        /g44 |    .137875   .0505848     2.73   0.006     .0387307    .2370193
     /b_fish |  -.1457261   .1161964    -1.25   0.210    -.3734669    .0820146
------------------------------------------------------------------------------
Instruments for equation eq_bfvl: ln_real_x L1_lngp_bfvl L1_lngp_pork L1_lngp_poult L1_lngp_fish _cons
Instruments for equation eq_pork: ln_real_x L1_lngp_bfvl L1_lngp_pork L1_lngp_poult L1_lngp_fish _cons
Instruments for equation eq_fish: ln_real_x L1_lngp_bfvl L1_lngp_pork L1_lngp_poult L1_lngp_fish _cons

Final GMM criterion Q(b) = .8008615

GMM estimation 

Number of parameters =  12
Number of moments    =  18
Initial weight matrix: Unadjusted                 Number of obs   =         40
GMM weight matrix:     Unadjusted

------------------------------------------------------------------------------
             | Coefficient  Std. err.      z    P>|z|     [95% conf. interval]
-------------+----------------------------------------------------------------
     /a_bfvl |   .2377661   .3147385     0.76   0.450    -.3791101    .8546423
        /g11 |  -.1749358   .0638545    -2.74   0.006    -.3000883   -.0497834
        /g12 |  -.1826874   .0408803    -4.47   0.000    -.2628113   -.1025635
        /g14 |  -.1173624    .027637    -4.25   0.000      -.17153   -.0631949
     /b_bfvl |   .1728121   .2333815     0.74   0.459    -.2846071    .6302314
     /a_pork |   .3275817      .1705     1.92   0.055    -.0065922    .6617556
        /g22 |  -.2354999   .1378655    -1.71   0.088    -.5057114    .0347116
        /g24 |   .0704298   .0269422     2.61   0.009      .017624    .1232355
     /b_pork |  -.0634294   .1263621    -0.50   0.616    -.3110946    .1842358
     /a_fish |  -.0596559   .1569304    -0.38   0.704    -.3672338     .247922
        /g44 |   .1500887   .0176188     8.52   0.000     .1155566    .1846209
     /b_fish |   .1303337   .1163561     1.12   0.263    -.0977201    .3583874
------------------------------------------------------------------------------
Instruments for equation eq_bfvl: ln_real_x L1_lngp_bfvl L1_lngp_pork L1_lngp_poult L1_lngp_fish _cons
Instruments for equation eq_pork: ln_real_x L1_lngp_bfvl L1_lngp_pork L1_lngp_poult L1_lngp_fish _cons
Instruments for equation eq_fish: ln_real_x L1_lngp_bfvl L1_lngp_pork L1_lngp_poult L1_lngp_fish _cons

Final GMM criterion Q(b) = .8498633

GMM estimation 

Number of parameters =  12
Number of moments    =  18
Initial weight matrix: Unadjusted                 Number of obs   =         40
GMM weight matrix:     Unadjusted

------------------------------------------------------------------------------
             | Coefficient  Std. err.      z    P>|z|     [95% conf. interval]
-------------+----------------------------------------------------------------
     /a_bfvl |   .1752466   .2612258     0.67   0.502    -.3367466    .6872398
        /g11 |  -.2316164    .057159    -4.05   0.000     -.343646   -.1195868
        /g12 |   -.066284   .0300123    -2.21   0.027    -.1251071    -.007461
        /g14 |  -.1398251   .0230116    -6.08   0.000    -.1849271   -.0947232
     /b_bfvl |   .2155281   .1941497     1.11   0.267    -.1649983    .5960545
     /a_pork |   .4482929   .0964029     4.65   0.000     .2593467     .637239
        /g22 |   .0436176   .0631373     0.69   0.490    -.0801292    .1673645
        /g24 |  -.0178877   .0147999    -1.21   0.227    -.0468951    .0111196
     /b_pork |  -.1549757   .0718336    -2.16   0.031     -.295767   -.0141844
     /a_fish |   .3394095   .1436185     2.36   0.018     .0579224    .6208967
        /g44 |      .1725   .0137264    12.57   0.000     .1455968    .1994032
     /b_fish |  -.1670692   .1066501    -1.57   0.117    -.3760995    .0419612
------------------------------------------------------------------------------
Instruments for equation eq_bfvl: ln_real_x L1_lngp_bfvl L1_lngp_pork L1_lngp_poult L1_lngp_fish _cons
Instruments for equation eq_pork: ln_real_x L1_lngp_bfvl L1_lngp_pork L1_lngp_poult L1_lngp_fish _cons
Instruments for equation eq_fish: ln_real_x L1_lngp_bfvl L1_lngp_pork L1_lngp_poult L1_lngp_fish _cons

Final GMM criterion Q(b) = .4928167

GMM estimation 

Number of parameters =  12
Number of moments    =  18
Initial weight matrix: Unadjusted                 Number of obs   =         40
GMM weight matrix:     Unadjusted

------------------------------------------------------------------------------
             | Coefficient  Std. err.      z    P>|z|     [95% conf. interval]
-------------+----------------------------------------------------------------
     /a_bfvl |   .2241667   .3409699     0.66   0.511     -.444122    .8924555
        /g11 |  -.0865816   .0842753    -1.03   0.304    -.2517582     .078595
        /g12 |  -.1289761   .0294722    -4.38   0.000    -.1867405   -.0712116
        /g14 |  -.1509335   .0288695    -5.23   0.000    -.2075168   -.0943502
     /b_bfvl |   .1857371    .254341     0.73   0.465     -.312762    .6842363
     /a_pork |   .4231747   .1162947     3.64   0.000     .1952412    .6511082
        /g22 |  -.0072798   .0916329    -0.08   0.937     -.186877    .1723175
        /g24 |   .0191391   .0168852     1.13   0.257    -.0139554    .0522335
     /b_pork |   -.134171   .0867645    -1.55   0.122    -.3042263    .0358842
     /a_fish |   .1499145   .1482562     1.01   0.312    -.1406623    .4404914
        /g44 |   .1554313   .0152499    10.19   0.000      .125542    .1853205
     /b_fish |  -.0260966   .1105917    -0.24   0.813    -.2428524    .1906592
------------------------------------------------------------------------------
Instruments for equation eq_bfvl: ln_real_x L1_lngp_bfvl L1_lngp_pork L1_lngp_poult L1_lngp_fish _cons
Instruments for equation eq_pork: ln_real_x L1_lngp_bfvl L1_lngp_pork L1_lngp_poult L1_lngp_fish _cons
Instruments for equation eq_fish: ln_real_x L1_lngp_bfvl L1_lngp_pork L1_lngp_poult L1_lngp_fish _cons

Final GMM criterion Q(b) = 1.272454

GMM estimation 

Number of parameters =  12
Number of moments    =  18
Initial weight matrix: Unadjusted                 Number of obs   =         40
GMM weight matrix:     Unadjusted

------------------------------------------------------------------------------
             | Coefficient  Std. err.      z    P>|z|     [95% conf. interval]
-------------+----------------------------------------------------------------
     /a_bfvl |   .6084768   .2276129     2.67   0.008     .1623637     1.05459
        /g11 |     -.0888   .0504904    -1.76   0.079    -.1877594    .0101594
        /g12 |  -.0890588   .0297981    -2.99   0.003     -.147462   -.0306556
        /g14 |  -.1602154   .0229311    -6.99   0.000    -.2051595   -.1152713
     /b_bfvl |  -.1057527   .1689841    -0.63   0.531    -.4369555    .2254501
     /a_pork |   .4546733   .1283349     3.54   0.000     .2031415    .7062052
        /g22 |   .1023507   .1278004     0.80   0.423    -.1481334    .3528348
        /g24 |  -.0517567   .0359421    -1.44   0.150    -.1222019    .0186886
     /b_pork |   -.156369   .0950407    -1.65   0.100    -.3426453    .0299072
     /a_fish |  -.0881966   .1354825    -0.65   0.515    -.3537375    .1773443
        /g44 |   .1965062   .0183598    10.70   0.000     .1605216    .2324908
     /b_fish |   .1548603   .1005346     1.54   0.123     -.042184    .3519045
------------------------------------------------------------------------------
Instruments for equation eq_bfvl: ln_real_x L1_lngp_bfvl L1_lngp_pork L1_lngp_poult L1_lngp_fish _cons
Instruments for equation eq_pork: ln_real_x L1_lngp_bfvl L1_lngp_pork L1_lngp_poult L1_lngp_fish _cons
Instruments for equation eq_fish: ln_real_x L1_lngp_bfvl L1_lngp_pork L1_lngp_poult L1_lngp_fish _cons

Final GMM criterion Q(b) = .6454497

GMM estimation 

Number of parameters =  12
Number of moments    =  18
Initial weight matrix: Unadjusted                 Number of obs   =         40
GMM weight matrix:     Unadjusted

------------------------------------------------------------------------------
             | Coefficient  Std. err.      z    P>|z|     [95% conf. interval]
-------------+----------------------------------------------------------------
     /a_bfvl |  -.2776371    .241851    -1.15   0.251    -.7516563    .1963822
        /g11 |   -.202381   .0601999    -3.36   0.001    -.3203706   -.0843914
        /g12 |  -.1715514   .0366134    -4.69   0.000    -.2433123   -.0997904
        /g14 |   -.091124   .0240973    -3.78   0.000    -.1383538   -.0438941
     /b_bfvl |   .5536351   .1803057     3.07   0.002     .2002423    .9070278
     /a_pork |   .1380212    .117355     1.18   0.240    -.0919903    .3680327
        /g22 |  -.1417005   .0868803    -1.63   0.103    -.3119828    .0285818
        /g24 |    .044102   .0220035     2.00   0.045     .0009759    .0872282
     /b_pork |   .0736492   .0872055     0.84   0.398    -.0972705     .244569
     /a_fish |   .4589545    .114155     4.02   0.000     .2352148    .6826941
        /g44 |   .1361881   .0132347    10.29   0.000     .1102485    .1621277
     /b_fish |  -.2550818   .0850683    -3.00   0.003    -.4218127   -.0883509
------------------------------------------------------------------------------
Instruments for equation eq_bfvl: ln_real_x L1_lngp_bfvl L1_lngp_pork L1_lngp_poult L1_lngp_fish _cons
Instruments for equation eq_pork: ln_real_x L1_lngp_bfvl L1_lngp_pork L1_lngp_poult L1_lngp_fish _cons
Instruments for equation eq_fish: ln_real_x L1_lngp_bfvl L1_lngp_pork L1_lngp_poult L1_lngp_fish _cons

Final GMM criterion Q(b) = .6429677

GMM estimation 

Number of parameters =  12
Number of moments    =  18
Initial weight matrix: Unadjusted                 Number of obs   =         40
GMM weight matrix:     Unadjusted

------------------------------------------------------------------------------
             | Coefficient  Std. err.      z    P>|z|     [95% conf. interval]
-------------+----------------------------------------------------------------
     /a_bfvl |  -.1304342    .301577    -0.43   0.665    -.7215143    .4606458
        /g11 |  -.1862495   .0812373    -2.29   0.022    -.3454717   -.0270274
        /g12 |  -.2068277   .2247614    -0.92   0.357    -.6473519    .2336965
        /g14 |  -.0833139   .0538078    -1.55   0.122    -.1887752    .0221474
     /b_bfvl |   .4374534   .2245484     1.95   0.051    -.0026534    .8775603
     /a_pork |   .3200199    .624621     0.51   0.608    -.9042148    1.544255
        /g22 |    .314895   1.191295     0.26   0.792    -2.020001    2.649791
        /g24 |   .0072193   .2539586     0.03   0.977    -.4905305    .5049691
     /b_pork |  -.0582883   .4587211    -0.13   0.899    -.9573652    .8407885
     /a_fish |   .2317703   .1695967     1.37   0.172    -.1006332    .5641738
        /g44 |   .1257647   .0563559     2.23   0.026     .0153092    .2362201
     /b_fish |  -.0844174   .1252881    -0.67   0.500    -.3299775    .1611428
------------------------------------------------------------------------------
Instruments for equation eq_bfvl: ln_real_x L1_lngp_bfvl L1_lngp_pork L1_lngp_poult L1_lngp_fish _cons
Instruments for equation eq_pork: ln_real_x L1_lngp_bfvl L1_lngp_pork L1_lngp_poult L1_lngp_fish _cons
Instruments for equation eq_fish: ln_real_x L1_lngp_bfvl L1_lngp_pork L1_lngp_poult L1_lngp_fish _cons

Final GMM criterion Q(b) = .9549525

GMM estimation 

Number of parameters =  12
Number of moments    =  18
Initial weight matrix: Unadjusted                 Number of obs   =         40
GMM weight matrix:     Unadjusted

------------------------------------------------------------------------------
             | Coefficient  Std. err.      z    P>|z|     [95% conf. interval]
-------------+----------------------------------------------------------------
     /a_bfvl |  -.0513261   .2798834    -0.18   0.854    -.5998876    .4972354
        /g11 |   .1015026    .060874     1.67   0.095    -.0178082    .2208134
        /g12 |  -.0316004   .0358747    -0.88   0.378    -.1019135    .0387126
        /g14 |  -.2130162   .0251216    -8.48   0.000    -.2622536   -.1637789
     /b_bfvl |   .3859823    .209046     1.85   0.065    -.0237403     .795705
     /a_pork |   .4772053   .1267583     3.76   0.000     .2287637    .7256469
        /g22 |   .1251309   .1257309     1.00   0.320    -.1212972    .3715589
        /g24 |  -.0516549   .0309338    -1.67   0.095    -.1122841    .0089744
     /b_pork |  -.1737988   .0946419    -1.84   0.066    -.3592936     .011696
     /a_fish |   .0093729   .1765414     0.05   0.958    -.3366419    .3553876
        /g44 |   .1767833   .0182013     9.71   0.000     .1411095    .2124572
     /b_fish |   .0791142   .1318317     0.60   0.548    -.1792712    .3374995
------------------------------------------------------------------------------
Instruments for equation eq_bfvl: ln_real_x L1_lngp_bfvl L1_lngp_pork L1_lngp_poult L1_lngp_fish _cons
Instruments for equation eq_pork: ln_real_x L1_lngp_bfvl L1_lngp_pork L1_lngp_poult L1_lngp_fish _cons
Instruments for equation eq_fish: ln_real_x L1_lngp_bfvl L1_lngp_pork L1_lngp_poult L1_lngp_fish _cons

Final GMM criterion Q(b) = 1.115919

GMM estimation 

Number of parameters =  12
Number of moments    =  18
Initial weight matrix: Unadjusted                 Number of obs   =         40
GMM weight matrix:     Unadjusted

------------------------------------------------------------------------------
             | Coefficient  Std. err.      z    P>|z|     [95% conf. interval]
-------------+----------------------------------------------------------------
     /a_bfvl |   .5525339   .2332556     2.37   0.018     .0953613    1.009706
        /g11 |  -.1352459   .0564868    -2.39   0.017     -.245958   -.0245339
        /g12 |  -.1611293   .0349393    -4.61   0.000    -.2296092   -.0926495
        /g14 |  -.1890897   .0280275    -6.75   0.000    -.2440225   -.1341568
     /b_bfvl |  -.0616158   .1733731    -0.36   0.722    -.4014208    .2781892
     /a_pork |   .3019604   .1215963     2.48   0.013      .063636    .5402848
        /g22 |  -.0432891   .1129639    -0.38   0.702    -.2646944    .1781161
        /g24 |   .0485078    .018078     2.68   0.007     .0130756      .08394
     /b_pork |  -.0454741   .0909112    -0.50   0.617    -.2236567    .1327086
     /a_fish |     .07319    .159262     0.46   0.646    -.2389578    .3853379
        /g44 |   .2120609   .0196539    10.79   0.000       .17354    .2505818
     /b_fish |   .0313265   .1183451     0.26   0.791    -.2006257    .2632786
------------------------------------------------------------------------------
Instruments for equation eq_bfvl: ln_real_x L1_lngp_bfvl L1_lngp_pork L1_lngp_poult L1_lngp_fish _cons
Instruments for equation eq_pork: ln_real_x L1_lngp_bfvl L1_lngp_pork L1_lngp_poult L1_lngp_fish _cons
Instruments for equation eq_fish: ln_real_x L1_lngp_bfvl L1_lngp_pork L1_lngp_poult L1_lngp_fish _cons

Final GMM criterion Q(b) = .9025366

GMM estimation 

Number of parameters =  12
Number of moments    =  18
Initial weight matrix: Unadjusted                 Number of obs   =         40
GMM weight matrix:     Unadjusted

------------------------------------------------------------------------------
             | Coefficient  Std. err.      z    P>|z|     [95% conf. interval]
-------------+----------------------------------------------------------------
     /a_bfvl |   .2270224   .2730947     0.83   0.406    -.3082334    .7622781
        /g11 |  -.0078908   .0654343    -0.12   0.904    -.1361396     .120358
        /g12 |  -.0280051   .0417113    -0.67   0.502    -.1097577    .0537475
        /g14 |  -.1920837   .0242649    -7.92   0.000    -.2396419   -.1445254
     /b_bfvl |   .1847345   .2034716     0.91   0.364    -.2140624    .5835314
     /a_pork |   .3274616   .1405917     2.33   0.020     .0519069    .6030162
        /g22 |   .0958071   .1595371     0.60   0.548    -.2168798     .408494
        /g24 |  -.0364554   .0310358    -1.17   0.240    -.0972845    .0243737
     /b_pork |  -.0629038   .1042563    -0.60   0.546    -.2672425    .1414348
     /a_fish |   .1613382   .1505776     1.07   0.284    -.1337884    .4564649
        /g44 |   .1753057   .0150909    11.62   0.000      .145728    .2048833
     /b_fish |  -.0342314   .1121857    -0.31   0.760    -.2541114    .1856485
------------------------------------------------------------------------------
Instruments for equation eq_bfvl: ln_real_x L1_lngp_bfvl L1_lngp_pork L1_lngp_poult L1_lngp_fish _cons
Instruments for equation eq_pork: ln_real_x L1_lngp_bfvl L1_lngp_pork L1_lngp_poult L1_lngp_fish _cons
Instruments for equation eq_fish: ln_real_x L1_lngp_bfvl L1_lngp_pork L1_lngp_poult L1_lngp_fish _cons

Final GMM criterion Q(b) = .6021881

GMM estimation 

Number of parameters =  12
Number of moments    =  18
Initial weight matrix: Unadjusted                 Number of obs   =         40
GMM weight matrix:     Unadjusted

------------------------------------------------------------------------------
             | Coefficient  Std. err.      z    P>|z|     [95% conf. interval]
-------------+----------------------------------------------------------------
     /a_bfvl |   .1203501   .3532309     0.34   0.733    -.5719698    .8126699
        /g11 |  -.2036041   .0792421    -2.57   0.010    -.3589157   -.0482926
        /g12 |  -.1306872   .0613459    -2.13   0.033    -.2509229   -.0104516
        /g14 |  -.1115962   .0309909    -3.60   0.000    -.1723373   -.0508552
     /b_bfvl |   .2580377   .2627675     0.98   0.326    -.2569771    .7730524
     /a_pork |   .4405682   .1176688     3.74   0.000     .2099417    .6711948
        /g22 |  -.0485217   .1617115    -0.30   0.764    -.3654703     .268427
        /g24 |   .0141081    .041704     0.34   0.735    -.0676302    .0958464
     /b_pork |  -.1475172   .0873292    -1.69   0.091    -.3186794    .0236449
     /a_fish |   .1810887   .1539142     1.18   0.239    -.1205776    .4827551
        /g44 |   .1535762   .0185913     8.26   0.000     .1171379    .1900146
     /b_fish |  -.0489818   .1144442    -0.43   0.669    -.2732884    .1753247
------------------------------------------------------------------------------
Instruments for equation eq_bfvl: ln_real_x L1_lngp_bfvl L1_lngp_pork L1_lngp_poult L1_lngp_fish _cons
Instruments for equation eq_pork: ln_real_x L1_lngp_bfvl L1_lngp_pork L1_lngp_poult L1_lngp_fish _cons
Instruments for equation eq_fish: ln_real_x L1_lngp_bfvl L1_lngp_pork L1_lngp_poult L1_lngp_fish _cons

Final GMM criterion Q(b) = .6965646

GMM estimation 

Number of parameters =  12
Number of moments    =  18
Initial weight matrix: Unadjusted                 Number of obs   =         40
GMM weight matrix:     Unadjusted

------------------------------------------------------------------------------
             | Coefficient  Std. err.      z    P>|z|     [95% conf. interval]
-------------+----------------------------------------------------------------
     /a_bfvl |  -.0365079   .3083933    -0.12   0.906    -.6409476    .5679319
        /g11 |  -.1639706    .079973    -2.05   0.040    -.3207148   -.0072263
        /g12 |  -.0704564   .0291103    -2.42   0.016    -.1275115   -.0134014
        /g14 |  -.1283214   .0268869    -4.77   0.000    -.1810189    -.075624
     /b_bfvl |   .3773324   .2301123     1.64   0.101    -.0736794    .8283441
     /a_pork |   .2412653   .0947928     2.55   0.011     .0554749    .4270557
        /g22 |   .0322912   .0581289     0.56   0.579    -.0816393    .1462217
        /g24 |  -.0313867   .0179458    -1.75   0.080    -.0665598    .0037864
     /b_pork |   .0009524   .0707244     0.01   0.989    -.1376649    .1395697
     /a_fish |    .297658   .1379009     2.16   0.031     .0273773    .5679387
        /g44 |   .1592446   .0150926    10.55   0.000     .1296636    .1888255
     /b_fish |  -.1358401   .1028995    -1.32   0.187    -.3375194    .0658392
------------------------------------------------------------------------------
Instruments for equation eq_bfvl: ln_real_x L1_lngp_bfvl L1_lngp_pork L1_lngp_poult L1_lngp_fish _cons
Instruments for equation eq_pork: ln_real_x L1_lngp_bfvl L1_lngp_pork L1_lngp_poult L1_lngp_fish _cons
Instruments for equation eq_fish: ln_real_x L1_lngp_bfvl L1_lngp_pork L1_lngp_poult L1_lngp_fish _cons

Final GMM criterion Q(b) =   1.6565

GMM estimation 

Number of parameters =  12
Number of moments    =  18
Initial weight matrix: Unadjusted                 Number of obs   =         40
GMM weight matrix:     Unadjusted

------------------------------------------------------------------------------
             | Coefficient  Std. err.      z    P>|z|     [95% conf. interval]
-------------+----------------------------------------------------------------
     /a_bfvl |   .1131124   .2151532     0.53   0.599    -.3085801    .5348048
        /g11 |  -.0949417   .0535573    -1.77   0.076     -.199912    .0100286
        /g12 |  -.0851525   .0297908    -2.86   0.004    -.1435413   -.0267636
        /g14 |  -.1780903   .0282965    -6.29   0.000    -.2335503   -.1226302
     /b_bfvl |   .2637307   .1605665     1.64   0.100    -.0509739    .5784354
     /a_pork |   .3923485   .0958101     4.10   0.000     .2045642    .5801328
        /g22 |   .0199707   .0627911     0.32   0.750    -.1030975     .143039
        /g24 |  -.0090126   .0178533    -0.50   0.614    -.0440045    .0259793
     /b_pork |  -.1119718   .0715363    -1.57   0.118    -.2521803    .0282367
     /a_fish |  -.0918551   .1470688    -0.62   0.532    -.3801047    .1963946
        /g44 |   .2079382   .0232139     8.96   0.000     .1624398    .2534367
     /b_fish |   .1539873   .1095536     1.41   0.160    -.0607339    .3687085
------------------------------------------------------------------------------
Instruments for equation eq_bfvl: ln_real_x L1_lngp_bfvl L1_lngp_pork L1_lngp_poult L1_lngp_fish _cons
Instruments for equation eq_pork: ln_real_x L1_lngp_bfvl L1_lngp_pork L1_lngp_poult L1_lngp_fish _cons
Instruments for equation eq_fish: ln_real_x L1_lngp_bfvl L1_lngp_pork L1_lngp_poult L1_lngp_fish _cons

Final GMM criterion Q(b) = .9837014

GMM estimation 

Number of parameters =  12
Number of moments    =  18
Initial weight matrix: Unadjusted                 Number of obs   =         40
GMM weight matrix:     Unadjusted

------------------------------------------------------------------------------
             | Coefficient  Std. err.      z    P>|z|     [95% conf. interval]
-------------+----------------------------------------------------------------
     /a_bfvl |  -.0666002   .2424186    -0.27   0.784    -.5417318    .4085315
        /g11 |   .0603687   .0554752     1.09   0.277    -.0483606     .169098
        /g12 |   .1092061   .0523304     2.09   0.037     .0066403    .2117719
        /g14 |  -.2487081   .0247024   -10.07   0.000     -.297124   -.2002923
     /b_bfvl |   .4031411   .1813479     2.22   0.026     .0477057    .7585765
     /a_pork |   .0083823   .2018524     0.04   0.967    -.3872411    .4040057
        /g22 |    .258639   .1252886     2.06   0.039     .0130779    .5042002
        /g24 |  -.0941485   .0296945    -3.17   0.002    -.1523486   -.0359484
     /b_pork |   .1743439   .1507152     1.16   0.247    -.1210525    .4697403
     /a_fish |   .4240356   .1890992     2.24   0.025     .0534079    .7946632
        /g44 |   .2090484   .0183959    11.36   0.000      .172993    .2451037
     /b_fish |  -.2304066   .1414919    -1.63   0.103    -.5077256    .0469124
------------------------------------------------------------------------------
Instruments for equation eq_bfvl: ln_real_x L1_lngp_bfvl L1_lngp_pork L1_lngp_poult L1_lngp_fish _cons
Instruments for equation eq_pork: ln_real_x L1_lngp_bfvl L1_lngp_pork L1_lngp_poult L1_lngp_fish _cons
Instruments for equation eq_fish: ln_real_x L1_lngp_bfvl L1_lngp_pork L1_lngp_poult L1_lngp_fish _cons

Final GMM criterion Q(b) =  .379607

GMM estimation 

Number of parameters =  12
Number of moments    =  18
Initial weight matrix: Unadjusted                 Number of obs   =         40
GMM weight matrix:     Unadjusted

------------------------------------------------------------------------------
             | Coefficient  Std. err.      z    P>|z|     [95% conf. interval]
-------------+----------------------------------------------------------------
     /a_bfvl |   .3992444   .3160444     1.26   0.206    -.2201912     1.01868
        /g11 |  -.3705912   .1314177    -2.82   0.005    -.6281653   -.1130172
        /g12 |  -.3721526   .0866849    -4.29   0.000    -.5420519   -.2022533
        /g14 |  -.0122089   .0516913    -0.24   0.813    -.1135219    .0891041
     /b_bfvl |   .0515167   .2358028     0.22   0.827    -.4106482    .5136817
     /a_pork |   .2264373    .185861     1.22   0.223    -.1378436    .5907181
        /g22 |  -.3663501   .1468612    -2.49   0.013    -.6541928   -.0785074
        /g24 |   .1578176   .0430196     3.67   0.000     .0735007    .2421345
     /b_pork |   .0162835   .1391385     0.12   0.907    -.2564229    .2889899
     /a_fish |   .2575431   .1126823     2.29   0.022     .0366898    .4783963
        /g44 |   .0909318   .0245733     3.70   0.000      .042769    .1390946
     /b_fish |   -.105496   .0840959    -1.25   0.210     -.270321     .059329
------------------------------------------------------------------------------
Instruments for equation eq_bfvl: ln_real_x L1_lngp_bfvl L1_lngp_pork L1_lngp_poult L1_lngp_fish _cons
Instruments for equation eq_pork: ln_real_x L1_lngp_bfvl L1_lngp_pork L1_lngp_poult L1_lngp_fish _cons
Instruments for equation eq_fish: ln_real_x L1_lngp_bfvl L1_lngp_pork L1_lngp_poult L1_lngp_fish _cons

Final GMM criterion Q(b) = .9736655

GMM estimation 

Number of parameters =  12
Number of moments    =  18
Initial weight matrix: Unadjusted                 Number of obs   =         40
GMM weight matrix:     Unadjusted

------------------------------------------------------------------------------
             | Coefficient  Std. err.      z    P>|z|     [95% conf. interval]
-------------+----------------------------------------------------------------
     /a_bfvl |   .2941867   .2730397     1.08   0.281    -.2409612    .8293347
        /g11 |    .087193   .0669312     1.30   0.193    -.0439897    .2183757
        /g12 |   .0929369   .0362063     2.57   0.010     .0219739    .1638999
        /g14 |   -.243721   .0253696    -9.61   0.000    -.2934444   -.1939975
     /b_bfvl |    .135246   .2030235     0.67   0.505    -.2626726    .5331647
     /a_pork |   .1856468   .1608435     1.15   0.248    -.1296006    .5008943
        /g22 |   .0800729   .0698114     1.15   0.251    -.0567549    .2169006
        /g24 |  -.0646938   .0185081    -3.50   0.000    -.1009691   -.0284185
     /b_pork |   .0425152   .1194894     0.36   0.722    -.1916796      .27671
     /a_fish |   .3629313   .1765592     2.06   0.040     .0168815     .708981
        /g44 |    .189716   .0163481    11.60   0.000     .1576743    .2217578
     /b_fish |  -.1845165   .1313122    -1.41   0.160    -.4418836    .0728506
------------------------------------------------------------------------------
Instruments for equation eq_bfvl: ln_real_x L1_lngp_bfvl L1_lngp_pork L1_lngp_poult L1_lngp_fish _cons
Instruments for equation eq_pork: ln_real_x L1_lngp_bfvl L1_lngp_pork L1_lngp_poult L1_lngp_fish _cons
Instruments for equation eq_fish: ln_real_x L1_lngp_bfvl L1_lngp_pork L1_lngp_poult L1_lngp_fish _cons

Final GMM criterion Q(b) = 1.003198

GMM estimation 

Number of parameters =  12
Number of moments    =  18
Initial weight matrix: Unadjusted                 Number of obs   =         40
GMM weight matrix:     Unadjusted

------------------------------------------------------------------------------
             | Coefficient  Std. err.      z    P>|z|     [95% conf. interval]
-------------+----------------------------------------------------------------
     /a_bfvl |   .1681723   .2631821     0.64   0.523    -.3476551    .6839997
        /g11 |  -.1217682   .0684214    -1.78   0.075    -.2558717    .0123354
        /g12 |  -.1190582   .0453165    -2.63   0.009    -.2078769   -.0302395
        /g14 |  -.1446761   .0296727    -4.88   0.000    -.2028335   -.0865188
     /b_bfvl |   .2224237   .1956061     1.14   0.255    -.1609572    .6058046
     /a_pork |   .3442762   .0997795     3.45   0.001      .148712    .5398404
        /g22 |  -.0507246    .090642    -0.56   0.576    -.2283796    .1269305
        /g24 |   .0021888   .0281866     0.08   0.938     -.053056    .0574336
     /b_pork |  -.0758444   .0742931    -1.02   0.307    -.2214563    .0697675
     /a_fish |   .3182976    .147074     2.16   0.030     .0300379    .6065574
        /g44 |   .1647774   .0190221     8.66   0.000     .1274946    .2020601
     /b_fish |  -.1493538   .1093462    -1.37   0.172    -.3636684    .0649607
------------------------------------------------------------------------------
Instruments for equation eq_bfvl: ln_real_x L1_lngp_bfvl L1_lngp_pork L1_lngp_poult L1_lngp_fish _cons
Instruments for equation eq_pork: ln_real_x L1_lngp_bfvl L1_lngp_pork L1_lngp_poult L1_lngp_fish _cons
Instruments for equation eq_fish: ln_real_x L1_lngp_bfvl L1_lngp_pork L1_lngp_poult L1_lngp_fish _cons

Final GMM criterion Q(b) = .6733296

GMM estimation 

Number of parameters =  12
Number of moments    =  18
Initial weight matrix: Unadjusted                 Number of obs   =         40
GMM weight matrix:     Unadjusted

------------------------------------------------------------------------------
             | Coefficient  Std. err.      z    P>|z|     [95% conf. interval]
-------------+----------------------------------------------------------------
     /a_bfvl |   .1109289   .2441547     0.45   0.650    -.3676056    .5894633
        /g11 |  -.1115897   .0659474    -1.69   0.091    -.2408443    .0176649
        /g12 |    .055491   .0757333     0.73   0.464    -.0929436    .2039256
        /g14 |  -.1532342   .0316703    -4.84   0.000    -.2153068   -.0911616
     /b_bfvl |   .2658464   .1821282     1.46   0.144    -.0911183    .6228111
     /a_pork |   .3728319    .169933     2.19   0.028     .0397694    .7058945
        /g22 |   .2754995   .1626722     1.69   0.090    -.0433321    .5943311
        /g24 |  -.1212111   .0528377    -2.29   0.022     -.224771   -.0176511
     /b_pork |  -.0976907   .1268697    -0.77   0.441    -.3463507    .1509694
     /a_fish |   .2705872    .113077     2.39   0.017     .0489605     .492214
        /g44 |    .184373   .0211834     8.70   0.000     .1428543    .2258916
     /b_fish |  -.1136784   .0843695    -1.35   0.178    -.2790396    .0516828
------------------------------------------------------------------------------
Instruments for equation eq_bfvl: ln_real_x L1_lngp_bfvl L1_lngp_pork L1_lngp_poult L1_lngp_fish _cons
Instruments for equation eq_pork: ln_real_x L1_lngp_bfvl L1_lngp_pork L1_lngp_poult L1_lngp_fish _cons
Instruments for equation eq_fish: ln_real_x L1_lngp_bfvl L1_lngp_pork L1_lngp_poult L1_lngp_fish _cons

Final GMM criterion Q(b) = 1.479723

GMM estimation 

Number of parameters =  12
Number of moments    =  18
Initial weight matrix: Unadjusted                 Number of obs   =         40
GMM weight matrix:     Unadjusted

------------------------------------------------------------------------------
             | Coefficient  Std. err.      z    P>|z|     [95% conf. interval]
-------------+----------------------------------------------------------------
     /a_bfvl |   .3428625    .254573     1.35   0.178    -.1560915    .8418165
        /g11 |  -.1582706   .0442214    -3.58   0.000    -.2449429   -.0715982
        /g12 |  -.0749507    .027751    -2.70   0.007    -.1293417   -.0205598
        /g14 |  -.1305354   .0230545    -5.66   0.000    -.1757215   -.0853494
     /b_bfvl |   .0902405   .1893001     0.48   0.634    -.2807809    .4612619
     /a_pork |   .5552589   .1103876     5.03   0.000     .3389032    .7716147
        /g22 |    .073976   .0825581     0.90   0.370    -.0878349    .2357868
        /g24 |  -.0646447   .0191288    -3.38   0.001    -.1021365   -.0271529
     /b_pork |   -.232957   .0819822    -2.84   0.004    -.3936391   -.0722748
     /a_fish |   .1013818   .1691836     0.60   0.549    -.2302121    .4329756
        /g44 |   .2039983   .0220597     9.25   0.000     .1607622    .2472345
     /b_fish |   .0097138   .1255539     0.08   0.938    -.2363673    .2557948
------------------------------------------------------------------------------
Instruments for equation eq_bfvl: ln_real_x L1_lngp_bfvl L1_lngp_pork L1_lngp_poult L1_lngp_fish _cons
Instruments for equation eq_pork: ln_real_x L1_lngp_bfvl L1_lngp_pork L1_lngp_poult L1_lngp_fish _cons
Instruments for equation eq_fish: ln_real_x L1_lngp_bfvl L1_lngp_pork L1_lngp_poult L1_lngp_fish _cons

Final GMM criterion Q(b) = .8149573

GMM estimation 

Number of parameters =  12
Number of moments    =  18
Initial weight matrix: Unadjusted                 Number of obs   =         40
GMM weight matrix:     Unadjusted

------------------------------------------------------------------------------
             | Coefficient  Std. err.      z    P>|z|     [95% conf. interval]
-------------+----------------------------------------------------------------
     /a_bfvl |   .1952288   .2738592     0.71   0.476    -.3415253     .731983
        /g11 |  -.1874229   .0653645    -2.87   0.004    -.3155351   -.0593108
        /g12 |  -.1306916   .0276445    -4.73   0.000    -.1848739   -.0765093
        /g14 |  -.1209037   .0251424    -4.81   0.000    -.1701819   -.0716255
     /b_bfvl |   .1989111     .20318     0.98   0.328    -.1993143    .5971365
     /a_pork |   .2954825   .0923181     3.20   0.001     .1145423    .4764227
        /g22 |  -.0617291    .087184    -0.71   0.479    -.2326065    .1091483
        /g24 |   .0096679   .0224809     0.43   0.667    -.0343938    .0537297
     /b_pork |  -.0401338   .0683374    -0.59   0.557    -.1740727    .0938051
     /a_fish |   .2241232   .1413286     1.59   0.113    -.0528757    .5011221
        /g44 |   .1551091   .0154292    10.05   0.000     .1248685    .1853498
     /b_fish |  -.0795496   .1048454    -0.76   0.448    -.2850427    .1259436
------------------------------------------------------------------------------
Instruments for equation eq_bfvl: ln_real_x L1_lngp_bfvl L1_lngp_pork L1_lngp_poult L1_lngp_fish _cons
Instruments for equation eq_pork: ln_real_x L1_lngp_bfvl L1_lngp_pork L1_lngp_poult L1_lngp_fish _cons
Instruments for equation eq_fish: ln_real_x L1_lngp_bfvl L1_lngp_pork L1_lngp_poult L1_lngp_fish _cons

Final GMM criterion Q(b) = .8572805

GMM estimation 

Number of parameters =  12
Number of moments    =  18
Initial weight matrix: Unadjusted                 Number of obs   =         40
GMM weight matrix:     Unadjusted

------------------------------------------------------------------------------
             | Coefficient  Std. err.      z    P>|z|     [95% conf. interval]
-------------+----------------------------------------------------------------
     /a_bfvl |   .1344707   .2612319     0.51   0.607    -.3775343    .6464758
        /g11 |  -.0480802   .0675582    -0.71   0.477    -.1804919    .0843315
        /g12 |   .0251174   .0808489     0.31   0.756    -.1333434    .1835783
        /g14 |   -.183582   .0333485    -5.50   0.000    -.2489438   -.1182201
     /b_bfvl |   .2511379   .1947317     1.29   0.197    -.1305293    .6328051
     /a_pork |   .2680607   .2370906     1.13   0.258    -.1966282    .7327497
        /g22 |   .2825889   .2560797     1.10   0.270     -.219318    .7844959
        /g24 |  -.1208035   .0754604    -1.60   0.109    -.2687032    .0270961
     /b_pork |  -.0189376   .1762862    -0.11   0.914    -.3644523    .3265771
     /a_fish |   .1269425   .1523742     0.83   0.405    -.1717054    .4255904
        /g44 |   .2032946   .0276425     7.35   0.000     .1491163    .2574729
     /b_fish |  -.0070226   .1135373    -0.06   0.951    -.2295517    .2155065
------------------------------------------------------------------------------
Instruments for equation eq_bfvl: ln_real_x L1_lngp_bfvl L1_lngp_pork L1_lngp_poult L1_lngp_fish _cons
Instruments for equation eq_pork: ln_real_x L1_lngp_bfvl L1_lngp_pork L1_lngp_poult L1_lngp_fish _cons
Instruments for equation eq_fish: ln_real_x L1_lngp_bfvl L1_lngp_pork L1_lngp_poult L1_lngp_fish _cons

Final GMM criterion Q(b) = .7678011

GMM estimation 

Number of parameters =  12
Number of moments    =  18
Initial weight matrix: Unadjusted                 Number of obs   =         40
GMM weight matrix:     Unadjusted

------------------------------------------------------------------------------
             | Coefficient  Std. err.      z    P>|z|     [95% conf. interval]
-------------+----------------------------------------------------------------
     /a_bfvl |   .4615201   .3089069     1.49   0.135    -.1439263    1.066966
        /g11 |  -.0305046    .076067    -0.40   0.688    -.1795931    .1185839
        /g12 |  -.1542045   .0392031    -3.93   0.000    -.2310413   -.0773678
        /g14 |  -.1661971   .0268514    -6.19   0.000    -.2188249   -.1135693
     /b_bfvl |   .0041053   .2299088     0.02   0.986    -.4465077    .4547184
     /a_pork |   .3923439    .154488     2.54   0.011     .0895531    .6951347
        /g22 |  -.1144274   .1539729    -0.74   0.457    -.4162087    .1873539
        /g24 |   .0269363    .035879     0.75   0.453    -.0433853    .0972579
     /b_pork |  -.1121714    .115903    -0.97   0.333    -.3393371    .1149944
     /a_fish |    .104346   .1644831     0.63   0.526    -.2180349    .4267269
        /g44 |   .1517276   .0171797     8.83   0.000      .118056    .1853993
     /b_fish |   .0082916   .1224438     0.07   0.946    -.2316939    .2482771
------------------------------------------------------------------------------
Instruments for equation eq_bfvl: ln_real_x L1_lngp_bfvl L1_lngp_pork L1_lngp_poult L1_lngp_fish _cons
Instruments for equation eq_pork: ln_real_x L1_lngp_bfvl L1_lngp_pork L1_lngp_poult L1_lngp_fish _cons
Instruments for equation eq_fish: ln_real_x L1_lngp_bfvl L1_lngp_pork L1_lngp_poult L1_lngp_fish _cons

Final GMM criterion Q(b) =  .840169

GMM estimation 

Number of parameters =  12
Number of moments    =  18
Initial weight matrix: Unadjusted                 Number of obs   =         40
GMM weight matrix:     Unadjusted

------------------------------------------------------------------------------
             | Coefficient  Std. err.      z    P>|z|     [95% conf. interval]
-------------+----------------------------------------------------------------
     /a_bfvl |   1.063781   .2913738     3.65   0.000     .4926988    1.634863
        /g11 |  -.0732532   .0784135    -0.93   0.350    -.2269409    .0804346
        /g12 |  -.1290896   .0279524    -4.62   0.000    -.1838754   -.0743038
        /g14 |  -.2100442    .024395    -8.61   0.000    -.2578575   -.1622309
     /b_bfvl |  -.4424012   .2166407    -2.04   0.041    -.8670092   -.0177932
     /a_pork |   .5852967   .1114393     5.25   0.000     .3668796    .8037138
        /g22 |   .0916997   .0832791     1.10   0.271    -.0715243    .2549238
        /g24 |   -.035581   .0182324    -1.95   0.051    -.0713159    .0001538
     /b_pork |  -.2537204   .0828917    -3.06   0.002    -.4161852   -.0912555
     /a_fish |    .235614   .1564153     1.51   0.132    -.0709543    .5421823
        /g44 |   .1783753   .0154206    11.57   0.000     .1481515    .2085992
     /b_fish |  -.0902191   .1161882    -0.78   0.437    -.3179437    .1375055
------------------------------------------------------------------------------
Instruments for equation eq_bfvl: ln_real_x L1_lngp_bfvl L1_lngp_pork L1_lngp_poult L1_lngp_fish _cons
Instruments for equation eq_pork: ln_real_x L1_lngp_bfvl L1_lngp_pork L1_lngp_poult L1_lngp_fish _cons
Instruments for equation eq_fish: ln_real_x L1_lngp_bfvl L1_lngp_pork L1_lngp_poult L1_lngp_fish _cons

Final GMM criterion Q(b) = .6694689

GMM estimation 

Number of parameters =  12
Number of moments    =  18
Initial weight matrix: Unadjusted                 Number of obs   =         40
GMM weight matrix:     Unadjusted

------------------------------------------------------------------------------
             | Coefficient  Std. err.      z    P>|z|     [95% conf. interval]
-------------+----------------------------------------------------------------
     /a_bfvl |  -.0401994   .2141614    -0.19   0.851     -.459948    .3795492
        /g11 |  -.2414839   .0557922    -4.33   0.000    -.3508346   -.1321332
        /g12 |  -.2337004   .0454257    -5.14   0.000    -.3227332   -.1446676
        /g14 |  -.0365811   .0253508    -1.44   0.149    -.0862678    .0131057
     /b_bfvl |   .3750421   .1600917     2.34   0.019     .0612682     .688816
     /a_pork |   .2599213    .113174     2.30   0.022     .0381044    .4817382
        /g22 |  -.2608917   .0992175    -2.63   0.009    -.4553544   -.0664289
        /g24 |   .0926065    .033519     2.76   0.006     .0269104    .1583025
     /b_pork |  -.0162926   .0844759    -0.19   0.847    -.1818623     .149277
     /a_fish |   .3726163    .094629     3.94   0.000     .1871469    .5580858
        /g44 |   .1049337   .0171195     6.13   0.000     .0713801    .1384872
     /b_fish |  -.1899682   .0707056    -2.69   0.007    -.3285487   -.0513877
------------------------------------------------------------------------------
Instruments for equation eq_bfvl: ln_real_x L1_lngp_bfvl L1_lngp_pork L1_lngp_poult L1_lngp_fish _cons
Instruments for equation eq_pork: ln_real_x L1_lngp_bfvl L1_lngp_pork L1_lngp_poult L1_lngp_fish _cons
Instruments for equation eq_fish: ln_real_x L1_lngp_bfvl L1_lngp_pork L1_lngp_poult L1_lngp_fish _cons

Final GMM criterion Q(b) =  .821034

GMM estimation 

Number of parameters =  12
Number of moments    =  18
Initial weight matrix: Unadjusted                 Number of obs   =         40
GMM weight matrix:     Unadjusted

------------------------------------------------------------------------------
             | Coefficient  Std. err.      z    P>|z|     [95% conf. interval]
-------------+----------------------------------------------------------------
     /a_bfvl |   .4547773   .2785707     1.63   0.103    -.0912113    1.000766
        /g11 |   .0249772   .0715843     0.35   0.727    -.1153255    .1652798
        /g12 |   -.059549   .0214648    -2.77   0.006    -.1016192   -.0174788
        /g14 |  -.2165929   .0237773    -9.11   0.000    -.2631955   -.1699903
     /b_bfvl |   .0098842   .2066625     0.05   0.962    -.3951668    .4149353
     /a_pork |   .4780789   .0916408     5.22   0.000     .2984662    .6576917
        /g22 |  -.0490318   .0522495    -0.94   0.348    -.1514388    .0533752
        /g24 |  -.0107243   .0100337    -1.07   0.285    -.0303899    .0089414
     /b_pork |  -.1743792    .067959    -2.57   0.010    -.3075765    -.041182
     /a_fish |   .0840373   .1741004     0.48   0.629    -.2571932    .4252678
        /g44 |   .1673055   .0147317    11.36   0.000      .138432     .196179
     /b_fish |    .021412   .1291655     0.17   0.868    -.2317478    .2745718
------------------------------------------------------------------------------
Instruments for equation eq_bfvl: ln_real_x L1_lngp_bfvl L1_lngp_pork L1_lngp_poult L1_lngp_fish _cons
Instruments for equation eq_pork: ln_real_x L1_lngp_bfvl L1_lngp_pork L1_lngp_poult L1_lngp_fish _cons
Instruments for equation eq_fish: ln_real_x L1_lngp_bfvl L1_lngp_pork L1_lngp_poult L1_lngp_fish _cons

Final GMM criterion Q(b) = 1.107882

GMM estimation 

Number of parameters =  12
Number of moments    =  18
Initial weight matrix: Unadjusted                 Number of obs   =         40
GMM weight matrix:     Unadjusted

------------------------------------------------------------------------------
             | Coefficient  Std. err.      z    P>|z|     [95% conf. interval]
-------------+----------------------------------------------------------------
     /a_bfvl |   .4494753   .2649281     1.70   0.090    -.0697742    .9687248
        /g11 |  -.0173988   .0724735    -0.24   0.810    -.1594443    .1246467
        /g12 |   .0070378   .0505847     0.14   0.889    -.0921063     .106182
        /g14 |  -.1906334   .0341593    -5.58   0.000    -.2575845   -.1236824
     /b_bfvl |   .0125692   .1976742     0.06   0.949    -.3748652    .4000035
     /a_pork |   .2312345   .1651875     1.40   0.162     -.092527     .554996
        /g22 |   .1828045   .1179293     1.55   0.121    -.0483327    .4139417
        /g24 |  -.0812272   .0374337    -2.17   0.030    -.1545959   -.0078586
     /b_pork |   .0073257   .1229626     0.06   0.952    -.2336765     .248328
     /a_fish |   .0492788   .1481913     0.33   0.739    -.2411709    .3397285
        /g44 |   .2053329   .0226894     9.05   0.000     .1608624    .2498033
     /b_fish |   .0515622   .1105233     0.47   0.641    -.1650594    .2681839
------------------------------------------------------------------------------
Instruments for equation eq_bfvl: ln_real_x L1_lngp_bfvl L1_lngp_pork L1_lngp_poult L1_lngp_fish _cons
Instruments for equation eq_pork: ln_real_x L1_lngp_bfvl L1_lngp_pork L1_lngp_poult L1_lngp_fish _cons
Instruments for equation eq_fish: ln_real_x L1_lngp_bfvl L1_lngp_pork L1_lngp_poult L1_lngp_fish _cons

Final GMM criterion Q(b) = .8636987

GMM estimation 

Number of parameters =  12
Number of moments    =  18
Initial weight matrix: Unadjusted                 Number of obs   =         40
GMM weight matrix:     Unadjusted

------------------------------------------------------------------------------
             | Coefficient  Std. err.      z    P>|z|     [95% conf. interval]
-------------+----------------------------------------------------------------
     /a_bfvl |   .1295914   .2971697     0.44   0.663    -.4528506    .7120333
        /g11 |  -.1796792   .0609777    -2.95   0.003    -.2991933   -.0601651
        /g12 |  -.1363962   .0321822    -4.24   0.000    -.1994723   -.0733202
        /g14 |   -.082422   .0268157    -3.07   0.002    -.1349798   -.0298641
     /b_bfvl |   .2555461   .2205016     1.16   0.246    -.1766291    .6877213
     /a_pork |   .2759049   .1037317     2.66   0.008     .0725945    .4792153
        /g22 |  -.1897024    .101201    -1.87   0.061    -.3880528     .008648
        /g24 |   .0492811   .0288712     1.71   0.088    -.0073054    .1058676
     /b_pork |  -.0246197   .0768967    -0.32   0.749    -.1753345    .1260951
     /a_fish |   .0911741    .138728     0.66   0.511    -.1807278     .363076
        /g44 |   .1360295   .0179308     7.59   0.000     .1008857    .1711733
     /b_fish |   .0186155   .1030042     0.18   0.857    -.1832691       .2205
------------------------------------------------------------------------------
Instruments for equation eq_bfvl: ln_real_x L1_lngp_bfvl L1_lngp_pork L1_lngp_poult L1_lngp_fish _cons
Instruments for equation eq_pork: ln_real_x L1_lngp_bfvl L1_lngp_pork L1_lngp_poult L1_lngp_fish _cons
Instruments for equation eq_fish: ln_real_x L1_lngp_bfvl L1_lngp_pork L1_lngp_poult L1_lngp_fish _cons

Final GMM criterion Q(b) = 1.412278

GMM estimation 

Number of parameters =  12
Number of moments    =  18
Initial weight matrix: Unadjusted                 Number of obs   =         40
GMM weight matrix:     Unadjusted

------------------------------------------------------------------------------
             | Coefficient  Std. err.      z    P>|z|     [95% conf. interval]
-------------+----------------------------------------------------------------
     /a_bfvl |   .6502454   .2316097     2.81   0.005     .1962988    1.104192
        /g11 |   .1147598   .0512831     2.24   0.025     .0142468    .2152727
        /g12 |   .0457804   .0713447     0.64   0.521    -.0940526    .1856134
        /g14 |  -.2703831   .0244867   -11.04   0.000    -.3183761   -.2223901
     /b_bfvl |  -.1326095   .1720147    -0.77   0.441     -.469752    .2045331
     /a_pork |   .2891579   .2998719     0.96   0.335    -.2985803     .876896
        /g22 |   .4219981   .2660743     1.59   0.113    -.0994981    .9434942
        /g24 |  -.1076848   .0364157    -2.96   0.003    -.1790581   -.0363114
     /b_pork |  -.0365302   .2211282    -0.17   0.869    -.4699336    .3968731
     /a_fish |   .2876913   .1902835     1.51   0.131    -.0852576    .6606402
        /g44 |   .1957395   .0233483     8.38   0.000     .1499776    .2415013
     /b_fish |  -.1276387   .1413697    -0.90   0.367    -.4047182    .1494408
------------------------------------------------------------------------------
Instruments for equation eq_bfvl: ln_real_x L1_lngp_bfvl L1_lngp_pork L1_lngp_poult L1_lngp_fish _cons
Instruments for equation eq_pork: ln_real_x L1_lngp_bfvl L1_lngp_pork L1_lngp_poult L1_lngp_fish _cons
Instruments for equation eq_fish: ln_real_x L1_lngp_bfvl L1_lngp_pork L1_lngp_poult L1_lngp_fish _cons

Final GMM criterion Q(b) = .6379655

GMM estimation 

Number of parameters =  12
Number of moments    =  18
Initial weight matrix: Unadjusted                 Number of obs   =         40
GMM weight matrix:     Unadjusted

------------------------------------------------------------------------------
             | Coefficient  Std. err.      z    P>|z|     [95% conf. interval]
-------------+----------------------------------------------------------------
     /a_bfvl |   .2912881   .2116849     1.38   0.169    -.1236067    .7061829
        /g11 |   .3284755   .0967595     3.39   0.001     .1388304    .5181205
        /g12 |   .4480532   .0979443     4.57   0.000     .2560858    .6400206
        /g14 |   -.436779   .0488848    -8.93   0.000    -.5325913   -.3409666
     /b_bfvl |    .129745   .1573998     0.82   0.410     -.178753     .438243
     /a_pork |   .2233138   .2968767     0.75   0.452    -.3585539    .8051815
        /g22 |   .4436667   .1453945     3.05   0.002     .1586988    .7286346
        /g24 |   -.289137   .0611204    -4.73   0.000    -.4089308   -.1693432
     /b_pork |   .0013675   .2208018     0.01   0.995     -.431396     .434131
     /a_fish |   .2690667     .21295     1.26   0.206    -.1483076    .6864411
        /g44 |   .3232356   .0360684     8.96   0.000      .252543    .3939283
     /b_fish |   -.104547   .1587119    -0.66   0.510    -.4156166    .2065226
------------------------------------------------------------------------------
Instruments for equation eq_bfvl: ln_real_x L1_lngp_bfvl L1_lngp_pork L1_lngp_poult L1_lngp_fish _cons
Instruments for equation eq_pork: ln_real_x L1_lngp_bfvl L1_lngp_pork L1_lngp_poult L1_lngp_fish _cons
Instruments for equation eq_fish: ln_real_x L1_lngp_bfvl L1_lngp_pork L1_lngp_poult L1_lngp_fish _cons

Final GMM criterion Q(b) =  .507394

GMM estimation 

Number of parameters =  12
Number of moments    =  18
Initial weight matrix: Unadjusted                 Number of obs   =         40
GMM weight matrix:     Unadjusted

------------------------------------------------------------------------------
             | Coefficient  Std. err.      z    P>|z|     [95% conf. interval]
-------------+----------------------------------------------------------------
     /a_bfvl |   .0117715   .2266569     0.05   0.959    -.4324678    .4560108
        /g11 |  -.2598804   .0539726    -4.82   0.000    -.3656647   -.1540961
        /g12 |  -.1844438   .0293714    -6.28   0.000    -.2420107   -.1268768
        /g14 |   -.060063   .0187292    -3.21   0.001    -.0967717   -.0233544
     /b_bfvl |   .3295296    .168835     1.95   0.051     -.001381    .6604402
     /a_pork |   .1853242   .1094435     1.69   0.090    -.0291811    .3998294
        /g22 |   .0291066   .1000671     0.29   0.771    -.1670213    .2252344
        /g24 |   .0116954   .0269842     0.43   0.665    -.0411926    .0645835
     /b_pork |    .042037   .0820407     0.51   0.608    -.1187599    .2028339
     /a_fish |   .1900134   .0894393     2.12   0.034     .0147156    .3653113
        /g44 |    .128164   .0110532    11.60   0.000     .1065001    .1498278
     /b_fish |  -.0527688    .066659    -0.79   0.429     -.183418    .0778805
------------------------------------------------------------------------------
Instruments for equation eq_bfvl: ln_real_x L1_lngp_bfvl L1_lngp_pork L1_lngp_poult L1_lngp_fish _cons
Instruments for equation eq_pork: ln_real_x L1_lngp_bfvl L1_lngp_pork L1_lngp_poult L1_lngp_fish _cons
Instruments for equation eq_fish: ln_real_x L1_lngp_bfvl L1_lngp_pork L1_lngp_poult L1_lngp_fish _cons

Final GMM criterion Q(b) = .8187996

GMM estimation 

Number of parameters =  12
Number of moments    =  18
Initial weight matrix: Unadjusted                 Number of obs   =         40
GMM weight matrix:     Unadjusted

------------------------------------------------------------------------------
             | Coefficient  Std. err.      z    P>|z|     [95% conf. interval]
-------------+----------------------------------------------------------------
     /a_bfvl |  -.2361958   .2352086    -1.00   0.315    -.6971962    .2248045
        /g11 |  -.2143031   .0549987    -3.90   0.000    -.3220986   -.1065077
        /g12 |  -.2762336   .0565214    -4.89   0.000    -.3870134   -.1654537
        /g14 |  -.1073394    .025564    -4.20   0.000    -.1574439   -.0572349
     /b_bfvl |   .5198685   .1755777     2.96   0.003     .1757425    .8639945
     /a_pork |   .0638796   .1733853     0.37   0.713    -.2759493    .4037084
        /g22 |  -.2490315   .1373607    -1.81   0.070    -.5182536    .0201906
        /g24 |   .0968942   .0317116     3.06   0.002     .0347406    .1590478
     /b_pork |   .1300365   .1294139     1.00   0.315    -.1236101     .383683
     /a_fish |   .2458481   .1436703     1.71   0.087    -.0357404    .5274367
        /g44 |   .1505916   .0171567     8.78   0.000      .116965    .1842182
     /b_fish |  -.0964065   .1072223    -0.90   0.369    -.3065583    .1137454
------------------------------------------------------------------------------
Instruments for equation eq_bfvl: ln_real_x L1_lngp_bfvl L1_lngp_pork L1_lngp_poult L1_lngp_fish _cons
Instruments for equation eq_pork: ln_real_x L1_lngp_bfvl L1_lngp_pork L1_lngp_poult L1_lngp_fish _cons
Instruments for equation eq_fish: ln_real_x L1_lngp_bfvl L1_lngp_pork L1_lngp_poult L1_lngp_fish _cons

Final GMM criterion Q(b) =  .904722

GMM estimation 

Number of parameters =  12
Number of moments    =  18
Initial weight matrix: Unadjusted                 Number of obs   =         40
GMM weight matrix:     Unadjusted

------------------------------------------------------------------------------
             | Coefficient  Std. err.      z    P>|z|     [95% conf. interval]
-------------+----------------------------------------------------------------
     /a_bfvl |   .7202135   .2666642     2.70   0.007     .1975613    1.242866
        /g11 |   .0121286   .0642645     0.19   0.850    -.1138275    .1380846
        /g12 |  -.1011193   .0190982    -5.29   0.000    -.1385511   -.0636875
        /g14 |  -.1718344   .0270031    -6.36   0.000    -.2247594   -.1189094
     /b_bfvl |  -.1810096   .1984446    -0.91   0.362    -.5699538    .2079347
     /a_pork |   .5878961   .0919579     6.39   0.000      .407662    .7681303
        /g22 |  -.0648593   .0493391    -1.31   0.189    -.1615621    .0318435
        /g24 |   .0213829   .0118191     1.81   0.070     -.001782    .0445479
     /b_pork |  -.2554968   .0680378    -3.76   0.000    -.3888484   -.1221452
     /a_fish |   .1869225   .1398013     1.34   0.181     -.087083     .460928
        /g44 |   .1660504   .0176212     9.42   0.000     .1315135    .2005873
     /b_fish |  -.0554098   .1040155    -0.53   0.594    -.2592764    .1484568
------------------------------------------------------------------------------
Instruments for equation eq_bfvl: ln_real_x L1_lngp_bfvl L1_lngp_pork L1_lngp_poult L1_lngp_fish _cons
Instruments for equation eq_pork: ln_real_x L1_lngp_bfvl L1_lngp_pork L1_lngp_poult L1_lngp_fish _cons
Instruments for equation eq_fish: ln_real_x L1_lngp_bfvl L1_lngp_pork L1_lngp_poult L1_lngp_fish _cons

Final GMM criterion Q(b) = .8353537

GMM estimation 

Number of parameters =  12
Number of moments    =  18
Initial weight matrix: Unadjusted                 Number of obs   =         40
GMM weight matrix:     Unadjusted

------------------------------------------------------------------------------
             | Coefficient  Std. err.      z    P>|z|     [95% conf. interval]
-------------+----------------------------------------------------------------
     /a_bfvl |     .14118   .2679759     0.53   0.598    -.3840431     .666403
        /g11 |  -.1541752   .0664184    -2.32   0.020    -.2843528   -.0239975
        /g12 |  -.2048849    .058544    -3.50   0.000     -.319629   -.0901407
        /g14 |  -.1216321   .0271629    -4.48   0.000    -.1748705   -.0683938
     /b_bfvl |   .2405576   .1992101     1.21   0.227     -.149887    .6310022
     /a_pork |   .4173772   .1184517     3.52   0.000     .1852162    .6495382
        /g22 |  -.3411712   .1696412    -2.01   0.044    -.6736619   -.0086806
        /g24 |   .0746318   .0363836     2.05   0.040     .0033213    .1459424
     /b_pork |  -.1323288   .0883379    -1.50   0.134    -.3054678    .0408102
     /a_fish |   .1069232   .1409301     0.76   0.448    -.1692947     .383141
        /g44 |   .1439134   .0165101     8.72   0.000     .1115542    .1762727
     /b_fish |   .0057382   .1047588     0.05   0.956    -.1995854    .2110617
------------------------------------------------------------------------------
Instruments for equation eq_bfvl: ln_real_x L1_lngp_bfvl L1_lngp_pork L1_lngp_poult L1_lngp_fish _cons
Instruments for equation eq_pork: ln_real_x L1_lngp_bfvl L1_lngp_pork L1_lngp_poult L1_lngp_fish _cons
Instruments for equation eq_fish: ln_real_x L1_lngp_bfvl L1_lngp_pork L1_lngp_poult L1_lngp_fish _cons

Final GMM criterion Q(b) =  .906662

GMM estimation 

Number of parameters =  12
Number of moments    =  18
Initial weight matrix: Unadjusted                 Number of obs   =         40
GMM weight matrix:     Unadjusted

------------------------------------------------------------------------------
             | Coefficient  Std. err.      z    P>|z|     [95% conf. interval]
-------------+----------------------------------------------------------------
     /a_bfvl |   -.051048   .2130381    -0.24   0.811     -.468595     .366499
        /g11 |  -.1736108   .0509721    -3.41   0.001    -.2735143   -.0737073
        /g12 |  -.0903252   .0264741    -3.41   0.001    -.1422134    -.038437
        /g14 |  -.1344604   .0186842    -7.20   0.000    -.1710807   -.0978401
     /b_bfvl |   .3764264   .1590927     2.37   0.018     .0646105    .6882423
     /a_pork |    .327517   .0926637     3.53   0.000     .1458995    .5091346
        /g22 |   .0533771   .0511145     1.04   0.296    -.0468055    .1535598
        /g24 |  -.0195803   .0147477    -1.33   0.184    -.0484852    .0093247
     /b_pork |  -.0654544    .069107    -0.95   0.344    -.2009016    .0699928
     /a_fish |   .3357124   .1238791     2.71   0.007     .0929139    .5785109
        /g44 |   .1580962   .0115717    13.66   0.000     .1354162    .1807763
     /b_fish |   -.165701   .0923322    -1.79   0.073    -.3466687    .0152668
------------------------------------------------------------------------------
Instruments for equation eq_bfvl: ln_real_x L1_lngp_bfvl L1_lngp_pork L1_lngp_poult L1_lngp_fish _cons
Instruments for equation eq_pork: ln_real_x L1_lngp_bfvl L1_lngp_pork L1_lngp_poult L1_lngp_fish _cons
Instruments for equation eq_fish: ln_real_x L1_lngp_bfvl L1_lngp_pork L1_lngp_poult L1_lngp_fish _cons

Final GMM criterion Q(b) = .7073834

GMM estimation 

Number of parameters =  12
Number of moments    =  18
Initial weight matrix: Unadjusted                 Number of obs   =         40
GMM weight matrix:     Unadjusted

------------------------------------------------------------------------------
             | Coefficient  Std. err.      z    P>|z|     [95% conf. interval]
-------------+----------------------------------------------------------------
     /a_bfvl |   .6453304   .2683438     2.40   0.016     .1193862    1.171275
        /g11 |  -.3264521   .0598959    -5.45   0.000    -.4438459   -.2090583
        /g12 |  -.1426142   .0397233    -3.59   0.000    -.2204704    -.064758
        /g14 |  -.0904774   .0266825    -3.39   0.001    -.1427741   -.0381807
     /b_bfvl |  -.1265723   .1987766    -0.64   0.524    -.5161673    .2630227
     /a_pork |   .5282342   .1152164     4.58   0.000     .3024143    .7540542
        /g22 |  -.1433433   .0974245    -1.47   0.141    -.3342918    .0476052
        /g24 |   .0271464    .024695     1.10   0.272     -.021255    .0755478
     /b_pork |  -.2118679   .0851122    -2.49   0.013    -.3786847   -.0450512
     /a_fish |   .0782736    .136229     0.57   0.566    -.1887304    .3452776
        /g44 |   .1656826   .0172003     9.63   0.000     .1319707    .1993945
     /b_fish |   .0274327   .1009166     0.27   0.786    -.1703602    .2252255
------------------------------------------------------------------------------
Instruments for equation eq_bfvl: ln_real_x L1_lngp_bfvl L1_lngp_pork L1_lngp_poult L1_lngp_fish _cons
Instruments for equation eq_pork: ln_real_x L1_lngp_bfvl L1_lngp_pork L1_lngp_poult L1_lngp_fish _cons
Instruments for equation eq_fish: ln_real_x L1_lngp_bfvl L1_lngp_pork L1_lngp_poult L1_lngp_fish _cons

Final GMM criterion Q(b) = .6092152

GMM estimation 

Number of parameters =  12
Number of moments    =  18
Initial weight matrix: Unadjusted                 Number of obs   =         40
GMM weight matrix:     Unadjusted

------------------------------------------------------------------------------
             | Coefficient  Std. err.      z    P>|z|     [95% conf. interval]
-------------+----------------------------------------------------------------
     /a_bfvl |   .4843336   .2514816     1.93   0.054    -.0085613    .9772285
        /g11 |   .1248448   .0934657     1.34   0.182    -.0583445    .3080342
        /g12 |    .106086   .0888398     1.19   0.232    -.0680368    .2802088
        /g14 |  -.2759425   .0426688    -6.47   0.000    -.3595718   -.1923131
     /b_bfvl |  -.0130049   .1869707    -0.07   0.945    -.3794606    .3534509
     /a_pork |   .3822122   .2028095     1.88   0.059    -.0152871    .7797115
        /g22 |   .2345119   .2043117     1.15   0.251    -.1659317    .6349555
        /g24 |  -.1280907   .0686318    -1.87   0.062    -.2626067    .0064252
     /b_pork |  -.1047754   .1503608    -0.70   0.486    -.3994772    .1899265
     /a_fish |  -.0152091   .1540094    -0.10   0.921    -.3170619    .2866437
        /g44 |   .2262367   .0289523     7.81   0.000     .1694913    .2829821
     /b_fish |   .0995926   .1144411     0.87   0.384    -.1247079    .3238931
------------------------------------------------------------------------------
Instruments for equation eq_bfvl: ln_real_x L1_lngp_bfvl L1_lngp_pork L1_lngp_poult L1_lngp_fish _cons
Instruments for equation eq_pork: ln_real_x L1_lngp_bfvl L1_lngp_pork L1_lngp_poult L1_lngp_fish _cons
Instruments for equation eq_fish: ln_real_x L1_lngp_bfvl L1_lngp_pork L1_lngp_poult L1_lngp_fish _cons

Final GMM criterion Q(b) = 1.440419

GMM estimation 

Number of parameters =  12
Number of moments    =  18
Initial weight matrix: Unadjusted                 Number of obs   =         40
GMM weight matrix:     Unadjusted

------------------------------------------------------------------------------
             | Coefficient  Std. err.      z    P>|z|     [95% conf. interval]
-------------+----------------------------------------------------------------
     /a_bfvl |   .5508412   .2648882     2.08   0.038     .0316699    1.070012
        /g11 |   .0115813   .0580684     0.20   0.842    -.1022306    .1253933
        /g12 |  -.0513703   .0212233    -2.42   0.016    -.0929673   -.0097734
        /g14 |  -.1921145   .0280335    -6.85   0.000    -.2470591   -.1371699
     /b_bfvl |  -.0611358   .1973405    -0.31   0.757    -.4479161    .3256445
     /a_pork |   .5135073   .0881131     5.83   0.000     .3408089    .6862057
        /g22 |   .0896079   .0594035     1.51   0.131    -.0268208    .2060366
        /g24 |  -.0110091   .0136414    -0.81   0.420    -.0377457    .0157275
     /b_pork |  -.2029543    .065769    -3.09   0.002    -.3318592   -.0740494
     /a_fish |   .2151179   .1635779     1.32   0.188    -.1054888    .5357247
        /g44 |   .1894724   .0221188     8.57   0.000     .1461204    .2328244
     /b_fish |  -.0747523   .1218996    -0.61   0.540    -.3136712    .1641666
------------------------------------------------------------------------------
Instruments for equation eq_bfvl: ln_real_x L1_lngp_bfvl L1_lngp_pork L1_lngp_poult L1_lngp_fish _cons
Instruments for equation eq_pork: ln_real_x L1_lngp_bfvl L1_lngp_pork L1_lngp_poult L1_lngp_fish _cons
Instruments for equation eq_fish: ln_real_x L1_lngp_bfvl L1_lngp_pork L1_lngp_poult L1_lngp_fish _cons

Final GMM criterion Q(b) = 1.539273

GMM estimation 

Number of parameters =  12
Number of moments    =  18
Initial weight matrix: Unadjusted                 Number of obs   =         40
GMM weight matrix:     Unadjusted

------------------------------------------------------------------------------
             | Coefficient  Std. err.      z    P>|z|     [95% conf. interval]
-------------+----------------------------------------------------------------
     /a_bfvl |   .8352471   .3259055     2.56   0.010      .196484     1.47401
        /g11 |  -.0511589   .0487537    -1.05   0.294    -.1467143    .0443966
        /g12 |  -.0667694   .0178672    -3.74   0.000    -.1017884   -.0317504
        /g14 |  -.2203495   .0270229    -8.15   0.000    -.2733134   -.1673857
     /b_bfvl |   -.266149   .2417571    -1.10   0.271    -.7399842    .2076862
     /a_pork |   .5092724   .1115019     4.57   0.000     .2907327     .727812
        /g22 |   .0717044    .081476     0.88   0.379    -.0879857    .2313944
        /g24 |  -.0091506    .012606    -0.73   0.468     -.033858    .0155567
     /b_pork |  -.1997266   .0824947    -2.42   0.015    -.3614133     -.03804
     /a_fish |    .363303   .2442853     1.49   0.137    -.1154874    .8420935
        /g44 |   .2298516   .0262918     8.74   0.000     .1783206    .2813825
     /b_fish |  -.1879918   .1811404    -1.04   0.299    -.5430205    .1670369
------------------------------------------------------------------------------
Instruments for equation eq_bfvl: ln_real_x L1_lngp_bfvl L1_lngp_pork L1_lngp_poult L1_lngp_fish _cons
Instruments for equation eq_pork: ln_real_x L1_lngp_bfvl L1_lngp_pork L1_lngp_poult L1_lngp_fish _cons
Instruments for equation eq_fish: ln_real_x L1_lngp_bfvl L1_lngp_pork L1_lngp_poult L1_lngp_fish _cons

Final GMM criterion Q(b) =  .911929

GMM estimation 

Number of parameters =  12
Number of moments    =  18
Initial weight matrix: Unadjusted                 Number of obs   =         40
GMM weight matrix:     Unadjusted

------------------------------------------------------------------------------
             | Coefficient  Std. err.      z    P>|z|     [95% conf. interval]
-------------+----------------------------------------------------------------
     /a_bfvl |   .2176763   .3000594     0.73   0.468    -.3704294     .805782
        /g11 |   .0390833   .0706212     0.55   0.580    -.0993316    .1774982
        /g12 |   .0010588   .0246476     0.04   0.966    -.0472496    .0493672
        /g14 |   -.221507   .0231631    -9.56   0.000    -.2669058   -.1761081
     /b_bfvl |   .1874947   .2231929     0.84   0.401    -.2499554    .6249447
     /a_pork |   .1905739   .1221381     1.56   0.119    -.0488123    .4299602
        /g22 |   .0618607   .0389536     1.59   0.112     -.014487    .1382084
        /g24 |  -.0454873   .0118827    -3.83   0.000     -.068777   -.0221977
     /b_pork |    .039154   .0908604     0.43   0.667    -.1389291    .2172371
     /a_fish |   .4898232   .1800468     2.72   0.007     .1369379    .8427084
        /g44 |   .1686346   .0152232    11.08   0.000     .1387978    .1984715
     /b_fish |  -.2789005   .1339208    -2.08   0.037    -.5413805   -.0164206
------------------------------------------------------------------------------
Instruments for equation eq_bfvl: ln_real_x L1_lngp_bfvl L1_lngp_pork L1_lngp_poult L1_lngp_fish _cons
Instruments for equation eq_pork: ln_real_x L1_lngp_bfvl L1_lngp_pork L1_lngp_poult L1_lngp_fish _cons
Instruments for equation eq_fish: ln_real_x L1_lngp_bfvl L1_lngp_pork L1_lngp_poult L1_lngp_fish _cons

Final GMM criterion Q(b) = 1.077606

GMM estimation 

Number of parameters =  12
Number of moments    =  18
Initial weight matrix: Unadjusted                 Number of obs   =         40
GMM weight matrix:     Unadjusted

------------------------------------------------------------------------------
             | Coefficient  Std. err.      z    P>|z|     [95% conf. interval]
-------------+----------------------------------------------------------------
     /a_bfvl |   .5003483   .2541343     1.97   0.049     .0022543    .9984423
        /g11 |  -.1340295   .0609648    -2.20   0.028    -.2535184   -.0145406
        /g12 |  -.1239824   .0273978    -4.53   0.000    -.1776812   -.0702837
        /g14 |  -.1746982   .0306584    -5.70   0.000    -.2347876   -.1146089
     /b_bfvl |  -.0222827   .1889033    -0.12   0.906    -.3925264     .347961
     /a_pork |   .3573057   .0943474     3.79   0.000     .1723881    .5422232
        /g22 |  -.0408176   .0742729    -0.55   0.583    -.1863898    .1047546
        /g24 |  -.0113718   .0202989    -0.56   0.575    -.0511568    .0284132
     /b_pork |  -.0860568   .0700908    -1.23   0.220    -.2234322    .0513187
     /a_fish |  -.0013681   .1662524    -0.01   0.993    -.3272168    .3244805
        /g44 |   .2161801   .0246142     8.78   0.000     .1679372     .264423
     /b_fish |   .0881715   .1234936     0.71   0.475    -.1538714    .3302145
------------------------------------------------------------------------------
Instruments for equation eq_bfvl: ln_real_x L1_lngp_bfvl L1_lngp_pork L1_lngp_poult L1_lngp_fish _cons
Instruments for equation eq_pork: ln_real_x L1_lngp_bfvl L1_lngp_pork L1_lngp_poult L1_lngp_fish _cons
Instruments for equation eq_fish: ln_real_x L1_lngp_bfvl L1_lngp_pork L1_lngp_poult L1_lngp_fish _cons

Final GMM criterion Q(b) = .9061081

GMM estimation 

Number of parameters =  12
Number of moments    =  18
Initial weight matrix: Unadjusted                 Number of obs   =         40
GMM weight matrix:     Unadjusted

------------------------------------------------------------------------------
             | Coefficient  Std. err.      z    P>|z|     [95% conf. interval]
-------------+----------------------------------------------------------------
     /a_bfvl |   .2243146   .2501257     0.90   0.370    -.2659229     .714552
        /g11 |   .0767651   .0718683     1.07   0.285    -.0640941    .2176243
        /g12 |   .0169026    .035952     0.47   0.638     -.053562    .0873672
        /g14 |  -.2124324   .0228122    -9.31   0.000    -.2571434   -.1677213
     /b_bfvl |   .1833421   .1862289     0.98   0.325    -.1816598     .548344
     /a_pork |   .1378905   .1274344     1.08   0.279    -.1118763    .3876573
        /g22 |   .1579237   .0806596     1.96   0.050    -.0001662    .3160136
        /g24 |  -.0635884   .0189898    -3.35   0.001    -.1008078   -.0263691
     /b_pork |   .0793987   .0950154     0.84   0.403     -.106828    .2656254
     /a_fish |   .3558642   .1364382     2.61   0.009     .0884503    .6232781
        /g44 |   .1683857   .0134733    12.50   0.000     .1419786    .1947928
     /b_fish |  -.1800238   .1015665    -1.77   0.076    -.3790906     .019043
------------------------------------------------------------------------------
Instruments for equation eq_bfvl: ln_real_x L1_lngp_bfvl L1_lngp_pork L1_lngp_poult L1_lngp_fish _cons
Instruments for equation eq_pork: ln_real_x L1_lngp_bfvl L1_lngp_pork L1_lngp_poult L1_lngp_fish _cons
Instruments for equation eq_fish: ln_real_x L1_lngp_bfvl L1_lngp_pork L1_lngp_poult L1_lngp_fish _cons

Final GMM criterion Q(b) = .6195243

GMM estimation 

Number of parameters =  12
Number of moments    =  18
Initial weight matrix: Unadjusted                 Number of obs   =         40
GMM weight matrix:     Unadjusted

------------------------------------------------------------------------------
             | Coefficient  Std. err.      z    P>|z|     [95% conf. interval]
-------------+----------------------------------------------------------------
     /a_bfvl |   .3141545    .280255     1.12   0.262    -.2351353    .8634443
        /g11 |  -.0487617   .0807336    -0.60   0.546    -.2069968    .1094733
        /g12 |   -.132482   .0311803    -4.25   0.000    -.1935942   -.0713698
        /g14 |  -.1271987     .02925    -4.35   0.000    -.1845277   -.0698697
     /b_bfvl |   .1179633   .2095729     0.56   0.574    -.2927921    .5287186
     /a_pork |   .4125011   .0859064     4.80   0.000     .2441277    .5808746
        /g22 |    .011019   .0927214     0.12   0.905    -.1707117    .1927497
        /g24 |   .0135325   .0210834     0.64   0.521    -.0277902    .0548552
     /b_pork |  -.1255458   .0640732    -1.96   0.050     -.251127    .0000354
     /a_fish |   .2463913   .1095256     2.25   0.024      .031725    .4610575
        /g44 |   .1439486   .0149195     9.65   0.000     .1147069    .1731903
     /b_fish |   -.096294   .0819062    -1.18   0.240    -.2568273    .0642393
------------------------------------------------------------------------------
Instruments for equation eq_bfvl: ln_real_x L1_lngp_bfvl L1_lngp_pork L1_lngp_poult L1_lngp_fish _cons
Instruments for equation eq_pork: ln_real_x L1_lngp_bfvl L1_lngp_pork L1_lngp_poult L1_lngp_fish _cons
Instruments for equation eq_fish: ln_real_x L1_lngp_bfvl L1_lngp_pork L1_lngp_poult L1_lngp_fish _cons

Final GMM criterion Q(b) = .6703055

GMM estimation 

Number of parameters =  12
Number of moments    =  18
Initial weight matrix: Unadjusted                 Number of obs   =         40
GMM weight matrix:     Unadjusted

------------------------------------------------------------------------------
             | Coefficient  Std. err.      z    P>|z|     [95% conf. interval]
-------------+----------------------------------------------------------------
     /a_bfvl |   .7929443   .2324699     3.41   0.001     .3373117    1.248577
        /g11 |  -.0233587   .0626153    -0.37   0.709    -.1460823     .099365
        /g12 |  -.1565791   .0235586    -6.65   0.000    -.2027531    -.110405
        /g14 |  -.1694301   .0253548    -6.68   0.000    -.2191246   -.1197356
     /b_bfvl |  -.2466648    .173406    -1.42   0.155    -.5865343    .0932046
     /a_pork |   .4022937   .1009362     3.99   0.000     .2044624     .600125
        /g22 |   .0501684   .0716612     0.70   0.484     -.090285    .1906218
        /g24 |   .0084604   .0158917     0.53   0.594    -.0226869    .0396076
     /b_pork |  -.1180305   .0752069    -1.57   0.117    -.2654333    .0293722
     /a_fish |  -.0392696   .1300628    -0.30   0.763     -.294188    .2156488
        /g44 |   .1725514   .0158865    10.86   0.000     .1414145    .2036884
     /b_fish |   .1174864   .0969782     1.21   0.226    -.0725873    .3075601
------------------------------------------------------------------------------
Instruments for equation eq_bfvl: ln_real_x L1_lngp_bfvl L1_lngp_pork L1_lngp_poult L1_lngp_fish _cons
Instruments for equation eq_pork: ln_real_x L1_lngp_bfvl L1_lngp_pork L1_lngp_poult L1_lngp_fish _cons
Instruments for equation eq_fish: ln_real_x L1_lngp_bfvl L1_lngp_pork L1_lngp_poult L1_lngp_fish _cons

Final GMM criterion Q(b) = .8110385

GMM estimation 

Number of parameters =  12
Number of moments    =  18
Initial weight matrix: Unadjusted                 Number of obs   =         40
GMM weight matrix:     Unadjusted

------------------------------------------------------------------------------
             | Coefficient  Std. err.      z    P>|z|     [95% conf. interval]
-------------+----------------------------------------------------------------
     /a_bfvl |   .3253372   .3054937     1.06   0.287    -.2734194    .9240938
        /g11 |  -.0810778   .0664828    -1.22   0.223    -.2113817     .049226
        /g12 |  -.0148063   .0204099    -0.73   0.468     -.054809    .0251965
        /g14 |  -.1576567   .0230549    -6.84   0.000    -.2028435   -.1124698
     /b_bfvl |   .1054786   .2268444     0.46   0.642    -.3391282    .5500855
     /a_pork |   .2779774   .0877798     3.17   0.002     .1059321    .4500228
        /g22 |  -.0242507    .058276    -0.42   0.677    -.1384695    .0899682
        /g24 |  -.0253961   .0119151    -2.13   0.033    -.0487494   -.0020429
     /b_pork |  -.0267348   .0650879    -0.41   0.681    -.1543048    .1008351
     /a_fish |   .3263322   .1466415     2.23   0.026     .0389202    .6137442
        /g44 |   .1575186   .0129308    12.18   0.000     .1321747    .1828626
     /b_fish |  -.1582163   .1088393    -1.45   0.146    -.3715374    .0551048
------------------------------------------------------------------------------
Instruments for equation eq_bfvl: ln_real_x L1_lngp_bfvl L1_lngp_pork L1_lngp_poult L1_lngp_fish _cons
Instruments for equation eq_pork: ln_real_x L1_lngp_bfvl L1_lngp_pork L1_lngp_poult L1_lngp_fish _cons
Instruments for equation eq_fish: ln_real_x L1_lngp_bfvl L1_lngp_pork L1_lngp_poult L1_lngp_fish _cons

Final GMM criterion Q(b) = .8929258

GMM estimation 

Number of parameters =  12
Number of moments    =  18
Initial weight matrix: Unadjusted                 Number of obs   =         40
GMM weight matrix:     Unadjusted

------------------------------------------------------------------------------
             | Coefficient  Std. err.      z    P>|z|     [95% conf. interval]
-------------+----------------------------------------------------------------
     /a_bfvl |   .6744716   .2417631     2.79   0.005     .2006246    1.148319
        /g11 |  -.2285394   .0508985    -4.49   0.000    -.3282987   -.1287801
        /g12 |  -.1788032   .0248668    -7.19   0.000    -.2275413   -.1300652
        /g14 |  -.0977594   .0222288    -4.40   0.000    -.1413271   -.0541918
     /b_bfvl |  -.1500239   .1791867    -0.84   0.402    -.5012234    .2011755
     /a_pork |   .5466676   .1013172     5.40   0.000     .3480895    .7452458
        /g22 |  -.1047358   .0476036    -2.20   0.028    -.1980371   -.0114346
        /g24 |   .0358448   .0179812     1.99   0.046     .0006023    .0710872
     /b_pork |  -.2250316   .0750817    -3.00   0.003     -.372189   -.0778742
     /a_fish |   .0659842   .1225322     0.54   0.590    -.1741746    .3061429
        /g44 |   .1601458   .0148606    10.78   0.000     .1310196     .189272
     /b_fish |   .0380007   .0908345     0.42   0.676    -.1400318    .2160331
------------------------------------------------------------------------------
Instruments for equation eq_bfvl: ln_real_x L1_lngp_bfvl L1_lngp_pork L1_lngp_poult L1_lngp_fish _cons
Instruments for equation eq_pork: ln_real_x L1_lngp_bfvl L1_lngp_pork L1_lngp_poult L1_lngp_fish _cons
Instruments for equation eq_fish: ln_real_x L1_lngp_bfvl L1_lngp_pork L1_lngp_poult L1_lngp_fish _cons

Final GMM criterion Q(b) = 1.131114

GMM estimation 

Number of parameters =  12
Number of moments    =  18
Initial weight matrix: Unadjusted                 Number of obs   =         40
GMM weight matrix:     Unadjusted

------------------------------------------------------------------------------
             | Coefficient  Std. err.      z    P>|z|     [95% conf. interval]
-------------+----------------------------------------------------------------
     /a_bfvl |   .7340929   .2526517     2.91   0.004     .2389046    1.229281
        /g11 |  -.0383352   .0598914    -0.64   0.522    -.1557202    .0790498
        /g12 |  -.0909246   .0188749    -4.82   0.000    -.1279186   -.0539306
        /g14 |  -.1758484   .0263525    -6.67   0.000    -.2274983   -.1241985
     /b_bfvl |  -.1984912   .1876293    -1.06   0.290    -.5662379    .1692555
     /a_pork |   .5556568   .0850753     6.53   0.000     .3889122    .7224014
        /g22 |   .0277886   .0449462     0.62   0.536    -.0603042    .1158815
        /g24 |  -.0409256     .01464    -2.80   0.005    -.0696194   -.0122319
     /b_pork |  -.2321274   .0632064    -3.67   0.000    -.3560096   -.1082452
     /a_fish |  -.1096113   .1548389    -0.71   0.479      -.41309    .1938674
        /g44 |   .2016973   .0185782    10.86   0.000     .1652848    .2381099
     /b_fish |   .1692613   .1150069     1.47   0.141    -.0561482    .3946707
------------------------------------------------------------------------------
Instruments for equation eq_bfvl: ln_real_x L1_lngp_bfvl L1_lngp_pork L1_lngp_poult L1_lngp_fish _cons
Instruments for equation eq_pork: ln_real_x L1_lngp_bfvl L1_lngp_pork L1_lngp_poult L1_lngp_fish _cons
Instruments for equation eq_fish: ln_real_x L1_lngp_bfvl L1_lngp_pork L1_lngp_poult L1_lngp_fish _cons

Final GMM criterion Q(b) = .4961016

GMM estimation 

Number of parameters =  12
Number of moments    =  18
Initial weight matrix: Unadjusted                 Number of obs   =         40
GMM weight matrix:     Unadjusted

------------------------------------------------------------------------------
             | Coefficient  Std. err.      z    P>|z|     [95% conf. interval]
-------------+----------------------------------------------------------------
     /a_bfvl |   .1801079   .2531463     0.71   0.477    -.3160498    .6762656
        /g11 |  -.1857494   .0691604    -2.69   0.007    -.3213013   -.0501975
        /g12 |  -.1268391   .0256252    -4.95   0.000    -.1770637   -.0766146
        /g14 |  -.0922815   .0221213    -4.17   0.000    -.1356384   -.0489246
     /b_bfvl |   .2086442   .1888632     1.10   0.269    -.1615209    .5788094
     /a_pork |   .4013494   .0853194     4.70   0.000     .2341265    .5685722
        /g22 |    -.02586   .0624881    -0.41   0.679    -.1483345    .0966146
        /g24 |   .0030937   .0199957     0.15   0.877    -.0360972    .0422846
     /b_pork |  -.1185134    .063718    -1.86   0.063    -.2433984    .0063715
     /a_fish |   .1895789   .0997354     1.90   0.057    -.0058988    .3850566
        /g44 |   .1374867   .0122397    11.23   0.000     .1134974     .161476
     /b_fish |  -.0546261   .0743818    -0.73   0.463    -.2004118    .0911595
------------------------------------------------------------------------------
Instruments for equation eq_bfvl: ln_real_x L1_lngp_bfvl L1_lngp_pork L1_lngp_poult L1_lngp_fish _cons
Instruments for equation eq_pork: ln_real_x L1_lngp_bfvl L1_lngp_pork L1_lngp_poult L1_lngp_fish _cons
Instruments for equation eq_fish: ln_real_x L1_lngp_bfvl L1_lngp_pork L1_lngp_poult L1_lngp_fish _cons

Final GMM criterion Q(b) =  .995777

GMM estimation 

Number of parameters =  12
Number of moments    =  18
Initial weight matrix: Unadjusted                 Number of obs   =         40
GMM weight matrix:     Unadjusted

------------------------------------------------------------------------------
             | Coefficient  Std. err.      z    P>|z|     [95% conf. interval]
-------------+----------------------------------------------------------------
     /a_bfvl |   .1113975   .3706045     0.30   0.764    -.6149739    .8377689
        /g11 |  -.1521544   .0793431    -1.92   0.055    -.3076639    .0033552
        /g12 |  -.1124636   .0272879    -4.12   0.000     -.165947   -.0589802
        /g14 |  -.1378607   .0289228    -4.77   0.000    -.1945484   -.0811729
     /b_bfvl |   .2691333    .276026     0.98   0.330    -.2718677    .8101343
     /a_pork |   .1930993    .118982     1.62   0.105    -.0401011    .4262998
        /g22 |  -.0495391   .0650167    -0.76   0.446    -.1769696    .0778913
        /g24 |   .0128203   .0117801     1.09   0.276    -.0102683    .0359089
     /b_pork |   .0351202   .0886734     0.40   0.692    -.1386765    .2089169
     /a_fish |     .08404   .1648772     0.51   0.610    -.2391135    .4071934
        /g44 |   .1574268   .0155135    10.15   0.000     .1270209    .1878327
     /b_fish |   .0253506   .1227315     0.21   0.836    -.2151986    .2658998
------------------------------------------------------------------------------
Instruments for equation eq_bfvl: ln_real_x L1_lngp_bfvl L1_lngp_pork L1_lngp_poult L1_lngp_fish _cons
Instruments for equation eq_pork: ln_real_x L1_lngp_bfvl L1_lngp_pork L1_lngp_poult L1_lngp_fish _cons
Instruments for equation eq_fish: ln_real_x L1_lngp_bfvl L1_lngp_pork L1_lngp_poult L1_lngp_fish _cons

Final GMM criterion Q(b) = 1.096114

GMM estimation 

Number of parameters =  12
Number of moments    =  18
Initial weight matrix: Unadjusted                 Number of obs   =         40
GMM weight matrix:     Unadjusted

------------------------------------------------------------------------------
             | Coefficient  Std. err.      z    P>|z|     [95% conf. interval]
-------------+----------------------------------------------------------------
     /a_bfvl |  -.2242065   .2828326    -0.79   0.428    -.7785482    .3301351
        /g11 |  -.0995763   .0531932    -1.87   0.061    -.2038331    .0046806
        /g12 |  -.0847751   .0189164    -4.48   0.000    -.1218506   -.0476996
        /g14 |  -.1406585   .0258383    -5.44   0.000    -.1913006   -.0900164
     /b_bfvl |   .5158565   .2102542     2.45   0.014     .1037659    .9279471
     /a_pork |    .628776   .1094077     5.75   0.000     .4143408    .8432112
        /g22 |   .0493311   .0550522     0.90   0.370    -.0585693    .1572315
        /g24 |  -.0101802   .0128941    -0.79   0.430    -.0354521    .0150918
     /b_pork |  -.2883755    .081424    -3.54   0.000    -.4479635   -.1287874
     /a_fish |   .1372078   .1682718     0.82   0.415    -.1925989    .4670144
        /g44 |   .1775779   .0197223     9.00   0.000     .1389229    .2162329
     /b_fish |  -.0166424   .1250364    -0.13   0.894    -.2617093    .2284244
------------------------------------------------------------------------------
Instruments for equation eq_bfvl: ln_real_x L1_lngp_bfvl L1_lngp_pork L1_lngp_poult L1_lngp_fish _cons
Instruments for equation eq_pork: ln_real_x L1_lngp_bfvl L1_lngp_pork L1_lngp_poult L1_lngp_fish _cons
Instruments for equation eq_fish: ln_real_x L1_lngp_bfvl L1_lngp_pork L1_lngp_poult L1_lngp_fish _cons

Final GMM criterion Q(b) = .5997778

GMM estimation 

Number of parameters =  12
Number of moments    =  18
Initial weight matrix: Unadjusted                 Number of obs   =         40
GMM weight matrix:     Unadjusted

------------------------------------------------------------------------------
             | Coefficient  Std. err.      z    P>|z|     [95% conf. interval]
-------------+----------------------------------------------------------------
     /a_bfvl |    .138494   .2476251     0.56   0.576    -.3468422    .6238302
        /g11 |  -.2337999   .0638631    -3.66   0.000    -.3589693   -.1086305
        /g12 |   -.122015   .0284488    -4.29   0.000    -.1777736   -.0662564
        /g14 |  -.0714293   .0216356    -3.30   0.001    -.1138344   -.0290243
     /b_bfvl |   .2375465   .1845427     1.29   0.198    -.1241506    .5992436
     /a_pork |   .2685522    .084409     3.18   0.001     .1031137    .4339908
        /g22 |   .0019708   .0618058     0.03   0.975    -.1191663     .123108
        /g24 |   .0032061   .0182488     0.18   0.861    -.0325609    .0389732
     /b_pork |  -.0211565   .0629087    -0.34   0.737    -.1444552    .1021422
     /a_fish |   .2730154   .0921961     2.96   0.003     .0923143    .4537165
        /g44 |   .1283733   .0109261    11.75   0.000     .1069585    .1497881
     /b_fish |  -.1156446   .0686867    -1.68   0.092     -.250268    .0189788
------------------------------------------------------------------------------
Instruments for equation eq_bfvl: ln_real_x L1_lngp_bfvl L1_lngp_pork L1_lngp_poult L1_lngp_fish _cons
Instruments for equation eq_pork: ln_real_x L1_lngp_bfvl L1_lngp_pork L1_lngp_poult L1_lngp_fish _cons
Instruments for equation eq_fish: ln_real_x L1_lngp_bfvl L1_lngp_pork L1_lngp_poult L1_lngp_fish _cons

Final GMM criterion Q(b) = 1.179425

GMM estimation 

Number of parameters =  12
Number of moments    =  18
Initial weight matrix: Unadjusted                 Number of obs   =         40
GMM weight matrix:     Unadjusted

------------------------------------------------------------------------------
             | Coefficient  Std. err.      z    P>|z|     [95% conf. interval]
-------------+----------------------------------------------------------------
     /a_bfvl |  -.2244179    .305812    -0.73   0.463    -.8237984    .3749626
        /g11 |  -.1171333   .0585312    -2.00   0.045    -.2318523   -.0024144
        /g12 |   -.159645   .0293807    -5.43   0.000    -.2172301   -.1020598
        /g14 |  -.1168859   .0254994    -4.58   0.000    -.1668638   -.0669079
     /b_bfvl |   .5116087   .2270105     2.25   0.024     .0666764    .9565411
     /a_pork |    .325006   .1294662     2.51   0.012     .0712568    .5787551
        /g22 |  -.0311665   .0742265    -0.42   0.675    -.1766478    .1143148
        /g24 |  -.0059061   .0262276    -0.23   0.822    -.0573111     .045499
     /b_pork |  -.0605025   .0958315    -0.63   0.528    -.2483287    .1273237
     /a_fish |  -.1495521   .1796977    -0.83   0.405    -.5017531    .2026488
        /g44 |   .1793028    .019676     9.11   0.000     .1407385     .217867
     /b_fish |   .1967021   .1332457     1.48   0.140    -.0644547    .4578589
------------------------------------------------------------------------------
Instruments for equation eq_bfvl: ln_real_x L1_lngp_bfvl L1_lngp_pork L1_lngp_poult L1_lngp_fish _cons
Instruments for equation eq_pork: ln_real_x L1_lngp_bfvl L1_lngp_pork L1_lngp_poult L1_lngp_fish _cons
Instruments for equation eq_fish: ln_real_x L1_lngp_bfvl L1_lngp_pork L1_lngp_poult L1_lngp_fish _cons

Final GMM criterion Q(b) = .6664255

GMM estimation 

Number of parameters =  12
Number of moments    =  18
Initial weight matrix: Unadjusted                 Number of obs   =         40
GMM weight matrix:     Unadjusted

------------------------------------------------------------------------------
             | Coefficient  Std. err.      z    P>|z|     [95% conf. interval]
-------------+----------------------------------------------------------------
     /a_bfvl |   .2731981   .2717045     1.01   0.315    -.2593329    .8057292
        /g11 |  -.0145578   .0663672    -0.22   0.826     -.144635    .1155195
        /g12 |   -.072778   .0335653    -2.17   0.030    -.1385648   -.0069911
        /g14 |  -.1564075    .022879    -6.84   0.000    -.2012496   -.1115654
     /b_bfvl |   .1394446   .2036866     0.68   0.494    -.2597738     .538663
     /a_pork |   .3967059   .1135271     3.49   0.000     .1741968    .6192149
        /g22 |   .2173026   .1045456     2.08   0.038     .0123971    .4222082
        /g24 |  -.0389961   .0232692    -1.68   0.094     -.084603    .0066108
     /b_pork |   -.114171   .0849562    -1.34   0.179    -.2806821    .0523401
     /a_fish |    .180007   .1227115     1.47   0.142    -.0605032    .4205172
        /g44 |   .1563205   .0125985    12.41   0.000     .1316279    .1810131
     /b_fish |  -.0468073   .0920185    -0.51   0.611    -.2271603    .1335456
------------------------------------------------------------------------------
Instruments for equation eq_bfvl: ln_real_x L1_lngp_bfvl L1_lngp_pork L1_lngp_poult L1_lngp_fish _cons
Instruments for equation eq_pork: ln_real_x L1_lngp_bfvl L1_lngp_pork L1_lngp_poult L1_lngp_fish _cons
Instruments for equation eq_fish: ln_real_x L1_lngp_bfvl L1_lngp_pork L1_lngp_poult L1_lngp_fish _cons

Final GMM criterion Q(b) = 1.409546

GMM estimation 

Number of parameters =  12
Number of moments    =  18
Initial weight matrix: Unadjusted                 Number of obs   =         40
GMM weight matrix:     Unadjusted

------------------------------------------------------------------------------
             | Coefficient  Std. err.      z    P>|z|     [95% conf. interval]
-------------+----------------------------------------------------------------
     /a_bfvl |   .6024229   .3048612     1.98   0.048      .004906     1.19994
        /g11 |  -.0534073   .0552152    -0.97   0.333     -.161627    .0548124
        /g12 |  -.0640866    .041415    -1.55   0.122    -.1452585    .0170852
        /g14 |  -.1559145   .0265775    -5.87   0.000    -.2080055   -.1038236
     /b_bfvl |   -.097307   .2264091    -0.43   0.667    -.5410607    .3464467
     /a_pork |   .1868861   .2544045     0.73   0.463    -.3117376    .6855099
        /g22 |   .2855529   .1504867     1.90   0.058    -.0093957    .5805015
        /g24 |  -.0850238   .0391675    -2.17   0.030    -.1617907    -.008257
     /b_pork |   .0408636   .1889259     0.22   0.829    -.3294244    .4111516
     /a_fish |  -.0411581   .1763044    -0.23   0.815    -.3867084    .3043922
        /g44 |   .2030943   .0210155     9.66   0.000     .1619047    .2442839
     /b_fish |   .1172665   .1309036     0.90   0.370    -.1392998    .3738327
------------------------------------------------------------------------------
Instruments for equation eq_bfvl: ln_real_x L1_lngp_bfvl L1_lngp_pork L1_lngp_poult L1_lngp_fish _cons
Instruments for equation eq_pork: ln_real_x L1_lngp_bfvl L1_lngp_pork L1_lngp_poult L1_lngp_fish _cons
Instruments for equation eq_fish: ln_real_x L1_lngp_bfvl L1_lngp_pork L1_lngp_poult L1_lngp_fish _cons

Final GMM criterion Q(b) = 1.307938

GMM estimation 

Number of parameters =  12
Number of moments    =  18
Initial weight matrix: Unadjusted                 Number of obs   =         40
GMM weight matrix:     Unadjusted

------------------------------------------------------------------------------
             | Coefficient  Std. err.      z    P>|z|     [95% conf. interval]
-------------+----------------------------------------------------------------
     /a_bfvl |   .3315315    .279675     1.19   0.236    -.2166214    .8796844
        /g11 |  -.0654467   .0551478    -1.19   0.235    -.1735343    .0426409
        /g12 |  -.0376772   .0383435    -0.98   0.326    -.1128291    .0374748
        /g14 |  -.1643979   .0262833    -6.25   0.000    -.2159122   -.1128836
     /b_bfvl |     .09921    .208325     0.48   0.634    -.3090994    .5075194
     /a_pork |   .4784513   .1091586     4.38   0.000     .2645044    .6923982
        /g22 |   .1758211   .1580699     1.11   0.266    -.1339901    .4856324
        /g24 |   -.040955   .0253011    -1.62   0.106    -.0905443    .0086343
     /b_pork |  -.1788182   .0811329    -2.20   0.028    -.3378359   -.0198006
     /a_fish |   .0141186    .168038     0.08   0.933    -.3152299     .343467
        /g44 |   .1834306   .0208426     8.80   0.000     .1425798    .2242814
     /b_fish |   .0758158   .1251244     0.61   0.545    -.1694235    .3210551
------------------------------------------------------------------------------
Instruments for equation eq_bfvl: ln_real_x L1_lngp_bfvl L1_lngp_pork L1_lngp_poult L1_lngp_fish _cons
Instruments for equation eq_pork: ln_real_x L1_lngp_bfvl L1_lngp_pork L1_lngp_poult L1_lngp_fish _cons
Instruments for equation eq_fish: ln_real_x L1_lngp_bfvl L1_lngp_pork L1_lngp_poult L1_lngp_fish _cons

Final GMM criterion Q(b) = 1.112593

GMM estimation 

Number of parameters =  12
Number of moments    =  18
Initial weight matrix: Unadjusted                 Number of obs   =         40
GMM weight matrix:     Unadjusted

------------------------------------------------------------------------------
             | Coefficient  Std. err.      z    P>|z|     [95% conf. interval]
-------------+----------------------------------------------------------------
     /a_bfvl |   .3810096   .2410909     1.58   0.114    -.0915198    .8535391
        /g11 |  -.0354516   .0451074    -0.79   0.432    -.1238604    .0529573
        /g12 |   .1516733   .0480004     3.16   0.002     .0575942    .2457524
        /g14 |  -.2177521   .0226235    -9.63   0.000    -.2620934   -.1734109
     /b_bfvl |   .0671984   .1790819     0.38   0.707    -.2837957    .4181925
     /a_pork |   .2385002   .2255409     1.06   0.290    -.2035518    .6805522
        /g22 |   .4374554   .1163185     3.76   0.000     .2094753    .6654355
        /g24 |  -.1738506   .0307029    -5.66   0.000    -.2340271   -.1136741
     /b_pork |   .0014698   .1673148     0.01   0.993    -.3264612    .3294008
     /a_fish |   .2841831   .1836769     1.55   0.122    -.0758171    .6441833
        /g44 |   .2211299   .0193473    11.43   0.000     .1832098    .2590499
     /b_fish |  -.1258226   .1364113    -0.92   0.356    -.3931839    .1415386
------------------------------------------------------------------------------
Instruments for equation eq_bfvl: ln_real_x L1_lngp_bfvl L1_lngp_pork L1_lngp_poult L1_lngp_fish _cons
Instruments for equation eq_pork: ln_real_x L1_lngp_bfvl L1_lngp_pork L1_lngp_poult L1_lngp_fish _cons
Instruments for equation eq_fish: ln_real_x L1_lngp_bfvl L1_lngp_pork L1_lngp_poult L1_lngp_fish _cons

Final GMM criterion Q(b) = 1.282715

GMM estimation 

Number of parameters =  12
Number of moments    =  18
Initial weight matrix: Unadjusted                 Number of obs   =         40
GMM weight matrix:     Unadjusted

------------------------------------------------------------------------------
             | Coefficient  Std. err.      z    P>|z|     [95% conf. interval]
-------------+----------------------------------------------------------------
     /a_bfvl |   .5930887   .2121941     2.80   0.005     .1771959    1.008982
        /g11 |   .0014147   .0547088     0.03   0.979    -.1058126     .108642
        /g12 |   .0335436   .0317387     1.06   0.291     -.028663    .0957502
        /g14 |  -.2557478   .0260133    -9.83   0.000    -.3067329   -.2047627
     /b_bfvl |  -.0893606   .1577786    -0.57   0.571     -.398601    .2198798
     /a_pork |    .397503    .125624     3.16   0.002     .1512845    .6437215
        /g22 |   .1426791   .0575441     2.48   0.013     .0298947    .2554635
        /g24 |  -.0834665   .0184208    -4.53   0.000    -.1195706   -.0473623
     /b_pork |  -.1175693   .0933395    -1.26   0.208    -.3005113    .0653727
     /a_fish |   .1206695   .1764322     0.68   0.494    -.2251313    .4664703
        /g44 |   .2260961   .0218242    10.36   0.000     .1833215    .2688707
     /b_fish |  -.0013506   .1312153    -0.01   0.992    -.2585278    .2558267
------------------------------------------------------------------------------
Instruments for equation eq_bfvl: ln_real_x L1_lngp_bfvl L1_lngp_pork L1_lngp_poult L1_lngp_fish _cons
Instruments for equation eq_pork: ln_real_x L1_lngp_bfvl L1_lngp_pork L1_lngp_poult L1_lngp_fish _cons
Instruments for equation eq_fish: ln_real_x L1_lngp_bfvl L1_lngp_pork L1_lngp_poult L1_lngp_fish _cons

Final GMM criterion Q(b) = 1.339697

GMM estimation 

Number of parameters =  12
Number of moments    =  18
Initial weight matrix: Unadjusted                 Number of obs   =         40
GMM weight matrix:     Unadjusted

------------------------------------------------------------------------------
             | Coefficient  Std. err.      z    P>|z|     [95% conf. interval]
-------------+----------------------------------------------------------------
     /a_bfvl |   .1714464   .2381717     0.72   0.472    -.2953616    .6382544
        /g11 |  -.0894429   .0508177    -1.76   0.078    -.1890437    .0101579
        /g12 |  -.1257235     .01794    -7.01   0.000    -.1608854   -.0905617
        /g14 |  -.1544076   .0245046    -6.30   0.000    -.2024358   -.1063794
     /b_bfvl |   .2172913   .1775211     1.22   0.221    -.1306438    .5652264
     /a_pork |    .334004   .0794297     4.21   0.000     .1783247    .4896833
        /g22 |   .0622859   .0779149     0.80   0.424    -.0904245    .2149964
        /g24 |   .0009109   .0128366     0.07   0.943    -.0242485    .0260702
     /b_pork |  -.0703809   .0590849    -1.19   0.234    -.1861852    .0454234
     /a_fish |   .0630853   .1592055     0.40   0.692    -.2489517    .3751223
        /g44 |   .1773793   .0202606     8.75   0.000     .1376694    .2170893
     /b_fish |   .0397747   .1186104     0.34   0.737    -.1926974    .2722467
------------------------------------------------------------------------------
Instruments for equation eq_bfvl: ln_real_x L1_lngp_bfvl L1_lngp_pork L1_lngp_poult L1_lngp_fish _cons
Instruments for equation eq_pork: ln_real_x L1_lngp_bfvl L1_lngp_pork L1_lngp_poult L1_lngp_fish _cons
Instruments for equation eq_fish: ln_real_x L1_lngp_bfvl L1_lngp_pork L1_lngp_poult L1_lngp_fish _cons

Final GMM criterion Q(b) = 1.037229

GMM estimation 

Number of parameters =  12
Number of moments    =  18
Initial weight matrix: Unadjusted                 Number of obs   =         40
GMM weight matrix:     Unadjusted

------------------------------------------------------------------------------
             | Coefficient  Std. err.      z    P>|z|     [95% conf. interval]
-------------+----------------------------------------------------------------
     /a_bfvl |    .261227   .2412008     1.08   0.279    -.2115178    .7339719
        /g11 |   .2312941   .1194627     1.94   0.053    -.0028485    .4654368
        /g12 |   .7961012   .3390303     2.35   0.019      .131614    1.460588
        /g14 |  -.4028481   .0734031    -5.49   0.000    -.5467156   -.2589806
     /b_bfvl |   .1504501   .1795129     0.84   0.402    -.2013886    .5022889
     /a_pork |   .5018084   .5090836     0.99   0.324     -.495977    1.499594
        /g22 |   1.966896   1.070269     1.84   0.066    -.1307928    4.064585
        /g24 |  -.5453891   .2153155    -2.53   0.011    -.9673996   -.1233786
     /b_pork |  -.2036197    .378309    -0.54   0.590    -.9450917    .5378523
     /a_fish |  -.0379248   .2285617    -0.17   0.868    -.4858976     .410048
        /g44 |   .3414583   .0502279     6.80   0.000     .2430134    .4399031
     /b_fish |   .1162894    .170199     0.68   0.494    -.2172944    .4498732
------------------------------------------------------------------------------
Instruments for equation eq_bfvl: ln_real_x L1_lngp_bfvl L1_lngp_pork L1_lngp_poult L1_lngp_fish _cons
Instruments for equation eq_pork: ln_real_x L1_lngp_bfvl L1_lngp_pork L1_lngp_poult L1_lngp_fish _cons
Instruments for equation eq_fish: ln_real_x L1_lngp_bfvl L1_lngp_pork L1_lngp_poult L1_lngp_fish _cons

Final GMM criterion Q(b) = 1.117564

GMM estimation 

Number of parameters =  12
Number of moments    =  18
Initial weight matrix: Unadjusted                 Number of obs   =         40
GMM weight matrix:     Unadjusted

------------------------------------------------------------------------------
             | Coefficient  Std. err.      z    P>|z|     [95% conf. interval]
-------------+----------------------------------------------------------------
     /a_bfvl |   .0530007   .3204578     0.17   0.869     -.575085    .6810865
        /g11 |   .0494388   .0653254     0.76   0.449    -.0785966    .1774741
        /g12 |  -.0177358   .0254417    -0.70   0.486    -.0676006    .0321291
        /g14 |  -.1921566   .0233931    -8.21   0.000    -.2380062    -.146307
     /b_bfvl |   .3109484   .2394196     1.30   0.194    -.1583053    .7802021
     /a_pork |   .1174126   .1350905     0.87   0.385    -.1473599     .382185
        /g22 |   .1890511    .041159     4.59   0.000      .108381    .2697212
        /g24 |  -.0680386   .0141805    -4.80   0.000    -.0958319   -.0402453
     /b_pork |   .0971669   .1008883     0.96   0.335    -.1005705    .2949043
     /a_fish |   .5699655   .1632438     3.49   0.000     .2500136    .8899174
        /g44 |   .1664544   .0163289    10.19   0.000     .1344503    .1984585
     /b_fish |  -.3396464   .1219794    -2.78   0.005    -.5787217   -.1005711
------------------------------------------------------------------------------
Instruments for equation eq_bfvl: ln_real_x L1_lngp_bfvl L1_lngp_pork L1_lngp_poult L1_lngp_fish _cons
Instruments for equation eq_pork: ln_real_x L1_lngp_bfvl L1_lngp_pork L1_lngp_poult L1_lngp_fish _cons
Instruments for equation eq_fish: ln_real_x L1_lngp_bfvl L1_lngp_pork L1_lngp_poult L1_lngp_fish _cons

Final GMM criterion Q(b) =  1.20667

GMM estimation 

Number of parameters =  12
Number of moments    =  18
Initial weight matrix: Unadjusted                 Number of obs   =         40
GMM weight matrix:     Unadjusted

------------------------------------------------------------------------------
             | Coefficient  Std. err.      z    P>|z|     [95% conf. interval]
-------------+----------------------------------------------------------------
     /a_bfvl |   3.453619   1.714875     2.01   0.044     .0925257    6.814713
        /g11 |   1.487173   .8026367     1.85   0.064     -.085966    3.060312
        /g12 |   4.856682   3.084132     1.57   0.115    -1.188105    10.90147
        /g14 |  -1.034871    .385215    -2.69   0.007    -1.789878   -.2798634
     /b_bfvl |  -2.221201     1.2802    -1.74   0.083    -4.730347    .2879443
     /a_pork |   9.378804   6.730226     1.39   0.163    -3.812196     22.5698
        /g22 |   16.12192   11.97498     1.35   0.178    -7.348611    39.59245
        /g24 |  -2.514391   1.491221    -1.69   0.092     -5.43713     .408349
     /b_pork |  -6.807635   5.023789    -1.36   0.175    -16.65408    3.038811
     /a_fish |  -1.120939   .8994024    -1.25   0.213    -2.883736     .641857
        /g44 |   .6098912   .1939892     3.14   0.002     .2296792    .9901031
     /b_fish |   .9205867   .6707963     1.37   0.170    -.3941499    2.235323
------------------------------------------------------------------------------
Instruments for equation eq_bfvl: ln_real_x L1_lngp_bfvl L1_lngp_pork L1_lngp_poult L1_lngp_fish _cons
Instruments for equation eq_pork: ln_real_x L1_lngp_bfvl L1_lngp_pork L1_lngp_poult L1_lngp_fish _cons
Instruments for equation eq_fish: ln_real_x L1_lngp_bfvl L1_lngp_pork L1_lngp_poult L1_lngp_fish _cons

Final GMM criterion Q(b) = 1.221284

GMM estimation 

Number of parameters =  12
Number of moments    =  18
Initial weight matrix: Unadjusted                 Number of obs   =         40
GMM weight matrix:     Unadjusted

------------------------------------------------------------------------------
             | Coefficient  Std. err.      z    P>|z|     [95% conf. interval]
-------------+----------------------------------------------------------------
     /a_bfvl |   .7827987   .2379116     3.29   0.001     .3165004    1.249097
        /g11 |  -.0507503   .0495974    -1.02   0.306    -.1479594    .0464587
        /g12 |  -.0865139   .0283445    -3.05   0.002    -.1420681   -.0309597
        /g14 |  -.2811487   .0292965    -9.60   0.000    -.3385688   -.2237287
     /b_bfvl |  -.2268037    .176076    -1.29   0.198    -.5719063    .1182988
     /a_pork |    .515483   .1214963     4.24   0.000     .2773547    .7536114
        /g22 |  -.1028445   .0739606    -1.39   0.164    -.2478046    .0421156
        /g24 |  -.0124105   .0183724    -0.68   0.499    -.0484198    .0235987
     /b_pork |  -.2026769   .0898461    -2.26   0.024     -.378772   -.0265817
     /a_fish |   .0132595   .2293191     0.06   0.954    -.4361976    .4627167
        /g44 |   .2559511   .0322146     7.95   0.000     .1928117    .3190906
     /b_fish |   .0727993   .1696015     0.43   0.668    -.2596136    .4052122
------------------------------------------------------------------------------
Instruments for equation eq_bfvl: ln_real_x L1_lngp_bfvl L1_lngp_pork L1_lngp_poult L1_lngp_fish _cons
Instruments for equation eq_pork: ln_real_x L1_lngp_bfvl L1_lngp_pork L1_lngp_poult L1_lngp_fish _cons
Instruments for equation eq_fish: ln_real_x L1_lngp_bfvl L1_lngp_pork L1_lngp_poult L1_lngp_fish _cons

Final GMM criterion Q(b) = .6619209

GMM estimation 

Number of parameters =  12
Number of moments    =  18
Initial weight matrix: Unadjusted                 Number of obs   =         40
GMM weight matrix:     Unadjusted

------------------------------------------------------------------------------
             | Coefficient  Std. err.      z    P>|z|     [95% conf. interval]
-------------+----------------------------------------------------------------
     /a_bfvl |   .2754002   .2426213     1.14   0.256    -.2001288    .7509292
        /g11 |  -.1592309    .054791    -2.91   0.004    -.2666193   -.0518425
        /g12 |  -.1539564   .0322887    -4.77   0.000    -.2172411   -.0906718
        /g14 |  -.0966785   .0229779    -4.21   0.000    -.1417143   -.0516427
     /b_bfvl |   .1451506   .1806334     0.80   0.422    -.2088844    .4991856
     /a_pork |   .5863339   .1661396     3.53   0.000     .2607063    .9119615
        /g22 |  -.1435867   .1917927    -0.75   0.454    -.5194934      .23232
        /g24 |   .0409675     .03545     1.16   0.248    -.0285132    .1104481
     /b_pork |  -.2557068   .1228341    -2.08   0.037    -.4964572   -.0149563
     /a_fish |    .038088   .1199931     0.32   0.751    -.1970941    .2732701
        /g44 |   .1445973   .0172299     8.39   0.000     .1108274    .1783672
     /b_fish |   .0591235   .0892611     0.66   0.508    -.1158252    .2340721
------------------------------------------------------------------------------
Instruments for equation eq_bfvl: ln_real_x L1_lngp_bfvl L1_lngp_pork L1_lngp_poult L1_lngp_fish _cons
Instruments for equation eq_pork: ln_real_x L1_lngp_bfvl L1_lngp_pork L1_lngp_poult L1_lngp_fish _cons
Instruments for equation eq_fish: ln_real_x L1_lngp_bfvl L1_lngp_pork L1_lngp_poult L1_lngp_fish _cons

Final GMM criterion Q(b) =  1.04997

GMM estimation 

Number of parameters =  12
Number of moments    =  18
Initial weight matrix: Unadjusted                 Number of obs   =         40
GMM weight matrix:     Unadjusted

------------------------------------------------------------------------------
             | Coefficient  Std. err.      z    P>|z|     [95% conf. interval]
-------------+----------------------------------------------------------------
     /a_bfvl |  -.1954639   .2534939    -0.77   0.441    -.6923029     .301375
        /g11 |  -.2184045   .0533298    -4.10   0.000     -.322929   -.1138801
        /g12 |  -.0643502   .0376678    -1.71   0.088    -.1381777    .0094773
        /g14 |  -.1054179   .0257866    -4.09   0.000    -.1559587   -.0548771
     /b_bfvl |    .487223   .1879751     2.59   0.010     .1187986    .8556475
     /a_pork |   .3818675   .1269555     3.01   0.003     .1330392    .6306958
        /g22 |  -.0416059   .0584444    -0.71   0.477    -.1561548     .072943
        /g24 |  -.0147088   .0245813    -0.60   0.550    -.0628872    .0334697
     /b_pork |  -.1035931   .0940655    -1.10   0.271    -.2879582     .080772
     /a_fish |   .1576915    .138994     1.13   0.257    -.1147318    .4301147
        /g44 |   .1631261    .017052     9.57   0.000     .1297048    .1965473
     /b_fish |   -.031357   .1030381    -0.30   0.761    -.2333081     .170594
------------------------------------------------------------------------------
Instruments for equation eq_bfvl: ln_real_x L1_lngp_bfvl L1_lngp_pork L1_lngp_poult L1_lngp_fish _cons
Instruments for equation eq_pork: ln_real_x L1_lngp_bfvl L1_lngp_pork L1_lngp_poult L1_lngp_fish _cons
Instruments for equation eq_fish: ln_real_x L1_lngp_bfvl L1_lngp_pork L1_lngp_poult L1_lngp_fish _cons

Final GMM criterion Q(b) = .8438471

GMM estimation 

Number of parameters =  12
Number of moments    =  18
Initial weight matrix: Unadjusted                 Number of obs   =         40
GMM weight matrix:     Unadjusted

------------------------------------------------------------------------------
             | Coefficient  Std. err.      z    P>|z|     [95% conf. interval]
-------------+----------------------------------------------------------------
     /a_bfvl |   .7841064   .2335122     3.36   0.001      .326431    1.241782
        /g11 |  -.0922367   .0481846    -1.91   0.056    -.1866769    .0022034
        /g12 |  -.1667046   .0222294    -7.50   0.000    -.2102733   -.1231358
        /g14 |  -.1734039   .0211611    -8.19   0.000    -.2148788    -.131929
     /b_bfvl |  -.2377017   .1734579    -1.37   0.171     -.577673    .1022695
     /a_pork |   .6090268   .1338976     4.55   0.000     .3465922    .8714613
        /g22 |  -.1233617    .079894    -1.54   0.123     -.279951    .0332276
        /g24 |   .0376089   .0174642     2.15   0.031     .0033798    .0718381
     /b_pork |  -.2716904    .099583    -2.73   0.006    -.4668695   -.0765114
     /a_fish |  -.0795295   .1568063    -0.51   0.612    -.3868641    .2278052
        /g44 |   .1713955   .0164138    10.44   0.000      .139225     .203566
     /b_fish |   .1463757   .1164131     1.26   0.209    -.0817898    .3745412
------------------------------------------------------------------------------
Instruments for equation eq_bfvl: ln_real_x L1_lngp_bfvl L1_lngp_pork L1_lngp_poult L1_lngp_fish _cons
Instruments for equation eq_pork: ln_real_x L1_lngp_bfvl L1_lngp_pork L1_lngp_poult L1_lngp_fish _cons
Instruments for equation eq_fish: ln_real_x L1_lngp_bfvl L1_lngp_pork L1_lngp_poult L1_lngp_fish _cons

Final GMM criterion Q(b) = .7405604

GMM estimation 

Number of parameters =  12
Number of moments    =  18
Initial weight matrix: Unadjusted                 Number of obs   =         40
GMM weight matrix:     Unadjusted

------------------------------------------------------------------------------
             | Coefficient  Std. err.      z    P>|z|     [95% conf. interval]
-------------+----------------------------------------------------------------
     /a_bfvl |  -.2916351   .2503551    -1.16   0.244    -.7823221    .1990519
        /g11 |   .2217154   .1088522     2.04   0.042      .008369    .4350618
        /g12 |   .5808921   .2365909     2.46   0.014     .1171825    1.044602
        /g14 |  -.3534043   .0651907    -5.42   0.000    -.4811757   -.2256329
     /b_bfvl |   .5696482   .1866319     3.05   0.002     .2038565      .93544
     /a_pork |  -.1375099   .5051419    -0.27   0.785     -1.12757      .85255
        /g22 |   1.317655   .6055656     2.18   0.030     .1307683    2.504542
        /g24 |  -.4525729   .1520148    -2.98   0.003    -.7505165   -.1546293
     /b_pork |   .2714357   .3755042     0.72   0.470    -.4645389     1.00741
     /a_fish |   .4014983   .1805625     2.22   0.026     .0476023    .7553943
        /g44 |   .3122785   .0437494     7.14   0.000     .2265313    .3980258
     /b_fish |  -.2081707   .1348363    -1.54   0.123     -.472445    .0561036
------------------------------------------------------------------------------
Instruments for equation eq_bfvl: ln_real_x L1_lngp_bfvl L1_lngp_pork L1_lngp_poult L1_lngp_fish _cons
Instruments for equation eq_pork: ln_real_x L1_lngp_bfvl L1_lngp_pork L1_lngp_poult L1_lngp_fish _cons
Instruments for equation eq_fish: ln_real_x L1_lngp_bfvl L1_lngp_pork L1_lngp_poult L1_lngp_fish _cons

Final GMM criterion Q(b) = .8971024

GMM estimation 

Number of parameters =  12
Number of moments    =  18
Initial weight matrix: Unadjusted                 Number of obs   =         40
GMM weight matrix:     Unadjusted

------------------------------------------------------------------------------
             | Coefficient  Std. err.      z    P>|z|     [95% conf. interval]
-------------+----------------------------------------------------------------
     /a_bfvl |   .4568839   .2822685     1.62   0.106    -.0963522     1.01012
        /g11 |  -.0185431   .0571186    -0.32   0.745    -.1304934    .0934073
        /g12 |   .1124941   .0937127     1.20   0.230    -.0711795    .2961676
        /g14 |   -.210024   .0290907    -7.22   0.000    -.2670409   -.1530072
     /b_bfvl |   .0089944   .2102484     0.04   0.966    -.4030849    .4210737
     /a_pork |  -.5998295   .5574566    -1.08   0.282    -1.692424    .4927654
        /g22 |   .8148485   .4129637     1.97   0.048     .0054544    1.624243
        /g24 |  -.2499783   .0993082    -2.52   0.012    -.4446188   -.0553377
     /b_pork |   .6287398   .4161816     1.51   0.131    -.1869611    1.444441
     /a_fish |   .3002172   .1859718     1.61   0.106    -.0642807    .6647151
        /g44 |   .2343681   .0274371     8.54   0.000     .1805924    .2881437
     /b_fish |  -.1363093   .1386113    -0.98   0.325    -.4079824    .1353638
------------------------------------------------------------------------------
Instruments for equation eq_bfvl: ln_real_x L1_lngp_bfvl L1_lngp_pork L1_lngp_poult L1_lngp_fish _cons
Instruments for equation eq_pork: ln_real_x L1_lngp_bfvl L1_lngp_pork L1_lngp_poult L1_lngp_fish _cons
Instruments for equation eq_fish: ln_real_x L1_lngp_bfvl L1_lngp_pork L1_lngp_poult L1_lngp_fish _cons

Final GMM criterion Q(b) = 1.279232

GMM estimation 

Number of parameters =  12
Number of moments    =  18
Initial weight matrix: Unadjusted                 Number of obs   =         40
GMM weight matrix:     Unadjusted

------------------------------------------------------------------------------
             | Coefficient  Std. err.      z    P>|z|     [95% conf. interval]
-------------+----------------------------------------------------------------
     /a_bfvl |   .4426029   .2642004     1.68   0.094    -.0752203    .9604261
        /g11 |   .0417871   .0575056     0.73   0.467    -.0709219     .154496
        /g12 |   .0708187   .0510675     1.39   0.166    -.0292717    .1709092
        /g14 |  -.2315539   .0259594    -8.92   0.000    -.2824334   -.1806745
     /b_bfvl |   .0231697   .1968739     0.12   0.906     -.362696    .4090355
     /a_pork |   .0598365    .243627     0.25   0.806    -.4176637    .5373367
        /g22 |   .4239203   .1854381     2.29   0.022     .0604683    .7873722
        /g24 |  -.1169535   .0337884    -3.46   0.001    -.1831776   -.0507295
     /b_pork |   .1378225   .1817961     0.76   0.448    -.2184914    .4941364
     /a_fish |   .3575033   .1960655     1.82   0.068    -.0267781    .7417846
        /g44 |   .1923491   .0222858     8.63   0.000     .1486698    .2360285
     /b_fish |  -.1812817   .1460899    -1.24   0.215    -.4676126    .1050492
------------------------------------------------------------------------------
Instruments for equation eq_bfvl: ln_real_x L1_lngp_bfvl L1_lngp_pork L1_lngp_poult L1_lngp_fish _cons
Instruments for equation eq_pork: ln_real_x L1_lngp_bfvl L1_lngp_pork L1_lngp_poult L1_lngp_fish _cons
Instruments for equation eq_fish: ln_real_x L1_lngp_bfvl L1_lngp_pork L1_lngp_poult L1_lngp_fish _cons

Final GMM criterion Q(b) = 1.027884

GMM estimation 

Number of parameters =  12
Number of moments    =  18
Initial weight matrix: Unadjusted                 Number of obs   =         40
GMM weight matrix:     Unadjusted

------------------------------------------------------------------------------
             | Coefficient  Std. err.      z    P>|z|     [95% conf. interval]
-------------+----------------------------------------------------------------
     /a_bfvl |    .400531   .2970685     1.35   0.178    -.1817126    .9827746
        /g11 |   .0536094   .0649145     0.83   0.409    -.0736207    .1808395
        /g12 |  -.0221444   .0184045    -1.20   0.229    -.0582165    .0139277
        /g14 |  -.2639915   .0285635    -9.24   0.000     -.319975   -.2080081
     /b_bfvl |   .0497022     .22047     0.23   0.822    -.3824111    .4818154
     /a_pork |   .4377456   .0887665     4.93   0.000     .2637665    .6117246
        /g22 |   .0227032   .0359068     0.63   0.527    -.0476728    .0930793
        /g24 |   -.023829   .0105189    -2.27   0.023    -.0444456   -.0032124
     /b_pork |   -.144343   .0658851    -2.19   0.028    -.2734755   -.0152105
     /a_fish |   .2815917   .2340954     1.20   0.229    -.1772269    .7404102
        /g44 |   .1954459    .024416     8.00   0.000     .1475914    .2433003
     /b_fish |  -.1245598   .1737221    -0.72   0.473    -.4650488    .2159293
------------------------------------------------------------------------------
Instruments for equation eq_bfvl: ln_real_x L1_lngp_bfvl L1_lngp_pork L1_lngp_poult L1_lngp_fish _cons
Instruments for equation eq_pork: ln_real_x L1_lngp_bfvl L1_lngp_pork L1_lngp_poult L1_lngp_fish _cons
Instruments for equation eq_fish: ln_real_x L1_lngp_bfvl L1_lngp_pork L1_lngp_poult L1_lngp_fish _cons

Final GMM criterion Q(b) = .6459264

GMM estimation 

Number of parameters =  12
Number of moments    =  18
Initial weight matrix: Unadjusted                 Number of obs   =         40
GMM weight matrix:     Unadjusted

------------------------------------------------------------------------------
             | Coefficient  Std. err.      z    P>|z|     [95% conf. interval]
-------------+----------------------------------------------------------------
     /a_bfvl |   .6743247   .3045952     2.21   0.027     .0773292     1.27132
        /g11 |   .3882665   .0804703     4.82   0.000     .2305476    .5459854
        /g12 |   .0365743   .0224092     1.63   0.103    -.0073468    .0804955
        /g14 |   -.327955   .0250538   -13.09   0.000    -.3770595   -.2788506
     /b_bfvl |   -.150984   .2257889    -0.67   0.504    -.5935221    .2915541
     /a_pork |   .3564918   .0968867     3.68   0.000     .1665974    .5463862
        /g22 |   .0233966   .0386549     0.61   0.545    -.0523656    .0991588
        /g24 |  -.0416578   .0110094    -3.78   0.000    -.0632358   -.0200799
     /b_pork |  -.0813183    .071825    -1.13   0.258    -.2220927    .0594561
     /a_fish |   .6217174   .2277981     2.73   0.006     .1752413    1.068193
        /g44 |   .1573864   .0220275     7.15   0.000     .1142133    .2005594
     /b_fish |  -.3761768   .1689707    -2.23   0.026    -.7073532   -.0450004
------------------------------------------------------------------------------
Instruments for equation eq_bfvl: ln_real_x L1_lngp_bfvl L1_lngp_pork L1_lngp_poult L1_lngp_fish _cons
Instruments for equation eq_pork: ln_real_x L1_lngp_bfvl L1_lngp_pork L1_lngp_poult L1_lngp_fish _cons
Instruments for equation eq_fish: ln_real_x L1_lngp_bfvl L1_lngp_pork L1_lngp_poult L1_lngp_fish _cons

Final GMM criterion Q(b) = .7473681

GMM estimation 

Number of parameters =  12
Number of moments    =  18
Initial weight matrix: Unadjusted                 Number of obs   =         40
GMM weight matrix:     Unadjusted

------------------------------------------------------------------------------
             | Coefficient  Std. err.      z    P>|z|     [95% conf. interval]
-------------+----------------------------------------------------------------
     /a_bfvl |   .1526009   .2178458     0.70   0.484     -.274369    .5795708
        /g11 |  -.1371016   .0619218    -2.21   0.027    -.2584661    -.015737
        /g12 |  -.0721454   .0278478    -2.59   0.010     -.126726   -.0175648
        /g14 |   -.121774   .0225113    -5.41   0.000    -.1658954   -.0776525
     /b_bfvl |   .2327345   .1626947     1.43   0.153    -.0861412    .5516102
     /a_pork |   .3914084   .0860322     4.55   0.000     .2227885    .5600283
        /g22 |   .0814918   .0394044     2.07   0.039     .0042606    .1587229
        /g24 |  -.0353996   .0154149    -2.30   0.022    -.0656123   -.0051869
     /b_pork |  -.1096987   .0642566    -1.71   0.088    -.2356393    .0162419
     /a_fish |   .2388613   .0860911     2.77   0.006     .0701258    .4075968
        /g44 |   .1570071   .0121527    12.92   0.000     .1331882    .1808259
     /b_fish |  -.0899679   .0642874    -1.40   0.162     -.215969    .0360332
------------------------------------------------------------------------------
Instruments for equation eq_bfvl: ln_real_x L1_lngp_bfvl L1_lngp_pork L1_lngp_poult L1_lngp_fish _cons
Instruments for equation eq_pork: ln_real_x L1_lngp_bfvl L1_lngp_pork L1_lngp_poult L1_lngp_fish _cons
Instruments for equation eq_fish: ln_real_x L1_lngp_bfvl L1_lngp_pork L1_lngp_poult L1_lngp_fish _cons

Final GMM criterion Q(b) = 1.436695

GMM estimation 

Number of parameters =  12
Number of moments    =  18
Initial weight matrix: Unadjusted                 Number of obs   =         40
GMM weight matrix:     Unadjusted

------------------------------------------------------------------------------
             | Coefficient  Std. err.      z    P>|z|     [95% conf. interval]
-------------+----------------------------------------------------------------
     /a_bfvl |     .36102   .2533084     1.43   0.154    -.1354553    .8574953
        /g11 |   -.072913   .0610895    -1.19   0.233    -.1926461    .0468202
        /g12 |  -.0854186   .0285232    -2.99   0.003     -.141323   -.0295143
        /g14 |  -.1943609   .0247343    -7.86   0.000    -.2428393   -.1458826
     /b_bfvl |   .0762028   .1877578     0.41   0.685    -.2917957    .4442013
     /a_pork |   .5282484   .0970906     5.44   0.000     .3379544    .7185425
        /g22 |   .0054937   .0567443     0.10   0.923    -.1057232    .1167105
        /g24 |  -.0248217   .0173646    -1.43   0.153    -.0588558    .0092124
     /b_pork |  -.2108975   .0718912    -2.93   0.003    -.3518017   -.0699934
     /a_fish |   .1775987   .1747848     1.02   0.310    -.1649733    .5201707
        /g44 |   .1793597   .0182165     9.85   0.000      .143656    .2150634
     /b_fish |  -.0482547   .1294191    -0.37   0.709    -.3019115    .2054022
------------------------------------------------------------------------------
Instruments for equation eq_bfvl: ln_real_x L1_lngp_bfvl L1_lngp_pork L1_lngp_poult L1_lngp_fish _cons
Instruments for equation eq_pork: ln_real_x L1_lngp_bfvl L1_lngp_pork L1_lngp_poult L1_lngp_fish _cons
Instruments for equation eq_fish: ln_real_x L1_lngp_bfvl L1_lngp_pork L1_lngp_poult L1_lngp_fish _cons

Final GMM criterion Q(b) = 1.003296

GMM estimation 

Number of parameters =  12
Number of moments    =  18
Initial weight matrix: Unadjusted                 Number of obs   =         40
GMM weight matrix:     Unadjusted

------------------------------------------------------------------------------
             | Coefficient  Std. err.      z    P>|z|     [95% conf. interval]
-------------+----------------------------------------------------------------
     /a_bfvl |   .7339158   .2579791     2.84   0.004     .2282861    1.239545
        /g11 |   .0219615   .0584582     0.38   0.707    -.0926143    .1365374
        /g12 |   .1637783   .0483064     3.39   0.001     .0690995    .2584571
        /g14 |  -.2902236   .0291583    -9.95   0.000    -.3473728   -.2330744
     /b_bfvl |  -.1949624   .1916803    -1.02   0.309    -.5706489    .1807241
     /a_pork |   .4288426   .2144222     2.00   0.046     .0085828    .8491025
        /g22 |   .3617045   .0973998     3.71   0.000     .1708043    .5526047
        /g24 |  -.2073169   .0362798    -5.71   0.000    -.2784241   -.1362098
     /b_pork |  -.1390654   .1593511    -0.87   0.383    -.4513878     .173257
     /a_fish |   .0739953   .2167545     0.34   0.733    -.3508357    .4988263
        /g44 |   .2675127   .0267366    10.01   0.000       .21511    .3199154
     /b_fish |   .0324123   .1611085     0.20   0.841    -.2833546    .3481793
------------------------------------------------------------------------------
Instruments for equation eq_bfvl: ln_real_x L1_lngp_bfvl L1_lngp_pork L1_lngp_poult L1_lngp_fish _cons
Instruments for equation eq_pork: ln_real_x L1_lngp_bfvl L1_lngp_pork L1_lngp_poult L1_lngp_fish _cons
Instruments for equation eq_fish: ln_real_x L1_lngp_bfvl L1_lngp_pork L1_lngp_poult L1_lngp_fish _cons

Final GMM criterion Q(b) = .7555191

GMM estimation 

Number of parameters =  12
Number of moments    =  18
Initial weight matrix: Unadjusted                 Number of obs   =         40
GMM weight matrix:     Unadjusted

------------------------------------------------------------------------------
             | Coefficient  Std. err.      z    P>|z|     [95% conf. interval]
-------------+----------------------------------------------------------------
     /a_bfvl |   .2419612   .2728745     0.89   0.375    -.2928629    .7767854
        /g11 |  -.1002019   .0661865    -1.51   0.130    -.2299251    .0295212
        /g12 |  -.1450912   .0298263    -4.86   0.000    -.2035497   -.0866327
        /g14 |   -.141278   .0253379    -5.58   0.000    -.1909393   -.0916167
     /b_bfvl |   .1702688   .2028968     0.84   0.401    -.2274016    .5679392
     /a_pork |   .3692766   .1049721     3.52   0.000     .1635352    .5750181
        /g22 |  -.1376505   .0757197    -1.82   0.069    -.2860584    .0107575
        /g24 |   .0300135   .0173043     1.73   0.083    -.0039023    .0639293
     /b_pork |  -.0945177   .0780666    -1.21   0.226    -.2475253      .05849
     /a_fish |   .1125172   .1362235     0.83   0.409    -.1544759    .3795104
        /g44 |   .1558182   .0142171    10.96   0.000     .1279532    .1836832
     /b_fish |   .0028544   .1013049     0.03   0.978    -.1956996    .2014083
------------------------------------------------------------------------------
Instruments for equation eq_bfvl: ln_real_x L1_lngp_bfvl L1_lngp_pork L1_lngp_poult L1_lngp_fish _cons
Instruments for equation eq_pork: ln_real_x L1_lngp_bfvl L1_lngp_pork L1_lngp_poult L1_lngp_fish _cons
Instruments for equation eq_fish: ln_real_x L1_lngp_bfvl L1_lngp_pork L1_lngp_poult L1_lngp_fish _cons

Final GMM criterion Q(b) = .4659492

GMM estimation 

Number of parameters =  12
Number of moments    =  18
Initial weight matrix: Unadjusted                 Number of obs   =         40
GMM weight matrix:     Unadjusted

------------------------------------------------------------------------------
             | Coefficient  Std. err.      z    P>|z|     [95% conf. interval]
-------------+----------------------------------------------------------------
     /a_bfvl |   .1124708   .2897398     0.39   0.698    -.4554087    .6803504
        /g11 |  -.3178435   .0730751    -4.35   0.000     -.461068   -.1746191
        /g12 |  -.0815365   .0206512    -3.95   0.000    -.1220121    -.041061
        /g14 |  -.0735889   .0254993    -2.89   0.004    -.1235665   -.0236112
     /b_bfvl |    .254043   .2156498     1.18   0.239    -.1686229    .6767088
     /a_pork |   .4044082   .0875605     4.62   0.000     .2327927    .5760236
        /g22 |  -.0337678   .0421116    -0.80   0.423     -.116305    .0487694
        /g24 |   .0126211   .0093383     1.35   0.177    -.0056816    .0309238
     /b_pork |  -.1218286   .0651318    -1.87   0.061    -.2494846    .0058274
     /a_fish |   .4134849   .1069209     3.87   0.000     .2039238     .623046
        /g44 |   .1332627   .0119427    11.16   0.000     .1098555      .15667
     /b_fish |  -.2210549    .079614    -2.78   0.005    -.3770956   -.0650143
------------------------------------------------------------------------------
Instruments for equation eq_bfvl: ln_real_x L1_lngp_bfvl L1_lngp_pork L1_lngp_poult L1_lngp_fish _cons
Instruments for equation eq_pork: ln_real_x L1_lngp_bfvl L1_lngp_pork L1_lngp_poult L1_lngp_fish _cons
Instruments for equation eq_fish: ln_real_x L1_lngp_bfvl L1_lngp_pork L1_lngp_poult L1_lngp_fish _cons

Final GMM criterion Q(b) = .7661166

GMM estimation 

Number of parameters =  12
Number of moments    =  18
Initial weight matrix: Unadjusted                 Number of obs   =         40
GMM weight matrix:     Unadjusted

------------------------------------------------------------------------------
             | Coefficient  Std. err.      z    P>|z|     [95% conf. interval]
-------------+----------------------------------------------------------------
     /a_bfvl |   .0067572   .2626771     0.03   0.979    -.5080804    .5215949
        /g11 |  -.2086766   .0715966    -2.91   0.004    -.3490033     -.06835
        /g12 |  -.1805372    .033006    -5.47   0.000    -.2452279   -.1158466
        /g14 |  -.1277088    .024688    -5.17   0.000    -.1760964   -.0793213
     /b_bfvl |   .3382757   .1958123     1.73   0.084    -.0455094    .7220608
     /a_pork |   .0874862   .1121584     0.78   0.435    -.1323401    .3073125
        /g22 |   .0168879   .0758447     0.22   0.824     -.131765    .1655407
        /g24 |    .023144   .0164714     1.41   0.160    -.0091394    .0554274
     /b_pork |   .1143197   .0836217     1.37   0.172    -.0495759    .2782153
     /a_fish |  -.0003937   .1198028    -0.00   0.997    -.2352028    .2344155
        /g44 |   .1517696   .0121333    12.51   0.000     .1279887    .1755505
     /b_fish |   .0883974    .089305     0.99   0.322    -.0866372     .263432
------------------------------------------------------------------------------
Instruments for equation eq_bfvl: ln_real_x L1_lngp_bfvl L1_lngp_pork L1_lngp_poult L1_lngp_fish _cons
Instruments for equation eq_pork: ln_real_x L1_lngp_bfvl L1_lngp_pork L1_lngp_poult L1_lngp_fish _cons
Instruments for equation eq_fish: ln_real_x L1_lngp_bfvl L1_lngp_pork L1_lngp_poult L1_lngp_fish _cons

Final GMM criterion Q(b) =    .9819

GMM estimation 

Number of parameters =  12
Number of moments    =  18
Initial weight matrix: Unadjusted                 Number of obs   =         40
GMM weight matrix:     Unadjusted

------------------------------------------------------------------------------
             | Coefficient  Std. err.      z    P>|z|     [95% conf. interval]
-------------+----------------------------------------------------------------
     /a_bfvl |   .0683633   .2729358     0.25   0.802    -.4665811    .6033076
        /g11 |  -.0775015   .0512895    -1.51   0.131     -.178027    .0230241
        /g12 |  -.1199666   .0220167    -5.45   0.000    -.1631185   -.0768146
        /g14 |  -.1232504    .020752    -5.94   0.000    -.1639237   -.0825772
     /b_bfvl |   .2886513   .2030687     1.42   0.155     -.109356    .6866587
     /a_pork |   .3027101   .1143916     2.65   0.008     .0785068    .5269135
        /g22 |   .0485148   .0821675     0.59   0.555    -.1125307    .2095602
        /g24 |  -.0243249    .024017    -1.01   0.311    -.0713973    .0227475
     /b_pork |  -.0465946   .0845417    -0.55   0.582    -.2122934    .1191042
     /a_fish |   .3937653    .148628     2.65   0.008     .1024597    .6850709
        /g44 |   .1543488   .0162007     9.53   0.000      .122596    .1861016
     /b_fish |  -.2071932   .1104441    -1.88   0.061    -.4236596    .0092732
------------------------------------------------------------------------------
Instruments for equation eq_bfvl: ln_real_x L1_lngp_bfvl L1_lngp_pork L1_lngp_poult L1_lngp_fish _cons
Instruments for equation eq_pork: ln_real_x L1_lngp_bfvl L1_lngp_pork L1_lngp_poult L1_lngp_fish _cons
Instruments for equation eq_fish: ln_real_x L1_lngp_bfvl L1_lngp_pork L1_lngp_poult L1_lngp_fish _cons

Final GMM criterion Q(b) =  .655901

GMM estimation 

Number of parameters =  12
Number of moments    =  18
Initial weight matrix: Unadjusted                 Number of obs   =         40
GMM weight matrix:     Unadjusted

------------------------------------------------------------------------------
             | Coefficient  Std. err.      z    P>|z|     [95% conf. interval]
-------------+----------------------------------------------------------------
     /a_bfvl |   -.322605   .2645921    -1.22   0.223     -.841196     .195986
        /g11 |   .2133855   .1082977     1.97   0.049     .0011259    .4256452
        /g12 |   .6694684   .1964197     3.41   0.001     .2844928    1.054444
        /g14 |  -.3620199   .0564199    -6.42   0.000    -.4726007    -.251439
     /b_bfvl |   .5876865   .1976806     2.97   0.003     .2002397    .9751334
     /a_pork |  -.8094998   .5664351    -1.43   0.153    -1.919692    .3006927
        /g22 |   1.078052   .4123061     2.61   0.009     .2699465    1.886157
        /g24 |  -.3911991   .1075374    -3.64   0.000    -.6019687   -.1804296
     /b_pork |   .7865683   .4230359     1.86   0.063    -.0425668    1.615703
     /a_fish |   .5407273   .1863702     2.90   0.004     .1754484    .9060062
        /g44 |   .2918356   .0322807     9.04   0.000     .2285666    .3551046
     /b_fish |   -.317353   .1392359    -2.28   0.023    -.5902504   -.0444555
------------------------------------------------------------------------------
Instruments for equation eq_bfvl: ln_real_x L1_lngp_bfvl L1_lngp_pork L1_lngp_poult L1_lngp_fish _cons
Instruments for equation eq_pork: ln_real_x L1_lngp_bfvl L1_lngp_pork L1_lngp_poult L1_lngp_fish _cons
Instruments for equation eq_fish: ln_real_x L1_lngp_bfvl L1_lngp_pork L1_lngp_poult L1_lngp_fish _cons

Final GMM criterion Q(b) = .9688776

GMM estimation 

Number of parameters =  12
Number of moments    =  18
Initial weight matrix: Unadjusted                 Number of obs   =         40
GMM weight matrix:     Unadjusted

------------------------------------------------------------------------------
             | Coefficient  Std. err.      z    P>|z|     [95% conf. interval]
-------------+----------------------------------------------------------------
     /a_bfvl |   .1799896   .2350497     0.77   0.444    -.2806992    .6406785
        /g11 |   .0910317   .0617088     1.48   0.140    -.0299153    .2119786
        /g12 |   .0711455   .0762119     0.93   0.351    -.0782271     .220518
        /g14 |  -.2415723   .0279846    -8.63   0.000    -.2964212   -.1867234
     /b_bfvl |    .214241   .1754274     1.22   0.222    -.1295904    .5580725
     /a_pork |   .3527382   .1797461     1.96   0.050     .0004422    .7050342
        /g22 |   .3036892   .1836657     1.65   0.098     -.056289    .6636674
        /g24 |  -.0942558   .0420556    -2.24   0.025    -.1766832   -.0118284
     /b_pork |  -.0823264   .1341956    -0.61   0.540    -.3453449    .1806922
     /a_fish |   .1443259   .1616432     0.89   0.372     -.172489    .4611408
        /g44 |    .198725   .0191136    10.40   0.000     .1612631    .2361869
     /b_fish |  -.0219144    .120635    -0.18   0.856    -.2583547    .2145259
------------------------------------------------------------------------------
Instruments for equation eq_bfvl: ln_real_x L1_lngp_bfvl L1_lngp_pork L1_lngp_poult L1_lngp_fish _cons
Instruments for equation eq_pork: ln_real_x L1_lngp_bfvl L1_lngp_pork L1_lngp_poult L1_lngp_fish _cons
Instruments for equation eq_fish: ln_real_x L1_lngp_bfvl L1_lngp_pork L1_lngp_poult L1_lngp_fish _cons

Final GMM criterion Q(b) = .7991705

GMM estimation 

Number of parameters =  12
Number of moments    =  18
Initial weight matrix: Unadjusted                 Number of obs   =         40
GMM weight matrix:     Unadjusted

------------------------------------------------------------------------------
             | Coefficient  Std. err.      z    P>|z|     [95% conf. interval]
-------------+----------------------------------------------------------------
     /a_bfvl |   .0482533   .2671046     0.18   0.857    -.4752622    .5717687
        /g11 |  -.2406804   .0656713    -3.66   0.000    -.3693938   -.1119671
        /g12 |  -.1541725    .033255    -4.64   0.000    -.2193511    -.088994
        /g14 |  -.1103418   .0240946    -4.58   0.000    -.1575664   -.0631173
     /b_bfvl |   .3150775   .1984095     1.59   0.112    -.0737981    .7039531
     /a_pork |   .2226602   .0959166     2.32   0.020     .0346671    .4106534
        /g22 |  -.0998515   .1133056    -0.88   0.378    -.3219263    .1222233
        /g24 |   .0239958   .0220355     1.09   0.276    -.0191929    .0671846
     /b_pork |   .0134779   .0712646     0.19   0.850    -.1261981    .1531539
     /a_fish |   .1932302    .126051     1.53   0.125    -.0538253    .4402856
        /g44 |   .1525177   .0133024    11.47   0.000     .1264454      .17859
     /b_fish |  -.0562806   .0936489    -0.60   0.548    -.2398292     .127268
------------------------------------------------------------------------------
Instruments for equation eq_bfvl: ln_real_x L1_lngp_bfvl L1_lngp_pork L1_lngp_poult L1_lngp_fish _cons
Instruments for equation eq_pork: ln_real_x L1_lngp_bfvl L1_lngp_pork L1_lngp_poult L1_lngp_fish _cons
Instruments for equation eq_fish: ln_real_x L1_lngp_bfvl L1_lngp_pork L1_lngp_poult L1_lngp_fish _cons

Final GMM criterion Q(b) = .7429375

GMM estimation 

Number of parameters =  12
Number of moments    =  18
Initial weight matrix: Unadjusted                 Number of obs   =         40
GMM weight matrix:     Unadjusted

------------------------------------------------------------------------------
             | Coefficient  Std. err.      z    P>|z|     [95% conf. interval]
-------------+----------------------------------------------------------------
     /a_bfvl |   .4212712   .2609435     1.61   0.106    -.0901687    .9327112
        /g11 |   -.184915   .0579063    -3.19   0.001    -.2984092   -.0714209
        /g12 |  -.1462898   .0240018    -6.09   0.000    -.1933324   -.0992472
        /g14 |  -.0953221     .02624    -3.63   0.000    -.1467516   -.0438926
     /b_bfvl |   .0305938   .1944077     0.16   0.875    -.3504383     .411626
     /a_pork |   .5824476   .0829779     7.02   0.000      .419814    .7450813
        /g22 |  -.0910253   .0765837    -1.19   0.235    -.2411266    .0590759
        /g24 |   .0502935   .0161171     3.12   0.002     .0187044    .0818825
     /b_pork |  -.2545333   .0618032    -4.12   0.000    -.3756653   -.1334013
     /a_fish |   .2847839   .1324856     2.15   0.032     .0251168    .5444509
        /g44 |   .1407712   .0169995     8.28   0.000     .1074528    .1740896
     /b_fish |  -.1268039   .0986966    -1.28   0.199    -.3202456    .0666378
------------------------------------------------------------------------------
Instruments for equation eq_bfvl: ln_real_x L1_lngp_bfvl L1_lngp_pork L1_lngp_poult L1_lngp_fish _cons
Instruments for equation eq_pork: ln_real_x L1_lngp_bfvl L1_lngp_pork L1_lngp_poult L1_lngp_fish _cons
Instruments for equation eq_fish: ln_real_x L1_lngp_bfvl L1_lngp_pork L1_lngp_poult L1_lngp_fish _cons

Final GMM criterion Q(b) = .4810908

GMM estimation 

Number of parameters =  12
Number of moments    =  18
Initial weight matrix: Unadjusted                 Number of obs   =         40
GMM weight matrix:     Unadjusted

------------------------------------------------------------------------------
             | Coefficient  Std. err.      z    P>|z|     [95% conf. interval]
-------------+----------------------------------------------------------------
     /a_bfvl |   .2101602   .2674461     0.79   0.432    -.3140245    .7343448
        /g11 |  -.3147533   .0704802    -4.47   0.000     -.452892   -.1766146
        /g12 |  -.1101835   .0783361    -1.41   0.160    -.2637194    .0433523
        /g14 |  -.0506657   .0356328    -1.42   0.155    -.1205046    .0191733
     /b_bfvl |   .1963365   .1985057     0.99   0.323    -.1927275    .5854005
     /a_pork |   .4642945   .1055705     4.40   0.000     .2573801    .6712088
        /g22 |  -.0263847   .1756368    -0.15   0.881    -.3706266    .3178571
        /g24 |  -.0065254   .0617504    -0.11   0.916     -.127554    .1145031
     /b_pork |  -.1653752    .077585    -2.13   0.033    -.3174391   -.0133114
     /a_fish |   .0661078   .0944209     0.70   0.484    -.1189537    .2511693
        /g44 |   .1408197   .0250402     5.62   0.000     .0917417    .1898976
     /b_fish |   .0379227   .0700787     0.54   0.588    -.0994291    .1752745
------------------------------------------------------------------------------
Instruments for equation eq_bfvl: ln_real_x L1_lngp_bfvl L1_lngp_pork L1_lngp_poult L1_lngp_fish _cons
Instruments for equation eq_pork: ln_real_x L1_lngp_bfvl L1_lngp_pork L1_lngp_poult L1_lngp_fish _cons
Instruments for equation eq_fish: ln_real_x L1_lngp_bfvl L1_lngp_pork L1_lngp_poult L1_lngp_fish _cons

Final GMM criterion Q(b) = 1.077687

GMM estimation 

Number of parameters =  12
Number of moments    =  18
Initial weight matrix: Unadjusted                 Number of obs   =         40
GMM weight matrix:     Unadjusted

------------------------------------------------------------------------------
             | Coefficient  Std. err.      z    P>|z|     [95% conf. interval]
-------------+----------------------------------------------------------------
     /a_bfvl |   .1873766   .2150259     0.87   0.384    -.2340665    .6088197
        /g11 |  -.0825951   .0490683    -1.68   0.092    -.1787672     .013577
        /g12 |  -.1490254   .0364611    -4.09   0.000    -.2204877    -.077563
        /g14 |  -.1310523    .022837    -5.74   0.000    -.1758121   -.0862925
     /b_bfvl |   .2021256    .160448     1.26   0.208    -.1123466    .5165979
     /a_pork |   .4108627   .0907983     4.53   0.000     .2329014     .588824
        /g22 |  -.0225091   .1180527    -0.19   0.849    -.2538881      .20887
        /g24 |   .0007646   .0311764     0.02   0.980    -.0603399    .0618692
     /b_pork |  -.1252996   .0676835    -1.85   0.064    -.2579568    .0073575
     /a_fish |    .144465   .1304006     1.11   0.268    -.1111154    .4000455
        /g44 |    .161971   .0180323     8.98   0.000     .1266284    .1973136
     /b_fish |  -.0196008   .0972271    -0.20   0.840    -.2101624    .1709607
------------------------------------------------------------------------------
Instruments for equation eq_bfvl: ln_real_x L1_lngp_bfvl L1_lngp_pork L1_lngp_poult L1_lngp_fish _cons
Instruments for equation eq_pork: ln_real_x L1_lngp_bfvl L1_lngp_pork L1_lngp_poult L1_lngp_fish _cons
Instruments for equation eq_fish: ln_real_x L1_lngp_bfvl L1_lngp_pork L1_lngp_poult L1_lngp_fish _cons

Final GMM criterion Q(b) = 1.258286

GMM estimation 

Number of parameters =  12
Number of moments    =  18
Initial weight matrix: Unadjusted                 Number of obs   =         40
GMM weight matrix:     Unadjusted

------------------------------------------------------------------------------
             | Coefficient  Std. err.      z    P>|z|     [95% conf. interval]
-------------+----------------------------------------------------------------
     /a_bfvl |   .7716761   .2698679     2.86   0.004     .2427448    1.300607
        /g11 |   .0596275    .062561     0.95   0.341    -.0629897    .1822448
        /g12 |  -.0515857   .0240412    -2.15   0.032    -.0987055   -.0044659
        /g14 |  -.2509066   .0274326    -9.15   0.000    -.3046736   -.1971396
     /b_bfvl |  -.2228569   .2005379    -1.11   0.266    -.6159041    .1701902
     /a_pork |   .4236442   .1254914     3.38   0.001     .1776856    .6696028
        /g22 |   .1633335   .0616869     2.65   0.008     .0424293    .2842377
        /g24 |  -.0925828   .0188852    -4.90   0.000    -.1295971   -.0555685
     /b_pork |  -.1306325   .0933588    -1.40   0.162    -.3136125    .0523474
     /a_fish |    .483014   .2019131     2.39   0.017     .0872715    .8787565
        /g44 |   .1881694   .0255719     7.36   0.000     .1380495    .2382894
     /b_fish |  -.2749034   .1499806    -1.83   0.067    -.5688601    .0190532
------------------------------------------------------------------------------
Instruments for equation eq_bfvl: ln_real_x L1_lngp_bfvl L1_lngp_pork L1_lngp_poult L1_lngp_fish _cons
Instruments for equation eq_pork: ln_real_x L1_lngp_bfvl L1_lngp_pork L1_lngp_poult L1_lngp_fish _cons
Instruments for equation eq_fish: ln_real_x L1_lngp_bfvl L1_lngp_pork L1_lngp_poult L1_lngp_fish _cons

Final GMM criterion Q(b) = .7741228

GMM estimation 

Number of parameters =  12
Number of moments    =  18
Initial weight matrix: Unadjusted                 Number of obs   =         40
GMM weight matrix:     Unadjusted

------------------------------------------------------------------------------
             | Coefficient  Std. err.      z    P>|z|     [95% conf. interval]
-------------+----------------------------------------------------------------
     /a_bfvl |   .0410282   .2436617     0.17   0.866    -.4365399    .5185963
        /g11 |  -.0366831   .0590668    -0.62   0.535    -.1524519    .0790857
        /g12 |  -.1470356   .0458287    -3.21   0.001    -.2368582    -.057213
        /g14 |  -.1542321   .0247556    -6.23   0.000    -.2027523   -.1057119
     /b_bfvl |    .313763   .1816157     1.73   0.084    -.0421972    .6697231
     /a_pork |   .2450753   .1548515     1.58   0.114    -.0584281    .5485788
        /g22 |  -.0172528   .1120003    -0.15   0.878    -.2367693    .2022638
        /g24 |   .0075194   .0368649     0.20   0.838    -.0647344    .0797732
     /b_pork |  -.0018271   .1154168    -0.02   0.987    -.2280398    .2243857
     /a_fish |  -.0513027   .1321789    -0.39   0.698    -.3103685    .2077631
        /g44 |   .1621401   .0175885     9.22   0.000     .1276672     .196613
     /b_fish |   .1239342   .0984515     1.26   0.208    -.0690271    .3168955
------------------------------------------------------------------------------
Instruments for equation eq_bfvl: ln_real_x L1_lngp_bfvl L1_lngp_pork L1_lngp_poult L1_lngp_fish _cons
Instruments for equation eq_pork: ln_real_x L1_lngp_bfvl L1_lngp_pork L1_lngp_poult L1_lngp_fish _cons
Instruments for equation eq_fish: ln_real_x L1_lngp_bfvl L1_lngp_pork L1_lngp_poult L1_lngp_fish _cons

Final GMM criterion Q(b) = .9916007

GMM estimation 

Number of parameters =  12
Number of moments    =  18
Initial weight matrix: Unadjusted                 Number of obs   =         40
GMM weight matrix:     Unadjusted

------------------------------------------------------------------------------
             | Coefficient  Std. err.      z    P>|z|     [95% conf. interval]
-------------+----------------------------------------------------------------
     /a_bfvl |   .9010872   .3248301     2.77   0.006      .264432    1.537742
        /g11 |   .0386547   .0654069     0.59   0.555    -.0895405      .16685
        /g12 |  -.0313437   .0191494    -1.64   0.102     -.068876    .0061885
        /g14 |  -.1975567   .0280086    -7.05   0.000    -.2524525   -.1426608
     /b_bfvl |  -.3154869   .2412807    -1.31   0.191    -.7883884    .1574147
     /a_pork |   .5288522    .105908     4.99   0.000     .3212764     .736428
        /g22 |   .1296152   .0696454     1.86   0.063    -.0068872    .2661176
        /g24 |  -.0348066   .0129018    -2.70   0.007    -.0600937   -.0095195
     /b_pork |   -.213162   .0782389    -2.72   0.006    -.3665075   -.0598166
     /a_fish |   .1369887    .186584     0.73   0.463    -.2287091    .5026866
        /g44 |   .1795263   .0214722     8.36   0.000     .1374417     .221611
     /b_fish |  -.0166857   .1386263    -0.12   0.904    -.2883883    .2550168
------------------------------------------------------------------------------
Instruments for equation eq_bfvl: ln_real_x L1_lngp_bfvl L1_lngp_pork L1_lngp_poult L1_lngp_fish _cons
Instruments for equation eq_pork: ln_real_x L1_lngp_bfvl L1_lngp_pork L1_lngp_poult L1_lngp_fish _cons
Instruments for equation eq_fish: ln_real_x L1_lngp_bfvl L1_lngp_pork L1_lngp_poult L1_lngp_fish _cons

Final GMM criterion Q(b) = 1.156078

GMM estimation 

Number of parameters =  12
Number of moments    =  18
Initial weight matrix: Unadjusted                 Number of obs   =         40
GMM weight matrix:     Unadjusted

------------------------------------------------------------------------------
             | Coefficient  Std. err.      z    P>|z|     [95% conf. interval]
-------------+----------------------------------------------------------------
     /a_bfvl |   .0704341   .2730539     0.26   0.796    -.4647417      .60561
        /g11 |  -.1387015    .060868    -2.28   0.023    -.2580005   -.0194025
        /g12 |  -.0349832   .0287236    -1.22   0.223    -.0912804     .021314
        /g14 |  -.1552195   .0304638    -5.10   0.000    -.2149275   -.0955115
     /b_bfvl |   .3001305   .2029152     1.48   0.139    -.0975759     .697837
     /a_pork |   .4564483   .1186591     3.85   0.000     .2238807     .689016
        /g22 |   .0832704   .0656334     1.27   0.205    -.0453688    .2119095
        /g24 |  -.0492203   .0203402    -2.42   0.016    -.0890865   -.0093542
     /b_pork |  -.1603814   .0881719    -1.82   0.069    -.3331951    .0124323
     /a_fish |   .2085564   .1646886     1.27   0.205    -.1142274    .5313401
        /g44 |    .194528   .0233659     8.33   0.000     .1487317    .2403242
     /b_fish |  -.0676565   .1223696    -0.55   0.580    -.3074966    .1721836
------------------------------------------------------------------------------
Instruments for equation eq_bfvl: ln_real_x L1_lngp_bfvl L1_lngp_pork L1_lngp_poult L1_lngp_fish _cons
Instruments for equation eq_pork: ln_real_x L1_lngp_bfvl L1_lngp_pork L1_lngp_poult L1_lngp_fish _cons
Instruments for equation eq_fish: ln_real_x L1_lngp_bfvl L1_lngp_pork L1_lngp_poult L1_lngp_fish _cons

Final GMM criterion Q(b) = .5098535

GMM estimation 

Number of parameters =  12
Number of moments    =  18
Initial weight matrix: Unadjusted                 Number of obs   =         40
GMM weight matrix:     Unadjusted

------------------------------------------------------------------------------
             | Coefficient  Std. err.      z    P>|z|     [95% conf. interval]
-------------+----------------------------------------------------------------
     /a_bfvl |   .2720625   .2836386     0.96   0.337    -.2838589    .8279838
        /g11 |  -.1015696   .0805823    -1.26   0.208     -.259508    .0563688
        /g12 |   -.118882   .0329586    -3.61   0.000    -.1834797   -.0542844
        /g14 |  -.1061405   .0254951    -4.16   0.000      -.15611    -.056171
     /b_bfvl |   .1463006   .2119747     0.69   0.490    -.2691622    .5617634
     /a_pork |   .4224494   .1043354     4.05   0.000     .2179557     .626943
        /g22 |  -.0409339   .0825756    -0.50   0.620    -.2027791    .1209114
        /g24 |   .0091244   .0231311     0.39   0.693    -.0362117    .0544604
     /b_pork |  -.1340846   .0783042    -1.71   0.087    -.2875579    .0193888
     /a_fish |   .3081888   .0995974     3.09   0.002     .1129814    .5033962
        /g44 |   .1330482   .0126467    10.52   0.000     .1082612    .1578353
     /b_fish |  -.1438389   .0744211    -1.93   0.053    -.2897016    .0020238
------------------------------------------------------------------------------
Instruments for equation eq_bfvl: ln_real_x L1_lngp_bfvl L1_lngp_pork L1_lngp_poult L1_lngp_fish _cons
Instruments for equation eq_pork: ln_real_x L1_lngp_bfvl L1_lngp_pork L1_lngp_poult L1_lngp_fish _cons
Instruments for equation eq_fish: ln_real_x L1_lngp_bfvl L1_lngp_pork L1_lngp_poult L1_lngp_fish _cons

Final GMM criterion Q(b) = .8199405

GMM estimation 

Number of parameters =  12
Number of moments    =  18
Initial weight matrix: Unadjusted                 Number of obs   =         40
GMM weight matrix:     Unadjusted

------------------------------------------------------------------------------
             | Coefficient  Std. err.      z    P>|z|     [95% conf. interval]
-------------+----------------------------------------------------------------
     /a_bfvl |   .2322295   .2724532     0.85   0.394    -.3017689     .766228
        /g11 |  -.0273186    .062084    -0.44   0.660     -.149001    .0943638
        /g12 |   .1407836   .0477746     2.95   0.003     .0471471      .23442
        /g14 |  -.2159222   .0245393    -8.80   0.000    -.2640183    -.167826
     /b_bfvl |   .1708188   .2029938     0.84   0.400    -.2270417    .5686793
     /a_pork |   .4148618     .16924     2.45   0.014     .0831574    .7465661
        /g22 |   .3885226   .1247092     3.12   0.002      .144097    .6329481
        /g24 |    -.12662   .0260374    -4.86   0.000    -.1776525   -.0755876
     /b_pork |  -.1300273   .1262818    -1.03   0.303     -.377535    .1174805
     /a_fish |   .1670499   .1587558     1.05   0.293    -.1441057    .4782056
        /g44 |   .1945502   .0159537    12.19   0.000     .1632816    .2258188
     /b_fish |  -.0403189   .1182612    -0.34   0.733    -.2721066    .1914688
------------------------------------------------------------------------------
Instruments for equation eq_bfvl: ln_real_x L1_lngp_bfvl L1_lngp_pork L1_lngp_poult L1_lngp_fish _cons
Instruments for equation eq_pork: ln_real_x L1_lngp_bfvl L1_lngp_pork L1_lngp_poult L1_lngp_fish _cons
Instruments for equation eq_fish: ln_real_x L1_lngp_bfvl L1_lngp_pork L1_lngp_poult L1_lngp_fish _cons

Final GMM criterion Q(b) = 1.342456

GMM estimation 

Number of parameters =  12
Number of moments    =  18
Initial weight matrix: Unadjusted                 Number of obs   =         40
GMM weight matrix:     Unadjusted

------------------------------------------------------------------------------
             | Coefficient  Std. err.      z    P>|z|     [95% conf. interval]
-------------+----------------------------------------------------------------
     /a_bfvl |   .4983249   .1993151     2.50   0.012     .1076745    .8889754
        /g11 |  -.0330126   .0513515    -0.64   0.520    -.1336597    .0676346
        /g12 |   .0441497   .0349238     1.26   0.206    -.0242997     .112599
        /g14 |  -.2241058   .0279458    -8.02   0.000    -.2788787    -.169333
     /b_bfvl |  -.0236355   .1489773    -0.16   0.874    -.3156256    .2683546
     /a_pork |   .3698449   .1349398     2.74   0.006     .1053678     .634322
        /g22 |   .2866546   .0935738     3.06   0.002     .1032533    .4700559
        /g24 |  -.0968765   .0239095    -4.05   0.000    -.1437384   -.0500147
     /b_pork |  -.0974199   .1005342    -0.97   0.333    -.2944634    .0996236
     /a_fish |   .0561597   .1593433     0.35   0.725    -.2561474    .3684669
        /g44 |   .2293242   .0252123     9.10   0.000      .179909    .2787393
     /b_fish |   .0457221   .1190168     0.38   0.701    -.1875465    .2789906
------------------------------------------------------------------------------
Instruments for equation eq_bfvl: ln_real_x L1_lngp_bfvl L1_lngp_pork L1_lngp_poult L1_lngp_fish _cons
Instruments for equation eq_pork: ln_real_x L1_lngp_bfvl L1_lngp_pork L1_lngp_poult L1_lngp_fish _cons
Instruments for equation eq_fish: ln_real_x L1_lngp_bfvl L1_lngp_pork L1_lngp_poult L1_lngp_fish _cons

Final GMM criterion Q(b) =  .798227

GMM estimation 

Number of parameters =  12
Number of moments    =  18
Initial weight matrix: Unadjusted                 Number of obs   =         40
GMM weight matrix:     Unadjusted

------------------------------------------------------------------------------
             | Coefficient  Std. err.      z    P>|z|     [95% conf. interval]
-------------+----------------------------------------------------------------
     /a_bfvl |   .1323549   .2842461     0.47   0.641    -.4247573    .6894671
        /g11 |  -.0616659   .0627866    -0.98   0.326    -.1847255    .0613936
        /g12 |  -.0307329   .0380559    -0.81   0.419    -.1053211    .0438552
        /g14 |  -.1591644   .0244816    -6.50   0.000    -.2071475   -.1111814
     /b_bfvl |   .2450048   .2111625     1.16   0.246     -.168866    .6588756
     /a_pork |   .2625618   .1659371     1.58   0.114    -.0626689    .5877924
        /g22 |   .2418801   .1272394     1.90   0.057    -.0075046    .4912648
        /g24 |   -.096363   .0363864    -2.65   0.008    -.1676791   -.0250469
     /b_pork |  -.0130224   .1236164    -0.11   0.916    -.2553061    .2292614
     /a_fish |   .0784219   .1471432     0.53   0.594    -.2099735    .3668174
        /g44 |   .1820289   .0171764    10.60   0.000     .1483637    .2156941
     /b_fish |   .0290968   .1092811     0.27   0.790    -.1850902    .2432838
------------------------------------------------------------------------------
Instruments for equation eq_bfvl: ln_real_x L1_lngp_bfvl L1_lngp_pork L1_lngp_poult L1_lngp_fish _cons
Instruments for equation eq_pork: ln_real_x L1_lngp_bfvl L1_lngp_pork L1_lngp_poult L1_lngp_fish _cons
Instruments for equation eq_fish: ln_real_x L1_lngp_bfvl L1_lngp_pork L1_lngp_poult L1_lngp_fish _cons

Final GMM criterion Q(b) = 1.090694

GMM estimation 

Number of parameters =  12
Number of moments    =  18
Initial weight matrix: Unadjusted                 Number of obs   =         40
GMM weight matrix:     Unadjusted

------------------------------------------------------------------------------
             | Coefficient  Std. err.      z    P>|z|     [95% conf. interval]
-------------+----------------------------------------------------------------
     /a_bfvl |   .4115559   .2879523     1.43   0.153    -.1528203    .9759321
        /g11 |  -.0410463   .0572783    -0.72   0.474    -.1533097     .071217
        /g12 |  -.0699671   .0248367    -2.82   0.005    -.1186461   -.0212882
        /g14 |  -.1582506   .0245747    -6.44   0.000     -.206416   -.1100851
     /b_bfvl |   .0354735   .2150596     0.16   0.869    -.3860356    .4569826
     /a_pork |     .32695   .1139652     2.87   0.004     .1035823    .5503177
        /g22 |   .1142541   .0932831     1.22   0.221    -.0685775    .2970857
        /g24 |   -.035218   .0202117    -1.74   0.081    -.0748322    .0043963
     /b_pork |  -.0627255   .0850382    -0.74   0.461    -.2293974    .1039464
     /a_fish |   .0814162   .1687515     0.48   0.629    -.2493308    .4121631
        /g44 |   .1730698   .0181531     9.53   0.000     .1374904    .2086492
     /b_fish |   .0243684   .1259814     0.19   0.847    -.2225507    .2712875
------------------------------------------------------------------------------
Instruments for equation eq_bfvl: ln_real_x L1_lngp_bfvl L1_lngp_pork L1_lngp_poult L1_lngp_fish _cons
Instruments for equation eq_pork: ln_real_x L1_lngp_bfvl L1_lngp_pork L1_lngp_poult L1_lngp_fish _cons
Instruments for equation eq_fish: ln_real_x L1_lngp_bfvl L1_lngp_pork L1_lngp_poult L1_lngp_fish _cons

Final GMM criterion Q(b) = .7149715

GMM estimation 

Number of parameters =  12
Number of moments    =  18
Initial weight matrix: Unadjusted                 Number of obs   =         40
GMM weight matrix:     Unadjusted

------------------------------------------------------------------------------
             | Coefficient  Std. err.      z    P>|z|     [95% conf. interval]
-------------+----------------------------------------------------------------
     /a_bfvl |   .7677505   .2684359     2.86   0.004     .2416257    1.293875
        /g11 |  -.0787402   .0647943    -1.22   0.224    -.2057348    .0482544
        /g12 |  -.1595035   .0250551    -6.37   0.000    -.2086106   -.1103964
        /g14 |  -.1822788   .0270609    -6.74   0.000    -.2353171   -.1292404
     /b_bfvl |  -.2228023   .1990993    -1.12   0.263    -.6130298    .1674252
     /a_pork |   .5115286   .1068164     4.79   0.000     .3021723    .7208848
        /g22 |  -.0457034   .0589237    -0.78   0.438    -.1611918    .0697849
        /g24 |   -.002499   .0185436    -0.13   0.893    -.0388438    .0338458
     /b_pork |  -.2005293   .0792237    -2.53   0.011    -.3558049   -.0452537
     /a_fish |   .2369946   .1594258     1.49   0.137    -.0754742    .5494634
        /g44 |    .183386   .0207461     8.84   0.000     .1427244    .2240477
     /b_fish |  -.0905615   .1181319    -0.77   0.443    -.3220957    .1409728
------------------------------------------------------------------------------
Instruments for equation eq_bfvl: ln_real_x L1_lngp_bfvl L1_lngp_pork L1_lngp_poult L1_lngp_fish _cons
Instruments for equation eq_pork: ln_real_x L1_lngp_bfvl L1_lngp_pork L1_lngp_poult L1_lngp_fish _cons
Instruments for equation eq_fish: ln_real_x L1_lngp_bfvl L1_lngp_pork L1_lngp_poult L1_lngp_fish _cons

Final GMM criterion Q(b) = .5964223

GMM estimation 

Number of parameters =  12
Number of moments    =  18
Initial weight matrix: Unadjusted                 Number of obs   =         40
GMM weight matrix:     Unadjusted

------------------------------------------------------------------------------
             | Coefficient  Std. err.      z    P>|z|     [95% conf. interval]
-------------+----------------------------------------------------------------
     /a_bfvl |   .3583833   .2553978     1.40   0.161    -.1421871    .8589538
        /g11 |  -.0126587   .0894379    -0.14   0.887    -.1879537    .1626364
        /g12 |   .0845265    .076317     1.11   0.268    -.0650521    .2341051
        /g14 |  -.2203077   .0473107    -4.66   0.000     -.313035   -.1275803
     /b_bfvl |   .0835889   .1902802     0.44   0.660    -.2893534    .4565312
     /a_pork |   .5731698   .1529845     3.75   0.000     .2733257    .8730139
        /g22 |   .1533432   .1246287     1.23   0.219    -.0909246    .3976111
        /g24 |   -.112908   .0509939    -2.21   0.027    -.2128542   -.0129617
     /b_pork |   -.250136   .1146674    -2.18   0.029    -.4748799   -.0253921
     /a_fish |   .0795249   .1524353     0.52   0.602    -.2192427    .3782925
        /g44 |   .2252539   .0312635     7.21   0.000     .1639786    .2865291
     /b_fish |    .031567   .1136405     0.28   0.781    -.1911643    .2542984
------------------------------------------------------------------------------
Instruments for equation eq_bfvl: ln_real_x L1_lngp_bfvl L1_lngp_pork L1_lngp_poult L1_lngp_fish _cons
Instruments for equation eq_pork: ln_real_x L1_lngp_bfvl L1_lngp_pork L1_lngp_poult L1_lngp_fish _cons
Instruments for equation eq_fish: ln_real_x L1_lngp_bfvl L1_lngp_pork L1_lngp_poult L1_lngp_fish _cons

Final GMM criterion Q(b) = 1.008001

GMM estimation 

Number of parameters =  12
Number of moments    =  18
Initial weight matrix: Unadjusted                 Number of obs   =         40
GMM weight matrix:     Unadjusted

------------------------------------------------------------------------------
             | Coefficient  Std. err.      z    P>|z|     [95% conf. interval]
-------------+----------------------------------------------------------------
     /a_bfvl |   1.249229   .2910062     4.29   0.000     .6788673     1.81959
        /g11 |   .0210893   .0710308     0.30   0.767    -.1181285    .1603071
        /g12 |  -.1204779   .0398702    -3.02   0.003    -.1986221   -.0423337
        /g14 |  -.4298147   .0338191   -12.71   0.000    -.4960988   -.3635305
     /b_bfvl |  -.5637988   .2153225    -2.62   0.009     -.985823   -.1417745
     /a_pork |   .5438312   .2532277     2.15   0.032      .047514    1.040148
        /g22 |   .2113719   .1767407     1.20   0.232    -.1350335    .5577772
        /g24 |  -.0161405   .0274169    -0.59   0.556    -.0698767    .0375956
     /b_pork |  -.2244879   .1850312    -1.21   0.225    -.5871425    .1381666
     /a_fish |   .9686535   .2899313     3.34   0.001     .4003985    1.536908
        /g44 |   .0973793   .0418462     2.33   0.020     .0153623    .1793963
     /b_fish |  -.6306652   .2150982    -2.93   0.003     -1.05225   -.2090804
------------------------------------------------------------------------------
Instruments for equation eq_bfvl: ln_real_x L1_lngp_bfvl L1_lngp_pork L1_lngp_poult L1_lngp_fish _cons
Instruments for equation eq_pork: ln_real_x L1_lngp_bfvl L1_lngp_pork L1_lngp_poult L1_lngp_fish _cons
Instruments for equation eq_fish: ln_real_x L1_lngp_bfvl L1_lngp_pork L1_lngp_poult L1_lngp_fish _cons

Final GMM criterion Q(b) = .7778444

GMM estimation 

Number of parameters =  12
Number of moments    =  18
Initial weight matrix: Unadjusted                 Number of obs   =         40
GMM weight matrix:     Unadjusted

------------------------------------------------------------------------------
             | Coefficient  Std. err.      z    P>|z|     [95% conf. interval]
-------------+----------------------------------------------------------------
     /a_bfvl |  -.0946138   .2891297    -0.33   0.743    -.6612975      .47207
        /g11 |   .0696249   .0783127     0.89   0.374    -.0838652    .2231151
        /g12 |   .0177198   .0683505     0.26   0.795    -.1162447    .1516844
        /g14 |   -.191295   .0360825    -5.30   0.000    -.2620153   -.1205746
     /b_bfvl |   .4217961   .2152836     1.96   0.050    -.0001519    .8437442
     /a_pork |   .3513282   .1594239     2.20   0.028      .038863    .6637934
        /g22 |   .0973518   .1408057     0.69   0.489    -.1786223     .373326
        /g24 |  -.0653986   .0511098    -1.28   0.201    -.1655719    .0347748
     /b_pork |  -.0796643    .118409    -0.67   0.501    -.3117416     .152413
     /a_fish |   .2498494   .1472548     1.70   0.090    -.0387648    .5384636
        /g44 |   .1779713   .0241135     7.38   0.000     .1307097    .2252328
     /b_fish |  -.1004244   .1096258    -0.92   0.360    -.3152869    .1144382
------------------------------------------------------------------------------
Instruments for equation eq_bfvl: ln_real_x L1_lngp_bfvl L1_lngp_pork L1_lngp_poult L1_lngp_fish _cons
Instruments for equation eq_pork: ln_real_x L1_lngp_bfvl L1_lngp_pork L1_lngp_poult L1_lngp_fish _cons
Instruments for equation eq_fish: ln_real_x L1_lngp_bfvl L1_lngp_pork L1_lngp_poult L1_lngp_fish _cons

Final GMM criterion Q(b) = .9905243

GMM estimation 

Number of parameters =  12
Number of moments    =  18
Initial weight matrix: Unadjusted                 Number of obs   =         40
GMM weight matrix:     Unadjusted

------------------------------------------------------------------------------
             | Coefficient  Std. err.      z    P>|z|     [95% conf. interval]
-------------+----------------------------------------------------------------
     /a_bfvl |   .2622828   .2830012     0.93   0.354    -.2923894    .8169551
        /g11 |  -.0378214   .0633166    -0.60   0.550    -.1619197    .0862768
        /g12 |   -.128923   .0310499    -4.15   0.000    -.1897797   -.0680663
        /g14 |  -.1688883   .0251181    -6.72   0.000    -.2181189   -.1196577
     /b_bfvl |   .1465024   .2103434     0.70   0.486    -.2657632    .5587679
     /a_pork |   .1637965   .1288205     1.27   0.204    -.0886871    .4162801
        /g22 |  -.1699687   .0749404    -2.27   0.023    -.3168493   -.0230882
        /g24 |   .0386135   .0174476     2.21   0.027     .0044169    .0728102
     /b_pork |   .0566714   .0956599     0.59   0.554    -.1308186    .2441614
     /a_fish |   .0801521   .1616239     0.50   0.620    -.2366248     .396929
        /g44 |    .152882   .0158407     9.65   0.000     .1218348    .1839292
     /b_fish |   .0276824     .12013     0.23   0.818     -.207768    .2631329
------------------------------------------------------------------------------
Instruments for equation eq_bfvl: ln_real_x L1_lngp_bfvl L1_lngp_pork L1_lngp_poult L1_lngp_fish _cons
Instruments for equation eq_pork: ln_real_x L1_lngp_bfvl L1_lngp_pork L1_lngp_poult L1_lngp_fish _cons
Instruments for equation eq_fish: ln_real_x L1_lngp_bfvl L1_lngp_pork L1_lngp_poult L1_lngp_fish _cons

Final GMM criterion Q(b) = 1.467089

GMM estimation 

Number of parameters =  12
Number of moments    =  18
Initial weight matrix: Unadjusted                 Number of obs   =         40
GMM weight matrix:     Unadjusted

------------------------------------------------------------------------------
             | Coefficient  Std. err.      z    P>|z|     [95% conf. interval]
-------------+----------------------------------------------------------------
     /a_bfvl |   .4956767   .2441773     2.03   0.042      .017098    .9742554
        /g11 |   .0735123   .0585438     1.26   0.209    -.0412314    .1882559
        /g12 |   .0021147   .0363691     0.06   0.954    -.0691675    .0733968
        /g14 |  -.2540142   .0276195    -9.20   0.000    -.3081473    -.199881
     /b_bfvl |  -.0157433    .181487    -0.09   0.931    -.3714512    .3399646
     /a_pork |   .2230038   .1516133     1.47   0.141    -.0741528    .5201604
        /g22 |   .1303297   .0818299     1.59   0.111    -.0300539    .2907134
        /g24 |  -.0557715   .0212842    -2.62   0.009    -.0974877   -.0140553
     /b_pork |   .0141532   .1125738     0.13   0.900    -.2064875    .2347939
     /a_fish |   .3050453   .1845092     1.65   0.098     -.056586    .6666766
        /g44 |   .2199079   .0215951    10.18   0.000     .1775824    .2622335
     /b_fish |  -.1396219   .1372151    -1.02   0.309    -.4085585    .1293148
------------------------------------------------------------------------------
Instruments for equation eq_bfvl: ln_real_x L1_lngp_bfvl L1_lngp_pork L1_lngp_poult L1_lngp_fish _cons
Instruments for equation eq_pork: ln_real_x L1_lngp_bfvl L1_lngp_pork L1_lngp_poult L1_lngp_fish _cons
Instruments for equation eq_fish: ln_real_x L1_lngp_bfvl L1_lngp_pork L1_lngp_poult L1_lngp_fish _cons

Final GMM criterion Q(b) = .4864569

GMM estimation 

Number of parameters =  12
Number of moments    =  18
Initial weight matrix: Unadjusted                 Number of obs   =         40
GMM weight matrix:     Unadjusted

------------------------------------------------------------------------------
             | Coefficient  Std. err.      z    P>|z|     [95% conf. interval]
-------------+----------------------------------------------------------------
     /a_bfvl |   .4171056   .2521857     1.65   0.098    -.0771692    .9113805
        /g11 |  -.1019019    .124154    -0.82   0.412    -.3452392    .1414353
        /g12 |   .2608892   .1961845     1.33   0.184    -.1236252    .6454037
        /g14 |   -.227929   .0644635    -3.54   0.000    -.3542752   -.1015828
     /b_bfvl |   .0411299   .1876519     0.22   0.827    -.3266611    .4089209
     /a_pork |   .0995607   .2989845     0.33   0.739    -.4864381    .6855595
        /g22 |         .4   .3602554     1.11   0.267    -.3060877    1.106088
        /g24 |  -.1991242   .1113584    -1.79   0.074    -.4173827    .0191342
     /b_pork |   .1058271    .223116     0.47   0.635    -.3314723    .5431264
     /a_fish |   .2906034     .13627     2.13   0.033     .0235191    .5576876
        /g44 |    .222356   .0367182     6.06   0.000     .1503897    .2943223
     /b_fish |  -.1295239   .1014172    -1.28   0.202    -.3282979    .0692502
------------------------------------------------------------------------------
Instruments for equation eq_bfvl: ln_real_x L1_lngp_bfvl L1_lngp_pork L1_lngp_poult L1_lngp_fish _cons
Instruments for equation eq_pork: ln_real_x L1_lngp_bfvl L1_lngp_pork L1_lngp_poult L1_lngp_fish _cons
Instruments for equation eq_fish: ln_real_x L1_lngp_bfvl L1_lngp_pork L1_lngp_poult L1_lngp_fish _cons

Final GMM criterion Q(b) = 1.301803

GMM estimation 

Number of parameters =  12
Number of moments    =  18
Initial weight matrix: Unadjusted                 Number of obs   =         40
GMM weight matrix:     Unadjusted

------------------------------------------------------------------------------
             | Coefficient  Std. err.      z    P>|z|     [95% conf. interval]
-------------+----------------------------------------------------------------
     /a_bfvl |   .5253192    .276473     1.90   0.057    -.0165579    1.067196
        /g11 |  -.1627353   .0614424    -2.65   0.008    -.2831602   -.0423104
        /g12 |  -.0011554   .0361381    -0.03   0.974    -.0719848    .0696739
        /g14 |  -.1566852   .0253858    -6.17   0.000    -.2064406   -.1069299
     /b_bfvl |  -.0406308   .2058509    -0.20   0.844    -.4440912    .3628295
     /a_pork |   .3357774   .1276605     2.63   0.009     .0855675    .5859874
        /g22 |   .2189726   .1041606     2.10   0.036     .0148215    .4231237
        /g24 |  -.0564664   .0179981    -3.14   0.002     -.091742   -.0211909
     /b_pork |  -.0724657   .0952001    -0.76   0.447    -.2590545    .1141231
     /a_fish |    .394886   .1456794     2.71   0.007     .1093595    .6804124
        /g44 |   .1799264   .0167335    10.75   0.000     .1471293    .2127234
     /b_fish |  -.2079141   .1084292    -1.92   0.055    -.4204315    .0046033
------------------------------------------------------------------------------
Instruments for equation eq_bfvl: ln_real_x L1_lngp_bfvl L1_lngp_pork L1_lngp_poult L1_lngp_fish _cons
Instruments for equation eq_pork: ln_real_x L1_lngp_bfvl L1_lngp_pork L1_lngp_poult L1_lngp_fish _cons
Instruments for equation eq_fish: ln_real_x L1_lngp_bfvl L1_lngp_pork L1_lngp_poult L1_lngp_fish _cons

Final GMM criterion Q(b) = 1.305785

GMM estimation 

Number of parameters =  12
Number of moments    =  18
Initial weight matrix: Unadjusted                 Number of obs   =         40
GMM weight matrix:     Unadjusted

------------------------------------------------------------------------------
             | Coefficient  Std. err.      z    P>|z|     [95% conf. interval]
-------------+----------------------------------------------------------------
     /a_bfvl |   1.150404   .2680832     4.29   0.000     .6249708    1.675838
        /g11 |  -.0910076   .0551523    -1.65   0.099    -.1991041    .0170888
        /g12 |  -.1010579   .0391498    -2.58   0.010    -.1777901   -.0243256
        /g14 |  -.2563567   .0255345   -10.04   0.000    -.3064034   -.2063099
     /b_bfvl |   -.501609   .1982134    -2.53   0.011    -.8901001   -.1131178
     /a_pork |   .5464832   .1568247     3.48   0.000     .2391124     .853854
        /g22 |  -.0121283   .1029601    -0.12   0.906    -.2139263    .1896697
        /g24 |  -.0349454   .0187771    -1.86   0.063    -.0717478    .0018569
     /b_pork |   -.224419   .1157682    -1.94   0.053    -.4513205    .0024825
     /a_fish |   .4241203   .2252538     1.88   0.060    -.0173691    .8656097
        /g44 |   .1939927   .0252345     7.69   0.000      .144534    .2434515
     /b_fish |   -.229209   .1664902    -1.38   0.169    -.5555238    .0971057
------------------------------------------------------------------------------
Instruments for equation eq_bfvl: ln_real_x L1_lngp_bfvl L1_lngp_pork L1_lngp_poult L1_lngp_fish _cons
Instruments for equation eq_pork: ln_real_x L1_lngp_bfvl L1_lngp_pork L1_lngp_poult L1_lngp_fish _cons
Instruments for equation eq_fish: ln_real_x L1_lngp_bfvl L1_lngp_pork L1_lngp_poult L1_lngp_fish _cons

Final GMM criterion Q(b) = .7266575

GMM estimation 

Number of parameters =  12
Number of moments    =  18
Initial weight matrix: Unadjusted                 Number of obs   =         40
GMM weight matrix:     Unadjusted

------------------------------------------------------------------------------
             | Coefficient  Std. err.      z    P>|z|     [95% conf. interval]
-------------+----------------------------------------------------------------
     /a_bfvl |    .292597   .2358489     1.24   0.215    -.1696584    .7548524
        /g11 |  -.0610067   .0637073    -0.96   0.338    -.1858707    .0638574
        /g12 |  -.1234602   .0398228    -3.10   0.002    -.2015114    -.045409
        /g14 |  -.1534947   .0236347    -6.49   0.000    -.1998178   -.1071715
     /b_bfvl |   .1288566   .1758177     0.73   0.464    -.2157398    .4734529
     /a_pork |   .4476816   .1006802     4.45   0.000     .2503519    .6450112
        /g22 |  -.0777487    .140992    -0.55   0.581    -.3540878    .1985905
        /g24 |   .0005098   .0344867     0.01   0.988    -.0670828    .0681024
     /b_pork |  -.1527005   .0754023    -2.03   0.043    -.3004862   -.0049148
     /a_fish |   .2539042   .1295086     1.96   0.050     .0000721    .5077364
        /g44 |   .1522533   .0154989     9.82   0.000     .1218761    .1826305
     /b_fish |  -.1023411   .0965896    -1.06   0.289    -.2916532    .0869711
------------------------------------------------------------------------------
Instruments for equation eq_bfvl: ln_real_x L1_lngp_bfvl L1_lngp_pork L1_lngp_poult L1_lngp_fish _cons
Instruments for equation eq_pork: ln_real_x L1_lngp_bfvl L1_lngp_pork L1_lngp_poult L1_lngp_fish _cons
Instruments for equation eq_fish: ln_real_x L1_lngp_bfvl L1_lngp_pork L1_lngp_poult L1_lngp_fish _cons

Final GMM criterion Q(b) = 1.619595

GMM estimation 

Number of parameters =  12
Number of moments    =  18
Initial weight matrix: Unadjusted                 Number of obs   =         40
GMM weight matrix:     Unadjusted

------------------------------------------------------------------------------
             | Coefficient  Std. err.      z    P>|z|     [95% conf. interval]
-------------+----------------------------------------------------------------
     /a_bfvl |   .3587934   .2387636     1.50   0.133    -.1091746    .8267615
        /g11 |   .0174336   .0492845     0.35   0.724    -.0791623    .1140295
        /g12 |  -.0922537   .0229533    -4.02   0.000    -.1372413   -.0472661
        /g14 |  -.2144506   .0274276    -7.82   0.000    -.2682077   -.1606934
     /b_bfvl |   .0808219   .1775007     0.46   0.649     -.267073    .4287169
     /a_pork |   .5060419   .0973683     5.20   0.000     .3152036    .6968803
        /g22 |   .0330326   .0931664     0.35   0.723    -.1495703    .2156355
        /g24 |  -.0384939   .0150145    -2.56   0.010    -.0679219   -.0090659
     /b_pork |  -.1957277   .0723756    -2.70   0.007    -.3375813   -.0538742
     /a_fish |    .160926   .1927574     0.83   0.404    -.2168715    .5387235
        /g44 |   .2077068   .0286045     7.26   0.000      .151643    .2637705
     /b_fish |  -.0340614   .1431166    -0.24   0.812    -.3145647    .2464419
------------------------------------------------------------------------------
Instruments for equation eq_bfvl: ln_real_x L1_lngp_bfvl L1_lngp_pork L1_lngp_poult L1_lngp_fish _cons
Instruments for equation eq_pork: ln_real_x L1_lngp_bfvl L1_lngp_pork L1_lngp_poult L1_lngp_fish _cons
Instruments for equation eq_fish: ln_real_x L1_lngp_bfvl L1_lngp_pork L1_lngp_poult L1_lngp_fish _cons

Final GMM criterion Q(b) =  .713015

GMM estimation 

Number of parameters =  12
Number of moments    =  18
Initial weight matrix: Unadjusted                 Number of obs   =         40
GMM weight matrix:     Unadjusted

------------------------------------------------------------------------------
             | Coefficient  Std. err.      z    P>|z|     [95% conf. interval]
-------------+----------------------------------------------------------------
     /a_bfvl |   .6151354   .2911161     2.11   0.035     .0445584    1.185712
        /g11 |  -.0511092   .0691043    -0.74   0.460    -.1865512    .0843328
        /g12 |   .0374871   .0687434     0.55   0.586    -.0972474    .1722216
        /g14 |  -.1541883   .0274179    -5.62   0.000    -.2079265   -.1004501
     /b_bfvl |  -.1079153   .2164887    -0.50   0.618    -.5322254    .3163948
     /a_pork |  -.0671372   .2854124    -0.24   0.814    -.6265353    .4922608
        /g22 |    .557477    .282714     1.97   0.049     .0033679    1.111586
        /g24 |  -.1683548   .0619438    -2.72   0.007    -.2897625   -.0469471
     /b_pork |   .2291074   .2127803     1.08   0.282    -.1879343    .6461491
     /a_fish |   .2229843   .1316618     1.69   0.090    -.0350681    .4810367
        /g44 |   .1915534   .0192048     9.97   0.000     .1539126    .2291942
     /b_fish |  -.0768807   .0979394    -0.78   0.432    -.2688385     .115077
------------------------------------------------------------------------------
Instruments for equation eq_bfvl: ln_real_x L1_lngp_bfvl L1_lngp_pork L1_lngp_poult L1_lngp_fish _cons
Instruments for equation eq_pork: ln_real_x L1_lngp_bfvl L1_lngp_pork L1_lngp_poult L1_lngp_fish _cons
Instruments for equation eq_fish: ln_real_x L1_lngp_bfvl L1_lngp_pork L1_lngp_poult L1_lngp_fish _cons

Final GMM criterion Q(b) = .9297743

GMM estimation 

Number of parameters =  12
Number of moments    =  18
Initial weight matrix: Unadjusted                 Number of obs   =         40
GMM weight matrix:     Unadjusted

------------------------------------------------------------------------------
             | Coefficient  Std. err.      z    P>|z|     [95% conf. interval]
-------------+----------------------------------------------------------------
     /a_bfvl |  -.0926073   .2695782    -0.34   0.731    -.6209709    .4357563
        /g11 |   .0028595   .0659038     0.04   0.965    -.1263095    .1320286
        /g12 |   .0158761     .04976     0.32   0.750    -.0816518     .113404
        /g14 |  -.1718937    .030986    -5.55   0.000    -.2326251   -.1111622
     /b_bfvl |   .4196369   .2018115     2.08   0.038     .0240936    .8151802
     /a_pork |   .3190679   .1671084     1.91   0.056    -.0084586    .6465944
        /g22 |   .3331391   .1367407     2.44   0.015     .0651323    .6011459
        /g24 |  -.1389363    .046602    -2.98   0.003    -.2302746    -.047598
     /b_pork |  -.0567465   .1249986    -0.45   0.650    -.3017393    .1882463
     /a_fish |   .1470385   .1481547     0.99   0.321    -.1433393    .4374163
        /g44 |   .2023051    .024575     8.23   0.000     .1541389    .2504713
     /b_fish |  -.0216123   .1108478    -0.19   0.845    -.2388699    .1956454
------------------------------------------------------------------------------
Instruments for equation eq_bfvl: ln_real_x L1_lngp_bfvl L1_lngp_pork L1_lngp_poult L1_lngp_fish _cons
Instruments for equation eq_pork: ln_real_x L1_lngp_bfvl L1_lngp_pork L1_lngp_poult L1_lngp_fish _cons
Instruments for equation eq_fish: ln_real_x L1_lngp_bfvl L1_lngp_pork L1_lngp_poult L1_lngp_fish _cons

Final GMM criterion Q(b) = .3620562

GMM estimation 

Number of parameters =  12
Number of moments    =  18
Initial weight matrix: Unadjusted                 Number of obs   =         40
GMM weight matrix:     Unadjusted

------------------------------------------------------------------------------
             | Coefficient  Std. err.      z    P>|z|     [95% conf. interval]
-------------+----------------------------------------------------------------
     /a_bfvl |   .1944009   .2818473     0.69   0.490    -.3580096    .7468115
        /g11 |  -.2943172   .0667486    -4.41   0.000     -.425142   -.1634924
        /g12 |  -.1780011   .0397682    -4.48   0.000    -.2559455   -.1000568
        /g14 |  -.0592941   .0238377    -2.49   0.013     -.106015   -.0125731
     /b_bfvl |   .2036302   .2092069     0.97   0.330    -.2064079    .6136682
     /a_pork |   .2250344   .1034806     2.17   0.030     .0222162    .4278526
        /g22 |   .0374086   .1136959     0.33   0.742    -.1854313    .2602484
        /g24 |   .0064912   .0350169     0.19   0.853    -.0621407     .075123
     /b_pork |   .0134862   .0768899     0.18   0.861    -.1372153    .1641876
     /a_fish |   .1510867   .0912286     1.66   0.098    -.0277182    .3298915
        /g44 |   .1362981   .0148461     9.18   0.000     .1072002    .1653959
     /b_fish |  -.0237596   .0677338    -0.35   0.726    -.1565154    .1089961
------------------------------------------------------------------------------
Instruments for equation eq_bfvl: ln_real_x L1_lngp_bfvl L1_lngp_pork L1_lngp_poult L1_lngp_fish _cons
Instruments for equation eq_pork: ln_real_x L1_lngp_bfvl L1_lngp_pork L1_lngp_poult L1_lngp_fish _cons
Instruments for equation eq_fish: ln_real_x L1_lngp_bfvl L1_lngp_pork L1_lngp_poult L1_lngp_fish _cons

Final GMM criterion Q(b) = .9972561

GMM estimation 

Number of parameters =  12
Number of moments    =  18
Initial weight matrix: Unadjusted                 Number of obs   =         40
GMM weight matrix:     Unadjusted

------------------------------------------------------------------------------
             | Coefficient  Std. err.      z    P>|z|     [95% conf. interval]
-------------+----------------------------------------------------------------
     /a_bfvl |   .3760381   .2711919     1.39   0.166    -.1554883    .9075645
        /g11 |  -.0124668   .0558414    -0.22   0.823     -.121914    .0969804
        /g12 |   .2064769   .0807257     2.56   0.011     .0482574    .3646963
        /g14 |  -.2428138   .0265732    -9.14   0.000    -.2948963   -.1907312
     /b_bfvl |   .0740842    .201831     0.37   0.714    -.3214974    .4696657
     /a_pork |  -.0428413    .389122    -0.11   0.912    -.8055064    .7198238
        /g22 |   .8612564    .289066     2.98   0.003     .2946974    1.427815
        /g24 |  -.2397977    .054728    -4.38   0.000    -.3470625   -.1325328
     /b_pork |   .2099142   .2894336     0.73   0.468    -.3573652    .7771936
     /a_fish |   .0495806    .192063     0.26   0.796     -.326856    .4260171
        /g44 |   .2418298   .0206177    11.73   0.000     .2014199    .2822397
     /b_fish |   .0517326   .1428936     0.36   0.717    -.2283336    .3317989
------------------------------------------------------------------------------
Instruments for equation eq_bfvl: ln_real_x L1_lngp_bfvl L1_lngp_pork L1_lngp_poult L1_lngp_fish _cons
Instruments for equation eq_pork: ln_real_x L1_lngp_bfvl L1_lngp_pork L1_lngp_poult L1_lngp_fish _cons
Instruments for equation eq_fish: ln_real_x L1_lngp_bfvl L1_lngp_pork L1_lngp_poult L1_lngp_fish _cons

Final GMM criterion Q(b) = 1.494604

GMM estimation 

Number of parameters =  12
Number of moments    =  18
Initial weight matrix: Unadjusted                 Number of obs   =         40
GMM weight matrix:     Unadjusted

------------------------------------------------------------------------------
             | Coefficient  Std. err.      z    P>|z|     [95% conf. interval]
-------------+----------------------------------------------------------------
     /a_bfvl |   .5553248   .2304527     2.41   0.016     .1036459    1.007004
        /g11 |   .0248262   .0485609     0.51   0.609    -.0703514    .1200039
        /g12 |  -.1019731   .0197317    -5.17   0.000    -.1406465   -.0632998
        /g14 |  -.3051445   .0316807    -9.63   0.000    -.3672375   -.2430515
     /b_bfvl |  -.0524587    .171671    -0.31   0.760    -.3889277    .2840103
     /a_pork |   .5573705   .0973115     5.73   0.000     .3666435    .7480974
        /g22 |   .0497733   .0590592     0.84   0.399    -.0659806    .1655272
        /g24 |  -.0053974   .0154206    -0.35   0.726    -.0356211    .0248264
     /b_pork |  -.2343982   .0722407    -3.24   0.001    -.3759874    -.092809
     /a_fish |     .00764   .2325176     0.03   0.974    -.4480861    .4633662
        /g44 |   .2426212   .0410609     5.91   0.000     .1621433    .3230991
     /b_fish |    .079394    .172923     0.46   0.646    -.2595288    .4183168
------------------------------------------------------------------------------
Instruments for equation eq_bfvl: ln_real_x L1_lngp_bfvl L1_lngp_pork L1_lngp_poult L1_lngp_fish _cons
Instruments for equation eq_pork: ln_real_x L1_lngp_bfvl L1_lngp_pork L1_lngp_poult L1_lngp_fish _cons
Instruments for equation eq_fish: ln_real_x L1_lngp_bfvl L1_lngp_pork L1_lngp_poult L1_lngp_fish _cons

Final GMM criterion Q(b) = .9553798

GMM estimation 

Number of parameters =  12
Number of moments    =  18
Initial weight matrix: Unadjusted                 Number of obs   =         40
GMM weight matrix:     Unadjusted

------------------------------------------------------------------------------
             | Coefficient  Std. err.      z    P>|z|     [95% conf. interval]
-------------+----------------------------------------------------------------
     /a_bfvl |   .3056049   .2679841     1.14   0.254    -.2196344    .8308441
        /g11 |  -.0045607   .0552558    -0.08   0.934      -.11286    .1037386
        /g12 |   .1585086   .0625003     2.54   0.011     .0360103    .2810069
        /g14 |  -.2192962   .0300641    -7.29   0.000    -.2782207   -.1603717
     /b_bfvl |   .1208216   .1990134     0.61   0.544    -.2692376    .5108808
     /a_pork |   .1146032   .2366549     0.48   0.628    -.3492318    .5784383
        /g22 |   .5763098   .1699507     3.39   0.001     .2432125    .9094071
        /g24 |  -.2386811   .0515739    -4.63   0.000    -.3397641   -.1375981
     /b_pork |   .0944768   .1756896     0.54   0.591    -.2498685    .4388222
     /a_fish |   .3007476   .1769499     1.70   0.089    -.0460678    .6475629
        /g44 |   .2452683   .0260061     9.43   0.000     .1942974    .2962393
     /b_fish |  -.1369835   .1313932    -1.04   0.297    -.3945094    .1205424
------------------------------------------------------------------------------
Instruments for equation eq_bfvl: ln_real_x L1_lngp_bfvl L1_lngp_pork L1_lngp_poult L1_lngp_fish _cons
Instruments for equation eq_pork: ln_real_x L1_lngp_bfvl L1_lngp_pork L1_lngp_poult L1_lngp_fish _cons
Instruments for equation eq_fish: ln_real_x L1_lngp_bfvl L1_lngp_pork L1_lngp_poult L1_lngp_fish _cons

Final GMM criterion Q(b) = .6518919

GMM estimation 

Number of parameters =  12
Number of moments    =  18
Initial weight matrix: Unadjusted                 Number of obs   =         40
GMM weight matrix:     Unadjusted

------------------------------------------------------------------------------
             | Coefficient  Std. err.      z    P>|z|     [95% conf. interval]
-------------+----------------------------------------------------------------
     /a_bfvl |   .1864712   .3000408     0.62   0.534    -.4015978    .7745403
        /g11 |  -.1973057   .0649189    -3.04   0.002    -.3245444    -.070067
        /g12 |  -.2054223   .0381443    -5.39   0.000    -.2801837   -.1306609
        /g14 |  -.0853286   .0289304    -2.95   0.003    -.1420313    -.028626
     /b_bfvl |   .2098382   .2225922     0.94   0.346    -.2264345    .6461108
     /a_pork |   .3178118   .1496363     2.12   0.034     .0245301    .6110935
        /g22 |  -.1643785   .1057347    -1.55   0.120    -.3716148    .0428578
        /g24 |   .0693598   .0306038     2.27   0.023     .0093774    .1293421
     /b_pork |  -.0567143   .1109785    -0.51   0.609    -.2742282    .1607996
     /a_fish |   .1697908   .1464274     1.16   0.246    -.1172015    .4567832
        /g44 |   .1393743   .0204253     6.82   0.000     .0993414    .1794071
     /b_fish |  -.0385011   .1086096    -0.35   0.723     -.251372    .1743697
------------------------------------------------------------------------------
Instruments for equation eq_bfvl: ln_real_x L1_lngp_bfvl L1_lngp_pork L1_lngp_poult L1_lngp_fish _cons
Instruments for equation eq_pork: ln_real_x L1_lngp_bfvl L1_lngp_pork L1_lngp_poult L1_lngp_fish _cons
Instruments for equation eq_fish: ln_real_x L1_lngp_bfvl L1_lngp_pork L1_lngp_poult L1_lngp_fish _cons

Final GMM criterion Q(b) = 1.244993

GMM estimation 

Number of parameters =  12
Number of moments    =  18
Initial weight matrix: Unadjusted                 Number of obs   =         40
GMM weight matrix:     Unadjusted

------------------------------------------------------------------------------
             | Coefficient  Std. err.      z    P>|z|     [95% conf. interval]
-------------+----------------------------------------------------------------
     /a_bfvl |   .5953539   .2336334     2.55   0.011     .1374409    1.053267
        /g11 |   .2213608   .0586529     3.77   0.000     .1064033    .3363182
        /g12 |   .0349954   .0274551     1.27   0.202    -.0188156    .0888063
        /g14 |  -.2918679   .0254455   -11.47   0.000    -.3417401   -.2419956
     /b_bfvl |  -.0933699   .1737483    -0.54   0.591    -.4339103    .2471704
     /a_pork |   .2734754   .1389945     1.97   0.049     .0010511    .5458996
        /g22 |   .1962699   .0665352     2.95   0.003     .0658633    .3266764
        /g24 |  -.0761535   .0164466    -4.63   0.000    -.1083882   -.0439188
     /b_pork |  -.0243879    .103006    -0.24   0.813    -.2262759       .1775
     /a_fish |  -.0281662   .1986203    -0.14   0.887    -.4174548    .3611224
        /g44 |    .202804   .0224179     9.05   0.000     .1588657    .2467424
     /b_fish |   .1076709   .1477205     0.73   0.466     -.181856    .3971978
------------------------------------------------------------------------------
Instruments for equation eq_bfvl: ln_real_x L1_lngp_bfvl L1_lngp_pork L1_lngp_poult L1_lngp_fish _cons
Instruments for equation eq_pork: ln_real_x L1_lngp_bfvl L1_lngp_pork L1_lngp_poult L1_lngp_fish _cons
Instruments for equation eq_fish: ln_real_x L1_lngp_bfvl L1_lngp_pork L1_lngp_poult L1_lngp_fish _cons

Final GMM criterion Q(b) =  .837783

GMM estimation 

Number of parameters =  12
Number of moments    =  18
Initial weight matrix: Unadjusted                 Number of obs   =         40
GMM weight matrix:     Unadjusted

------------------------------------------------------------------------------
             | Coefficient  Std. err.      z    P>|z|     [95% conf. interval]
-------------+----------------------------------------------------------------
     /a_bfvl |  -.2158759   .2370639    -0.91   0.362    -.6805127    .2487609
        /g11 |   -.255815   .0551319    -4.64   0.000    -.3638716   -.1477584
        /g12 |  -.1448958   .0335438    -4.32   0.000    -.2106405   -.0791511
        /g14 |  -.0992412   .0229855    -4.32   0.000     -.144292   -.0541904
     /b_bfvl |     .50584    .176213     2.87   0.004     .1604689    .8512111
     /a_pork |    .157002   .1067796     1.47   0.141    -.0522822    .3662862
        /g22 |  -.0787125   .0761928    -1.03   0.302    -.2280475    .0706226
        /g24 |   .0235361   .0179236     1.31   0.189    -.0115936    .0586657
     /b_pork |   .0605612    .079345     0.76   0.445    -.0949521    .2160745
     /a_fish |   .1830482   .1207022     1.52   0.129    -.0535237    .4196201
        /g44 |   .1502456   .0132282    11.36   0.000     .1243188    .1761724
     /b_fish |  -.0484359   .0897367    -0.54   0.589    -.2243166    .1274447
------------------------------------------------------------------------------
Instruments for equation eq_bfvl: ln_real_x L1_lngp_bfvl L1_lngp_pork L1_lngp_poult L1_lngp_fish _cons
Instruments for equation eq_pork: ln_real_x L1_lngp_bfvl L1_lngp_pork L1_lngp_poult L1_lngp_fish _cons
Instruments for equation eq_fish: ln_real_x L1_lngp_bfvl L1_lngp_pork L1_lngp_poult L1_lngp_fish _cons

Final GMM criterion Q(b) = 1.214718

GMM estimation 

Number of parameters =  12
Number of moments    =  18
Initial weight matrix: Unadjusted                 Number of obs   =         40
GMM weight matrix:     Unadjusted

------------------------------------------------------------------------------
             | Coefficient  Std. err.      z    P>|z|     [95% conf. interval]
-------------+----------------------------------------------------------------
     /a_bfvl |   .4553632   .2192796     2.08   0.038     .0255832    .8851433
        /g11 |   -.065839   .0450524    -1.46   0.144    -.1541401     .022462
        /g12 |   .1113379    .043845     2.54   0.011     .0254032    .1972726
        /g14 |  -.2292112   .0268359    -8.54   0.000    -.2818085   -.1766139
     /b_bfvl |   .0137723   .1631348     0.08   0.933    -.3059661    .3335107
     /a_pork |   .5708057   .1958629     2.91   0.004     .1869214    .9546899
        /g22 |   .3498173   .1095117     3.19   0.001     .1351782    .5644564
        /g24 |  -.1763731   .0303323    -5.81   0.000    -.2358232    -.116923
     /b_pork |  -.2447134   .1453611    -1.68   0.092     -.529616    .0401892
     /a_fish |   .0909916   .1805618     0.50   0.614     -.262903    .4448862
        /g44 |   .2635821   .0263408    10.01   0.000     .2119551    .3152092
     /b_fish |   .0181365   .1341962     0.14   0.892    -.2448832    .2811562
------------------------------------------------------------------------------
Instruments for equation eq_bfvl: ln_real_x L1_lngp_bfvl L1_lngp_pork L1_lngp_poult L1_lngp_fish _cons
Instruments for equation eq_pork: ln_real_x L1_lngp_bfvl L1_lngp_pork L1_lngp_poult L1_lngp_fish _cons
Instruments for equation eq_fish: ln_real_x L1_lngp_bfvl L1_lngp_pork L1_lngp_poult L1_lngp_fish _cons

Final GMM criterion Q(b) = .8303661

GMM estimation 

Number of parameters =  12
Number of moments    =  18
Initial weight matrix: Unadjusted                 Number of obs   =         40
GMM weight matrix:     Unadjusted

------------------------------------------------------------------------------
             | Coefficient  Std. err.      z    P>|z|     [95% conf. interval]
-------------+----------------------------------------------------------------
     /a_bfvl |   .0893489   .2563433     0.35   0.727    -.4130747    .5917726
        /g11 |  -.2553953   .0575578    -4.44   0.000    -.3682066    -.142584
        /g12 |  -.1726416   .0259855    -6.64   0.000    -.2235723   -.1217109
        /g14 |  -.1059448   .0233616    -4.53   0.000    -.1517327   -.0601568
     /b_bfvl |   .2786502   .1905921     1.46   0.144    -.0949035    .6522038
     /a_pork |   .3007811   .0961841     3.13   0.002     .1122638    .4892984
        /g22 |  -.1289423   .0838288    -1.54   0.124    -.2932438    .0353591
        /g24 |   .0434419   .0149869     2.90   0.004     .0140681    .0728157
     /b_pork |  -.0454419   .0715665    -0.63   0.525    -.1857097    .0948259
     /a_fish |   .2219527   .1325918     1.67   0.094    -.0379224    .4818279
        /g44 |    .154223   .0141493    10.90   0.000      .126491     .181955
     /b_fish |  -.0789436   .0985772    -0.80   0.423    -.2721514    .1142642
------------------------------------------------------------------------------
Instruments for equation eq_bfvl: ln_real_x L1_lngp_bfvl L1_lngp_pork L1_lngp_poult L1_lngp_fish _cons
Instruments for equation eq_pork: ln_real_x L1_lngp_bfvl L1_lngp_pork L1_lngp_poult L1_lngp_fish _cons
Instruments for equation eq_fish: ln_real_x L1_lngp_bfvl L1_lngp_pork L1_lngp_poult L1_lngp_fish _cons

Final GMM criterion Q(b) = .5976777

GMM estimation 

Number of parameters =  12
Number of moments    =  18
Initial weight matrix: Unadjusted                 Number of obs   =         40
GMM weight matrix:     Unadjusted

------------------------------------------------------------------------------
             | Coefficient  Std. err.      z    P>|z|     [95% conf. interval]
-------------+----------------------------------------------------------------
     /a_bfvl |   .3829358   .2892933     1.32   0.186    -.1840686    .9499402
        /g11 |  -.1917564   .0673423    -2.85   0.004    -.3237449    -.059768
        /g12 |  -.1210181   .0271622    -4.46   0.000    -.1742551   -.0677811
        /g14 |  -.1152601    .023653    -4.87   0.000    -.1616192   -.0689009
     /b_bfvl |   .0583285   .2149397     0.27   0.786    -.3629456    .4796027
     /a_pork |   .3771785   .1123184     3.36   0.001     .1570385    .5973184
        /g22 |   .1946746   .1572391     1.24   0.216    -.1135084    .5028575
        /g24 |  -.0525044   .0372234    -1.41   0.158     -.125461    .0204521
     /b_pork |  -.0989618   .0833548    -1.19   0.235    -.2623342    .0644106
     /a_fish |   .0024967   .1293003     0.02   0.985    -.2509273    .2559207
        /g44 |   .1660173   .0157288    10.55   0.000     .1351893    .1968452
     /b_fish |   .0859228   .0959871     0.90   0.371    -.1022085    .2740541
------------------------------------------------------------------------------
Instruments for equation eq_bfvl: ln_real_x L1_lngp_bfvl L1_lngp_pork L1_lngp_poult L1_lngp_fish _cons
Instruments for equation eq_pork: ln_real_x L1_lngp_bfvl L1_lngp_pork L1_lngp_poult L1_lngp_fish _cons
Instruments for equation eq_fish: ln_real_x L1_lngp_bfvl L1_lngp_pork L1_lngp_poult L1_lngp_fish _cons

Final GMM criterion Q(b) =  1.43592

GMM estimation 

Number of parameters =  12
Number of moments    =  18
Initial weight matrix: Unadjusted                 Number of obs   =         40
GMM weight matrix:     Unadjusted

------------------------------------------------------------------------------
             | Coefficient  Std. err.      z    P>|z|     [95% conf. interval]
-------------+----------------------------------------------------------------
     /a_bfvl |   .6215528   .2269823     2.74   0.006     .1766757     1.06643
        /g11 |  -.0028358   .0505034    -0.06   0.955    -.1018207    .0961491
        /g12 |   .0308206   .0394689     0.78   0.435    -.0465371    .1081783
        /g14 |  -.2242236   .0221004   -10.15   0.000    -.2675397   -.1809075
     /b_bfvl |  -.1135547   .1694923    -0.67   0.503    -.4457535     .218644
     /a_pork |   .0969555   .2094975     0.46   0.644     -.313652    .5075631
        /g22 |   .2587639    .140555     1.84   0.066    -.0167189    .5342467
        /g24 |  -.0561012   .0193352    -2.90   0.004    -.0939974    -.018205
     /b_pork |   .1047991   .1548385     0.68   0.499    -.1986789     .408277
     /a_fish |   .1452186   .1592089     0.91   0.362     -.166825    .4572622
        /g44 |   .1980026   .0167679    11.81   0.000     .1651381    .2308672
     /b_fish |  -.0223536   .1189066    -0.19   0.851    -.2554062    .2106989
------------------------------------------------------------------------------
Instruments for equation eq_bfvl: ln_real_x L1_lngp_bfvl L1_lngp_pork L1_lngp_poult L1_lngp_fish _cons
Instruments for equation eq_pork: ln_real_x L1_lngp_bfvl L1_lngp_pork L1_lngp_poult L1_lngp_fish _cons
Instruments for equation eq_fish: ln_real_x L1_lngp_bfvl L1_lngp_pork L1_lngp_poult L1_lngp_fish _cons

Final GMM criterion Q(b) = .8767725

GMM estimation 

Number of parameters =  12
Number of moments    =  18
Initial weight matrix: Unadjusted                 Number of obs   =         40
GMM weight matrix:     Unadjusted

------------------------------------------------------------------------------
             | Coefficient  Std. err.      z    P>|z|     [95% conf. interval]
-------------+----------------------------------------------------------------
     /a_bfvl |  -.1677473   .2587342    -0.65   0.517    -.6748571    .3393624
        /g11 |  -.1616666   .0613589    -2.63   0.008    -.2819279   -.0414053
        /g12 |  -.1905983   .0524369    -3.63   0.000    -.2933728   -.0878238
        /g14 |  -.1119716   .0250789    -4.46   0.000    -.1611253    -.062818
     /b_bfvl |   .4761649   .1928019     2.47   0.014     .0982801    .8540497
     /a_pork |   .2606017   .1657418     1.57   0.116    -.0642463    .5854497
        /g22 |  -.2370892   .1399294    -1.69   0.090    -.5113457    .0371673
        /g24 |   .0611204   .0321044     1.90   0.057    -.0018031    .1240439
     /b_pork |  -.0144517   .1234077    -0.12   0.907    -.2563264    .2274229
     /a_fish |   .2507257   .1382674     1.81   0.070    -.0202734    .5217247
        /g44 |   .1432369   .0165251     8.67   0.000     .1108483    .1756256
     /b_fish |  -.0997842    .103011    -0.97   0.333     -.301682    .1021136
------------------------------------------------------------------------------
Instruments for equation eq_bfvl: ln_real_x L1_lngp_bfvl L1_lngp_pork L1_lngp_poult L1_lngp_fish _cons
Instruments for equation eq_pork: ln_real_x L1_lngp_bfvl L1_lngp_pork L1_lngp_poult L1_lngp_fish _cons
Instruments for equation eq_fish: ln_real_x L1_lngp_bfvl L1_lngp_pork L1_lngp_poult L1_lngp_fish _cons

Final GMM criterion Q(b) = .6951071

GMM estimation 

Number of parameters =  12
Number of moments    =  18
Initial weight matrix: Unadjusted                 Number of obs   =         40
GMM weight matrix:     Unadjusted

------------------------------------------------------------------------------
             | Coefficient  Std. err.      z    P>|z|     [95% conf. interval]
-------------+----------------------------------------------------------------
     /a_bfvl |   .3608124   .2508464     1.44   0.150    -.1308374    .8524623
        /g11 |   .0521616   .0675356     0.77   0.440    -.0802056    .1845289
        /g12 |   .1268888   .0793945     1.60   0.110    -.0287215    .2824991
        /g14 |   -.234836   .0297987    -7.88   0.000    -.2932405   -.1764315
     /b_bfvl |   .0817682    .187174     0.44   0.662    -.2850861    .4486225
     /a_pork |  -.0269929   .3977336    -0.07   0.946    -.8065364    .7525505
        /g22 |   .5730347   .3105279     1.85   0.065    -.0355887    1.181658
        /g24 |  -.2011415    .072207    -2.79   0.005    -.3426647   -.0596183
     /b_pork |   .2039478   .2977794     0.68   0.493    -.3796892    .7875848
     /a_fish |   .2507417   .1685219     1.49   0.137    -.0795551    .5810384
        /g44 |   .2258059   .0235822     9.58   0.000     .1795856    .2720263
     /b_fish |  -.1002052   .1257838    -0.80   0.426    -.3467369    .1463265
------------------------------------------------------------------------------
Instruments for equation eq_bfvl: ln_real_x L1_lngp_bfvl L1_lngp_pork L1_lngp_poult L1_lngp_fish _cons
Instruments for equation eq_pork: ln_real_x L1_lngp_bfvl L1_lngp_pork L1_lngp_poult L1_lngp_fish _cons
Instruments for equation eq_fish: ln_real_x L1_lngp_bfvl L1_lngp_pork L1_lngp_poult L1_lngp_fish _cons

Final GMM criterion Q(b) =  .806729

GMM estimation 

Number of parameters =  12
Number of moments    =  18
Initial weight matrix: Unadjusted                 Number of obs   =         40
GMM weight matrix:     Unadjusted

------------------------------------------------------------------------------
             | Coefficient  Std. err.      z    P>|z|     [95% conf. interval]
-------------+----------------------------------------------------------------
     /a_bfvl |  -.1547805   .2631822    -0.59   0.556    -.6706082    .3610472
        /g11 |   .0093845   .0641153     0.15   0.884    -.1162793    .1350482
        /g12 |   .0687368   .0413789     1.66   0.097    -.0123644    .1498381
        /g14 |  -.1823039   .0283727    -6.43   0.000    -.2379133   -.1266944
     /b_bfvl |   .4689132   .1968211     2.38   0.017      .083151    .8546755
     /a_pork |     .41639   .1328045     3.14   0.002     .1560979    .6766821
        /g22 |    .130682   .0727031     1.80   0.072    -.0118135    .2731775
        /g24 |  -.0909367   .0261818    -3.47   0.001    -.1422521   -.0396213
     /b_pork |  -.1313191   .0993417    -1.32   0.186    -.3260253    .0633871
     /a_fish |   .2701579   .1333926     2.03   0.043     .0087132    .5316026
        /g44 |   .1868135   .0174525    10.70   0.000     .1526071    .2210198
     /b_fish |  -.1152345   .0997827    -1.15   0.248    -.3108051     .080336
------------------------------------------------------------------------------
Instruments for equation eq_bfvl: ln_real_x L1_lngp_bfvl L1_lngp_pork L1_lngp_poult L1_lngp_fish _cons
Instruments for equation eq_pork: ln_real_x L1_lngp_bfvl L1_lngp_pork L1_lngp_poult L1_lngp_fish _cons
Instruments for equation eq_fish: ln_real_x L1_lngp_bfvl L1_lngp_pork L1_lngp_poult L1_lngp_fish _cons

Final GMM criterion Q(b) = 1.302161

GMM estimation 

Number of parameters =  12
Number of moments    =  18
Initial weight matrix: Unadjusted                 Number of obs   =         40
GMM weight matrix:     Unadjusted

------------------------------------------------------------------------------
             | Coefficient  Std. err.      z    P>|z|     [95% conf. interval]
-------------+----------------------------------------------------------------
     /a_bfvl |   .5078649   .2914939     1.74   0.081    -.0634527    1.079182
        /g11 |  -.0078504   .0564172    -0.14   0.889    -.1184261    .1027252
        /g12 |  -.0920279   .0204125    -4.51   0.000    -.1320356   -.0520202
        /g14 |   -.207836   .0260186    -7.99   0.000    -.2588316   -.1568404
     /b_bfvl |  -.0260243   .2171193    -0.12   0.905    -.4515704    .3995218
     /a_pork |   .4066065   .1031934     3.94   0.000     .2043511    .6088618
        /g22 |   .0445907   .0712466     0.63   0.531      -.09505    .1842314
        /g24 |   .0166788   .0112223     1.49   0.137    -.0053165    .0386742
     /b_pork |  -.1236988   .0767037    -1.61   0.107    -.2740352    .0266376
     /a_fish |  -.1857332   .1888007    -0.98   0.325    -.5557758    .1843094
        /g44 |   .1961261   .0203289     9.65   0.000     .1562822      .23597
     /b_fish |   .2236314     .14061     1.59   0.112    -.0519592     .499222
------------------------------------------------------------------------------
Instruments for equation eq_bfvl: ln_real_x L1_lngp_bfvl L1_lngp_pork L1_lngp_poult L1_lngp_fish _cons
Instruments for equation eq_pork: ln_real_x L1_lngp_bfvl L1_lngp_pork L1_lngp_poult L1_lngp_fish _cons
Instruments for equation eq_fish: ln_real_x L1_lngp_bfvl L1_lngp_pork L1_lngp_poult L1_lngp_fish _cons

Final GMM criterion Q(b) = .5749857

GMM estimation 

Number of parameters =  12
Number of moments    =  18
Initial weight matrix: Unadjusted                 Number of obs   =         40
GMM weight matrix:     Unadjusted

------------------------------------------------------------------------------
             | Coefficient  Std. err.      z    P>|z|     [95% conf. interval]
-------------+----------------------------------------------------------------
     /a_bfvl |   .5253845   .3457455     1.52   0.129    -.1522642    1.203033
        /g11 |  -.1355628   .0722896    -1.88   0.061    -.2772479    .0061222
        /g12 |  -.1921344   .0430508    -4.46   0.000    -.2765124   -.1077563
        /g14 |   -.146774   .0294549    -4.98   0.000    -.2045045   -.0890435
     /b_bfvl |  -.0363517   .2570531    -0.14   0.888    -.5401665     .467463
     /a_pork |   .4974455   .2012294     2.47   0.013      .103043    .8918479
        /g22 |  -.0574343   .0932517    -0.62   0.538    -.2402043    .1253357
        /g24 |   .0552487   .0221795     2.49   0.013     .0117777    .0987198
     /b_pork |  -.1910747   .1496764    -1.28   0.202    -.4844352    .1022857
     /a_fish |   .2957035   .1688164     1.75   0.080    -.0351706    .6265777
        /g44 |   .1769838   .0214937     8.23   0.000     .1348569    .2191106
     /b_fish |  -.1332704   .1255404    -1.06   0.288    -.3793251    .1127843
------------------------------------------------------------------------------
Instruments for equation eq_bfvl: ln_real_x L1_lngp_bfvl L1_lngp_pork L1_lngp_poult L1_lngp_fish _cons
Instruments for equation eq_pork: ln_real_x L1_lngp_bfvl L1_lngp_pork L1_lngp_poult L1_lngp_fish _cons
Instruments for equation eq_fish: ln_real_x L1_lngp_bfvl L1_lngp_pork L1_lngp_poult L1_lngp_fish _cons

Final GMM criterion Q(b) = 1.066073

GMM estimation 

Number of parameters =  12
Number of moments    =  18
Initial weight matrix: Unadjusted                 Number of obs   =         40
GMM weight matrix:     Unadjusted

------------------------------------------------------------------------------
             | Coefficient  Std. err.      z    P>|z|     [95% conf. interval]
-------------+----------------------------------------------------------------
     /a_bfvl |  -.0261156   .2954056    -0.09   0.930    -.6050998    .5528687
        /g11 |  -.0877348   .0683461    -1.28   0.199    -.2216907     .046221
        /g12 |  -.0982013   .0478682    -2.05   0.040    -.1920213   -.0043813
        /g14 |  -.1534471   .0290711    -5.28   0.000    -.2104253   -.0964688
     /b_bfvl |   .3696071    .220173     1.68   0.093     -.061924    .8011383
     /a_pork |   .3158099   .1229287     2.57   0.010     .0748741    .5567457
        /g22 |  -.0161209   .1506124    -0.11   0.915    -.3113157    .2790739
        /g24 |   .0006272    .037421     0.02   0.987    -.0727166    .0739711
     /b_pork |  -.0545712   .0915673    -0.60   0.551    -.2340399    .1248975
     /a_fish |   .0150118   .1597178     0.09   0.925    -.2980294     .328053
        /g44 |   .1668004   .0190593     8.75   0.000     .1294449    .2041558
     /b_fish |   .0749203   .1190292     0.63   0.529    -.1583726    .3082132
------------------------------------------------------------------------------
Instruments for equation eq_bfvl: ln_real_x L1_lngp_bfvl L1_lngp_pork L1_lngp_poult L1_lngp_fish _cons
Instruments for equation eq_pork: ln_real_x L1_lngp_bfvl L1_lngp_pork L1_lngp_poult L1_lngp_fish _cons
Instruments for equation eq_fish: ln_real_x L1_lngp_bfvl L1_lngp_pork L1_lngp_poult L1_lngp_fish _cons

Final GMM criterion Q(b) = .5639538

GMM estimation 

Number of parameters =  12
Number of moments    =  18
Initial weight matrix: Unadjusted                 Number of obs   =         40
GMM weight matrix:     Unadjusted

------------------------------------------------------------------------------
             | Coefficient  Std. err.      z    P>|z|     [95% conf. interval]
-------------+----------------------------------------------------------------
     /a_bfvl |   .3256613   .2763697     1.18   0.239    -.2160133     .867336
        /g11 |  -.2659346   .0566254    -4.70   0.000    -.3769184   -.1549508
        /g12 |  -.0936271    .038548    -2.43   0.015    -.1691797   -.0180744
        /g14 |  -.0746759   .0222697    -3.35   0.001    -.1183236   -.0310281
     /b_bfvl |   .1075539   .2052297     0.52   0.600     -.294689    .5097967
     /a_pork |   .0811336   .1426875     0.57   0.570    -.1985287    .3607959
        /g22 |   .0849722   .0823443     1.03   0.302    -.0764198    .2463641
        /g24 |  -.0293069   .0270175    -1.08   0.278    -.0822602    .0236464
     /b_pork |   .1174714   .1059875     1.11   0.268    -.0902603    .3252031
     /a_fish |   .2265008   .0975739     2.32   0.020     .0352595    .4177421
        /g44 |   .1519391   .0133838    11.35   0.000     .1257073     .178171
     /b_fish |  -.0802367   .0724688    -1.11   0.268    -.2222729    .0617995
------------------------------------------------------------------------------
Instruments for equation eq_bfvl: ln_real_x L1_lngp_bfvl L1_lngp_pork L1_lngp_poult L1_lngp_fish _cons
Instruments for equation eq_pork: ln_real_x L1_lngp_bfvl L1_lngp_pork L1_lngp_poult L1_lngp_fish _cons
Instruments for equation eq_fish: ln_real_x L1_lngp_bfvl L1_lngp_pork L1_lngp_poult L1_lngp_fish _cons

Final GMM criterion Q(b) = .9995292

GMM estimation 

Number of parameters =  12
Number of moments    =  18
Initial weight matrix: Unadjusted                 Number of obs   =         40
GMM weight matrix:     Unadjusted

------------------------------------------------------------------------------
             | Coefficient  Std. err.      z    P>|z|     [95% conf. interval]
-------------+----------------------------------------------------------------
     /a_bfvl |   .8284606   .3100147     2.67   0.008     .2208429    1.436078
        /g11 |  -.0291987   .0618072    -0.47   0.637    -.1503386    .0919413
        /g12 |  -.1447219   .0266607    -5.43   0.000    -.1969759   -.0924678
        /g14 |  -.1169343   .0249683    -4.68   0.000    -.1658713   -.0679972
     /b_bfvl |  -.2673187    .229849    -1.16   0.245    -.7178145     .183177
     /a_pork |   .2518934   .1481824     1.70   0.089    -.0385388    .5423255
        /g22 |   .0785506   .0947344     0.83   0.407    -.1071254    .2642266
        /g24 |  -.0029539   .0207562    -0.14   0.887    -.0436352    .0377274
     /b_pork |  -.0071368   .1101551    -0.06   0.948    -.2230368    .2087633
     /a_fish |   .0140101   .1341636     0.10   0.917    -.2489457    .2769659
        /g44 |   .1503648   .0154707     9.72   0.000     .1200427    .1806868
     /b_fish |   .0778615   .0994599     0.78   0.434    -.1170763    .2727994
------------------------------------------------------------------------------
Instruments for equation eq_bfvl: ln_real_x L1_lngp_bfvl L1_lngp_pork L1_lngp_poult L1_lngp_fish _cons
Instruments for equation eq_pork: ln_real_x L1_lngp_bfvl L1_lngp_pork L1_lngp_poult L1_lngp_fish _cons
Instruments for equation eq_fish: ln_real_x L1_lngp_bfvl L1_lngp_pork L1_lngp_poult L1_lngp_fish _cons

Final GMM criterion Q(b) = 1.233415

GMM estimation 

Number of parameters =  12
Number of moments    =  18
Initial weight matrix: Unadjusted                 Number of obs   =         40
GMM weight matrix:     Unadjusted

------------------------------------------------------------------------------
             | Coefficient  Std. err.      z    P>|z|     [95% conf. interval]
-------------+----------------------------------------------------------------
     /a_bfvl |  -.2673102   .2753308    -0.97   0.332    -.8069486    .2723283
        /g11 |   .1042927   .0536014     1.95   0.052    -.0007642    .2093496
        /g12 |  -.0747662   .0315367    -2.37   0.018     -.136577   -.0129555
        /g14 |  -.1525696   .0214406    -7.12   0.000    -.1945924   -.1105469
     /b_bfvl |   .5512762   .2055997     2.68   0.007     .1483081    .9542443
     /a_pork |    .442645    .148909     2.97   0.003     .1507887    .7345012
        /g22 |   .0083673   .1153456     0.07   0.942    -.2177059    .2344405
        /g24 |  -.0080494   .0333203    -0.24   0.809     -.073356    .0572573
     /b_pork |  -.1471753   .1121605    -1.31   0.189    -.3670058    .0726552
     /a_fish |   .4540283    .134775     3.37   0.001     .1898742    .7181825
        /g44 |   .1450059   .0155527     9.32   0.000     .1145233    .1754886
     /b_fish |  -.2530085   .1007224    -2.51   0.012    -.4504207   -.0555962
------------------------------------------------------------------------------
Instruments for equation eq_bfvl: ln_real_x L1_lngp_bfvl L1_lngp_pork L1_lngp_poult L1_lngp_fish _cons
Instruments for equation eq_pork: ln_real_x L1_lngp_bfvl L1_lngp_pork L1_lngp_poult L1_lngp_fish _cons
Instruments for equation eq_fish: ln_real_x L1_lngp_bfvl L1_lngp_pork L1_lngp_poult L1_lngp_fish _cons

Final GMM criterion Q(b) = .7828655

GMM estimation 

Number of parameters =  12
Number of moments    =  18
Initial weight matrix: Unadjusted                 Number of obs   =         40
GMM weight matrix:     Unadjusted

------------------------------------------------------------------------------
             | Coefficient  Std. err.      z    P>|z|     [95% conf. interval]
-------------+----------------------------------------------------------------
     /a_bfvl |    .330854   .2660139     1.24   0.214    -.1905237    .8522317
        /g11 |  -.1626772   .0687916    -2.36   0.018    -.2975062   -.0278482
        /g12 |  -.1683307   .0439848    -3.83   0.000    -.2545393   -.0821222
        /g14 |  -.0819901   .0300497    -2.73   0.006    -.1408865   -.0230937
     /b_bfvl |   .1040783   .1978345     0.53   0.599    -.2836701    .4918268
     /a_pork |   .3859884   .1176032     3.28   0.001     .1554904    .6164864
        /g22 |  -.1133772   .0889718    -1.27   0.203    -.2877587    .0610044
        /g24 |   .0435033   .0319567     1.36   0.173    -.0191308    .1061373
     /b_pork |  -.1066893   .0875291    -1.22   0.223    -.2782432    .0648645
     /a_fish |   .1990072   .1161354     1.71   0.087     -.028614    .4266283
        /g44 |      .1301   .0182904     7.11   0.000     .0942515    .1659484
     /b_fish |  -.0614149   .0864078    -0.71   0.477    -.2307712    .1079413
------------------------------------------------------------------------------
Instruments for equation eq_bfvl: ln_real_x L1_lngp_bfvl L1_lngp_pork L1_lngp_poult L1_lngp_fish _cons
Instruments for equation eq_pork: ln_real_x L1_lngp_bfvl L1_lngp_pork L1_lngp_poult L1_lngp_fish _cons
Instruments for equation eq_fish: ln_real_x L1_lngp_bfvl L1_lngp_pork L1_lngp_poult L1_lngp_fish _cons

Final GMM criterion Q(b) = .6653478

GMM estimation 

Number of parameters =  12
Number of moments    =  18
Initial weight matrix: Unadjusted                 Number of obs   =         40
GMM weight matrix:     Unadjusted

------------------------------------------------------------------------------
             | Coefficient  Std. err.      z    P>|z|     [95% conf. interval]
-------------+----------------------------------------------------------------
     /a_bfvl |   .6924105   .2736053     2.53   0.011     .1561539    1.228667
        /g11 |   .1539804   .0791274     1.95   0.052    -.0011064    .3090671
        /g12 |  -.0894213   .0200163    -4.47   0.000    -.1286526   -.0501901
        /g14 |  -.2039359   .0244869    -8.33   0.000    -.2519293   -.1559424
     /b_bfvl |  -.1681318   .2043433    -0.82   0.411    -.5686373    .2323737
     /a_pork |   .3706342   .0728838     5.09   0.000     .2277845    .5134839
        /g22 |   .1248795   .0880645     1.42   0.156    -.0477238    .2974827
        /g24 |  -.0278108   .0153407    -1.81   0.070    -.0578781    .0022565
     /b_pork |   -.093133   .0544034    -1.71   0.087    -.1997616    .0134957
     /a_fish |   .0785305   .1231111     0.64   0.524    -.1627629    .3198239
        /g44 |   .1577388   .0131058    12.04   0.000     .1320518    .1834257
     /b_fish |   .0292859   .0919293     0.32   0.750    -.1508922    .2094639
------------------------------------------------------------------------------
Instruments for equation eq_bfvl: ln_real_x L1_lngp_bfvl L1_lngp_pork L1_lngp_poult L1_lngp_fish _cons
Instruments for equation eq_pork: ln_real_x L1_lngp_bfvl L1_lngp_pork L1_lngp_poult L1_lngp_fish _cons
Instruments for equation eq_fish: ln_real_x L1_lngp_bfvl L1_lngp_pork L1_lngp_poult L1_lngp_fish _cons

Final GMM criterion Q(b) = 1.002931

GMM estimation 

Number of parameters =  12
Number of moments    =  18
Initial weight matrix: Unadjusted                 Number of obs   =         40
GMM weight matrix:     Unadjusted

------------------------------------------------------------------------------
             | Coefficient  Std. err.      z    P>|z|     [95% conf. interval]
-------------+----------------------------------------------------------------
     /a_bfvl |   .7778846   .2581884     3.01   0.003     .2718447    1.283925
        /g11 |   .2071006   .0778491     2.66   0.008     .0545192     .359682
        /g12 |  -.0953438   .0391293    -2.44   0.015    -.1720357   -.0186518
        /g14 |  -.2352263   .0258783    -9.09   0.000    -.2859469   -.1845057
     /b_bfvl |  -.2298865   .1929941    -1.19   0.234     -.608148     .148375
     /a_pork |   .1106983   .5834814     0.19   0.850    -1.032904    1.254301
        /g22 |   .1229337   .3901094     0.32   0.753    -.6416666     .887534
        /g24 |  -.0265656   .0723375    -0.37   0.713    -.1683445    .1152133
     /b_pork |   .1011048   .4342646     0.23   0.816    -.7500381    .9522477
     /a_fish |  -.0282636   .1764896    -0.16   0.873    -.3741767    .3176496
        /g44 |   .1762277   .0193527     9.11   0.000     .1382971    .2141584
     /b_fish |    .108399   .1316815     0.82   0.410     -.149692    .3664901
------------------------------------------------------------------------------
Instruments for equation eq_bfvl: ln_real_x L1_lngp_bfvl L1_lngp_pork L1_lngp_poult L1_lngp_fish _cons
Instruments for equation eq_pork: ln_real_x L1_lngp_bfvl L1_lngp_pork L1_lngp_poult L1_lngp_fish _cons
Instruments for equation eq_fish: ln_real_x L1_lngp_bfvl L1_lngp_pork L1_lngp_poult L1_lngp_fish _cons

Final GMM criterion Q(b) = .8750959

GMM estimation 

Number of parameters =  12
Number of moments    =  18
Initial weight matrix: Unadjusted                 Number of obs   =         40
GMM weight matrix:     Unadjusted

------------------------------------------------------------------------------
             | Coefficient  Std. err.      z    P>|z|     [95% conf. interval]
-------------+----------------------------------------------------------------
     /a_bfvl |  -.1376104   .2474476    -0.56   0.578    -.6225988     .347378
        /g11 |  -.1629156   .0560003    -2.91   0.004    -.2726742   -.0531569
        /g12 |  -.0337848   .0482053    -0.70   0.483    -.1282655    .0606959
        /g14 |  -.1236368   .0215444    -5.74   0.000     -.165863   -.0814106
     /b_bfvl |   .4409883   .1840133     2.40   0.017     .0803289    .8016477
     /a_pork |   .3899717   .1203954     3.24   0.001     .1540011    .6259423
        /g22 |   .1503224   .1487058     1.01   0.312    -.1411356    .4417804
        /g24 |  -.0517989     .04149    -1.25   0.212    -.1331178      .02952
     /b_pork |  -.1103286   .0895252    -1.23   0.218    -.2857947    .0651376
     /a_fish |   .2819311   .1160768     2.43   0.015     .0544248    .5094374
        /g44 |   .1517585   .0148655    10.21   0.000     .1226227    .1808943
     /b_fish |  -.1242768   .0863371    -1.44   0.150    -.2934945    .0449408
------------------------------------------------------------------------------
Instruments for equation eq_bfvl: ln_real_x L1_lngp_bfvl L1_lngp_pork L1_lngp_poult L1_lngp_fish _cons
Instruments for equation eq_pork: ln_real_x L1_lngp_bfvl L1_lngp_pork L1_lngp_poult L1_lngp_fish _cons
Instruments for equation eq_fish: ln_real_x L1_lngp_bfvl L1_lngp_pork L1_lngp_poult L1_lngp_fish _cons

Final GMM criterion Q(b) = .8856705

GMM estimation 

Number of parameters =  12
Number of moments    =  18
Initial weight matrix: Unadjusted                 Number of obs   =         40
GMM weight matrix:     Unadjusted

------------------------------------------------------------------------------
             | Coefficient  Std. err.      z    P>|z|     [95% conf. interval]
-------------+----------------------------------------------------------------
     /a_bfvl |   .2892468   .2670027     1.08   0.279    -.2340689    .8125624
        /g11 |  -.0621756   .0509772    -1.22   0.223    -.1620892    .0377379
        /g12 |  -.1310078   .0188486    -6.95   0.000    -.1679504   -.0940652
        /g14 |  -.1478152   .0232311    -6.36   0.000    -.1933473   -.1022831
     /b_bfvl |   .1254677   .1984042     0.63   0.527    -.2633973    .5143327
     /a_pork |   .3230832   .0940681     3.43   0.001     .1387131    .5074533
        /g22 |  -.0698908   .1125186    -0.62   0.535    -.2904233    .1506416
        /g24 |   .0119865   .0259626     0.46   0.644    -.0388993    .0628724
     /b_pork |  -.0615475   .0698388    -0.88   0.378     -.198429    .0753339
     /a_fish |  -.0791651   .1643137    -0.48   0.630    -.4012139    .2428838
        /g44 |   .1655944   .0177961     9.31   0.000     .1307146    .2004741
     /b_fish |    .146736   .1220263     1.20   0.229    -.0924313    .3859032
------------------------------------------------------------------------------
Instruments for equation eq_bfvl: ln_real_x L1_lngp_bfvl L1_lngp_pork L1_lngp_poult L1_lngp_fish _cons
Instruments for equation eq_pork: ln_real_x L1_lngp_bfvl L1_lngp_pork L1_lngp_poult L1_lngp_fish _cons
Instruments for equation eq_fish: ln_real_x L1_lngp_bfvl L1_lngp_pork L1_lngp_poult L1_lngp_fish _cons

Final GMM criterion Q(b) = 1.014958

GMM estimation 

Number of parameters =  12
Number of moments    =  18
Initial weight matrix: Unadjusted                 Number of obs   =         40
GMM weight matrix:     Unadjusted

------------------------------------------------------------------------------
             | Coefficient  Std. err.      z    P>|z|     [95% conf. interval]
-------------+----------------------------------------------------------------
     /a_bfvl |   .5227848   .2944065     1.78   0.076    -.0542413    1.099811
        /g11 |  -.0957112   .0764614    -1.25   0.211    -.2455728    .0541504
        /g12 |   .0098277   .0633899     0.16   0.877    -.1144142    .1340696
        /g14 |   -.176562   .0296173    -5.96   0.000    -.2346109   -.1185131
     /b_bfvl |  -.0383235   .2195719    -0.17   0.861    -.4686765    .3920295
     /a_pork |   .2743886   .1849637     1.48   0.138    -.0881336    .6369108
        /g22 |   .5531176   .2516984     2.20   0.028     .0597978    1.046437
        /g24 |  -.1287856   .0390894    -3.29   0.001    -.2053994   -.0521718
     /b_pork |   -.026741   .1370268    -0.20   0.845    -.2953086    .2418265
     /a_fish |   .0943221   .1556025     0.61   0.544    -.2106532    .3992973
        /g44 |   .1884747   .0206382     9.13   0.000     .1480246    .2289248
     /b_fish |   .0187204   .1160082     0.16   0.872    -.2086515    .2460923
------------------------------------------------------------------------------
Instruments for equation eq_bfvl: ln_real_x L1_lngp_bfvl L1_lngp_pork L1_lngp_poult L1_lngp_fish _cons
Instruments for equation eq_pork: ln_real_x L1_lngp_bfvl L1_lngp_pork L1_lngp_poult L1_lngp_fish _cons
Instruments for equation eq_fish: ln_real_x L1_lngp_bfvl L1_lngp_pork L1_lngp_poult L1_lngp_fish _cons

Final GMM criterion Q(b) = .6988878

GMM estimation 

Number of parameters =  12
Number of moments    =  18
Initial weight matrix: Unadjusted                 Number of obs   =         40
GMM weight matrix:     Unadjusted

------------------------------------------------------------------------------
             | Coefficient  Std. err.      z    P>|z|     [95% conf. interval]
-------------+----------------------------------------------------------------
     /a_bfvl |   .4906852    .270918     1.81   0.070    -.0403044    1.021675
        /g11 |  -.1729295   .0665638    -2.60   0.009    -.3033921   -.0424669
        /g12 |   -.077959   .0556697    -1.40   0.161    -.1870696    .0311515
        /g14 |   -.102364   .0271819    -3.77   0.000    -.1556395   -.0490884
     /b_bfvl |  -.0159289    .201375    -0.08   0.937    -.4106166    .3787588
     /a_pork |    .269078   .1741312     1.55   0.122    -.0722128    .6103688
        /g22 |    .205909   .1730502     1.19   0.234    -.1332633    .5450812
        /g24 |  -.0696193   .0553372    -1.26   0.208    -.1780783    .0388396
     /b_pork |  -.0193081   .1295395    -0.15   0.882    -.2732008    .2345846
     /a_fish |   .1547235   .1038194     1.49   0.136    -.0487588    .3582058
        /g44 |   .1636364   .0212376     7.71   0.000     .1220114    .2052614
     /b_fish |  -.0277822   .0771858    -0.36   0.719    -.1790635    .1234991
------------------------------------------------------------------------------
Instruments for equation eq_bfvl: ln_real_x L1_lngp_bfvl L1_lngp_pork L1_lngp_poult L1_lngp_fish _cons
Instruments for equation eq_pork: ln_real_x L1_lngp_bfvl L1_lngp_pork L1_lngp_poult L1_lngp_fish _cons
Instruments for equation eq_fish: ln_real_x L1_lngp_bfvl L1_lngp_pork L1_lngp_poult L1_lngp_fish _cons

Final GMM criterion Q(b) = .8816402

GMM estimation 

Number of parameters =  12
Number of moments    =  18
Initial weight matrix: Unadjusted                 Number of obs   =         40
GMM weight matrix:     Unadjusted

------------------------------------------------------------------------------
             | Coefficient  Std. err.      z    P>|z|     [95% conf. interval]
-------------+----------------------------------------------------------------
     /a_bfvl |   .4147225   .2432014     1.71   0.088    -.0619435    .8913884
        /g11 |  -.2138041   .0653467    -3.27   0.001    -.3418812    -.085727
        /g12 |    .007698   .0442686     0.17   0.862    -.0790668    .0944628
        /g14 |  -.1285772   .0267606    -4.80   0.000     -.181027   -.0761275
     /b_bfvl |    .036761    .181353     0.20   0.839    -.3186843    .3922063
     /a_pork |   .2378474   .1167077     2.04   0.042     .0091045    .4665903
        /g22 |   .1658764   .0945595     1.75   0.079    -.0194569    .3512097
        /g24 |  -.0674854    .026812    -2.52   0.012    -.1200359   -.0149349
     /b_pork |   .0010018   .0870698     0.01   0.991    -.1696518    .1716554
     /a_fish |   .2334965    .116199     2.01   0.044     .0057506    .4612424
        /g44 |   .1721287   .0153231    11.23   0.000      .142096    .2021615
     /b_fish |  -.0853762   .0866617    -0.99   0.325      -.25523    .0844775
------------------------------------------------------------------------------
Instruments for equation eq_bfvl: ln_real_x L1_lngp_bfvl L1_lngp_pork L1_lngp_poult L1_lngp_fish _cons
Instruments for equation eq_pork: ln_real_x L1_lngp_bfvl L1_lngp_pork L1_lngp_poult L1_lngp_fish _cons
Instruments for equation eq_fish: ln_real_x L1_lngp_bfvl L1_lngp_pork L1_lngp_poult L1_lngp_fish _cons

Final GMM criterion Q(b) = .7283334

GMM estimation 

Number of parameters =  12
Number of moments    =  18
Initial weight matrix: Unadjusted                 Number of obs   =         40
GMM weight matrix:     Unadjusted

------------------------------------------------------------------------------
             | Coefficient  Std. err.      z    P>|z|     [95% conf. interval]
-------------+----------------------------------------------------------------
     /a_bfvl |  -.2003945   .2570503    -0.78   0.436    -.7042038    .3034148
        /g11 |  -.1520907   .0636918    -2.39   0.017    -.2769243    -.027257
        /g12 |  -.0746671   .0325249    -2.30   0.022    -.1384148   -.0109194
        /g14 |   -.119273   .0263076    -4.53   0.000    -.1708349   -.0677112
     /b_bfvl |   .4968893    .191653     2.59   0.010     .1212564    .8725222
     /a_pork |    .389109   .1205941     3.23   0.001     .1527489    .6254691
        /g22 |     .00412   .0883088     0.05   0.963    -.1689622    .1772021
        /g24 |  -.0217324   .0284521    -0.76   0.445    -.0774976    .0340328
     /b_pork |  -.1089042   .0894781    -1.22   0.224    -.2842781    .0664696
     /a_fish |   .1196569   .1295553     0.92   0.356    -.1342669    .3735807
        /g44 |   .1611396   .0172244     9.36   0.000     .1273804    .1948987
     /b_fish |  -.0020306     .09653    -0.02   0.983    -.1912259    .1871647
------------------------------------------------------------------------------
Instruments for equation eq_bfvl: ln_real_x L1_lngp_bfvl L1_lngp_pork L1_lngp_poult L1_lngp_fish _cons
Instruments for equation eq_pork: ln_real_x L1_lngp_bfvl L1_lngp_pork L1_lngp_poult L1_lngp_fish _cons
Instruments for equation eq_fish: ln_real_x L1_lngp_bfvl L1_lngp_pork L1_lngp_poult L1_lngp_fish _cons

Final GMM criterion Q(b) = 1.634672

GMM estimation 

Number of parameters =  12
Number of moments    =  18
Initial weight matrix: Unadjusted                 Number of obs   =         40
GMM weight matrix:     Unadjusted

------------------------------------------------------------------------------
             | Coefficient  Std. err.      z    P>|z|     [95% conf. interval]
-------------+----------------------------------------------------------------
     /a_bfvl |   .3327708   .2893615     1.15   0.250    -.2343674    .8999089
        /g11 |  -.0075859   .0557812    -0.14   0.892    -.1169149    .1017432
        /g12 |  -.0391213   .0266552    -1.47   0.142    -.0913645     .013122
        /g14 |  -.2162077   .0294558    -7.34   0.000      -.27394   -.1584754
     /b_bfvl |   .1058719   .2151253     0.49   0.623     -.315766    .5275097
     /a_pork |    .512447   .1248497     4.10   0.000     .2677462    .7571479
        /g22 |   .0149689   .0514153     0.29   0.771    -.0858033     .115741
        /g24 |  -.0617326   .0197561    -3.12   0.002    -.1004538   -.0230114
     /b_pork |  -.2014783   .0928023    -2.17   0.030    -.3833674   -.0195892
     /a_fish |   .2025173    .212106     0.95   0.340    -.2132029    .6182375
        /g44 |   .2283779   .0256608     8.90   0.000     .1780837    .2786721
     /b_fish |  -.0641653   .1577365    -0.41   0.684    -.3733232    .2449926
------------------------------------------------------------------------------
Instruments for equation eq_bfvl: ln_real_x L1_lngp_bfvl L1_lngp_pork L1_lngp_poult L1_lngp_fish _cons
Instruments for equation eq_pork: ln_real_x L1_lngp_bfvl L1_lngp_pork L1_lngp_poult L1_lngp_fish _cons
Instruments for equation eq_fish: ln_real_x L1_lngp_bfvl L1_lngp_pork L1_lngp_poult L1_lngp_fish _cons

Final GMM criterion Q(b) = .9300251

GMM estimation 

Number of parameters =  12
Number of moments    =  18
Initial weight matrix: Unadjusted                 Number of obs   =         40
GMM weight matrix:     Unadjusted

------------------------------------------------------------------------------
             | Coefficient  Std. err.      z    P>|z|     [95% conf. interval]
-------------+----------------------------------------------------------------
     /a_bfvl |   .4102715   .2271979     1.81   0.071    -.0350281    .8555712
        /g11 |   .1462241   .0612291     2.39   0.017     .0262172     .266231
        /g12 |   .3427653   .0863366     3.97   0.000     .1735486    .5119819
        /g14 |  -.3233723   .0291026   -11.11   0.000    -.3804124   -.2663323
     /b_bfvl |   .0433964   .1692138     0.26   0.798    -.2882565    .3750493
     /a_pork |    .228707   .2894507     0.79   0.429    -.3386059    .7960199
        /g22 |   .4724814   .1883892     2.51   0.012     .1032454    .8417174
        /g24 |  -.1927125   .0422379    -4.56   0.000    -.2754974   -.1099277
     /b_pork |   .0052076    .214968     0.02   0.981     -.416122    .4265372
     /a_fish |   .1492655   .2064507     0.72   0.470    -.2553705    .5539015
        /g44 |   .2457305   .0250422     9.81   0.000     .1966486    .2948124
     /b_fish |  -.0241282   .1539634    -0.16   0.875    -.3258909    .2776345
------------------------------------------------------------------------------
Instruments for equation eq_bfvl: ln_real_x L1_lngp_bfvl L1_lngp_pork L1_lngp_poult L1_lngp_fish _cons
Instruments for equation eq_pork: ln_real_x L1_lngp_bfvl L1_lngp_pork L1_lngp_poult L1_lngp_fish _cons
Instruments for equation eq_fish: ln_real_x L1_lngp_bfvl L1_lngp_pork L1_lngp_poult L1_lngp_fish _cons

Final GMM criterion Q(b) = 1.639758

GMM estimation 

Number of parameters =  12
Number of moments    =  18
Initial weight matrix: Unadjusted                 Number of obs   =         40
GMM weight matrix:     Unadjusted

------------------------------------------------------------------------------
             | Coefficient  Std. err.      z    P>|z|     [95% conf. interval]
-------------+----------------------------------------------------------------
     /a_bfvl |   .5465914   .2704583     2.02   0.043     .0165027     1.07668
        /g11 |  -.0441796    .050852    -0.87   0.385    -.1438477    .0554885
        /g12 |  -.0400723   .0190556    -2.10   0.035    -.0774207    -.002724
        /g14 |  -.2239035    .025336    -8.84   0.000    -.2735611   -.1742459
     /b_bfvl |  -.0558697   .2002571    -0.28   0.780    -.4483664     .336627
     /a_pork |   .5767011   .1099104     5.25   0.000     .3612807    .7921214
        /g22 |  -.0131971   .0557397    -0.24   0.813    -.1224449    .0960507
        /g24 |  -.0374307   .0110235    -3.40   0.001    -.0590364    -.015825
     /b_pork |  -.2467856   .0811215    -3.04   0.002    -.4057807   -.0877904
     /a_fish |   .2815211   .2191417     1.28   0.199    -.1479888     .711031
        /g44 |   .2008995   .0239389     8.39   0.000     .1539802    .2478188
     /b_fish |   -.126652   .1620626    -0.78   0.435     -.444289    .1909849
------------------------------------------------------------------------------
Instruments for equation eq_bfvl: ln_real_x L1_lngp_bfvl L1_lngp_pork L1_lngp_poult L1_lngp_fish _cons
Instruments for equation eq_pork: ln_real_x L1_lngp_bfvl L1_lngp_pork L1_lngp_poult L1_lngp_fish _cons
Instruments for equation eq_fish: ln_real_x L1_lngp_bfvl L1_lngp_pork L1_lngp_poult L1_lngp_fish _cons

Final GMM criterion Q(b) = 1.039629

GMM estimation 

Number of parameters =  12
Number of moments    =  18
Initial weight matrix: Unadjusted                 Number of obs   =         40
GMM weight matrix:     Unadjusted

------------------------------------------------------------------------------
             | Coefficient  Std. err.      z    P>|z|     [95% conf. interval]
-------------+----------------------------------------------------------------
     /a_bfvl |   .5303458   .2667704     1.99   0.047     .0074854    1.053206
        /g11 |  -.0467886   .0668252    -0.70   0.484    -.1777635    .0841863
        /g12 |   -.156702   .0308201    -5.08   0.000    -.2171083   -.0962956
        /g14 |  -.1532858   .0259907    -5.90   0.000    -.2042267   -.1023449
     /b_bfvl |  -.0468158   .1985012    -0.24   0.814    -.4358711    .3422395
     /a_pork |   .4616161   .1258638     3.67   0.000     .2149276    .7083047
        /g22 |  -.0698033   .0769215    -0.91   0.364    -.2205666    .0809601
        /g24 |   .0114768   .0218407     0.53   0.599    -.0313301    .0542837
     /b_pork |  -.1629305   .0939659    -1.73   0.083    -.3471003    .0212394
     /a_fish |   .2482545   .1418439     1.75   0.080    -.0297544    .5262634
        /g44 |   .1610307   .0172082     9.36   0.000     .1273032    .1947583
     /b_fish |  -.0978013   .1055969    -0.93   0.354    -.3047674    .1091647
------------------------------------------------------------------------------
Instruments for equation eq_bfvl: ln_real_x L1_lngp_bfvl L1_lngp_pork L1_lngp_poult L1_lngp_fish _cons
Instruments for equation eq_pork: ln_real_x L1_lngp_bfvl L1_lngp_pork L1_lngp_poult L1_lngp_fish _cons
Instruments for equation eq_fish: ln_real_x L1_lngp_bfvl L1_lngp_pork L1_lngp_poult L1_lngp_fish _cons

Final GMM criterion Q(b) = .8015798

GMM estimation 

Number of parameters =  12
Number of moments    =  18
Initial weight matrix: Unadjusted                 Number of obs   =         40
GMM weight matrix:     Unadjusted

------------------------------------------------------------------------------
             | Coefficient  Std. err.      z    P>|z|     [95% conf. interval]
-------------+----------------------------------------------------------------
     /a_bfvl |   .1412785   .3041989     0.46   0.642    -.4549403    .7374974
        /g11 |  -.0850897   .0779455    -1.09   0.275    -.2378602    .0676807
        /g12 |   .0083882   .0500313     0.17   0.867    -.0896713    .1064477
        /g14 |  -.1634102   .0258511    -6.32   0.000    -.2140775   -.1127429
     /b_bfvl |   .2485614   .2271269     1.09   0.274    -.1965991    .6937219
     /a_pork |   .1539782   .1537931     1.00   0.317    -.1474508    .4554072
        /g22 |   .1946385   .1322457     1.47   0.141    -.0645583    .4538353
        /g24 |  -.0714145   .0297086    -2.40   0.016    -.1296423   -.0131866
     /b_pork |   .0663279   .1148342     0.58   0.564    -.1587429    .2913987
     /a_fish |   .3142283   .1317723     2.38   0.017     .0559593    .5724972
        /g44 |   .1714548   .0141598    12.11   0.000     .1437021    .1992075
     /b_fish |  -.1476978   .0983885    -1.50   0.133    -.3405357    .0451401
------------------------------------------------------------------------------
Instruments for equation eq_bfvl: ln_real_x L1_lngp_bfvl L1_lngp_pork L1_lngp_poult L1_lngp_fish _cons
Instruments for equation eq_pork: ln_real_x L1_lngp_bfvl L1_lngp_pork L1_lngp_poult L1_lngp_fish _cons
Instruments for equation eq_fish: ln_real_x L1_lngp_bfvl L1_lngp_pork L1_lngp_poult L1_lngp_fish _cons

Final GMM criterion Q(b) = 1.465852

GMM estimation 

Number of parameters =  12
Number of moments    =  18
Initial weight matrix: Unadjusted                 Number of obs   =         40
GMM weight matrix:     Unadjusted

------------------------------------------------------------------------------
             | Coefficient  Std. err.      z    P>|z|     [95% conf. interval]
-------------+----------------------------------------------------------------
     /a_bfvl |    .375413   .2344188     1.60   0.109    -.0840393    .8348654
        /g11 |  -.0529645   .0523717    -1.01   0.312    -.1556111    .0496821
        /g12 |  -.0775265   .0254683    -3.04   0.002    -.1274434   -.0276095
        /g14 |  -.2146844   .0255482    -8.40   0.000     -.264758   -.1646109
     /b_bfvl |   .0711716   .1751878     0.41   0.685    -.2721902    .4145334
     /a_pork |   .3041671   .0984635     3.09   0.002     .1111821     .497152
        /g22 |  -.0215901   .0597535    -0.36   0.718    -.1387048    .0955245
        /g24 |   .0044641   .0136428     0.33   0.744    -.0222752    .0312034
     /b_pork |  -.0471294   .0736273    -0.64   0.522    -.1914364    .0971775
     /a_fish |  -.0444591   .1680051    -0.26   0.791    -.3737431    .2848249
        /g44 |   .2190361   .0192403    11.38   0.000     .1813258    .2567465
     /b_fish |   .1191969    .125512     0.95   0.342    -.1268021    .3651959
------------------------------------------------------------------------------
Instruments for equation eq_bfvl: ln_real_x L1_lngp_bfvl L1_lngp_pork L1_lngp_poult L1_lngp_fish _cons
Instruments for equation eq_pork: ln_real_x L1_lngp_bfvl L1_lngp_pork L1_lngp_poult L1_lngp_fish _cons
Instruments for equation eq_fish: ln_real_x L1_lngp_bfvl L1_lngp_pork L1_lngp_poult L1_lngp_fish _cons

Final GMM criterion Q(b) = .9400593

GMM estimation 

Number of parameters =  12
Number of moments    =  18
Initial weight matrix: Unadjusted                 Number of obs   =         40
GMM weight matrix:     Unadjusted

------------------------------------------------------------------------------
             | Coefficient  Std. err.      z    P>|z|     [95% conf. interval]
-------------+----------------------------------------------------------------
     /a_bfvl |   1.085653   .2426004     4.48   0.000     .6101649    1.561141
        /g11 |   .2455549   .0614583     4.00   0.000     .1250989     .366011
        /g12 |  -.1448179   .0310178    -4.67   0.000    -.2056117    -.084024
        /g14 |  -.2712372   .0228972   -11.85   0.000    -.3161148   -.2263595
     /b_bfvl |  -.4598319   .1806993    -2.54   0.011    -.8139961   -.1056677
     /a_pork |   .3427986   .1775516     1.93   0.054    -.0051962    .6907933
        /g22 |  -.0672545   .0854446    -0.79   0.431    -.2347228    .1002137
        /g24 |   .0214777   .0160874     1.34   0.182    -.0100531    .0530085
     /b_pork |   -.072859    .132341    -0.55   0.582    -.3322427    .1865247
     /a_fish |  -.2088077   .1645166    -1.27   0.204    -.5312544    .1136389
        /g44 |   .1780466   .0158712    11.22   0.000     .1469396    .2091536
     /b_fish |   .2410859   .1225078     1.97   0.049      .000975    .4811967
------------------------------------------------------------------------------
Instruments for equation eq_bfvl: ln_real_x L1_lngp_bfvl L1_lngp_pork L1_lngp_poult L1_lngp_fish _cons
Instruments for equation eq_pork: ln_real_x L1_lngp_bfvl L1_lngp_pork L1_lngp_poult L1_lngp_fish _cons
Instruments for equation eq_fish: ln_real_x L1_lngp_bfvl L1_lngp_pork L1_lngp_poult L1_lngp_fish _cons

Final GMM criterion Q(b) = .6797541

GMM estimation 

Number of parameters =  12
Number of moments    =  18
Initial weight matrix: Unadjusted                 Number of obs   =         40
GMM weight matrix:     Unadjusted

------------------------------------------------------------------------------
             | Coefficient  Std. err.      z    P>|z|     [95% conf. interval]
-------------+----------------------------------------------------------------
     /a_bfvl |   .5395907   .2659729     2.03   0.042     .0182933    1.060888
        /g11 |   .0610353   .0865859     0.70   0.481      -.10867    .2307407
        /g12 |   .0798615   .0473373     1.69   0.092    -.0129178    .1726409
        /g14 |  -.2596808   .0379403    -6.84   0.000    -.3340425   -.1853191
     /b_bfvl |  -.0529132   .1977708    -0.27   0.789    -.4405369    .3347105
     /a_pork |   .4448663   .1528067     2.91   0.004     .1453707    .7443618
        /g22 |   .0808975   .0687422     1.18   0.239    -.0538347    .2156296
        /g24 |  -.0895934   .0278349    -3.22   0.001    -.1441488   -.0350381
     /b_pork |  -.1525596   .1136864    -1.34   0.180    -.3753809    .0702616
     /a_fish |   .0242073   .1820899     0.13   0.894    -.3326824    .3810971
        /g44 |   .2231284   .0224782     9.93   0.000     .1790719    .2671849
     /b_fish |    .071498   .1353686     0.53   0.597    -.1938195    .3368156
------------------------------------------------------------------------------
Instruments for equation eq_bfvl: ln_real_x L1_lngp_bfvl L1_lngp_pork L1_lngp_poult L1_lngp_fish _cons
Instruments for equation eq_pork: ln_real_x L1_lngp_bfvl L1_lngp_pork L1_lngp_poult L1_lngp_fish _cons
Instruments for equation eq_fish: ln_real_x L1_lngp_bfvl L1_lngp_pork L1_lngp_poult L1_lngp_fish _cons

Final GMM criterion Q(b) = .8954095

GMM estimation 

Number of parameters =  12
Number of moments    =  18
Initial weight matrix: Unadjusted                 Number of obs   =         40
GMM weight matrix:     Unadjusted

------------------------------------------------------------------------------
             | Coefficient  Std. err.      z    P>|z|     [95% conf. interval]
-------------+----------------------------------------------------------------
     /a_bfvl |   .4378008   .2722462     1.61   0.108    -.0957919    .9713935
        /g11 |   .0790435   .0686947     1.15   0.250    -.0555957    .2136827
        /g12 |    .034749   .0275201     1.26   0.207    -.0191894    .0886874
        /g14 |   -.238597   .0249176    -9.58   0.000    -.2874345   -.1897595
     /b_bfvl |   .0278712   .2025072     0.14   0.891    -.3690357    .4247781
     /a_pork |   .3421169   .1037629     3.30   0.001     .1387455    .5454884
        /g22 |  -.0052542     .05249    -0.10   0.920    -.1081328    .0976243
        /g24 |  -.0453201   .0133164    -3.40   0.001    -.0714199   -.0192204
     /b_pork |  -.0723132   .0771339    -0.94   0.349    -.2234928    .0788664
     /a_fish |   .3639187   .1584962     2.30   0.022      .053272    .6745655
        /g44 |   .1834736   .0161612    11.35   0.000     .1517983    .2151488
     /b_fish |  -.1874985   .1178107    -1.59   0.111    -.4184032    .0434063
------------------------------------------------------------------------------
Instruments for equation eq_bfvl: ln_real_x L1_lngp_bfvl L1_lngp_pork L1_lngp_poult L1_lngp_fish _cons
Instruments for equation eq_pork: ln_real_x L1_lngp_bfvl L1_lngp_pork L1_lngp_poult L1_lngp_fish _cons
Instruments for equation eq_fish: ln_real_x L1_lngp_bfvl L1_lngp_pork L1_lngp_poult L1_lngp_fish _cons

Final GMM criterion Q(b) = .7176641

GMM estimation 

Number of parameters =  12
Number of moments    =  18
Initial weight matrix: Unadjusted                 Number of obs   =         40
GMM weight matrix:     Unadjusted

------------------------------------------------------------------------------
             | Coefficient  Std. err.      z    P>|z|     [95% conf. interval]
-------------+----------------------------------------------------------------
     /a_bfvl |   .2714129   .3221803     0.84   0.400    -.3600489    .9028747
        /g11 |  -.0842286   .0732971    -1.15   0.250    -.2278882    .0594311
        /g12 |  -.1348953   .0294255    -4.58   0.000    -.1925681   -.0772225
        /g14 |  -.1637338   .0272846    -6.00   0.000    -.2172105    -.110257
     /b_bfvl |   .1516034   .2398767     0.63   0.527    -.3185462    .6217531
     /a_pork |   .5904151   .1071475     5.51   0.000     .3804099    .8004204
        /g22 |  -.1636551   .1041705    -1.57   0.116    -.3678256    .0405154
        /g24 |   .0225872   .0191858     1.18   0.239    -.0150163    .0601908
     /b_pork |  -.2567423   .0796585    -3.22   0.001    -.4128701   -.1006145
     /a_fish |   .0397201   .1708853     0.23   0.816     -.295209    .3746492
        /g44 |   .1622504   .0173039     9.38   0.000     .1283355    .1961654
     /b_fish |   .0557335   .1272138     0.44   0.661    -.1936009    .3050678
------------------------------------------------------------------------------
Instruments for equation eq_bfvl: ln_real_x L1_lngp_bfvl L1_lngp_pork L1_lngp_poult L1_lngp_fish _cons
Instruments for equation eq_pork: ln_real_x L1_lngp_bfvl L1_lngp_pork L1_lngp_poult L1_lngp_fish _cons
Instruments for equation eq_fish: ln_real_x L1_lngp_bfvl L1_lngp_pork L1_lngp_poult L1_lngp_fish _cons

Final GMM criterion Q(b) = 1.451983

GMM estimation 

Number of parameters =  12
Number of moments    =  18
Initial weight matrix: Unadjusted                 Number of obs   =         40
GMM weight matrix:     Unadjusted

------------------------------------------------------------------------------
             | Coefficient  Std. err.      z    P>|z|     [95% conf. interval]
-------------+----------------------------------------------------------------
     /a_bfvl |   1.359077   .2491286     5.46   0.000     .8707939     1.84736
        /g11 |   .0661646   .0621466     1.06   0.287    -.0556405    .1879698
        /g12 |  -.0825814   .0546111    -1.51   0.130    -.1896173    .0244544
        /g14 |  -.2449695    .027355    -8.96   0.000    -.2985843   -.1913546
     /b_bfvl |  -.6604345    .184883    -3.57   0.000    -1.022798   -.2980704
     /a_pork |   .8347228   .3274257     2.55   0.011     .1929802    1.476465
        /g22 |  -.3357798   .3999225    -0.84   0.401    -1.119614     .448054
        /g24 |   .0305969    .045109     0.68   0.498    -.0578151     .119009
     /b_pork |   -.436319   .2409562    -1.81   0.070    -.9085845    .0359464
     /a_fish |  -.0373384   .1766487    -0.21   0.833    -.3835634    .3088866
        /g44 |   .1701967   .0238613     7.13   0.000     .1234295     .216964
     /b_fish |   .1150375   .1311201     0.88   0.380    -.1419531    .3720281
------------------------------------------------------------------------------
Instruments for equation eq_bfvl: ln_real_x L1_lngp_bfvl L1_lngp_pork L1_lngp_poult L1_lngp_fish _cons
Instruments for equation eq_pork: ln_real_x L1_lngp_bfvl L1_lngp_pork L1_lngp_poult L1_lngp_fish _cons
Instruments for equation eq_fish: ln_real_x L1_lngp_bfvl L1_lngp_pork L1_lngp_poult L1_lngp_fish _cons

Final GMM criterion Q(b) = 1.407791

GMM estimation 

Number of parameters =  12
Number of moments    =  18
Initial weight matrix: Unadjusted                 Number of obs   =         40
GMM weight matrix:     Unadjusted

------------------------------------------------------------------------------
             | Coefficient  Std. err.      z    P>|z|     [95% conf. interval]
-------------+----------------------------------------------------------------
     /a_bfvl |  -.0109865   .2406903    -0.05   0.964    -.4827308    .4607577
        /g11 |  -.0685324   .0404237    -1.70   0.090    -.1477614    .0106965
        /g12 |    .095929   .0405816     2.36   0.018     .0163905    .1754674
        /g14 |  -.1709657   .0227175    -7.53   0.000    -.2154913   -.1264402
     /b_bfvl |   .3566547   .1790458     1.99   0.046     .0057314     .707578
     /a_pork |   .7659577    .194259     3.94   0.000      .385217    1.146698
        /g22 |   .2942915   .0931628     3.16   0.002     .1116958    .4768872
        /g24 |  -.1757034   .0314455    -5.59   0.000    -.2373355   -.1140714
     /b_pork |  -.3872449   .1443307    -2.68   0.007    -.6701278    -.104362
     /a_fish |   .1101026   .1685193     0.65   0.514    -.2201891    .4403943
        /g44 |    .227608   .0204678    11.12   0.000     .1874919    .2677241
     /b_fish |   .0020945   .1252503     0.02   0.987    -.2433915    .2475805
------------------------------------------------------------------------------
Instruments for equation eq_bfvl: ln_real_x L1_lngp_bfvl L1_lngp_pork L1_lngp_poult L1_lngp_fish _cons
Instruments for equation eq_pork: ln_real_x L1_lngp_bfvl L1_lngp_pork L1_lngp_poult L1_lngp_fish _cons
Instruments for equation eq_fish: ln_real_x L1_lngp_bfvl L1_lngp_pork L1_lngp_poult L1_lngp_fish _cons

Final GMM criterion Q(b) = .5778383

GMM estimation 

Number of parameters =  12
Number of moments    =  18
Initial weight matrix: Unadjusted                 Number of obs   =         40
GMM weight matrix:     Unadjusted

------------------------------------------------------------------------------
             | Coefficient  Std. err.      z    P>|z|     [95% conf. interval]
-------------+----------------------------------------------------------------
     /a_bfvl |   .2396537   .2912826     0.82   0.411    -.3312498    .8105571
        /g11 |    -.21652   .0783172    -2.76   0.006    -.3700189    -.063021
        /g12 |  -.1259422    .034098    -3.69   0.000    -.1927731   -.0591113
        /g14 |  -.0952147   .0276688    -3.44   0.001    -.1494445   -.0409848
     /b_bfvl |   .1716158   .2181208     0.79   0.431    -.2558931    .5991247
     /a_pork |   .3781263   .0973726     3.88   0.000     .1872796    .5689729
        /g22 |   .0592151   .0947275     0.63   0.532    -.1264474    .2448776
        /g24 |  -.0022618   .0216965    -0.10   0.917    -.0447862    .0402625
     /b_pork |  -.1020242   .0726846    -1.40   0.160    -.2444833    .0404349
     /a_fish |   .1843324   .1116406     1.65   0.099    -.0344792     .403144
        /g44 |   .1472733   .0149119     9.88   0.000     .1180464    .1765001
     /b_fish |  -.0503155    .083591    -0.60   0.547    -.2141509    .1135198
------------------------------------------------------------------------------
Instruments for equation eq_bfvl: ln_real_x L1_lngp_bfvl L1_lngp_pork L1_lngp_poult L1_lngp_fish _cons
Instruments for equation eq_pork: ln_real_x L1_lngp_bfvl L1_lngp_pork L1_lngp_poult L1_lngp_fish _cons
Instruments for equation eq_fish: ln_real_x L1_lngp_bfvl L1_lngp_pork L1_lngp_poult L1_lngp_fish _cons

Final GMM criterion Q(b) = 1.080976

GMM estimation 

Number of parameters =  12
Number of moments    =  18
Initial weight matrix: Unadjusted                 Number of obs   =         40
GMM weight matrix:     Unadjusted

------------------------------------------------------------------------------
             | Coefficient  Std. err.      z    P>|z|     [95% conf. interval]
-------------+----------------------------------------------------------------
     /a_bfvl |   .2139218   .2595395     0.82   0.410    -.2947663    .7226099
        /g11 |  -.1661244   .0505078    -3.29   0.001    -.2651179   -.0671309
        /g12 |  -.1945648   .0273626    -7.11   0.000    -.2481946    -.140935
        /g14 |  -.1341381   .0242708    -5.53   0.000    -.1817081   -.0865682
     /b_bfvl |   .1891856    .192544     0.98   0.326    -.1881937    .5665648
     /a_pork |   .3857921   .1146871     3.36   0.001     .1610095    .6105748
        /g22 |  -.1520219   .0593079    -2.56   0.010    -.2682633   -.0357805
        /g24 |   .0496426   .0184826     2.69   0.007     .0134173     .085868
     /b_pork |  -.1072886   .0851044    -1.26   0.207    -.2740902    .0595131
     /a_fish |   .1727073   .1724643     1.00   0.317    -.1653165    .5107311
        /g44 |   .1743388   .0177898     9.80   0.000     .1394715    .2092062
     /b_fish |  -.0427894   .1279407    -0.33   0.738    -.2935485    .2079697
------------------------------------------------------------------------------
Instruments for equation eq_bfvl: ln_real_x L1_lngp_bfvl L1_lngp_pork L1_lngp_poult L1_lngp_fish _cons
Instruments for equation eq_pork: ln_real_x L1_lngp_bfvl L1_lngp_pork L1_lngp_poult L1_lngp_fish _cons
Instruments for equation eq_fish: ln_real_x L1_lngp_bfvl L1_lngp_pork L1_lngp_poult L1_lngp_fish _cons

Final GMM criterion Q(b) = .7412162

GMM estimation 

Number of parameters =  12
Number of moments    =  18
Initial weight matrix: Unadjusted                 Number of obs   =         40
GMM weight matrix:     Unadjusted

------------------------------------------------------------------------------
             | Coefficient  Std. err.      z    P>|z|     [95% conf. interval]
-------------+----------------------------------------------------------------
     /a_bfvl |  -.8756222   .6067189    -1.44   0.149    -2.064769     .313525
        /g11 |   1.115639   .3742932     2.98   0.003     .3820383    1.849241
        /g12 |   1.775717   .6303055     2.82   0.005      .540341    3.011093
        /g14 |  -.8213537   .1941923    -4.23   0.000    -1.201964   -.4407437
     /b_bfvl |   1.010647   .4555681     2.22   0.027     .1177497    1.903544
     /a_pork |    -1.5725   1.115343    -1.41   0.159    -3.758532    .6135315
        /g22 |   2.480999   1.103639     2.25   0.025     .3179069    4.644091
        /g24 |  -.9277681   .3354887    -2.77   0.006    -1.585314   -.2702223
     /b_pork |   1.371309   .8366036     1.64   0.101    -.2684038    3.011022
     /a_fish |     .89664   .3768098     2.38   0.017     .1581064    1.635174
        /g44 |   .4942176    .105373     4.69   0.000     .2876904    .7007448
     /b_fish |  -.5897246   .2822509    -2.09   0.037    -1.142926    -.036523
------------------------------------------------------------------------------
Instruments for equation eq_bfvl: ln_real_x L1_lngp_bfvl L1_lngp_pork L1_lngp_poult L1_lngp_fish _cons
Instruments for equation eq_pork: ln_real_x L1_lngp_bfvl L1_lngp_pork L1_lngp_poult L1_lngp_fish _cons
Instruments for equation eq_fish: ln_real_x L1_lngp_bfvl L1_lngp_pork L1_lngp_poult L1_lngp_fish _cons

Final GMM criterion Q(b) = 1.376555

GMM estimation 

Number of parameters =  12
Number of moments    =  18
Initial weight matrix: Unadjusted                 Number of obs   =         40
GMM weight matrix:     Unadjusted

------------------------------------------------------------------------------
             | Coefficient  Std. err.      z    P>|z|     [95% conf. interval]
-------------+----------------------------------------------------------------
     /a_bfvl |   .3336643   .2898294     1.15   0.250     -.234391    .9017196
        /g11 |  -.0178645   .0499922    -0.36   0.721    -.1158474    .0801184
        /g12 |  -.1000463   .0538514    -1.86   0.063    -.2055932    .0055006
        /g14 |  -.2371957   .0296583    -8.00   0.000    -.2953248   -.1790666
     /b_bfvl |   .1086509   .2159672     0.50   0.615     -.314637    .5319389
     /a_pork |   .2275596   .2808496     0.81   0.418    -.3228954    .7780146
        /g22 |   .0191075   .2564947     0.07   0.941    -.4836129     .521828
        /g24 |   .0485345   .0493479     0.98   0.325    -.0481856    .1452545
     /b_pork |   .0082739   .2071259     0.04   0.968    -.3976853    .4142332
     /a_fish |  -.1125721   .2335389    -0.48   0.630    -.5702999    .3451557
        /g44 |   .3007803   .0320724     9.38   0.000     .2379196    .3636409
     /b_fish |   .1642792   .1738543     0.94   0.345     -.176469    .5050275
------------------------------------------------------------------------------
Instruments for equation eq_bfvl: ln_real_x L1_lngp_bfvl L1_lngp_pork L1_lngp_poult L1_lngp_fish _cons
Instruments for equation eq_pork: ln_real_x L1_lngp_bfvl L1_lngp_pork L1_lngp_poult L1_lngp_fish _cons
Instruments for equation eq_fish: ln_real_x L1_lngp_bfvl L1_lngp_pork L1_lngp_poult L1_lngp_fish _cons

Final GMM criterion Q(b) = .7984136

GMM estimation 

Number of parameters =  12
Number of moments    =  18
Initial weight matrix: Unadjusted                 Number of obs   =         40
GMM weight matrix:     Unadjusted

------------------------------------------------------------------------------
             | Coefficient  Std. err.      z    P>|z|     [95% conf. interval]
-------------+----------------------------------------------------------------
     /a_bfvl |   .1178075   .2333502     0.50   0.614    -.3395505    .5751655
        /g11 |  -.1534371   .0520321    -2.95   0.003    -.2554182    -.051456
        /g12 |  -.1624618   .0224146    -7.25   0.000    -.2063936   -.1185299
        /g14 |  -.0794682   .0207258    -3.83   0.000    -.1200901   -.0388463
     /b_bfvl |   .2512072   .1745343     1.44   0.150    -.0908739    .5932882
     /a_pork |   .5251539   .0856614     6.13   0.000     .3572606    .6930471
        /g22 |  -.1825213   .0894457    -2.04   0.041    -.3578316    -.007211
        /g24 |   .0622854   .0192572     3.23   0.001      .024542    .1000287
     /b_pork |  -.2122214   .0640564    -3.31   0.001    -.3377696   -.0866732
     /a_fish |   .2412791   .1124468     2.15   0.032     .0208875    .4616708
        /g44 |   .1164025   .0126452     9.21   0.000     .0916183    .1411866
     /b_fish |  -.0920749   .0841043    -1.09   0.274    -.2569163    .0727664
------------------------------------------------------------------------------
Instruments for equation eq_bfvl: ln_real_x L1_lngp_bfvl L1_lngp_pork L1_lngp_poult L1_lngp_fish _cons
Instruments for equation eq_pork: ln_real_x L1_lngp_bfvl L1_lngp_pork L1_lngp_poult L1_lngp_fish _cons
Instruments for equation eq_fish: ln_real_x L1_lngp_bfvl L1_lngp_pork L1_lngp_poult L1_lngp_fish _cons

Final GMM criterion Q(b) = 1.135975

GMM estimation 

Number of parameters =  12
Number of moments    =  18
Initial weight matrix: Unadjusted                 Number of obs   =         40
GMM weight matrix:     Unadjusted

------------------------------------------------------------------------------
             | Coefficient  Std. err.      z    P>|z|     [95% conf. interval]
-------------+----------------------------------------------------------------
     /a_bfvl |   .1362998   .2949637     0.46   0.644    -.4418184    .7144181
        /g11 |  -.0480953   .0579161    -0.83   0.406    -.1616086    .0654181
        /g12 |  -.0650539   .0279137    -2.33   0.020    -.1197637   -.0103441
        /g14 |  -.1816057   .0234809    -7.73   0.000    -.2276274   -.1355841
     /b_bfvl |   .2500846    .218807     1.14   0.253    -.1787692    .6789384
     /a_pork |   .2466248   .1258038     1.96   0.050     .0000539    .4931957
        /g22 |  -.0524327   .0935762    -0.56   0.575    -.2358386    .1309733
        /g24 |  -.0090611   .0188851    -0.48   0.631    -.0460753    .0279531
     /b_pork |  -.0029848   .0933762    -0.03   0.974    -.1859988    .1800292
     /a_fish |   .3355349   .1878163     1.79   0.074    -.0325783    .7036481
        /g44 |   .1699031   .0168587    10.08   0.000     .1368607    .2029454
     /b_fish |   -.164077   .1393318    -1.18   0.239    -.4371623    .1090083
------------------------------------------------------------------------------
Instruments for equation eq_bfvl: ln_real_x L1_lngp_bfvl L1_lngp_pork L1_lngp_poult L1_lngp_fish _cons
Instruments for equation eq_pork: ln_real_x L1_lngp_bfvl L1_lngp_pork L1_lngp_poult L1_lngp_fish _cons
Instruments for equation eq_fish: ln_real_x L1_lngp_bfvl L1_lngp_pork L1_lngp_poult L1_lngp_fish _cons

Final GMM criterion Q(b) =  .880685

GMM estimation 

Number of parameters =  12
Number of moments    =  18
Initial weight matrix: Unadjusted                 Number of obs   =         40
GMM weight matrix:     Unadjusted

------------------------------------------------------------------------------
             | Coefficient  Std. err.      z    P>|z|     [95% conf. interval]
-------------+----------------------------------------------------------------
     /a_bfvl |  -.2798814   .2092406    -1.34   0.181    -.6899854    .1302227
        /g11 |  -.1366168      .0893    -1.53   0.126    -.3116417     .038408
        /g12 |  -.0929312   .0960269    -0.97   0.333    -.2811404    .0952781
        /g14 |  -.1089099   .0424581    -2.57   0.010    -.1921262   -.0256937
     /b_bfvl |   .5567215   .1566057     3.55   0.000       .24978     .863663
     /a_pork |   .2354245   .1271146     1.85   0.064    -.0137156    .4845645
        /g22 |   .0095769   .1403043     0.07   0.946    -.2654144    .2845682
        /g24 |  -.0076552   .0540174    -0.14   0.887    -.1135275     .098217
     /b_pork |   .0050484   .0951232     0.05   0.958    -.1813897    .1914864
     /a_fish |   .3515278   .0955195     3.68   0.000      .164313    .5387425
        /g44 |   .1394866   .0231005     6.04   0.000     .0942106    .1847627
     /b_fish |  -.1744173    .071499    -2.44   0.015    -.3145528   -.0342819
------------------------------------------------------------------------------
Instruments for equation eq_bfvl: ln_real_x L1_lngp_bfvl L1_lngp_pork L1_lngp_poult L1_lngp_fish _cons
Instruments for equation eq_pork: ln_real_x L1_lngp_bfvl L1_lngp_pork L1_lngp_poult L1_lngp_fish _cons
Instruments for equation eq_fish: ln_real_x L1_lngp_bfvl L1_lngp_pork L1_lngp_poult L1_lngp_fish _cons

Final GMM criterion Q(b) = .6294574

GMM estimation 

Number of parameters =  12
Number of moments    =  18
Initial weight matrix: Unadjusted                 Number of obs   =         40
GMM weight matrix:     Unadjusted

------------------------------------------------------------------------------
             | Coefficient  Std. err.      z    P>|z|     [95% conf. interval]
-------------+----------------------------------------------------------------
     /a_bfvl |   .3838025   .3885878     0.99   0.323    -.3778155    1.145421
        /g11 |  -.2526628   .0916489    -2.76   0.006    -.4322915   -.0730342
        /g12 |   -.171829   .0304677    -5.64   0.000    -.2315447   -.1121133
        /g14 |  -.0694537   .0258269    -2.69   0.007    -.1200735   -.0188339
     /b_bfvl |   .0647318   .2898478     0.22   0.823    -.5033595    .6328231
     /a_pork |   .2859287   .1069973     2.67   0.008     .0762178    .4956395
        /g22 |  -.0461097   .0885914    -0.52   0.603    -.2197457    .1275262
        /g24 |   .0283092   .0186766     1.52   0.130    -.0082963    .0649147
     /b_pork |  -.0310221   .0798542    -0.39   0.698    -.1875334    .1254891
     /a_fish |   .2037642   .1175398     1.73   0.083    -.0266097     .434138
        /g44 |   .1258526   .0124679    10.09   0.000      .101416    .1502892
     /b_fish |   -.063732    .087645    -0.73   0.467     -.235513    .1080491
------------------------------------------------------------------------------
Instruments for equation eq_bfvl: ln_real_x L1_lngp_bfvl L1_lngp_pork L1_lngp_poult L1_lngp_fish _cons
Instruments for equation eq_pork: ln_real_x L1_lngp_bfvl L1_lngp_pork L1_lngp_poult L1_lngp_fish _cons
Instruments for equation eq_fish: ln_real_x L1_lngp_bfvl L1_lngp_pork L1_lngp_poult L1_lngp_fish _cons

Final GMM criterion Q(b) =  1.44046

GMM estimation 

Number of parameters =  12
Number of moments    =  18
Initial weight matrix: Unadjusted                 Number of obs   =         40
GMM weight matrix:     Unadjusted

------------------------------------------------------------------------------
             | Coefficient  Std. err.      z    P>|z|     [95% conf. interval]
-------------+----------------------------------------------------------------
     /a_bfvl |   .6599765   .2555072     2.58   0.010     .1591916    1.160762
        /g11 |  -.1993396   .0440363    -4.53   0.000    -.2856492     -.11303
        /g12 |   -.007614   .0369635    -0.21   0.837    -.0800612    .0648332
        /g14 |  -.1721422   .0251965    -6.83   0.000    -.2215266   -.1227579
     /b_bfvl |  -.1419461   .1894682    -0.75   0.454     -.513297    .2294048
     /a_pork |   .5374588   .1274048     4.22   0.000     .2877499    .7871677
        /g22 |    .065778   .0951146     0.69   0.489    -.1206431    .2521992
        /g24 |  -.0780528   .0223654    -3.49   0.000    -.1218882   -.0342174
     /b_pork |   -.220045   .0942591    -2.33   0.020    -.4047894   -.0353006
     /a_fish |   .0233093   .1918125     0.12   0.903    -.3526363    .3992549
        /g44 |   .2371567    .022982    10.32   0.000     .1921129    .2822005
     /b_fish |   .0669293   .1421199     0.47   0.638    -.2116206    .3454792
------------------------------------------------------------------------------
Instruments for equation eq_bfvl: ln_real_x L1_lngp_bfvl L1_lngp_pork L1_lngp_poult L1_lngp_fish _cons
Instruments for equation eq_pork: ln_real_x L1_lngp_bfvl L1_lngp_pork L1_lngp_poult L1_lngp_fish _cons
Instruments for equation eq_fish: ln_real_x L1_lngp_bfvl L1_lngp_pork L1_lngp_poult L1_lngp_fish _cons

Final GMM criterion Q(b) = .8321354

GMM estimation 

Number of parameters =  12
Number of moments    =  18
Initial weight matrix: Unadjusted                 Number of obs   =         40
GMM weight matrix:     Unadjusted

------------------------------------------------------------------------------
             | Coefficient  Std. err.      z    P>|z|     [95% conf. interval]
-------------+----------------------------------------------------------------
     /a_bfvl |  -.3422684   .2272111    -1.51   0.132    -.7875939    .1030571
        /g11 |   -.185489   .0600681    -3.09   0.002    -.3032203   -.0677577
        /g12 |   -.002575   .0735972    -0.03   0.972    -.1468229    .1416729
        /g14 |  -.1373816   .0302425    -4.54   0.000    -.1966558   -.0781074
     /b_bfvl |   .6021827   .1691234     3.56   0.000      .270707    .9336584
     /a_pork |   .5527582   .1409802     3.92   0.000     .2764421    .8290742
        /g22 |   .1001896   .1664402     0.60   0.547    -.2260272    .4264064
        /g24 |   -.065857   .0477208    -1.38   0.168    -.1593881    .0276741
     /b_pork |  -.2328661   .1056149    -2.20   0.027    -.4398676   -.0258647
     /a_fish |   .0224121   .1311029     0.17   0.864     -.234545    .2793691
        /g44 |   .1809166    .019666     9.20   0.000     .1423719    .2194613
     /b_fish |    .070652    .097622     0.72   0.469    -.1206835    .2619875
------------------------------------------------------------------------------
Instruments for equation eq_bfvl: ln_real_x L1_lngp_bfvl L1_lngp_pork L1_lngp_poult L1_lngp_fish _cons
Instruments for equation eq_pork: ln_real_x L1_lngp_bfvl L1_lngp_pork L1_lngp_poult L1_lngp_fish _cons
Instruments for equation eq_fish: ln_real_x L1_lngp_bfvl L1_lngp_pork L1_lngp_poult L1_lngp_fish _cons

Final GMM criterion Q(b) = .6254325

GMM estimation 

Number of parameters =  12
Number of moments    =  18
Initial weight matrix: Unadjusted                 Number of obs   =         40
GMM weight matrix:     Unadjusted

------------------------------------------------------------------------------
             | Coefficient  Std. err.      z    P>|z|     [95% conf. interval]
-------------+----------------------------------------------------------------
     /a_bfvl |  -.2734341   .2439965    -1.12   0.262    -.7516584    .2047902
        /g11 |    .060962   .0812283     0.75   0.453    -.0982425    .2201665
        /g12 |   .1360179    .120955     1.12   0.261    -.1010496    .3730854
        /g14 |  -.2092485   .0396153    -5.28   0.000     -.286893    -.131604
     /b_bfvl |   .5598625   .1818149     3.08   0.002     .2035119    .9162131
     /a_pork |   .2648691   .2521128     1.05   0.293    -.2292628     .759001
        /g22 |   .2621781   .2871602     0.91   0.361    -.3006455    .8250017
        /g24 |  -.1274654   .0809171    -1.58   0.115      -.28606    .0311291
     /b_pork |  -.0164446   .1878254    -0.09   0.930    -.3845757    .3516865
     /a_fish |   .3620178   .1376365     2.63   0.009     .0922552    .6317804
        /g44 |   .1842005   .0264489     6.96   0.000     .1323617    .2360394
     /b_fish |  -.1833573   .1025885    -1.79   0.074     -.384427    .0177125
------------------------------------------------------------------------------
Instruments for equation eq_bfvl: ln_real_x L1_lngp_bfvl L1_lngp_pork L1_lngp_poult L1_lngp_fish _cons
Instruments for equation eq_pork: ln_real_x L1_lngp_bfvl L1_lngp_pork L1_lngp_poult L1_lngp_fish _cons
Instruments for equation eq_fish: ln_real_x L1_lngp_bfvl L1_lngp_pork L1_lngp_poult L1_lngp_fish _cons

Final GMM criterion Q(b) = .6995323

GMM estimation 

Number of parameters =  12
Number of moments    =  18
Initial weight matrix: Unadjusted                 Number of obs   =         40
GMM weight matrix:     Unadjusted

------------------------------------------------------------------------------
             | Coefficient  Std. err.      z    P>|z|     [95% conf. interval]
-------------+----------------------------------------------------------------
     /a_bfvl |  -.2535008   .2933668    -0.86   0.388     -.828489    .3214875
        /g11 |  -.2446812   .0676909    -3.61   0.000    -.3773529   -.1120095
        /g12 |  -.2234748   .0555664    -4.02   0.000     -.332383   -.1145666
        /g14 |  -.0394614   .0300783    -1.31   0.190    -.0984139     .019491
     /b_bfvl |    .528132   .2170973     2.43   0.015     .1026291    .9536349
     /a_pork |   .1136511   .1632703     0.70   0.486    -.2063527    .4336549
        /g22 |  -.2234011   .1258437    -1.78   0.076    -.4700501     .023248
        /g24 |   .0858395    .045103     1.90   0.057    -.0025608    .1742398
     /b_pork |   .0892634   .1199892     0.74   0.457    -.1459112     .324438
     /a_fish |   .3119388   .1276888     2.44   0.015     .0616734    .5622042
        /g44 |    .105732   .0212502     4.98   0.000     .0640824    .1473817
     /b_fish |  -.1433061   .0943286    -1.52   0.129    -.3281867    .0415746
------------------------------------------------------------------------------
Instruments for equation eq_bfvl: ln_real_x L1_lngp_bfvl L1_lngp_pork L1_lngp_poult L1_lngp_fish _cons
Instruments for equation eq_pork: ln_real_x L1_lngp_bfvl L1_lngp_pork L1_lngp_poult L1_lngp_fish _cons
Instruments for equation eq_fish: ln_real_x L1_lngp_bfvl L1_lngp_pork L1_lngp_poult L1_lngp_fish _cons

Final GMM criterion Q(b) = 1.294679

GMM estimation 

Number of parameters =  12
Number of moments    =  18
Initial weight matrix: Unadjusted                 Number of obs   =         40
GMM weight matrix:     Unadjusted

------------------------------------------------------------------------------
             | Coefficient  Std. err.      z    P>|z|     [95% conf. interval]
-------------+----------------------------------------------------------------
     /a_bfvl |   .7234116   .2531949     2.86   0.004     .2271586    1.219665
        /g11 |    .026891   .0555075     0.48   0.628    -.0819016    .1356836
        /g12 |  -.0936155   .0197854    -4.73   0.000    -.1323941   -.0548369
        /g14 |  -.2561526   .0282234    -9.08   0.000    -.3114694   -.2008357
     /b_bfvl |   -.189146   .1878566    -1.01   0.314    -.5573381    .1790461
     /a_pork |   .4744439   .0921154     5.15   0.000      .293901    .6549868
        /g22 |   .0071257    .051724     0.14   0.890    -.0942514    .1085028
        /g24 |  -.0213912   .0137338    -1.56   0.119    -.0483089    .0055265
     /b_pork |  -.1712319   .0683333    -2.51   0.012    -.3051627   -.0373011
     /a_fish |   .1259865   .2255395     0.56   0.576    -.3160628    .5680358
        /g44 |   .2132556   .0278583     7.66   0.000     .1586544    .2678569
     /b_fish |  -.0083788   .1672613    -0.05   0.960    -.3362049    .3194472
------------------------------------------------------------------------------
Instruments for equation eq_bfvl: ln_real_x L1_lngp_bfvl L1_lngp_pork L1_lngp_poult L1_lngp_fish _cons
Instruments for equation eq_pork: ln_real_x L1_lngp_bfvl L1_lngp_pork L1_lngp_poult L1_lngp_fish _cons
Instruments for equation eq_fish: ln_real_x L1_lngp_bfvl L1_lngp_pork L1_lngp_poult L1_lngp_fish _cons

Final GMM criterion Q(b) = .8885009

GMM estimation 

Number of parameters =  12
Number of moments    =  18
Initial weight matrix: Unadjusted                 Number of obs   =         40
GMM weight matrix:     Unadjusted

------------------------------------------------------------------------------
             | Coefficient  Std. err.      z    P>|z|     [95% conf. interval]
-------------+----------------------------------------------------------------
     /a_bfvl |   .1595585    .275672     0.58   0.563    -.3807487    .6998657
        /g11 |  -.0713433   .0584738    -1.22   0.222    -.1859498    .0432632
        /g12 |  -.0414878   .0401553    -1.03   0.302    -.1201907     .037215
        /g14 |  -.1569961   .0271146    -5.79   0.000    -.2101398   -.1038524
     /b_bfvl |   .2269433    .205095     1.11   0.268    -.1750355    .6289222
     /a_pork |   .4021947   .1479545     2.72   0.007     .1122092    .6921803
        /g22 |   .1341167   .1064956     1.26   0.208    -.0746109    .3428443
        /g24 |  -.0683585   .0332274    -2.06   0.040     -.133483    -.003234
     /b_pork |  -.1200619   .1101063    -1.09   0.276    -.3358663    .0957425
     /a_fish |   -.072142   .1514339    -0.48   0.634     -.368947    .2246631
        /g44 |   .1910394   .0186192    10.26   0.000     .1545464    .2275324
     /b_fish |   .1419439   .1127051     1.26   0.208     -.078954    .3628417
------------------------------------------------------------------------------
Instruments for equation eq_bfvl: ln_real_x L1_lngp_bfvl L1_lngp_pork L1_lngp_poult L1_lngp_fish _cons
Instruments for equation eq_pork: ln_real_x L1_lngp_bfvl L1_lngp_pork L1_lngp_poult L1_lngp_fish _cons
Instruments for equation eq_fish: ln_real_x L1_lngp_bfvl L1_lngp_pork L1_lngp_poult L1_lngp_fish _cons

Final GMM criterion Q(b) = 1.424096

GMM estimation 

Number of parameters =  12
Number of moments    =  18
Initial weight matrix: Unadjusted                 Number of obs   =         40
GMM weight matrix:     Unadjusted

------------------------------------------------------------------------------
             | Coefficient  Std. err.      z    P>|z|     [95% conf. interval]
-------------+----------------------------------------------------------------
     /a_bfvl |   1.040823   .2471767     4.21   0.000     .5563656     1.52528
        /g11 |   .0812982   .0585792     1.39   0.165     -.033515    .1961113
        /g12 |  -.0060095   .0254873    -0.24   0.814    -.0559637    .0439448
        /g14 |   -.362391   .0268758   -13.48   0.000    -.4150666   -.3097154
     /b_bfvl |  -.4153251   .1832125    -2.27   0.023    -.7744149   -.0562353
     /a_pork |   .3790488   .1182628     3.21   0.001     .1472581    .6108395
        /g22 |   .0359989   .0585471     0.61   0.539    -.0787514    .1507491
        /g24 |  -.0357741   .0122061    -2.93   0.003    -.0596977   -.0118506
     /b_pork |  -.0999436   .0871933    -1.15   0.252    -.2708394    .0709522
     /a_fish |   .7405743   .2346499     3.16   0.002     .2806688     1.20048
        /g44 |   .1948629   .0311631     6.25   0.000     .1337843    .2559414
     /b_fish |  -.4647505   .1739678    -2.67   0.008    -.8057211     -.12378
------------------------------------------------------------------------------
Instruments for equation eq_bfvl: ln_real_x L1_lngp_bfvl L1_lngp_pork L1_lngp_poult L1_lngp_fish _cons
Instruments for equation eq_pork: ln_real_x L1_lngp_bfvl L1_lngp_pork L1_lngp_poult L1_lngp_fish _cons
Instruments for equation eq_fish: ln_real_x L1_lngp_bfvl L1_lngp_pork L1_lngp_poult L1_lngp_fish _cons

Final GMM criterion Q(b) = 1.531806

GMM estimation 

Number of parameters =  12
Number of moments    =  18
Initial weight matrix: Unadjusted                 Number of obs   =         40
GMM weight matrix:     Unadjusted

------------------------------------------------------------------------------
             | Coefficient  Std. err.      z    P>|z|     [95% conf. interval]
-------------+----------------------------------------------------------------
     /a_bfvl |   .6031272   .2367965     2.55   0.011     .1390146     1.06724
        /g11 |   -.009328   .0533705    -0.17   0.861    -.1139322    .0952763
        /g12 |   -.138619   .0407559    -3.40   0.001    -.2184992   -.0587389
        /g14 |  -.3268044   .0374245    -8.73   0.000     -.400155   -.2534538
     /b_bfvl |  -.0907672   .1755245    -0.52   0.605    -.4347889    .2532546
     /a_pork |   .6928745   .4624111     1.50   0.134    -.2134345    1.599184
        /g22 |  -.0991891   .3326829    -0.30   0.766    -.7512355    .5528573
        /g24 |   -.001807   .0307764    -0.06   0.953    -.0621276    .0585136
     /b_pork |   -.333549   .3391378    -0.98   0.325    -.9982468    .3311489
     /a_fish |  -.3066544   .2393176    -1.28   0.200    -.7757083    .1623995
        /g44 |   .2914745   .0504391     5.78   0.000     .1926156    .3903334
     /b_fish |   .3073926   .1769331     1.74   0.082      -.03939    .6541751
------------------------------------------------------------------------------
Instruments for equation eq_bfvl: ln_real_x L1_lngp_bfvl L1_lngp_pork L1_lngp_poult L1_lngp_fish _cons
Instruments for equation eq_pork: ln_real_x L1_lngp_bfvl L1_lngp_pork L1_lngp_poult L1_lngp_fish _cons
Instruments for equation eq_fish: ln_real_x L1_lngp_bfvl L1_lngp_pork L1_lngp_poult L1_lngp_fish _cons

Final GMM criterion Q(b) = .6202669

GMM estimation 

Number of parameters =  12
Number of moments    =  18
Initial weight matrix: Unadjusted                 Number of obs   =         40
GMM weight matrix:     Unadjusted

------------------------------------------------------------------------------
             | Coefficient  Std. err.      z    P>|z|     [95% conf. interval]
-------------+----------------------------------------------------------------
     /a_bfvl |   .1133828   .2902119     0.39   0.696    -.4554221    .6821878
        /g11 |  -.1247698   .0752349    -1.66   0.097    -.2722276    .0226879
        /g12 |  -.0938253    .038511    -2.44   0.015    -.1693055    -.018345
        /g14 |  -.0945319   .0266053    -3.55   0.000    -.1466773   -.0423864
     /b_bfvl |   .2707788   .2178616     1.24   0.214     -.156222    .6977796
     /a_pork |   .4651912   .1021293     4.55   0.000     .2650214     .665361
        /g22 |   .0120821   .0828087     0.15   0.884    -.1502198    .1743841
        /g24 |   .0046406   .0218941     0.21   0.832    -.0382711    .0475523
     /b_pork |  -.1669652   .0763123    -2.19   0.029    -.3165346   -.0173959
     /a_fish |   .3651128   .1040911     3.51   0.000      .161098    .5691277
        /g44 |   .1343617   .0130109    10.33   0.000     .1088607    .1598627
     /b_fish |  -.1877458   .0780544    -2.41   0.016    -.3407296    -.034762
------------------------------------------------------------------------------
Instruments for equation eq_bfvl: ln_real_x L1_lngp_bfvl L1_lngp_pork L1_lngp_poult L1_lngp_fish _cons
Instruments for equation eq_pork: ln_real_x L1_lngp_bfvl L1_lngp_pork L1_lngp_poult L1_lngp_fish _cons
Instruments for equation eq_fish: ln_real_x L1_lngp_bfvl L1_lngp_pork L1_lngp_poult L1_lngp_fish _cons

Final GMM criterion Q(b) =  .873302

GMM estimation 

Number of parameters =  12
Number of moments    =  18
Initial weight matrix: Unadjusted                 Number of obs   =         40
GMM weight matrix:     Unadjusted

------------------------------------------------------------------------------
             | Coefficient  Std. err.      z    P>|z|     [95% conf. interval]
-------------+----------------------------------------------------------------
     /a_bfvl |   .2415045   .2301669     1.05   0.294    -.2096142    .6926233
        /g11 |  -.1181787   .0711659    -1.66   0.097    -.2576613    .0213038
        /g12 |  -.0972214   .0440406    -2.21   0.027    -.1835395   -.0109033
        /g14 |  -.1522959   .0250306    -6.08   0.000    -.2013549   -.1032368
     /b_bfvl |   .1701003   .1722859     0.99   0.323    -.1675738    .5077745
     /a_pork |   .2551074   .1174205     2.17   0.030     .0249675    .4852473
        /g22 |  -.0449152   .0682289    -0.66   0.510    -.1786415     .088811
        /g24 |   .0028781   .0195669     0.15   0.883    -.0354723    .0412286
     /b_pork |  -.0110557   .0883697    -0.13   0.900    -.1842571    .1621458
     /a_fish |   .2858926    .112751     2.54   0.011     .0649047    .5068806
        /g44 |   .1613589   .0124458    12.96   0.000     .1369656    .1857522
     /b_fish |  -.1269218   .0843612    -1.50   0.132    -.2922666    .0384231
------------------------------------------------------------------------------
Instruments for equation eq_bfvl: ln_real_x L1_lngp_bfvl L1_lngp_pork L1_lngp_poult L1_lngp_fish _cons
Instruments for equation eq_pork: ln_real_x L1_lngp_bfvl L1_lngp_pork L1_lngp_poult L1_lngp_fish _cons
Instruments for equation eq_fish: ln_real_x L1_lngp_bfvl L1_lngp_pork L1_lngp_poult L1_lngp_fish _cons

Final GMM criterion Q(b) = .5827134

GMM estimation 

Number of parameters =  12
Number of moments    =  18
Initial weight matrix: Unadjusted                 Number of obs   =         40
GMM weight matrix:     Unadjusted

------------------------------------------------------------------------------
             | Coefficient  Std. err.      z    P>|z|     [95% conf. interval]
-------------+----------------------------------------------------------------
     /a_bfvl |   .6107603   .2781292     2.20   0.028     .0656372    1.155883
        /g11 |  -.1632581   .0720095    -2.27   0.023    -.3043941   -.0221221
        /g12 |  -.2143417   .0462635    -4.63   0.000    -.3050164    -.123667
        /g14 |  -.0820436   .0298922    -2.74   0.006    -.1406313   -.0234559
     /b_bfvl |  -.1070099   .2059535    -0.52   0.603    -.5106714    .2966515
     /a_pork |   .4156768    .154441     2.69   0.007     .1129781    .7183756
        /g22 |  -.1793022   .1374512    -1.30   0.192    -.4487016    .0900972
        /g24 |   .0787902   .0416866     1.89   0.059     -.002914    .1604944
     /b_pork |  -.1287902   .1144221    -1.13   0.260    -.3530535     .095473
     /a_fish |   .1834059   .1208465     1.52   0.129     -.053449    .4202607
        /g44 |   .1189926   .0205706     5.78   0.000     .0786749    .1593103
     /b_fish |  -.0479964   .0895087    -0.54   0.592    -.2234302    .1274374
------------------------------------------------------------------------------
Instruments for equation eq_bfvl: ln_real_x L1_lngp_bfvl L1_lngp_pork L1_lngp_poult L1_lngp_fish _cons
Instruments for equation eq_pork: ln_real_x L1_lngp_bfvl L1_lngp_pork L1_lngp_poult L1_lngp_fish _cons
Instruments for equation eq_fish: ln_real_x L1_lngp_bfvl L1_lngp_pork L1_lngp_poult L1_lngp_fish _cons

Final GMM criterion Q(b) = 1.227094

GMM estimation 

Number of parameters =  12
Number of moments    =  18
Initial weight matrix: Unadjusted                 Number of obs   =         40
GMM weight matrix:     Unadjusted

------------------------------------------------------------------------------
             | Coefficient  Std. err.      z    P>|z|     [95% conf. interval]
-------------+----------------------------------------------------------------
     /a_bfvl |   1.301451   .2829302     4.60   0.000     .7469177    1.855984
        /g11 |   .2098879   .0578607     3.63   0.000      .096483    .3232928
        /g12 |  -.0520909    .017221    -3.02   0.002    -.0858433   -.0183384
        /g14 |   -.307151    .026393   -11.64   0.000    -.3588803   -.2554217
     /b_bfvl |  -.6120796   .2097124    -2.92   0.004    -1.023108   -.2010507
     /a_pork |   .6147432   .1005611     6.11   0.000      .417647    .8118394
        /g22 |  -.0830302   .0421469    -1.97   0.049    -.1656366   -.0004237
        /g24 |  -.0050931   .0096453    -0.53   0.597    -.0239975    .0138114
     /b_pork |  -.2733382     .07433    -3.68   0.000    -.4190223   -.1276542
     /a_fish |   .0006813    .262756     0.00   0.998    -.5143109    .5156736
        /g44 |   .1871748   .0261693     7.15   0.000      .135884    .2384656
     /b_fish |   .0848099   .1948189     0.44   0.663    -.2970281    .4666478
------------------------------------------------------------------------------
Instruments for equation eq_bfvl: ln_real_x L1_lngp_bfvl L1_lngp_pork L1_lngp_poult L1_lngp_fish _cons
Instruments for equation eq_pork: ln_real_x L1_lngp_bfvl L1_lngp_pork L1_lngp_poult L1_lngp_fish _cons
Instruments for equation eq_fish: ln_real_x L1_lngp_bfvl L1_lngp_pork L1_lngp_poult L1_lngp_fish _cons

Final GMM criterion Q(b) = .6178453

GMM estimation 

Number of parameters =  12
Number of moments    =  18
Initial weight matrix: Unadjusted                 Number of obs   =         40
GMM weight matrix:     Unadjusted

------------------------------------------------------------------------------
             | Coefficient  Std. err.      z    P>|z|     [95% conf. interval]
-------------+----------------------------------------------------------------
     /a_bfvl |   .4317316   .2639429     1.64   0.102    -.0855871    .9490502
        /g11 |   -.080416   .0732256    -1.10   0.272    -.2239355    .0631035
        /g12 |  -.1627546   .0295709    -5.50   0.000    -.2207124   -.1047967
        /g14 |  -.1229903   .0259242    -4.74   0.000    -.1738008   -.0721797
     /b_bfvl |   .0285788   .1961267     0.15   0.884    -.3558224    .4129799
     /a_pork |    .283795   .1192094     2.38   0.017     .0501488    .5174411
        /g22 |  -.0060439   .0574061    -0.11   0.916    -.1185577    .1064699
        /g24 |    .018828   .0190844     0.99   0.324    -.0185768    .0562328
     /b_pork |  -.0301018   .0886043    -0.34   0.734     -.203763    .1435594
     /a_fish |   .1005089   .1099796     0.91   0.361     -.115047    .3160649
        /g44 |    .148991   .0134124    11.11   0.000     .1227031    .1752789
     /b_fish |   .0123572   .0817318     0.15   0.880    -.1478342    .1725485
------------------------------------------------------------------------------
Instruments for equation eq_bfvl: ln_real_x L1_lngp_bfvl L1_lngp_pork L1_lngp_poult L1_lngp_fish _cons
Instruments for equation eq_pork: ln_real_x L1_lngp_bfvl L1_lngp_pork L1_lngp_poult L1_lngp_fish _cons
Instruments for equation eq_fish: ln_real_x L1_lngp_bfvl L1_lngp_pork L1_lngp_poult L1_lngp_fish _cons

Final GMM criterion Q(b) = 1.000198

GMM estimation 

Number of parameters =  12
Number of moments    =  18
Initial weight matrix: Unadjusted                 Number of obs   =         40
GMM weight matrix:     Unadjusted

------------------------------------------------------------------------------
             | Coefficient  Std. err.      z    P>|z|     [95% conf. interval]
-------------+----------------------------------------------------------------
     /a_bfvl |  -.1664805   .2423926    -0.69   0.492    -.6415612    .3086002
        /g11 |   -.217408    .048971    -4.44   0.000    -.3133894   -.1214266
        /g12 |  -.0655155   .0337527    -1.94   0.052    -.1316695    .0006386
        /g14 |  -.0681319   .0249026    -2.74   0.006      -.11694   -.0193237
     /b_bfvl |   .4718027   .1797239     2.63   0.009     .1195504    .8240549
     /a_pork |   .3604172   .1131124     3.19   0.001     .1387209    .5821134
        /g22 |  -.0251043   .0618039    -0.41   0.685    -.1462377    .0960291
        /g24 |  -.0242466   .0253492    -0.96   0.339    -.0739301    .0254369
     /b_pork |  -.0900886   .0839101    -1.07   0.283    -.2545493    .0743722
     /a_fish |   .2145839   .1142158     1.88   0.060     -.009275    .4384428
        /g44 |   .1517037   .0180043     8.43   0.000     .1164159    .1869915
     /b_fish |  -.0727083   .0847061    -0.86   0.391    -.2387293    .0933127
------------------------------------------------------------------------------
Instruments for equation eq_bfvl: ln_real_x L1_lngp_bfvl L1_lngp_pork L1_lngp_poult L1_lngp_fish _cons
Instruments for equation eq_pork: ln_real_x L1_lngp_bfvl L1_lngp_pork L1_lngp_poult L1_lngp_fish _cons
Instruments for equation eq_fish: ln_real_x L1_lngp_bfvl L1_lngp_pork L1_lngp_poult L1_lngp_fish _cons

Final GMM criterion Q(b) = .8739596

GMM estimation 

Number of parameters =  12
Number of moments    =  18
Initial weight matrix: Unadjusted                 Number of obs   =         40
GMM weight matrix:     Unadjusted

------------------------------------------------------------------------------
             | Coefficient  Std. err.      z    P>|z|     [95% conf. interval]
-------------+----------------------------------------------------------------
     /a_bfvl |   .5031331   .2768643     1.82   0.069     -.039511    1.045777
        /g11 |   .0211942   .0650642     0.33   0.745    -.1063294    .1487178
        /g12 |  -.1030119   .0226255    -4.55   0.000     -.147357   -.0586667
        /g14 |  -.1734186   .0235075    -7.38   0.000    -.2194925   -.1273448
     /b_bfvl |  -.0288029   .2062432    -0.14   0.889    -.4330322    .3754263
     /a_pork |   .3677237   .0900831     4.08   0.000     .1911641    .5442833
        /g22 |   .0519521   .0894906     0.58   0.562    -.1234463    .2273504
        /g24 |  -.0130541   .0212148    -0.62   0.538    -.0546342    .0285261
     /b_pork |  -.0920831   .0671197    -1.37   0.170    -.2236354    .0394692
     /a_fish |   .0963077   .1392068     0.69   0.489    -.1765326    .3691481
        /g44 |   .1580144   .0146412    10.79   0.000     .1293183    .1867106
     /b_fish |   .0164433   .1036649     0.16   0.874    -.1867362    .2196228
------------------------------------------------------------------------------
Instruments for equation eq_bfvl: ln_real_x L1_lngp_bfvl L1_lngp_pork L1_lngp_poult L1_lngp_fish _cons
Instruments for equation eq_pork: ln_real_x L1_lngp_bfvl L1_lngp_pork L1_lngp_poult L1_lngp_fish _cons
Instruments for equation eq_fish: ln_real_x L1_lngp_bfvl L1_lngp_pork L1_lngp_poult L1_lngp_fish _cons

Final GMM criterion Q(b) = .6032186

GMM estimation 

Number of parameters =  12
Number of moments    =  18
Initial weight matrix: Unadjusted                 Number of obs   =         40
GMM weight matrix:     Unadjusted

------------------------------------------------------------------------------
             | Coefficient  Std. err.      z    P>|z|     [95% conf. interval]
-------------+----------------------------------------------------------------
     /a_bfvl |   .3668213   .2572728     1.43   0.154    -.1374241    .8710667
        /g11 |     -.3205   .0688552    -4.65   0.000    -.4554538   -.1855463
        /g12 |   -.186544   .0538747    -3.46   0.001    -.2921365   -.0809514
        /g14 |  -.0602971   .0266084    -2.27   0.023    -.1124485   -.0081456
     /b_bfvl |   .0653437    .191961     0.34   0.734     -.310893    .4415804
     /a_pork |   .5896673   .1034361     5.70   0.000     .3869363    .7923984
        /g22 |  -.1755808   .1182926    -1.48   0.138    -.4074301    .0562684
        /g24 |   .0558137   .0349824     1.60   0.111    -.0127505     .124378
     /b_pork |   -.260295   .0773673    -3.36   0.001    -.4119322   -.1086579
     /a_fish |   .3160391   .1049476     3.01   0.003     .1103455    .5217327
        /g44 |   .1187281   .0152985     7.76   0.000     .0887436    .1487127
     /b_fish |  -.1494722   .0782058    -1.91   0.056    -.3027529    .0038084
------------------------------------------------------------------------------
Instruments for equation eq_bfvl: ln_real_x L1_lngp_bfvl L1_lngp_pork L1_lngp_poult L1_lngp_fish _cons
Instruments for equation eq_pork: ln_real_x L1_lngp_bfvl L1_lngp_pork L1_lngp_poult L1_lngp_fish _cons
Instruments for equation eq_fish: ln_real_x L1_lngp_bfvl L1_lngp_pork L1_lngp_poult L1_lngp_fish _cons

Final GMM criterion Q(b) = .8924243

GMM estimation 

Number of parameters =  12
Number of moments    =  18
Initial weight matrix: Unadjusted                 Number of obs   =         40
GMM weight matrix:     Unadjusted

------------------------------------------------------------------------------
             | Coefficient  Std. err.      z    P>|z|     [95% conf. interval]
-------------+----------------------------------------------------------------
     /a_bfvl |   .2129983   .2612034     0.82   0.415    -.2989509    .7249475
        /g11 |  -.1500819    .057668    -2.60   0.009    -.2631091   -.0370548
        /g12 |  -.1661456   .0288117    -5.77   0.000    -.2226155   -.1096756
        /g14 |   -.107619   .0280894    -3.83   0.000    -.1626733   -.0525648
     /b_bfvl |   .1832217   .1944101     0.94   0.346    -.1978151    .5642586
     /a_pork |   .2880549   .0919646     3.13   0.002     .1078076    .4683022
        /g22 |  -.0905632   .0836201    -1.08   0.279    -.2544557    .0733292
        /g24 |   .0427024   .0190352     2.24   0.025     .0053942    .0800107
     /b_pork |  -.0374807   .0684939    -0.55   0.584    -.1717262    .0967649
     /a_fish |   .1947944    .145266     1.34   0.180    -.0899216    .4795105
        /g44 |   .1588894   .0208875     7.61   0.000     .1179506    .1998282
     /b_fish |  -.0587669   .1080454    -0.54   0.587    -.2705319    .1529982
------------------------------------------------------------------------------
Instruments for equation eq_bfvl: ln_real_x L1_lngp_bfvl L1_lngp_pork L1_lngp_poult L1_lngp_fish _cons
Instruments for equation eq_pork: ln_real_x L1_lngp_bfvl L1_lngp_pork L1_lngp_poult L1_lngp_fish _cons
Instruments for equation eq_fish: ln_real_x L1_lngp_bfvl L1_lngp_pork L1_lngp_poult L1_lngp_fish _cons

Final GMM criterion Q(b) = 1.443807

GMM estimation 

Number of parameters =  12
Number of moments    =  18
Initial weight matrix: Unadjusted                 Number of obs   =         40
GMM weight matrix:     Unadjusted

------------------------------------------------------------------------------
             | Coefficient  Std. err.      z    P>|z|     [95% conf. interval]
-------------+----------------------------------------------------------------
     /a_bfvl |   .4973441   .2212348     2.25   0.025     .0637318    .9309564
        /g11 |  -.0383416   .0546049    -0.70   0.483    -.1453653    .0686821
        /g12 |   .0195797   .0336132     0.58   0.560    -.0463011    .0854604
        /g14 |  -.2131088    .023642    -9.01   0.000    -.2594463   -.1667713
     /b_bfvl |  -.0198114   .1643327    -0.12   0.904    -.3418975    .3022747
     /a_pork |   .2116393   .1320183     1.60   0.109    -.0471117    .4703904
        /g22 |    .100698   .0799156     1.26   0.208    -.0559337    .2573297
        /g24 |  -.0626485   .0199719    -3.14   0.002    -.1017927   -.0235043
     /b_pork |   .0225793   .0980227     0.23   0.818    -.1695417    .2147003
     /a_fish |   .2572919   .1538196     1.67   0.094     -.044189    .5587728
        /g44 |   .2004551   .0174979    11.46   0.000     .1661599    .2347504
     /b_fish |  -.1068294     .11421    -0.94   0.350    -.3306768     .117018
------------------------------------------------------------------------------
Instruments for equation eq_bfvl: ln_real_x L1_lngp_bfvl L1_lngp_pork L1_lngp_poult L1_lngp_fish _cons
Instruments for equation eq_pork: ln_real_x L1_lngp_bfvl L1_lngp_pork L1_lngp_poult L1_lngp_fish _cons
Instruments for equation eq_fish: ln_real_x L1_lngp_bfvl L1_lngp_pork L1_lngp_poult L1_lngp_fish _cons

Final GMM criterion Q(b) = .5677805

GMM estimation 

Number of parameters =  12
Number of moments    =  18
Initial weight matrix: Unadjusted                 Number of obs   =         40
GMM weight matrix:     Unadjusted

------------------------------------------------------------------------------
             | Coefficient  Std. err.      z    P>|z|     [95% conf. interval]
-------------+----------------------------------------------------------------
     /a_bfvl |  -.3212532   .2180388    -1.47   0.141    -.7486015     .106095
        /g11 |  -.2601511    .051105    -5.09   0.000     -.360315   -.1599872
        /g12 |  -.1310292   .0316441    -4.14   0.000    -.1930504   -.0690079
        /g14 |  -.0731749   .0231522    -3.16   0.002    -.1185524   -.0277973
     /b_bfvl |   .5848944   .1619765     3.61   0.000     .2674264    .9023625
     /a_pork |   .3108237    .126948     2.45   0.014     .0620102    .5596371
        /g22 |   -.139581   .0596296    -2.34   0.019    -.2564529   -.0227092
        /g24 |   .0180607   .0184025     0.98   0.326    -.0180076     .054129
     /b_pork |  -.0526201   .0942818    -0.56   0.577    -.2374089    .1321688
     /a_fish |   .1561732   .1128052     1.38   0.166    -.0649209    .3772673
        /g44 |   .1480713   .0155303     9.53   0.000     .1176326    .1785101
     /b_fish |  -.0283269   .0837667    -0.34   0.735    -.1925066    .1358528
------------------------------------------------------------------------------
Instruments for equation eq_bfvl: ln_real_x L1_lngp_bfvl L1_lngp_pork L1_lngp_poult L1_lngp_fish _cons
Instruments for equation eq_pork: ln_real_x L1_lngp_bfvl L1_lngp_pork L1_lngp_poult L1_lngp_fish _cons
Instruments for equation eq_fish: ln_real_x L1_lngp_bfvl L1_lngp_pork L1_lngp_poult L1_lngp_fish _cons

Final GMM criterion Q(b) = .5331783

GMM estimation 

Number of parameters =  12
Number of moments    =  18
Initial weight matrix: Unadjusted                 Number of obs   =         40
GMM weight matrix:     Unadjusted

------------------------------------------------------------------------------
             | Coefficient  Std. err.      z    P>|z|     [95% conf. interval]
-------------+----------------------------------------------------------------
     /a_bfvl |   .0246975    .318921     0.08   0.938    -.6003762    .6497712
        /g11 |  -.4374138   .0911301    -4.80   0.000    -.6160256    -.258802
        /g12 |  -.2581831   .0567935    -4.55   0.000    -.3694964   -.1468699
        /g14 |  -.0196775   .0374556    -0.53   0.599    -.0930892    .0537342
     /b_bfvl |   .3380873   .2373904     1.42   0.154    -.1271894     .803364
     /a_pork |   .0102261   .1260301     0.08   0.935    -.2367883    .2572406
        /g22 |  -.2529003   .0898571    -2.81   0.005     -.429017   -.0767836
        /g24 |   .0908212   .0304066     2.99   0.003     .0312254    .1504169
     /b_pork |   .1733292   .0940717     1.84   0.065     -.011048    .3577064
     /a_fish |   .3083873   .1052025     2.93   0.003     .1021942    .5145804
        /g44 |   .1199912   .0195331     6.14   0.000      .081707    .1582753
     /b_fish |  -.1427709   .0783937    -1.82   0.069    -.2964197    .0108779
------------------------------------------------------------------------------
Instruments for equation eq_bfvl: ln_real_x L1_lngp_bfvl L1_lngp_pork L1_lngp_poult L1_lngp_fish _cons
Instruments for equation eq_pork: ln_real_x L1_lngp_bfvl L1_lngp_pork L1_lngp_poult L1_lngp_fish _cons
Instruments for equation eq_fish: ln_real_x L1_lngp_bfvl L1_lngp_pork L1_lngp_poult L1_lngp_fish _cons

Final GMM criterion Q(b) = .9177582

GMM estimation 

Number of parameters =  12
Number of moments    =  18
Initial weight matrix: Unadjusted                 Number of obs   =         40
GMM weight matrix:     Unadjusted

------------------------------------------------------------------------------
             | Coefficient  Std. err.      z    P>|z|     [95% conf. interval]
-------------+----------------------------------------------------------------
     /a_bfvl |   .0283827   .2661224     0.11   0.915    -.4932077     .549973
        /g11 |  -.1192894   .0608152    -1.96   0.050     -.238485   -.0000937
        /g12 |  -.2118783   .0378287    -5.60   0.000    -.2860212   -.1377354
        /g14 |  -.0947123   .0246483    -3.84   0.000    -.1430222   -.0464025
     /b_bfvl |   .3249171   .1984562     1.64   0.102    -.0640499     .713884
     /a_pork |   .6158366   .1571218     3.92   0.000     .3078836    .9237896
        /g22 |  -.4292447   .1374659    -3.12   0.002    -.6986729   -.1598165
        /g24 |   .1055221   .0295443     3.57   0.000     .0476164    .1634279
     /b_pork |   -.280143   .1173347    -2.39   0.017    -.5101147   -.0501713
     /a_fish |   .1115685   .1339319     0.83   0.405    -.1509332    .3740701
        /g44 |   .1240927   .0154391     8.04   0.000     .0938327    .1543527
     /b_fish |   .0022746    .099843     0.02   0.982    -.1934142    .1979633
------------------------------------------------------------------------------
Instruments for equation eq_bfvl: ln_real_x L1_lngp_bfvl L1_lngp_pork L1_lngp_poult L1_lngp_fish _cons
Instruments for equation eq_pork: ln_real_x L1_lngp_bfvl L1_lngp_pork L1_lngp_poult L1_lngp_fish _cons
Instruments for equation eq_fish: ln_real_x L1_lngp_bfvl L1_lngp_pork L1_lngp_poult L1_lngp_fish _cons

Final GMM criterion Q(b) =  .742989

GMM estimation 

Number of parameters =  12
Number of moments    =  18
Initial weight matrix: Unadjusted                 Number of obs   =         40
GMM weight matrix:     Unadjusted

------------------------------------------------------------------------------
             | Coefficient  Std. err.      z    P>|z|     [95% conf. interval]
-------------+----------------------------------------------------------------
     /a_bfvl |  -.0302375   .2428553    -0.12   0.901    -.5062252    .4457503
        /g11 |  -.1552794   .0535022    -2.90   0.004    -.2601418    -.050417
        /g12 |  -.1936444   .0286695    -6.75   0.000    -.2498357   -.1374532
        /g14 |  -.1001356   .0236033    -4.24   0.000    -.1463972   -.0538739
     /b_bfvl |   .3658061   .1810187     2.02   0.043     .0110159    .7205963
     /a_pork |   .3208817   .0969888     3.31   0.001     .1307872    .5109762
        /g22 |  -.1017955   .0666664    -1.53   0.127    -.2324593    .0288682
        /g24 |   .0366997   .0205915     1.78   0.075    -.0036589    .0770583
     /b_pork |  -.0601373   .0721791    -0.83   0.405    -.2016058    .0813312
     /a_fish |   .1719535   .1312729     1.31   0.190    -.0853366    .4292436
        /g44 |   .1510442   .0166901     9.05   0.000     .1183321    .1837562
     /b_fish |  -.0402254   .0977762    -0.41   0.681    -.2318633    .1514124
------------------------------------------------------------------------------
Instruments for equation eq_bfvl: ln_real_x L1_lngp_bfvl L1_lngp_pork L1_lngp_poult L1_lngp_fish _cons
Instruments for equation eq_pork: ln_real_x L1_lngp_bfvl L1_lngp_pork L1_lngp_poult L1_lngp_fish _cons
Instruments for equation eq_fish: ln_real_x L1_lngp_bfvl L1_lngp_pork L1_lngp_poult L1_lngp_fish _cons

Final GMM criterion Q(b) = 1.186321

GMM estimation 

Number of parameters =  12
Number of moments    =  18
Initial weight matrix: Unadjusted                 Number of obs   =         40
GMM weight matrix:     Unadjusted

------------------------------------------------------------------------------
             | Coefficient  Std. err.      z    P>|z|     [95% conf. interval]
-------------+----------------------------------------------------------------
     /a_bfvl |    .210551   .2334869     0.90   0.367    -.2470749    .6681769
        /g11 |  -.0011533   .0576421    -0.02   0.984    -.1141297    .1118232
        /g12 |  -.0854742   .0231017    -3.70   0.000    -.1307527   -.0401957
        /g14 |  -.1848926   .0239621    -7.72   0.000    -.2318575   -.1379277
     /b_bfvl |     .18817   .1736993     1.08   0.279    -.1522745    .5286144
     /a_pork |   .3248724   .0866909     3.75   0.000     .1549614    .4947834
        /g22 |  -.0741037   .0492791    -1.50   0.133    -.1706891    .0224816
        /g24 |   .0040292   .0132494     0.30   0.761    -.0219391    .0299975
     /b_pork |   -.061873   .0645318    -0.96   0.338     -.188353     .064607
     /a_fish |    .083703   .1509001     0.55   0.579    -.2120557    .3794617
        /g44 |   .1679989   .0164407    10.22   0.000     .1357757    .2002221
     /b_fish |   .0231443   .1122803     0.21   0.837     -.196921    .2432096
------------------------------------------------------------------------------
Instruments for equation eq_bfvl: ln_real_x L1_lngp_bfvl L1_lngp_pork L1_lngp_poult L1_lngp_fish _cons
Instruments for equation eq_pork: ln_real_x L1_lngp_bfvl L1_lngp_pork L1_lngp_poult L1_lngp_fish _cons
Instruments for equation eq_fish: ln_real_x L1_lngp_bfvl L1_lngp_pork L1_lngp_poult L1_lngp_fish _cons

Final GMM criterion Q(b) = .8637687

GMM estimation 

Number of parameters =  12
Number of moments    =  18
Initial weight matrix: Unadjusted                 Number of obs   =         40
GMM weight matrix:     Unadjusted

------------------------------------------------------------------------------
             | Coefficient  Std. err.      z    P>|z|     [95% conf. interval]
-------------+----------------------------------------------------------------
     /a_bfvl |   .3546196   .2355739     1.51   0.132    -.1070968     .816336
        /g11 |  -.2002169   .0527378    -3.80   0.000    -.3035811   -.0968528
        /g12 |  -.0430522   .0273246    -1.58   0.115    -.0966074     .010503
        /g14 |  -.0791284   .0218617    -3.62   0.000    -.1219765   -.0362803
     /b_bfvl |    .082748   .1754054     0.47   0.637    -.2610403    .4265362
     /a_pork |   .3480121   .1036524     3.36   0.001     .1448572     .551167
        /g22 |   .0701796   .0505448     1.39   0.165    -.0288864    .1692456
        /g24 |  -.0515666   .0188795    -2.73   0.006    -.0885696   -.0145635
     /b_pork |  -.0802724   .0771852    -1.04   0.298    -.2315526    .0710079
     /a_fish |   .3177903   .0959334     3.31   0.001     .1297642    .5058164
        /g44 |    .148697   .0136356    10.91   0.000     .1219717    .1754224
     /b_fish |  -.1485466   .0714349    -2.08   0.038    -.2885564   -.0085368
------------------------------------------------------------------------------
Instruments for equation eq_bfvl: ln_real_x L1_lngp_bfvl L1_lngp_pork L1_lngp_poult L1_lngp_fish _cons
Instruments for equation eq_pork: ln_real_x L1_lngp_bfvl L1_lngp_pork L1_lngp_poult L1_lngp_fish _cons
Instruments for equation eq_fish: ln_real_x L1_lngp_bfvl L1_lngp_pork L1_lngp_poult L1_lngp_fish _cons

Final GMM criterion Q(b) = 1.212486

GMM estimation 

Number of parameters =  12
Number of moments    =  18
Initial weight matrix: Unadjusted                 Number of obs   =         40
GMM weight matrix:     Unadjusted

------------------------------------------------------------------------------
             | Coefficient  Std. err.      z    P>|z|     [95% conf. interval]
-------------+----------------------------------------------------------------
     /a_bfvl |   .1590196   .2442442     0.65   0.515    -.3196901    .6377294
        /g11 |  -.0794321   .0494821    -1.61   0.108    -.1764153     .017551
        /g12 |  -.0623656   .0201358    -3.10   0.002     -.101831   -.0229002
        /g14 |  -.1602925    .023659    -6.78   0.000    -.2066632   -.1139218
     /b_bfvl |   .2247395   .1818705     1.24   0.217    -.1317202    .5811992
     /a_pork |   .5497008   .0830648     6.62   0.000     .3868968    .7125048
        /g22 |   .0397494   .0649224     0.61   0.540    -.0874962    .1669951
        /g24 |  -.0299766   .0146024    -2.05   0.040    -.0585968   -.0013564
     /b_pork |  -.2286046     .06185    -3.70   0.000    -.3498285   -.1073808
     /a_fish |    .139243   .1605977     0.87   0.386    -.1755227    .4540088
        /g44 |   .1830166   .0188795     9.69   0.000     .1460135    .2200198
     /b_fish |  -.0184608   .1195179    -0.15   0.877    -.2527116      .21579
------------------------------------------------------------------------------
Instruments for equation eq_bfvl: ln_real_x L1_lngp_bfvl L1_lngp_pork L1_lngp_poult L1_lngp_fish _cons
Instruments for equation eq_pork: ln_real_x L1_lngp_bfvl L1_lngp_pork L1_lngp_poult L1_lngp_fish _cons
Instruments for equation eq_fish: ln_real_x L1_lngp_bfvl L1_lngp_pork L1_lngp_poult L1_lngp_fish _cons

Final GMM criterion Q(b) =  .554394

GMM estimation 

Number of parameters =  12
Number of moments    =  18
Initial weight matrix: Unadjusted                 Number of obs   =         40
GMM weight matrix:     Unadjusted

------------------------------------------------------------------------------
             | Coefficient  Std. err.      z    P>|z|     [95% conf. interval]
-------------+----------------------------------------------------------------
     /a_bfvl |   .2346979     .28976     0.81   0.418    -.3332213    .8026171
        /g11 |   .0646416   .1065228     0.61   0.544    -.1441393    .2734225
        /g12 |  -.1483665   .1413337    -1.05   0.294    -.4253754    .1286424
        /g14 |  -.1930894    .040479    -4.77   0.000    -.2724268    -.113752
     /b_bfvl |   .1768493   .2164139     0.82   0.414    -.2473142    .6010128
     /a_pork |   .3419774   .2521758     1.36   0.175    -.1522781    .8362329
        /g22 |   .0258105   .4117011     0.06   0.950    -.7811088    .8327298
        /g24 |   .0246828   .0791328     0.31   0.755    -.1304147    .1797803
     /b_pork |  -.0728379   .1885616    -0.39   0.699    -.4424119    .2967361
     /a_fish |   .2594751   .1340223     1.94   0.053    -.0032038     .522154
        /g44 |   .1517869   .0214598     7.07   0.000     .1097264    .1938474
     /b_fish |  -.1078261   .1000966    -1.08   0.281    -.3040118    .0883597
------------------------------------------------------------------------------
Instruments for equation eq_bfvl: ln_real_x L1_lngp_bfvl L1_lngp_pork L1_lngp_poult L1_lngp_fish _cons
Instruments for equation eq_pork: ln_real_x L1_lngp_bfvl L1_lngp_pork L1_lngp_poult L1_lngp_fish _cons
Instruments for equation eq_fish: ln_real_x L1_lngp_bfvl L1_lngp_pork L1_lngp_poult L1_lngp_fish _cons

Final GMM criterion Q(b) = 1.607178

GMM estimation 

Number of parameters =  12
Number of moments    =  18
Initial weight matrix: Unadjusted                 Number of obs   =         40
GMM weight matrix:     Unadjusted

------------------------------------------------------------------------------
             | Coefficient  Std. err.      z    P>|z|     [95% conf. interval]
-------------+----------------------------------------------------------------
     /a_bfvl |   .3537596    .205191     1.72   0.085    -.0484073    .7559265
        /g11 |  -.0230866   .0462238    -0.50   0.617    -.1136837    .0675104
        /g12 |  -.0459993   .0246366    -1.87   0.062    -.0942862    .0022876
        /g14 |  -.1905552   .0213385    -8.93   0.000    -.2323779   -.1487325
     /b_bfvl |   .0826103   .1530848     0.54   0.589    -.2174303    .3826509
     /a_pork |    .272517   .1070971     2.54   0.011     .0626106    .4824234
        /g22 |   .0350863   .0620141     0.57   0.572    -.0864591    .1566318
        /g24 |   -.026995   .0156219    -1.73   0.084    -.0576134    .0036234
     /b_pork |  -.0224614   .0799393    -0.28   0.779    -.1791396    .1342168
     /a_fish |   .1686737   .1509953     1.12   0.264    -.1272717    .4646191
        /g44 |   .1857757   .0164211    11.31   0.000     .1535909    .2179605
     /b_fish |  -.0404584   .1126337    -0.36   0.719    -.2612165    .1802997
------------------------------------------------------------------------------
Instruments for equation eq_bfvl: ln_real_x L1_lngp_bfvl L1_lngp_pork L1_lngp_poult L1_lngp_fish _cons
Instruments for equation eq_pork: ln_real_x L1_lngp_bfvl L1_lngp_pork L1_lngp_poult L1_lngp_fish _cons
Instruments for equation eq_fish: ln_real_x L1_lngp_bfvl L1_lngp_pork L1_lngp_poult L1_lngp_fish _cons

Final GMM criterion Q(b) = 1.081282

GMM estimation 

Number of parameters =  12
Number of moments    =  18
Initial weight matrix: Unadjusted                 Number of obs   =         40
GMM weight matrix:     Unadjusted

------------------------------------------------------------------------------
             | Coefficient  Std. err.      z    P>|z|     [95% conf. interval]
-------------+----------------------------------------------------------------
     /a_bfvl |   .1926489   .2361868     0.82   0.415    -.2702688    .6555666
        /g11 |  -.1690818    .058195    -2.91   0.004    -.2831419   -.0550218
        /g12 |  -.0891499   .0282448    -3.16   0.002    -.1445086   -.0337911
        /g14 |  -.1057455   .0229472    -4.61   0.000    -.1507213   -.0607698
     /b_bfvl |   .1989647     .17536     1.13   0.257    -.1447345    .5426639
     /a_pork |   .2633254   .0855459     3.08   0.002     .0956585    .4309924
        /g22 |  -.0558348   .0434634    -1.28   0.199    -.1410214    .0293519
        /g24 |  -.0006145   .0170654    -0.04   0.971    -.0340621     .032833
     /b_pork |  -.0174492   .0635524    -0.27   0.784    -.1420097    .1071113
     /a_fish |   .3596731   .1126603     3.19   0.001      .138863    .5804832
        /g44 |   .1442174   .0134317    10.74   0.000     .1178918    .1705431
     /b_fish |   -.181211   .0835841    -2.17   0.030    -.3450329   -.0173892
------------------------------------------------------------------------------
Instruments for equation eq_bfvl: ln_real_x L1_lngp_bfvl L1_lngp_pork L1_lngp_poult L1_lngp_fish _cons
Instruments for equation eq_pork: ln_real_x L1_lngp_bfvl L1_lngp_pork L1_lngp_poult L1_lngp_fish _cons
Instruments for equation eq_fish: ln_real_x L1_lngp_bfvl L1_lngp_pork L1_lngp_poult L1_lngp_fish _cons

Final GMM criterion Q(b) = 1.271769

GMM estimation 

Number of parameters =  12
Number of moments    =  18
Initial weight matrix: Unadjusted                 Number of obs   =         40
GMM weight matrix:     Unadjusted

------------------------------------------------------------------------------
             | Coefficient  Std. err.      z    P>|z|     [95% conf. interval]
-------------+----------------------------------------------------------------
     /a_bfvl |   .5352882   .2512554     2.13   0.033     .0428367     1.02774
        /g11 |  -.0827759   .0519282    -1.59   0.111    -.1845533    .0190015
        /g12 |  -.0434062   .0201542    -2.15   0.031    -.0829078   -.0039046
        /g14 |  -.1684211   .0252618    -6.67   0.000    -.2179332    -.118909
     /b_bfvl |  -.0460907   .1862314    -0.25   0.805    -.4110976    .3189162
     /a_pork |   .5082553   .0972935     5.22   0.000     .3175635    .6989471
        /g22 |   .0284292   .0444207     0.64   0.522    -.0586338    .1154923
        /g24 |  -.0428752   .0129364    -3.31   0.001    -.0682301   -.0175203
     /b_pork |  -.1978115   .0721208    -2.74   0.006    -.3391657   -.0564573
     /a_fish |   .0096976   .1700926     0.06   0.955    -.3236777    .3430729
        /g44 |   .2013825   .0199326    10.10   0.000     .1623152    .2404497
     /b_fish |   .0786238   .1260711     0.62   0.533    -.1684709    .3257186
------------------------------------------------------------------------------
Instruments for equation eq_bfvl: ln_real_x L1_lngp_bfvl L1_lngp_pork L1_lngp_poult L1_lngp_fish _cons
Instruments for equation eq_pork: ln_real_x L1_lngp_bfvl L1_lngp_pork L1_lngp_poult L1_lngp_fish _cons
Instruments for equation eq_fish: ln_real_x L1_lngp_bfvl L1_lngp_pork L1_lngp_poult L1_lngp_fish _cons

Final GMM criterion Q(b) = 1.037636

GMM estimation 

Number of parameters =  12
Number of moments    =  18
Initial weight matrix: Unadjusted                 Number of obs   =         40
GMM weight matrix:     Unadjusted

------------------------------------------------------------------------------
             | Coefficient  Std. err.      z    P>|z|     [95% conf. interval]
-------------+----------------------------------------------------------------
     /a_bfvl |  -.2208935   .2609119    -0.85   0.397    -.7322713    .2904844
        /g11 |  -.1092643     .05128    -2.13   0.033    -.2097713   -.0087573
        /g12 |  -.0334317   .0550514    -0.61   0.544    -.1413304    .0744671
        /g14 |  -.1299619    .024291    -5.35   0.000    -.1775714   -.0823523
     /b_bfvl |   .5112042   .1945481     2.63   0.009      .129897    .8925114
     /a_pork |   .4579968   .2042565     2.24   0.025     .0576613    .8583323
        /g22 |   .1766334   .1602989     1.10   0.271    -.1375467    .4908136
        /g24 |  -.0650859   .0436323    -1.49   0.136    -.1506036    .0204318
     /b_pork |  -.1614923   .1523274    -1.06   0.289    -.4600485    .1370639
     /a_fish |     .20855   .1433261     1.46   0.146     -.072364     .489464
        /g44 |   .1669577   .0176144     9.48   0.000     .1324342    .2014812
     /b_fish |    -.06826    .106874    -0.64   0.523    -.2777293    .1412092
------------------------------------------------------------------------------
Instruments for equation eq_bfvl: ln_real_x L1_lngp_bfvl L1_lngp_pork L1_lngp_poult L1_lngp_fish _cons
Instruments for equation eq_pork: ln_real_x L1_lngp_bfvl L1_lngp_pork L1_lngp_poult L1_lngp_fish _cons
Instruments for equation eq_fish: ln_real_x L1_lngp_bfvl L1_lngp_pork L1_lngp_poult L1_lngp_fish _cons

Final GMM criterion Q(b) = .8037998

GMM estimation 

Number of parameters =  12
Number of moments    =  18
Initial weight matrix: Unadjusted                 Number of obs   =         40
GMM weight matrix:     Unadjusted

------------------------------------------------------------------------------
             | Coefficient  Std. err.      z    P>|z|     [95% conf. interval]
-------------+----------------------------------------------------------------
     /a_bfvl |   .5093116   .2852763     1.79   0.074    -.0498195    1.068443
        /g11 |    .020559   .0682079     0.30   0.763    -.1131262    .1542441
        /g12 |  -.1485685   .0340287    -4.37   0.000    -.2152636   -.0818734
        /g14 |  -.1661549     .02601    -6.39   0.000    -.2171336   -.1151762
     /b_bfvl |    -.03246   .2124056    -0.15   0.879    -.4487673    .3838472
     /a_pork |   .6048155   .1441339     4.20   0.000     .3223181    .8873128
        /g22 |  -.3241107   .1051505    -3.08   0.002    -.5302019   -.1180195
        /g24 |   .0731256   .0188776     3.87   0.000     .0361261    .1101251
     /b_pork |  -.2686437   .1072302    -2.51   0.012    -.4788111   -.0584764
     /a_fish |    .154998   .1536915     1.01   0.313    -.1462319    .4562279
        /g44 |   .1420121    .015761     9.01   0.000     .1111211    .1729031
     /b_fish |  -.0306901   .1144267    -0.27   0.789    -.2549624    .1935822
------------------------------------------------------------------------------
Instruments for equation eq_bfvl: ln_real_x L1_lngp_bfvl L1_lngp_pork L1_lngp_poult L1_lngp_fish _cons
Instruments for equation eq_pork: ln_real_x L1_lngp_bfvl L1_lngp_pork L1_lngp_poult L1_lngp_fish _cons
Instruments for equation eq_fish: ln_real_x L1_lngp_bfvl L1_lngp_pork L1_lngp_poult L1_lngp_fish _cons

Final GMM criterion Q(b) = 1.209657

GMM estimation 

Number of parameters =  12
Number of moments    =  18
Initial weight matrix: Unadjusted                 Number of obs   =         40
GMM weight matrix:     Unadjusted

------------------------------------------------------------------------------
             | Coefficient  Std. err.      z    P>|z|     [95% conf. interval]
-------------+----------------------------------------------------------------
     /a_bfvl |   .8465333   .2480787     3.41   0.001      .360308    1.332759
        /g11 |   .0312067   .0623538     0.50   0.617    -.0910045     .153418
        /g12 |  -.1497836    .027263    -5.49   0.000    -.2032181    -.096349
        /g14 |    -.21591   .0269128    -8.02   0.000    -.2686581   -.1631619
     /b_bfvl |  -.2804514   .1843987    -1.52   0.128    -.6418662    .0809635
     /a_pork |   .4833859   .1321873     3.66   0.000     .2243035    .7424683
        /g22 |  -.0536197   .0911948    -0.59   0.557    -.2323582    .1251188
        /g24 |    .009589   .0185619     0.52   0.605    -.0267916    .0459697
     /b_pork |  -.1771121   .0978228    -1.81   0.070    -.3688412     .014617
     /a_fish |   .0135502    .168773     0.08   0.936    -.3172388    .3443392
        /g44 |   .1891831   .0200672     9.43   0.000     .1498521    .2285141
     /b_fish |   .0773215   .1254443     0.62   0.538    -.1685449    .3231878
------------------------------------------------------------------------------
Instruments for equation eq_bfvl: ln_real_x L1_lngp_bfvl L1_lngp_pork L1_lngp_poult L1_lngp_fish _cons
Instruments for equation eq_pork: ln_real_x L1_lngp_bfvl L1_lngp_pork L1_lngp_poult L1_lngp_fish _cons
Instruments for equation eq_fish: ln_real_x L1_lngp_bfvl L1_lngp_pork L1_lngp_poult L1_lngp_fish _cons

Final GMM criterion Q(b) = .8862469

GMM estimation 

Number of parameters =  12
Number of moments    =  18
Initial weight matrix: Unadjusted                 Number of obs   =         40
GMM weight matrix:     Unadjusted

------------------------------------------------------------------------------
             | Coefficient  Std. err.      z    P>|z|     [95% conf. interval]
-------------+----------------------------------------------------------------
     /a_bfvl |   .1661128   .2464032     0.67   0.500    -.3168286    .6490541
        /g11 |  -.1885217   .0547719    -3.44   0.001    -.2958727   -.0811708
        /g12 |  -.1124455   .0262888    -4.28   0.000    -.1639706   -.0609204
        /g14 |  -.1097886   .0235951    -4.65   0.000    -.1560341    -.063543
     /b_bfvl |   .2221859   .1832458     1.21   0.225    -.1369692     .581341
     /a_pork |   .2830496   .0917307     3.09   0.002     .1032607    .4628385
        /g22 |  -.0941791   .0396791    -2.37   0.018    -.1719488   -.0164095
        /g24 |   .0100127   .0160388     0.62   0.532    -.0214227    .0414481
     /b_pork |  -.0326249   .0681663    -0.48   0.632    -.1662284    .1009786
     /a_fish |   .3146389   .1208088     2.60   0.009     .0778581    .5514198
        /g44 |   .1591984   .0153388    10.38   0.000     .1291349    .1892619
     /b_fish |  -.1470382   .0898183    -1.64   0.102    -.3230789    .0290024
------------------------------------------------------------------------------
Instruments for equation eq_bfvl: ln_real_x L1_lngp_bfvl L1_lngp_pork L1_lngp_poult L1_lngp_fish _cons
Instruments for equation eq_pork: ln_real_x L1_lngp_bfvl L1_lngp_pork L1_lngp_poult L1_lngp_fish _cons
Instruments for equation eq_fish: ln_real_x L1_lngp_bfvl L1_lngp_pork L1_lngp_poult L1_lngp_fish _cons

Final GMM criterion Q(b) = 1.105877

GMM estimation 

Number of parameters =  12
Number of moments    =  18
Initial weight matrix: Unadjusted                 Number of obs   =         40
GMM weight matrix:     Unadjusted

------------------------------------------------------------------------------
             | Coefficient  Std. err.      z    P>|z|     [95% conf. interval]
-------------+----------------------------------------------------------------
     /a_bfvl |   .0734389   .2447123     0.30   0.764    -.4061885    .5530662
        /g11 |   .1291651   .0472527     2.73   0.006     .0365515    .2217786
        /g12 |   .2315417   .0541928     4.27   0.000     .1253259    .3377576
        /g14 |  -.2813026   .0213557   -13.17   0.000     -.323159   -.2394462
     /b_bfvl |   .2996018   .1823454     1.64   0.100    -.0577885    .6569921
     /a_pork |  -.8233074   .3575103    -2.30   0.021    -1.524015      -.1226
        /g22 |   .6593866   .1652164     3.99   0.000     .3355684    .9832049
        /g24 |  -.0973924   .0258339    -3.77   0.000     -.148026   -.0467589
     /b_pork |   .7870929   .2649372     2.97   0.003     .2678256     1.30636
     /a_fish |    .483679   .2193336     2.21   0.027      .053793     .913565
        /g44 |   .1909626   .0217491     8.78   0.000     .1483352    .2335901
     /b_fish |  -.2755361   .1635702    -1.68   0.092    -.5961278    .0450556
------------------------------------------------------------------------------
Instruments for equation eq_bfvl: ln_real_x L1_lngp_bfvl L1_lngp_pork L1_lngp_poult L1_lngp_fish _cons
Instruments for equation eq_pork: ln_real_x L1_lngp_bfvl L1_lngp_pork L1_lngp_poult L1_lngp_fish _cons
Instruments for equation eq_fish: ln_real_x L1_lngp_bfvl L1_lngp_pork L1_lngp_poult L1_lngp_fish _cons

Final GMM criterion Q(b) = .8439946

GMM estimation 

Number of parameters =  12
Number of moments    =  18
Initial weight matrix: Unadjusted                 Number of obs   =         40
GMM weight matrix:     Unadjusted

------------------------------------------------------------------------------
             | Coefficient  Std. err.      z    P>|z|     [95% conf. interval]
-------------+----------------------------------------------------------------
     /a_bfvl |   .5377767   .3233841     1.66   0.096    -.0960444    1.171598
        /g11 |  -.0723574   .0672655    -1.08   0.282    -.2041953    .0594805
        /g12 |  -.1542252   .0290299    -5.31   0.000    -.2111227   -.0973277
        /g14 |  -.1431336   .0255794    -5.60   0.000    -.1932684   -.0929988
     /b_bfvl |  -.0492736   .2404268    -0.20   0.838    -.5205015    .4219543
     /a_pork |   .4722584   .1268023     3.72   0.000     .2237304    .7207864
        /g22 |  -.2093122   .1005626    -2.08   0.037    -.4064113   -.0122131
        /g24 |    .050426   .0239225     2.11   0.035     .0035388    .0973132
     /b_pork |   -.169704   .0941896    -1.80   0.072    -.3543123    .0149043
     /a_fish |   -.011852   .1584931    -0.07   0.940    -.3224928    .2987888
        /g44 |   .1495604    .015754     9.49   0.000     .1186832    .1804376
     /b_fish |   .0954021   .1177991     0.81   0.418    -.1354799    .3262841
------------------------------------------------------------------------------
Instruments for equation eq_bfvl: ln_real_x L1_lngp_bfvl L1_lngp_pork L1_lngp_poult L1_lngp_fish _cons
Instruments for equation eq_pork: ln_real_x L1_lngp_bfvl L1_lngp_pork L1_lngp_poult L1_lngp_fish _cons
Instruments for equation eq_fish: ln_real_x L1_lngp_bfvl L1_lngp_pork L1_lngp_poult L1_lngp_fish _cons

. postclose `postboot'

. 
. use `boot_elast', clear

. export delimited using "$TABLES/bootstrap_elasticidades_proprias_stata.csv", replace
file C:\Users\B03531855158\Documents\Replication\Códigos_Lista2/output/tables/bootstrap_elasticidades_proprias_stata.csv saved

. save "$TABLES/bootstrap_elasticidades_proprias_stata.dta", replace
file C:\Users\B03531855158\Documents\Replication\Códigos_Lista2/output/tables/bootstrap_elasticidades_proprias_stata.dta saved

. 
. tempfile boot_ci

. tempname postci

. postfile `postci' str8 produto double em_full p025 p500 p975 using `boot_ci', replace
(file C:\Users\B03531~1\AppData\Local\Temp\21\ST_2b24_00001c.tmp not found)

. 
. foreach g in bfvl pork poult fish {
  2.     quietly count if produto == "`g'"
  3.     if r(N) > 0 {
  4.         quietly centile em_boot if produto == "`g'", centile(2.5 50 97.5)
  5.         scalar c025 = r(c_1)
  6.         scalar c500 = r(c_2)
  7.         scalar c975 = r(c_3)
  8.         scalar fval = full_em_`g'
  9.         post `postci' ("`g'") (fval) (c025) (c500) (c975)
 10.     }
 11. }

. postclose `postci'

. 
. use `boot_ci', clear

. export delimited using "$TABLES/bootstrap_ic_elasticidades_proprias_stata.csv", replace
file C:\Users\B03531855158\Documents\Replication\Códigos_Lista2/output/tables/bootstrap_ic_elasticidades_proprias_stata.csv saved

. save "$TABLES/bootstrap_ic_elasticidades_proprias_stata.dta", replace
file C:\Users\B03531855158\Documents\Replication\Códigos_Lista2/output/tables/bootstrap_ic_elasticidades_proprias_stata.dta saved

. 
. gen byte xpos = .
(4 missing values generated)

. replace xpos = 1 if produto == "bfvl"
(1 real change made)

. replace xpos = 2 if produto == "pork"
(1 real change made)

. replace xpos = 3 if produto == "poult"
(1 real change made)

. replace xpos = 4 if produto == "fish"
(1 real change made)

. 
. gen str8 rotulo = string(em_full, "%5.2f")

. 
. twoway ///
>     (rspike p025 p975 xpos, lcolor(`cor_bovina') lwidth(medthick)) ///
>     (scatter em_full xpos, mcolor(`cor_neg') msymbol(circle) msize(large) mlabel(rotulo) mlabposition(12) mlabsize(small) mlabcolor(black)) ///
>     (scatter p500 xpos, mcolor(`cor_bovina') msymbol(diamond) msize(medium)), ///
>     yline(0, lcolor(black) lpattern(dash) lwidth(thin)) ///
>     xlabel(1 "bfvl" 2 "pork" 3 "poult" 4 "fish", labsize(small)) ///
>     ylabel(, labsize(small) grid glcolor(gs14)) ///
>     title("Bootstrap das elasticidades-preco proprias", size(medsmall)) ///
>     subtitle("Intervalo percentil de 95%; marcador vermelho = estimativa completa", size(vsmall)) ///
>     xtitle("Produto", size(small)) ///
>     ytitle("Elasticidade-preco propria Marshalliana", size(small)) ///
>     legend(order(1 "IC percentil 95%" 2 "Modelo completo" 3 "Mediana bootstrap") cols(1) position(3) ring(1) region(lcolor(none) fcolor(none)) size(small)) ///
>     `tema_base' ///
>     name(g_extra_stat_boot, replace)

. 
. graph export "$EXTRA_PDF/stata_extra_stat_11_bootstrap_ic_elasticidades.pdf", replace
file C:\Users\B03531855158\Documents\Replication\Códigos_Lista2/output/figures/Extra_Figs/PDF/stata_extra_stat_11_bootstrap_ic_elasticidades.pdf saved as PDF format

. graph export "$EXTRA_PNG/stata_extra_stat_11_bootstrap_ic_elasticidades.png", replace width(2400)
file C:\Users\B03531855158\Documents\Replication\Códigos_Lista2/output/figures/Extra_Figs/PNG/stata_extra_stat_11_bootstrap_ic_elasticidades.png saved as PNG format

. 
. ********************************************************************************
. * 11. Rolling-window das elasticidades-preco proprias.
. ********************************************************************************
. 
. use "$PROC_DTA", clear

. drop if missing(w_bfvl, w_pork, w_poult, w_fish, lngp_bfvl, lngp_pork, lngp_poult, lngp_fish, ln_real_x, L1_lngp_bfvl, L1_lngp_pork, L1_lngp_poult, L1_lngp_fish)
(1 observation deleted)

. levelsof year, local(anos_roll)
1971 1972 1973 1974 1975 1976 1977 1978 1979 1980 1981 1982 1983 1984 1985 1986 1987 1988 1989 1990 1991 1992 1993 1994 1995 1996 1997 1998 1999 2000 2001 2002 2003 2004 2005 2006 2007 2008 2009 2010

. local n_anos : word count `anos_roll'

. 
. tempfile roll_elast

. tempname postroll

. postfile `postroll' int year_start int year_end double year_mid str8 produto double em_roll using `roll_elast', replace
(file C:\Users\B03531~1\AppData\Local\Temp\21\ST_2b24_00001d.tmp not found)

. 
. if `n_anos' >= `ROLL_W' {
.     local last_start = `n_anos' - `ROLL_W' + 1
. 
.     forvalues s = 1/`last_start' {
  2.         local e = `s' + `ROLL_W' - 1
  3.         local y0 : word `s' of `anos_roll'
  4.         local y1 : word `e' of `anos_roll'
  5.         local ym = (`y0' + `y1')/2
  6. 
.         preserve
  7.         keep if inrange(year, `y0', `y1')
  8. 
.         capture noisily _fit_hsym_aids
  9.         if !_rc {
 10.             capture noisily _calc_own_elast_hsym
 11.             if !_rc {
 12.                 foreach g in bfvl pork poult fish {
 13.                     scalar er = r(em_`g')
 14.                     post `postroll' (`y0') (`y1') (`ym') ("`g'") (er)
 15.                 }
 16.             }
 17.         }
 18.         restore
 19.     }
(30 observations deleted)
cannot have fewer observations than parameters
(30 observations deleted)
cannot have fewer observations than parameters
(30 observations deleted)
cannot have fewer observations than parameters
(30 observations deleted)
cannot have fewer observations than parameters
(30 observations deleted)
cannot have fewer observations than parameters
(30 observations deleted)
cannot have fewer observations than parameters
(30 observations deleted)
cannot have fewer observations than parameters
(30 observations deleted)
cannot have fewer observations than parameters
(30 observations deleted)
cannot have fewer observations than parameters
(30 observations deleted)
cannot have fewer observations than parameters
(30 observations deleted)
cannot have fewer observations than parameters
(30 observations deleted)
cannot have fewer observations than parameters
(30 observations deleted)
cannot have fewer observations than parameters
(30 observations deleted)
cannot have fewer observations than parameters
(30 observations deleted)
cannot have fewer observations than parameters
(30 observations deleted)
cannot have fewer observations than parameters
(30 observations deleted)
cannot have fewer observations than parameters
(30 observations deleted)
cannot have fewer observations than parameters
(30 observations deleted)
cannot have fewer observations than parameters
(30 observations deleted)
cannot have fewer observations than parameters
(30 observations deleted)
cannot have fewer observations than parameters
(30 observations deleted)
cannot have fewer observations than parameters
(30 observations deleted)
cannot have fewer observations than parameters
(30 observations deleted)
cannot have fewer observations than parameters
(30 observations deleted)
cannot have fewer observations than parameters
(30 observations deleted)
cannot have fewer observations than parameters
(30 observations deleted)
cannot have fewer observations than parameters
(30 observations deleted)
cannot have fewer observations than parameters
(30 observations deleted)
cannot have fewer observations than parameters
(30 observations deleted)
cannot have fewer observations than parameters
(30 observations deleted)
cannot have fewer observations than parameters
. }

. else {
.     di as error "A serie tem menos anos que a janela definida em ROLL_W=`ROLL_W'."
. }

. 
. postclose `postroll'

. use `roll_elast', clear

. export delimited using "$TABLES/rolling_window_elasticidades_proprias_stata.csv", replace
file C:\Users\B03531855158\Documents\Replication\Códigos_Lista2/output/tables/rolling_window_elasticidades_proprias_stata.csv saved

. save "$TABLES/rolling_window_elasticidades_proprias_stata.dta", replace
(dataset contains 0 observations)
file C:\Users\B03531855158\Documents\Replication\Códigos_Lista2/output/tables/rolling_window_elasticidades_proprias_stata.dta saved

. 
. gen str28 produto_nome = ""

. replace produto_nome = "Carne bovina e vitela" if produto == "bfvl"
(0 real changes made)

. replace produto_nome = "Carne suina"           if produto == "pork"
(0 real changes made)

. replace produto_nome = "Frango"                if produto == "poult"
(0 real changes made)

. replace produto_nome = "Pescados"              if produto == "fish"
(0 real changes made)

. 
. twoway ///
>     (connected em_roll year_mid, lcolor(`cor_bovina') mcolor(`cor_bovina') msymbol(circle) lwidth(medthick)), ///
>     by(produto_nome, cols(2) note("") graphregion(color(white))) ///
>     yline(0, lcolor(black) lpattern(dash) lwidth(thin)) ///
>     title("Rolling-window das elasticidades-preco proprias", size(medsmall)) ///
>     subtitle("Janela movel de `ROLL_W' anos", size(small)) ///
>     xtitle("Centro da janela", size(small)) ///
>     ytitle("Elasticidade-preco propria Marshalliana", size(small)) ///
>     xlabel(, labsize(vsmall) grid glcolor(gs14)) ///
>     ylabel(, labsize(small) grid glcolor(gs14)) ///
>     legend(off) ///
>     `tema_base' ///
>     name(g_extra_stat_rolling, replace)
nothing to graph
r(198);

end of do-file
r(198);

end of do-file

r(198);

. exit, clear
